year,country_code,country,bacteria,antibiotic_group,resistance_percentage,atc_group
2012,BG,Bulgaria,Acinetobacter spp.,Aminoglycosides,58.46153846,J01G
2012,CY,Cyprus,Acinetobacter spp.,Aminoglycosides,52.17391304,J01G
2012,DE,Germany,Acinetobacter spp.,Aminoglycosides,5.88235294,J01G
2012,DK,Denmark,Acinetobacter spp.,Aminoglycosides,10.38961038,J01G
2012,EL,Greece,Acinetobacter spp.,Aminoglycosides,78.11993517,J01G
2012,FR,France,Acinetobacter spp.,Aminoglycosides,12.94964028,J01G
2012,HU,Hungary,Acinetobacter spp.,Aminoglycosides,68.79606879,J01G
2012,IS,Iceland,Acinetobacter spp.,Aminoglycosides,,J01G
2012,IT,Italy,Acinetobacter spp.,Aminoglycosides,83.33333333,J01G
2012,LU,Luxembourg,Acinetobacter spp.,Aminoglycosides,,J01G
2012,MT,Malta,Acinetobacter spp.,Aminoglycosides,,J01G
2012,NL,Netherlands,Acinetobacter spp.,Aminoglycosides,4.54545454,J01G
2012,NO,Norway,Acinetobacter spp.,Aminoglycosides,4.0,J01G
2012,PL,Poland,Acinetobacter spp.,Aminoglycosides,70.14218009,J01G
2012,PT,Portugal,Acinetobacter spp.,Aminoglycosides,65.08875739,J01G
2012,RO,Romania,Acinetobacter spp.,Aminoglycosides,57.4074074,J01G
2012,SI,Slovenia,Acinetobacter spp.,Aminoglycosides,20.0,J01G
2012,UK,United Kingdom,Acinetobacter spp.,Aminoglycosides,2.77777777,J01G
2013,AT,Austria,Acinetobacter spp.,Aminoglycosides,9.80392156,J01G
2013,BE,Belgium,Acinetobacter spp.,Aminoglycosides,,J01G
2013,BG,Bulgaria,Acinetobacter spp.,Aminoglycosides,58.24175824,J01G
2013,CY,Cyprus,Acinetobacter spp.,Aminoglycosides,60.6060606,J01G
2013,CZ,Czechia,Acinetobacter spp.,Aminoglycosides,15.38461538,J01G
2013,DE,Germany,Acinetobacter spp.,Aminoglycosides,6.11111111,J01G
2013,DK,Denmark,Acinetobacter spp.,Aminoglycosides,1.33333333,J01G
2013,EL,Greece,Acinetobacter spp.,Aminoglycosides,82.04182041,J01G
2013,ES,Spain,Acinetobacter spp.,Aminoglycosides,68.83116883,J01G
2013,FI,Finland,Acinetobacter spp.,Aminoglycosides,0.0,J01G
2013,FR,France,Acinetobacter spp.,Aminoglycosides,11.24694376,J01G
2013,HR,Croatia,Acinetobacter spp.,Aminoglycosides,84.07079646,J01G
2013,HU,Hungary,Acinetobacter spp.,Aminoglycosides,63.21353065,J01G
2013,IE,Ireland,Acinetobacter spp.,Aminoglycosides,1.13636363,J01G
2013,IT,Italy,Acinetobacter spp.,Aminoglycosides,81.79824561,J01G
2013,LU,Luxembourg,Acinetobacter spp.,Aminoglycosides,,J01G
2013,MT,Malta,Acinetobacter spp.,Aminoglycosides,,J01G
2013,NL,Netherlands,Acinetobacter spp.,Aminoglycosides,2.94117647,J01G
2013,NO,Norway,Acinetobacter spp.,Aminoglycosides,2.77777777,J01G
2013,PL,Poland,Acinetobacter spp.,Aminoglycosides,73.29842931,J01G
2013,PT,Portugal,Acinetobacter spp.,Aminoglycosides,56.27705627,J01G
2013,RO,Romania,Acinetobacter spp.,Aminoglycosides,80.2919708,J01G
2013,SE,Sweden,Acinetobacter spp.,Aminoglycosides,8.1081081,J01G
2013,SI,Slovenia,Acinetobacter spp.,Aminoglycosides,16.0,J01G
2013,SK,Slovakia,Acinetobacter spp.,Aminoglycosides,42.78074866,J01G
2013,UK,United Kingdom,Acinetobacter spp.,Aminoglycosides,2.45398773,J01G
2014,AT,Austria,Acinetobacter spp.,Aminoglycosides,8.86075949,J01G
2014,BE,Belgium,Acinetobacter spp.,Aminoglycosides,,J01G
2014,BG,Bulgaria,Acinetobacter spp.,Aminoglycosides,60.91954022,J01G
2014,CY,Cyprus,Acinetobacter spp.,Aminoglycosides,73.68421052,J01G
2014,CZ,Czechia,Acinetobacter spp.,Aminoglycosides,10.16949152,J01G
2014,DE,Germany,Acinetobacter spp.,Aminoglycosides,4.0609137,J01G
2014,DK,Denmark,Acinetobacter spp.,Aminoglycosides,1.66666666,J01G
2014,EL,Greece,Acinetobacter spp.,Aminoglycosides,83.875,J01G
2014,ES,Spain,Acinetobacter spp.,Aminoglycosides,58.75,J01G
2014,FI,Finland,Acinetobacter spp.,Aminoglycosides,3.22580645,J01G
2014,FR,France,Acinetobacter spp.,Aminoglycosides,8.31295843,J01G
2014,HR,Croatia,Acinetobacter spp.,Aminoglycosides,82.53012048,J01G
2014,HU,Hungary,Acinetobacter spp.,Aminoglycosides,59.45945945,J01G
2014,IE,Ireland,Acinetobacter spp.,Aminoglycosides,2.24719101,J01G
2014,IS,Iceland,Acinetobacter spp.,Aminoglycosides,,J01G
2014,IT,Italy,Acinetobacter spp.,Aminoglycosides,88.28828828,J01G
2014,LT,Lithuania,Acinetobacter spp.,Aminoglycosides,80.0,J01G
2014,LU,Luxembourg,Acinetobacter spp.,Aminoglycosides,,J01G
2014,LV,Latvia,Acinetobacter spp.,Aminoglycosides,69.23076923,J01G
2014,MT,Malta,Acinetobacter spp.,Aminoglycosides,,J01G
2014,NL,Netherlands,Acinetobacter spp.,Aminoglycosides,7.60869565,J01G
2014,NO,Norway,Acinetobacter spp.,Aminoglycosides,3.03030303,J01G
2014,PL,Poland,Acinetobacter spp.,Aminoglycosides,58.51063829,J01G
2014,PT,Portugal,Acinetobacter spp.,Aminoglycosides,42.26415094,J01G
2014,RO,Romania,Acinetobacter spp.,Aminoglycosides,77.86885245,J01G
2014,SE,Sweden,Acinetobacter spp.,Aminoglycosides,2.77777777,J01G
2014,SI,Slovenia,Acinetobacter spp.,Aminoglycosides,32.35294117,J01G
2014,SK,Slovakia,Acinetobacter spp.,Aminoglycosides,40.58823529,J01G
2014,UK,United Kingdom,Acinetobacter spp.,Aminoglycosides,10.07751937,J01G
2015,AT,Austria,Acinetobacter spp.,Aminoglycosides,6.34920634,J01G
2015,BE,Belgium,Acinetobacter spp.,Aminoglycosides,,J01G
2015,BG,Bulgaria,Acinetobacter spp.,Aminoglycosides,74.13793103,J01G
2015,CY,Cyprus,Acinetobacter spp.,Aminoglycosides,74.57627118,J01G
2015,CZ,Czechia,Acinetobacter spp.,Aminoglycosides,15.0,J01G
2015,DE,Germany,Acinetobacter spp.,Aminoglycosides,5.43806646,J01G
2015,DK,Denmark,Acinetobacter spp.,Aminoglycosides,4.76190476,J01G
2015,EE,Estonia,Acinetobacter spp.,Aminoglycosides,,J01G
2015,EL,Greece,Acinetobacter spp.,Aminoglycosides,83.7037037,J01G
2015,ES,Spain,Acinetobacter spp.,Aminoglycosides,48.95833333,J01G
2015,FI,Finland,Acinetobacter spp.,Aminoglycosides,2.38095238,J01G
2015,FR,France,Acinetobacter spp.,Aminoglycosides,11.13689095,J01G
2015,HR,Croatia,Acinetobacter spp.,Aminoglycosides,88.32487309,J01G
2015,HU,Hungary,Acinetobacter spp.,Aminoglycosides,60.64516129,J01G
2015,IE,Ireland,Acinetobacter spp.,Aminoglycosides,3.75,J01G
2015,IS,Iceland,Acinetobacter spp.,Aminoglycosides,,J01G
2015,IT,Italy,Acinetobacter spp.,Aminoglycosides,74.69512195,J01G
2015,LT,Lithuania,Acinetobacter spp.,Aminoglycosides,90.4109589,J01G
2015,LU,Luxembourg,Acinetobacter spp.,Aminoglycosides,,J01G
2015,LV,Latvia,Acinetobacter spp.,Aminoglycosides,59.01639344,J01G
2015,MT,Malta,Acinetobacter spp.,Aminoglycosides,,J01G
2015,NL,Netherlands,Acinetobacter spp.,Aminoglycosides,9.375,J01G
2015,NO,Norway,Acinetobacter spp.,Aminoglycosides,9.375,J01G
2015,PL,Poland,Acinetobacter spp.,Aminoglycosides,70.20408163,J01G
2015,PT,Portugal,Acinetobacter spp.,Aminoglycosides,46.4516129,J01G
2015,RO,Romania,Acinetobacter spp.,Aminoglycosides,80.85106382,J01G
2015,SE,Sweden,Acinetobacter spp.,Aminoglycosides,3.84615384,J01G
2015,SI,Slovenia,Acinetobacter spp.,Aminoglycosides,41.93548387,J01G
2015,SK,Slovakia,Acinetobacter spp.,Aminoglycosides,42.85714285,J01G
2015,UK,United Kingdom,Acinetobacter spp.,Aminoglycosides,1.96078431,J01G
2016,AT,Austria,Acinetobacter spp.,Aminoglycosides,16.04938271,J01G
2016,BE,Belgium,Acinetobacter spp.,Aminoglycosides,1.51515151,J01G
2016,BG,Bulgaria,Acinetobacter spp.,Aminoglycosides,81.01265822,J01G
2016,CY,Cyprus,Acinetobacter spp.,Aminoglycosides,57.14285714,J01G
2016,CZ,Czechia,Acinetobacter spp.,Aminoglycosides,8.77192982,J01G
2016,DE,Germany,Acinetobacter spp.,Aminoglycosides,2.98165137,J01G
2016,DK,Denmark,Acinetobacter spp.,Aminoglycosides,0.0,J01G
2016,EE,Estonia,Acinetobacter spp.,Aminoglycosides,,J01G
2016,EL,Greece,Acinetobacter spp.,Aminoglycosides,84.96583143,J01G
2016,ES,Spain,Acinetobacter spp.,Aminoglycosides,50.94339622,J01G
2016,FI,Finland,Acinetobacter spp.,Aminoglycosides,3.57142857,J01G
2016,FR,France,Acinetobacter spp.,Aminoglycosides,12.2494432,J01G
2016,HR,Croatia,Acinetobacter spp.,Aminoglycosides,82.96703296,J01G
2016,HU,Hungary,Acinetobacter spp.,Aminoglycosides,59.10224438,J01G
2016,IE,Ireland,Acinetobacter spp.,Aminoglycosides,1.58730158,J01G
2016,IS,Iceland,Acinetobacter spp.,Aminoglycosides,,J01G
2016,IT,Italy,Acinetobacter spp.,Aminoglycosides,76.42045454,J01G
2016,LT,Lithuania,Acinetobacter spp.,Aminoglycosides,82.75862068,J01G
2016,LU,Luxembourg,Acinetobacter spp.,Aminoglycosides,,J01G
2016,LV,Latvia,Acinetobacter spp.,Aminoglycosides,77.77777777,J01G
2016,MT,Malta,Acinetobacter spp.,Aminoglycosides,,J01G
2016,NL,Netherlands,Acinetobacter spp.,Aminoglycosides,3.05343511,J01G
2016,NO,Norway,Acinetobacter spp.,Aminoglycosides,3.125,J01G
2016,PL,Poland,Acinetobacter spp.,Aminoglycosides,72.60981912,J01G
2016,PT,Portugal,Acinetobacter spp.,Aminoglycosides,39.32038834,J01G
2016,RO,Romania,Acinetobacter spp.,Aminoglycosides,89.47368421,J01G
2016,SE,Sweden,Acinetobacter spp.,Aminoglycosides,5.88235294,J01G
2016,SI,Slovenia,Acinetobacter spp.,Aminoglycosides,43.33333333,J01G
2016,SK,Slovakia,Acinetobacter spp.,Aminoglycosides,40.86956521,J01G
2016,UK,United Kingdom,Acinetobacter spp.,Aminoglycosides,3.3444816,J01G
2017,AT,Austria,Acinetobacter spp.,Aminoglycosides,9.33333333,J01G
2017,BE,Belgium,Acinetobacter spp.,Aminoglycosides,13.13131313,J01G
2017,BG,Bulgaria,Acinetobacter spp.,Aminoglycosides,89.13043478,J01G
2017,CY,Cyprus,Acinetobacter spp.,Aminoglycosides,76.0,J01G
2017,CZ,Czechia,Acinetobacter spp.,Aminoglycosides,12.72727272,J01G
2017,DE,Germany,Acinetobacter spp.,Aminoglycosides,3.41365461,J01G
2017,DK,Denmark,Acinetobacter spp.,Aminoglycosides,0.0,J01G
2017,EE,Estonia,Acinetobacter spp.,Aminoglycosides,,J01G
2017,EL,Greece,Acinetobacter spp.,Aminoglycosides,85.62030075,J01G
2017,ES,Spain,Acinetobacter spp.,Aminoglycosides,52.17391304,J01G
2017,FI,Finland,Acinetobacter spp.,Aminoglycosides,0.0,J01G
2017,FR,France,Acinetobacter spp.,Aminoglycosides,9.07172995,J01G
2017,HR,Croatia,Acinetobacter spp.,Aminoglycosides,83.98058252,J01G
2017,HU,Hungary,Acinetobacter spp.,Aminoglycosides,56.14525139,J01G
2017,IE,Ireland,Acinetobacter spp.,Aminoglycosides,3.22580645,J01G
2017,IS,Iceland,Acinetobacter spp.,Aminoglycosides,,J01G
2017,IT,Italy,Acinetobacter spp.,Aminoglycosides,76.07655502,J01G
2017,LT,Lithuania,Acinetobacter spp.,Aminoglycosides,81.39534883,J01G
2017,LU,Luxembourg,Acinetobacter spp.,Aminoglycosides,,J01G
2017,LV,Latvia,Acinetobacter spp.,Aminoglycosides,78.78787878,J01G
2017,MT,Malta,Acinetobacter spp.,Aminoglycosides,,J01G
2017,NL,Netherlands,Acinetobacter spp.,Aminoglycosides,3.07692307,J01G
2017,NO,Norway,Acinetobacter spp.,Aminoglycosides,0.0,J01G
2017,PL,Poland,Acinetobacter spp.,Aminoglycosides,72.6744186,J01G
2017,PT,Portugal,Acinetobacter spp.,Aminoglycosides,28.57142857,J01G
2017,RO,Romania,Acinetobacter spp.,Aminoglycosides,83.60655737,J01G
2017,SE,Sweden,Acinetobacter spp.,Aminoglycosides,0.0,J01G
2017,SI,Slovenia,Acinetobacter spp.,Aminoglycosides,41.66666666,J01G
2017,SK,Slovakia,Acinetobacter spp.,Aminoglycosides,40.0,J01G
2017,UK,United Kingdom,Acinetobacter spp.,Aminoglycosides,4.55696202,J01G
2018,AT,Austria,Acinetobacter spp.,Aminoglycosides,8.69565217,J01G
2018,BE,Belgium,Acinetobacter spp.,Aminoglycosides,7.37704918,J01G
2018,BG,Bulgaria,Acinetobacter spp.,Aminoglycosides,73.63636363,J01G
2018,CY,Cyprus,Acinetobacter spp.,Aminoglycosides,75.43859649,J01G
2018,CZ,Czechia,Acinetobacter spp.,Aminoglycosides,21.97802197,J01G
2018,DE,Germany,Acinetobacter spp.,Aminoglycosides,3.41365461,J01G
2018,DK,Denmark,Acinetobacter spp.,Aminoglycosides,7.54716981,J01G
2018,EE,Estonia,Acinetobacter spp.,Aminoglycosides,,J01G
2018,EL,Greece,Acinetobacter spp.,Aminoglycosides,81.55533399,J01G
2018,ES,Spain,Acinetobacter spp.,Aminoglycosides,49.38271604,J01G
2018,FI,Finland,Acinetobacter spp.,Aminoglycosides,7.4074074,J01G
2018,FR,France,Acinetobacter spp.,Aminoglycosides,8.92116182,J01G
2018,HR,Croatia,Acinetobacter spp.,Aminoglycosides,91.50326797,J01G
2018,HU,Hungary,Acinetobacter spp.,Aminoglycosides,48.68804664,J01G
2018,IE,Ireland,Acinetobacter spp.,Aminoglycosides,3.57142857,J01G
2018,IS,Iceland,Acinetobacter spp.,Aminoglycosides,,J01G
2018,IT,Italy,Acinetobacter spp.,Aminoglycosides,76.99050401,J01G
2018,LT,Lithuania,Acinetobacter spp.,Aminoglycosides,85.05747126,J01G
2018,LU,Luxembourg,Acinetobacter spp.,Aminoglycosides,,J01G
2018,LV,Latvia,Acinetobacter spp.,Aminoglycosides,60.41666666,J01G
2018,MT,Malta,Acinetobacter spp.,Aminoglycosides,,J01G
2018,NL,Netherlands,Acinetobacter spp.,Aminoglycosides,4.72972972,J01G
2018,NO,Norway,Acinetobacter spp.,Aminoglycosides,0.0,J01G
2018,PL,Poland,Acinetobacter spp.,Aminoglycosides,67.36842105,J01G
2018,PT,Portugal,Acinetobacter spp.,Aminoglycosides,25.39682539,J01G
2018,RO,Romania,Acinetobacter spp.,Aminoglycosides,80.0,J01G
2018,SE,Sweden,Acinetobacter spp.,Aminoglycosides,5.45454545,J01G
2018,SI,Slovenia,Acinetobacter spp.,Aminoglycosides,20.51282051,J01G
2018,SK,Slovakia,Acinetobacter spp.,Aminoglycosides,44.44444444,J01G
2018,UK,United Kingdom,Acinetobacter spp.,Aminoglycosides,5.09641873,J01G
2019,AT,Austria,Acinetobacter spp.,Aminoglycosides,7.31707317,J01G
2019,BE,Belgium,Acinetobacter spp.,Aminoglycosides,3.52941176,J01G
2019,BG,Bulgaria,Acinetobacter spp.,Aminoglycosides,78.03030303,J01G
2019,CY,Cyprus,Acinetobacter spp.,Aminoglycosides,84.375,J01G
2019,CZ,Czechia,Acinetobacter spp.,Aminoglycosides,33.68421052,J01G
2019,DE,Germany,Acinetobacter spp.,Aminoglycosides,4.18604651,J01G
2019,DK,Denmark,Acinetobacter spp.,Aminoglycosides,2.77777777,J01G
2019,EE,Estonia,Acinetobacter spp.,Aminoglycosides,,J01G
2019,EL,Greece,Acinetobacter spp.,Aminoglycosides,88.65979381,J01G
2019,ES,Spain,Acinetobacter spp.,Aminoglycosides,46.9879518,J01G
2019,FI,Finland,Acinetobacter spp.,Aminoglycosides,0.0,J01G
2019,FR,France,Acinetobacter spp.,Aminoglycosides,14.58773784,J01G
2019,HR,Croatia,Acinetobacter spp.,Aminoglycosides,92.14285714,J01G
2019,HU,Hungary,Acinetobacter spp.,Aminoglycosides,50.59665871,J01G
2019,IE,Ireland,Acinetobacter spp.,Aminoglycosides,1.75438596,J01G
2019,IS,Iceland,Acinetobacter spp.,Aminoglycosides,,J01G
2019,IT,Italy,Acinetobacter spp.,Aminoglycosides,78.80268784,J01G
2019,LT,Lithuania,Acinetobacter spp.,Aminoglycosides,83.17757009,J01G
2019,LU,Luxembourg,Acinetobacter spp.,Aminoglycosides,,J01G
2019,LV,Latvia,Acinetobacter spp.,Aminoglycosides,68.18181818,J01G
2019,MT,Malta,Acinetobacter spp.,Aminoglycosides,,J01G
2019,NL,Netherlands,Acinetobacter spp.,Aminoglycosides,3.22580645,J01G
2019,NO,Norway,Acinetobacter spp.,Aminoglycosides,4.34782608,J01G
2019,PL,Poland,Acinetobacter spp.,Aminoglycosides,70.79365079,J01G
2019,PT,Portugal,Acinetobacter spp.,Aminoglycosides,24.73118279,J01G
2019,RO,Romania,Acinetobacter spp.,Aminoglycosides,83.81742738,J01G
2019,SE,Sweden,Acinetobacter spp.,Aminoglycosides,5.30973451,J01G
2019,SI,Slovenia,Acinetobacter spp.,Aminoglycosides,25.0,J01G
2019,SK,Slovakia,Acinetobacter spp.,Aminoglycosides,46.39175257,J01G
2019,UK,United Kingdom,Acinetobacter spp.,Aminoglycosides,5.13176144,J01G
2020,AT,Austria,Acinetobacter spp.,Aminoglycosides,7.57575757,J01G
2020,BE,Belgium,Acinetobacter spp.,Aminoglycosides,2.7027027,J01G
2020,BG,Bulgaria,Acinetobacter spp.,Aminoglycosides,75.96899224,J01G
2020,CY,Cyprus,Acinetobacter spp.,Aminoglycosides,77.58620689,J01G
2020,CZ,Czechia,Acinetobacter spp.,Aminoglycosides,34.14634146,J01G
2020,DE,Germany,Acinetobacter spp.,Aminoglycosides,4.73588342,J01G
2020,DK,Denmark,Acinetobacter spp.,Aminoglycosides,4.61538461,J01G
2020,EE,Estonia,Acinetobacter spp.,Aminoglycosides,,J01G
2020,EL,Greece,Acinetobacter spp.,Aminoglycosides,90.37138927,J01G
2020,ES,Spain,Acinetobacter spp.,Aminoglycosides,53.26086956,J01G
2020,FI,Finland,Acinetobacter spp.,Aminoglycosides,2.7027027,J01G
2020,FR,France,Acinetobacter spp.,Aminoglycosides,8.32072617,J01G
2020,HR,Croatia,Acinetobacter spp.,Aminoglycosides,96.44444444,J01G
2020,HU,Hungary,Acinetobacter spp.,Aminoglycosides,72.36842105,J01G
2020,IE,Ireland,Acinetobacter spp.,Aminoglycosides,2.08333333,J01G
2020,IS,Iceland,Acinetobacter spp.,Aminoglycosides,,J01G
2020,IT,Italy,Acinetobacter spp.,Aminoglycosides,80.24839743,J01G
2020,LT,Lithuania,Acinetobacter spp.,Aminoglycosides,86.2745098,J01G
2020,LU,Luxembourg,Acinetobacter spp.,Aminoglycosides,,J01G
2020,LV,Latvia,Acinetobacter spp.,Aminoglycosides,63.46153846,J01G
2020,MT,Malta,Acinetobacter spp.,Aminoglycosides,,J01G
2020,NL,Netherlands,Acinetobacter spp.,Aminoglycosides,1.34228187,J01G
2020,NO,Norway,Acinetobacter spp.,Aminoglycosides,0.0,J01G
2020,PL,Poland,Acinetobacter spp.,Aminoglycosides,70.79889807,J01G
2020,PT,Portugal,Acinetobacter spp.,Aminoglycosides,12.5,J01G
2020,RO,Romania,Acinetobacter spp.,Aminoglycosides,90.11857707,J01G
2020,SE,Sweden,Acinetobacter spp.,Aminoglycosides,8.0,J01G
2020,SI,Slovenia,Acinetobacter spp.,Aminoglycosides,25.0,J01G
2020,SK,Slovakia,Acinetobacter spp.,Aminoglycosides,28.42105263,J01G
2021,AT,Austria,Acinetobacter spp.,Aminoglycosides,10.66666666,J01G
2021,BE,Belgium,Acinetobacter spp.,Aminoglycosides,5.22875816,J01G
2021,BG,Bulgaria,Acinetobacter spp.,Aminoglycosides,81.56682027,J01G
2021,CY,Cyprus,Acinetobacter spp.,Aminoglycosides,89.71962616,J01G
2021,CZ,Czechia,Acinetobacter spp.,Aminoglycosides,50.81967213,J01G
2021,DE,Germany,Acinetobacter spp.,Aminoglycosides,4.18943533,J01G
2021,DK,Denmark,Acinetobacter spp.,Aminoglycosides,7.0,J01G
2021,EE,Estonia,Acinetobacter spp.,Aminoglycosides,,J01G
2021,EL,Greece,Acinetobacter spp.,Aminoglycosides,91.41055949,J01G
2021,ES,Spain,Acinetobacter spp.,Aminoglycosides,58.06451612,J01G
2021,FI,Finland,Acinetobacter spp.,Aminoglycosides,2.12765957,J01G
2021,FR,France,Acinetobacter spp.,Aminoglycosides,6.09212481,J01G
2021,HR,Croatia,Acinetobacter spp.,Aminoglycosides,98.76543209,J01G
2021,HU,Hungary,Acinetobacter spp.,Aminoglycosides,81.79916317,J01G
2021,IE,Ireland,Acinetobacter spp.,Aminoglycosides,3.125,J01G
2021,IS,Iceland,Acinetobacter spp.,Aminoglycosides,,J01G
2021,IT,Italy,Acinetobacter spp.,Aminoglycosides,86.41254226,J01G
2021,LT,Lithuania,Acinetobacter spp.,Aminoglycosides,93.44729344,J01G
2021,LU,Luxembourg,Acinetobacter spp.,Aminoglycosides,,J01G
2021,LV,Latvia,Acinetobacter spp.,Aminoglycosides,68.29268292,J01G
2021,MT,Malta,Acinetobacter spp.,Aminoglycosides,,J01G
2021,NL,Netherlands,Acinetobacter spp.,Aminoglycosides,4.18848167,J01G
2021,NO,Norway,Acinetobacter spp.,Aminoglycosides,2.38095238,J01G
2021,PL,Poland,Acinetobacter spp.,Aminoglycosides,74.13793103,J01G
2021,PT,Portugal,Acinetobacter spp.,Aminoglycosides,12.5,J01G
2021,RO,Romania,Acinetobacter spp.,Aminoglycosides,91.07142857,J01G
2021,SE,Sweden,Acinetobacter spp.,Aminoglycosides,5.07246376,J01G
2021,SI,Slovenia,Acinetobacter spp.,Aminoglycosides,68.54838709,J01G
2021,SK,Slovakia,Acinetobacter spp.,Aminoglycosides,61.9047619,J01G
2022,AT,Austria,Acinetobacter spp.,Aminoglycosides,0.0,J01G
2022,BE,Belgium,Acinetobacter spp.,Aminoglycosides,1.39860139,J01G
2022,BG,Bulgaria,Acinetobacter spp.,Aminoglycosides,81.25,J01G
2022,CY,Cyprus,Acinetobacter spp.,Aminoglycosides,82.17821782,J01G
2022,CZ,Czechia,Acinetobacter spp.,Aminoglycosides,37.64705882,J01G
2022,DE,Germany,Acinetobacter spp.,Aminoglycosides,4.68521229,J01G
2022,DK,Denmark,Acinetobacter spp.,Aminoglycosides,5.15463917,J01G
2022,EE,Estonia,Acinetobacter spp.,Aminoglycosides,,J01G
2022,EL,Greece,Acinetobacter spp.,Aminoglycosides,89.12901113,J01G
2022,ES,Spain,Acinetobacter spp.,Aminoglycosides,32.96703296,J01G
2022,FI,Finland,Acinetobacter spp.,Aminoglycosides,3.57142857,J01G
2022,FR,France,Acinetobacter spp.,Aminoglycosides,7.001321,J01G
2022,HR,Croatia,Acinetobacter spp.,Aminoglycosides,96.18055555,J01G
2022,HU,Hungary,Acinetobacter spp.,Aminoglycosides,47.16636197,J01G
2022,IE,Ireland,Acinetobacter spp.,Aminoglycosides,1.49253731,J01G
2022,IS,Iceland,Acinetobacter spp.,Aminoglycosides,,J01G
2022,IT,Italy,Acinetobacter spp.,Aminoglycosides,85.00176865,J01G
2022,LT,Lithuania,Acinetobacter spp.,Aminoglycosides,84.21052631,J01G
2022,LU,Luxembourg,Acinetobacter spp.,Aminoglycosides,,J01G
2022,LV,Latvia,Acinetobacter spp.,Aminoglycosides,57.53424657,J01G
2022,MT,Malta,Acinetobacter spp.,Aminoglycosides,,J01G
2022,NL,Netherlands,Acinetobacter spp.,Aminoglycosides,2.01005025,J01G
2022,NO,Norway,Acinetobacter spp.,Aminoglycosides,2.85714285,J01G
2022,PL,Poland,Acinetobacter spp.,Aminoglycosides,61.33333333,J01G
2022,PT,Portugal,Acinetobacter spp.,Aminoglycosides,21.18644067,J01G
2022,RO,Romania,Acinetobacter spp.,Aminoglycosides,88.76404494,J01G
2022,SE,Sweden,Acinetobacter spp.,Aminoglycosides,1.36054421,J01G
2022,SI,Slovenia,Acinetobacter spp.,Aminoglycosides,43.33333333,J01G
2022,SK,Slovakia,Acinetobacter spp.,Aminoglycosides,64.28571428,J01G
2023,AT,Austria,Acinetobacter spp.,Aminoglycosides,8.45070422,J01G
2023,BE,Belgium,Acinetobacter spp.,Aminoglycosides,4.69798657,J01G
2023,BG,Bulgaria,Acinetobacter spp.,Aminoglycosides,86.33879781,J01G
2023,CY,Cyprus,Acinetobacter spp.,Aminoglycosides,83.7037037,J01G
2023,CZ,Czechia,Acinetobacter spp.,Aminoglycosides,35.16483516,J01G
2023,DE,Germany,Acinetobacter spp.,Aminoglycosides,2.66836086,J01G
2023,DK,Denmark,Acinetobacter spp.,Aminoglycosides,2.24719101,J01G
2023,EE,Estonia,Acinetobacter spp.,Aminoglycosides,,J01G
2023,EL,Greece,Acinetobacter spp.,Aminoglycosides,88.12580231,J01G
2023,ES,Spain,Acinetobacter spp.,Aminoglycosides,32.89473684,J01G
2023,FI,Finland,Acinetobacter spp.,Aminoglycosides,3.03030303,J01G
2023,HR,Croatia,Acinetobacter spp.,Aminoglycosides,92.36641221,J01G
2023,HU,Hungary,Acinetobacter spp.,Aminoglycosides,39.6713615,J01G
2023,IE,Ireland,Acinetobacter spp.,Aminoglycosides,0.0,J01G
2023,IS,Iceland,Acinetobacter spp.,Aminoglycosides,,J01G
2023,IT,Italy,Acinetobacter spp.,Aminoglycosides,73.57072852,J01G
2023,LT,Lithuania,Acinetobacter spp.,Aminoglycosides,82.5,J01G
2023,LU,Luxembourg,Acinetobacter spp.,Aminoglycosides,,J01G
2023,LV,Latvia,Acinetobacter spp.,Aminoglycosides,50.64935064,J01G
2023,MT,Malta,Acinetobacter spp.,Aminoglycosides,0.0,J01G
2023,NL,Netherlands,Acinetobacter spp.,Aminoglycosides,4.71698113,J01G
2023,NO,Norway,Acinetobacter spp.,Aminoglycosides,2.5,J01G
2023,PL,Poland,Acinetobacter spp.,Aminoglycosides,68.12933025,J01G
2023,PT,Portugal,Acinetobacter spp.,Aminoglycosides,28.28947368,J01G
2023,RO,Romania,Acinetobacter spp.,Aminoglycosides,82.45614035,J01G
2023,SE,Sweden,Acinetobacter spp.,Aminoglycosides,1.30718954,J01G
2023,SI,Slovenia,Acinetobacter spp.,Aminoglycosides,25.0,J01G
2023,SK,Slovakia,Acinetobacter spp.,Aminoglycosides,47.36842105,J01G
2024,AT,Austria,Acinetobacter spp.,Aminoglycosides,3.65853658,J01G
2024,BE,Belgium,Acinetobacter spp.,Aminoglycosides,3.22580645,J01G
2024,BG,Bulgaria,Acinetobacter spp.,Aminoglycosides,89.04761904,J01G
2024,CY,Cyprus,Acinetobacter spp.,Aminoglycosides,80.99173553,J01G
2024,CZ,Czechia,Acinetobacter spp.,Aminoglycosides,20.58823529,J01G
2024,DE,Germany,Acinetobacter spp.,Aminoglycosides,4.11111111,J01G
2024,DK,Denmark,Acinetobacter spp.,Aminoglycosides,5.10204081,J01G
2024,EE,Estonia,Acinetobacter spp.,Aminoglycosides,,J01G
2024,EL,Greece,Acinetobacter spp.,Aminoglycosides,88.66599799,J01G
2024,ES,Spain,Acinetobacter spp.,Aminoglycosides,21.25,J01G
2024,FI,Finland,Acinetobacter spp.,Aminoglycosides,2.38095238,J01G
2024,FR,France,Acinetobacter spp.,Aminoglycosides,3.8330494,J01G
2024,HR,Croatia,Acinetobacter spp.,Aminoglycosides,89.6713615,J01G
2024,HU,Hungary,Acinetobacter spp.,Aminoglycosides,44.13518886,J01G
2024,IE,Ireland,Acinetobacter spp.,Aminoglycosides,1.75438596,J01G
2024,IS,Iceland,Acinetobacter spp.,Aminoglycosides,,J01G
2024,IT,Italy,Acinetobacter spp.,Aminoglycosides,69.1915977,J01G
2024,LT,Lithuania,Acinetobacter spp.,Aminoglycosides,76.38888888,J01G
2024,LU,Luxembourg,Acinetobacter spp.,Aminoglycosides,,J01G
2024,LV,Latvia,Acinetobacter spp.,Aminoglycosides,65.0,J01G
2024,MT,Malta,Acinetobacter spp.,Aminoglycosides,,J01G
2024,NL,Netherlands,Acinetobacter spp.,Aminoglycosides,5.18867924,J01G
2024,NO,Norway,Acinetobacter spp.,Aminoglycosides,1.75438596,J01G
2024,PL,Poland,Acinetobacter spp.,Aminoglycosides,56.16740088,J01G
2024,PT,Portugal,Acinetobacter spp.,Aminoglycosides,22.66666666,J01G
2024,RO,Romania,Acinetobacter spp.,Aminoglycosides,89.87012987,J01G
2024,SE,Sweden,Acinetobacter spp.,Aminoglycosides,3.28947368,J01G
2024,SI,Slovenia,Acinetobacter spp.,Aminoglycosides,5.0,J01G
2024,SK,Slovakia,Acinetobacter spp.,Aminoglycosides,37.23404255,J01G
2012,BG,Bulgaria,Acinetobacter spp.,Carbapenems,60.34482758,J01D
2012,CY,Cyprus,Acinetobacter spp.,Carbapenems,56.52173913,J01D
2012,DE,Germany,Acinetobacter spp.,Carbapenems,6.61157024,J01D
2012,DK,Denmark,Acinetobacter spp.,Carbapenems,9.375,J01D
2012,EL,Greece,Acinetobacter spp.,Carbapenems,87.79904306,J01D
2012,FR,France,Acinetobacter spp.,Carbapenems,3.34190231,J01D
2012,HU,Hungary,Acinetobacter spp.,Carbapenems,48.0861244,J01D
2012,IS,Iceland,Acinetobacter spp.,Carbapenems,,J01D
2012,IT,Italy,Acinetobacter spp.,Carbapenems,83.11688311,J01D
2012,LU,Luxembourg,Acinetobacter spp.,Carbapenems,,J01D
2012,MT,Malta,Acinetobacter spp.,Carbapenems,,J01D
2012,NL,Netherlands,Acinetobacter spp.,Carbapenems,5.81395348,J01D
2012,NO,Norway,Acinetobacter spp.,Carbapenems,0.0,J01D
2012,PL,Poland,Acinetobacter spp.,Carbapenems,38.20754716,J01D
2012,PT,Portugal,Acinetobacter spp.,Carbapenems,79.16666666,J01D
2012,RO,Romania,Acinetobacter spp.,Carbapenems,81.48148148,J01D
2012,SI,Slovenia,Acinetobacter spp.,Carbapenems,24.0,J01D
2012,UK,United Kingdom,Acinetobacter spp.,Carbapenems,2.5,J01D
2013,AT,Austria,Acinetobacter spp.,Carbapenems,7.84313725,J01D
2013,BE,Belgium,Acinetobacter spp.,Carbapenems,,J01D
2013,BG,Bulgaria,Acinetobacter spp.,Carbapenems,59.55056179,J01D
2013,CY,Cyprus,Acinetobacter spp.,Carbapenems,60.6060606,J01D
2013,CZ,Czechia,Acinetobacter spp.,Carbapenems,4.39560439,J01D
2013,DE,Germany,Acinetobacter spp.,Carbapenems,8.88888888,J01D
2013,DK,Denmark,Acinetobacter spp.,Carbapenems,1.63934426,J01D
2013,EL,Greece,Acinetobacter spp.,Carbapenems,90.56603773,J01D
2013,ES,Spain,Acinetobacter spp.,Carbapenems,75.78947368,J01D
2013,FI,Finland,Acinetobacter spp.,Carbapenems,0.0,J01D
2013,FR,France,Acinetobacter spp.,Carbapenems,5.91133004,J01D
2013,HR,Croatia,Acinetobacter spp.,Carbapenems,89.47368421,J01D
2013,HU,Hungary,Acinetobacter spp.,Carbapenems,50.1039501,J01D
2013,IE,Ireland,Acinetobacter spp.,Carbapenems,2.35294117,J01D
2013,IT,Italy,Acinetobacter spp.,Carbapenems,79.48717948,J01D
2013,LU,Luxembourg,Acinetobacter spp.,Carbapenems,,J01D
2013,MT,Malta,Acinetobacter spp.,Carbapenems,,J01D
2013,NL,Netherlands,Acinetobacter spp.,Carbapenems,1.05263157,J01D
2013,NO,Norway,Acinetobacter spp.,Carbapenems,0.0,J01D
2013,PL,Poland,Acinetobacter spp.,Carbapenems,49.73544973,J01D
2013,PT,Portugal,Acinetobacter spp.,Carbapenems,68.99563318,J01D
2013,RO,Romania,Acinetobacter spp.,Carbapenems,85.40145985,J01D
2013,SE,Sweden,Acinetobacter spp.,Carbapenems,5.55555555,J01D
2013,SI,Slovenia,Acinetobacter spp.,Carbapenems,24.0,J01D
2013,SK,Slovakia,Acinetobacter spp.,Carbapenems,45.77464788,J01D
2013,UK,United Kingdom,Acinetobacter spp.,Carbapenems,2.01342281,J01D
2014,AT,Austria,Acinetobacter spp.,Carbapenems,6.41025641,J01D
2014,BE,Belgium,Acinetobacter spp.,Carbapenems,,J01D
2014,BG,Bulgaria,Acinetobacter spp.,Carbapenems,59.09090909,J01D
2014,CY,Cyprus,Acinetobacter spp.,Carbapenems,77.58620689,J01D
2014,CZ,Czechia,Acinetobacter spp.,Carbapenems,5.08474576,J01D
2014,DE,Germany,Acinetobacter spp.,Carbapenems,5.47263681,J01D
2014,DK,Denmark,Acinetobacter spp.,Carbapenems,1.61290322,J01D
2014,EL,Greece,Acinetobacter spp.,Carbapenems,93.22235434,J01D
2014,ES,Spain,Acinetobacter spp.,Carbapenems,65.38461538,J01D
2014,FI,Finland,Acinetobacter spp.,Carbapenems,3.125,J01D
2014,FR,France,Acinetobacter spp.,Carbapenems,2.49376558,J01D
2014,HR,Croatia,Acinetobacter spp.,Carbapenems,87.34939759,J01D
2014,HU,Hungary,Acinetobacter spp.,Carbapenems,44.46952595,J01D
2014,IE,Ireland,Acinetobacter spp.,Carbapenems,1.26582278,J01D
2014,IS,Iceland,Acinetobacter spp.,Carbapenems,,J01D
2014,IT,Italy,Acinetobacter spp.,Carbapenems,89.93710691,J01D
2014,LT,Lithuania,Acinetobacter spp.,Carbapenems,69.69696969,J01D
2014,LU,Luxembourg,Acinetobacter spp.,Carbapenems,,J01D
2014,LV,Latvia,Acinetobacter spp.,Carbapenems,78.84615384,J01D
2014,MT,Malta,Acinetobacter spp.,Carbapenems,,J01D
2014,NL,Netherlands,Acinetobacter spp.,Carbapenems,0.0,J01D
2014,NO,Norway,Acinetobacter spp.,Carbapenems,2.94117647,J01D
2014,PL,Poland,Acinetobacter spp.,Carbapenems,53.43915343,J01D
2014,PT,Portugal,Acinetobacter spp.,Carbapenems,53.05343511,J01D
2014,RO,Romania,Acinetobacter spp.,Carbapenems,81.300813,J01D
2014,SE,Sweden,Acinetobacter spp.,Carbapenems,3.84615384,J01D
2014,SI,Slovenia,Acinetobacter spp.,Carbapenems,26.47058823,J01D
2014,SK,Slovakia,Acinetobacter spp.,Carbapenems,32.91925465,J01D
2014,UK,United Kingdom,Acinetobacter spp.,Carbapenems,1.66666666,J01D
2015,AT,Austria,Acinetobacter spp.,Carbapenems,9.375,J01D
2015,BE,Belgium,Acinetobacter spp.,Carbapenems,0.0,J01D
2015,BG,Bulgaria,Acinetobacter spp.,Carbapenems,73.84615384,J01D
2015,CY,Cyprus,Acinetobacter spp.,Carbapenems,83.05084745,J01D
2015,CZ,Czechia,Acinetobacter spp.,Carbapenems,6.66666666,J01D
2015,DE,Germany,Acinetobacter spp.,Carbapenems,6.52818991,J01D
2015,DK,Denmark,Acinetobacter spp.,Carbapenems,4.61538461,J01D
2015,EE,Estonia,Acinetobacter spp.,Carbapenems,,J01D
2015,EL,Greece,Acinetobacter spp.,Carbapenems,93.48931841,J01D
2015,ES,Spain,Acinetobacter spp.,Carbapenems,53.68421052,J01D
2015,FI,Finland,Acinetobacter spp.,Carbapenems,2.32558139,J01D
2015,FR,France,Acinetobacter spp.,Carbapenems,5.60747663,J01D
2015,HR,Croatia,Acinetobacter spp.,Carbapenems,89.0,J01D
2015,HU,Hungary,Acinetobacter spp.,Carbapenems,55.24625267,J01D
2015,IE,Ireland,Acinetobacter spp.,Carbapenems,5.95238095,J01D
2015,IS,Iceland,Acinetobacter spp.,Carbapenems,,J01D
2015,IT,Italy,Acinetobacter spp.,Carbapenems,78.31325301,J01D
2015,LT,Lithuania,Acinetobacter spp.,Carbapenems,80.8219178,J01D
2015,LU,Luxembourg,Acinetobacter spp.,Carbapenems,,J01D
2015,LV,Latvia,Acinetobacter spp.,Carbapenems,68.85245901,J01D
2015,MT,Malta,Acinetobacter spp.,Carbapenems,,J01D
2015,NL,Netherlands,Acinetobacter spp.,Carbapenems,4.25531914,J01D
2015,NO,Norway,Acinetobacter spp.,Carbapenems,9.375,J01D
2015,PL,Poland,Acinetobacter spp.,Carbapenems,65.57377049,J01D
2015,PT,Portugal,Acinetobacter spp.,Carbapenems,57.65472312,J01D
2015,RO,Romania,Acinetobacter spp.,Carbapenems,81.48148148,J01D
2015,SE,Sweden,Acinetobacter spp.,Carbapenems,2.94117647,J01D
2015,SI,Slovenia,Acinetobacter spp.,Carbapenems,38.70967741,J01D
2015,SK,Slovakia,Acinetobacter spp.,Carbapenems,28.16901408,J01D
2015,UK,United Kingdom,Acinetobacter spp.,Carbapenems,0.75757575,J01D
2016,AT,Austria,Acinetobacter spp.,Carbapenems,12.34567901,J01D
2016,BE,Belgium,Acinetobacter spp.,Carbapenems,2.56410256,J01D
2016,BG,Bulgaria,Acinetobacter spp.,Carbapenems,74.75728155,J01D
2016,CY,Cyprus,Acinetobacter spp.,Carbapenems,71.42857142,J01D
2016,CZ,Czechia,Acinetobacter spp.,Carbapenems,1.75438596,J01D
2016,DE,Germany,Acinetobacter spp.,Carbapenems,4.86725663,J01D
2016,DK,Denmark,Acinetobacter spp.,Carbapenems,0.0,J01D
2016,EE,Estonia,Acinetobacter spp.,Carbapenems,,J01D
2016,EL,Greece,Acinetobacter spp.,Carbapenems,95.35423925,J01D
2016,ES,Spain,Acinetobacter spp.,Carbapenems,62.26415094,J01D
2016,FI,Finland,Acinetobacter spp.,Carbapenems,0.0,J01D
2016,FR,France,Acinetobacter spp.,Carbapenems,7.11111111,J01D
2016,HR,Croatia,Acinetobacter spp.,Carbapenems,94.47513812,J01D
2016,HU,Hungary,Acinetobacter spp.,Carbapenems,58.60349127,J01D
2016,IE,Ireland,Acinetobacter spp.,Carbapenems,0.0,J01D
2016,IS,Iceland,Acinetobacter spp.,Carbapenems,,J01D
2016,IT,Italy,Acinetobacter spp.,Carbapenems,78.49002849,J01D
2016,LT,Lithuania,Acinetobacter spp.,Carbapenems,81.6091954,J01D
2016,LU,Luxembourg,Acinetobacter spp.,Carbapenems,,J01D
2016,LV,Latvia,Acinetobacter spp.,Carbapenems,73.1707317,J01D
2016,MT,Malta,Acinetobacter spp.,Carbapenems,,J01D
2016,NL,Netherlands,Acinetobacter spp.,Carbapenems,0.0,J01D
2016,NO,Norway,Acinetobacter spp.,Carbapenems,0.0,J01D
2016,PL,Poland,Acinetobacter spp.,Carbapenems,65.98465473,J01D
2016,PT,Portugal,Acinetobacter spp.,Carbapenems,51.94174757,J01D
2016,RO,Romania,Acinetobacter spp.,Carbapenems,85.0,J01D
2016,SE,Sweden,Acinetobacter spp.,Carbapenems,1.19047619,J01D
2016,SI,Slovenia,Acinetobacter spp.,Carbapenems,43.33333333,J01D
2016,SK,Slovakia,Acinetobacter spp.,Carbapenems,28.44036697,J01D
2016,UK,United Kingdom,Acinetobacter spp.,Carbapenems,1.54109589,J01D
2017,AT,Austria,Acinetobacter spp.,Carbapenems,6.66666666,J01D
2017,BE,Belgium,Acinetobacter spp.,Carbapenems,6.870229,J01D
2017,BG,Bulgaria,Acinetobacter spp.,Carbapenems,80.4347826,J01D
2017,CY,Cyprus,Acinetobacter spp.,Carbapenems,76.0,J01D
2017,CZ,Czechia,Acinetobacter spp.,Carbapenems,12.72727272,J01D
2017,DE,Germany,Acinetobacter spp.,Carbapenems,4.07407407,J01D
2017,DK,Denmark,Acinetobacter spp.,Carbapenems,0.0,J01D
2017,EE,Estonia,Acinetobacter spp.,Carbapenems,,J01D
2017,EL,Greece,Acinetobacter spp.,Carbapenems,94.79452054,J01D
2017,ES,Spain,Acinetobacter spp.,Carbapenems,66.30434782,J01D
2017,FI,Finland,Acinetobacter spp.,Carbapenems,2.7027027,J01D
2017,FR,France,Acinetobacter spp.,Carbapenems,6.18336886,J01D
2017,HR,Croatia,Acinetobacter spp.,Carbapenems,96.15384615,J01D
2017,HU,Hungary,Acinetobacter spp.,Carbapenems,52.51396648,J01D
2017,IE,Ireland,Acinetobacter spp.,Carbapenems,6.34920634,J01D
2017,IS,Iceland,Acinetobacter spp.,Carbapenems,,J01D
2017,IT,Italy,Acinetobacter spp.,Carbapenems,78.68663594,J01D
2017,LT,Lithuania,Acinetobacter spp.,Carbapenems,88.50574712,J01D
2017,LU,Luxembourg,Acinetobacter spp.,Carbapenems,,J01D
2017,LV,Latvia,Acinetobacter spp.,Carbapenems,79.4117647,J01D
2017,MT,Malta,Acinetobacter spp.,Carbapenems,,J01D
2017,NL,Netherlands,Acinetobacter spp.,Carbapenems,0.76923076,J01D
2017,NO,Norway,Acinetobacter spp.,Carbapenems,0.0,J01D
2017,PL,Poland,Acinetobacter spp.,Carbapenems,67.44186046,J01D
2017,PT,Portugal,Acinetobacter spp.,Carbapenems,40.69767441,J01D
2017,RO,Romania,Acinetobacter spp.,Carbapenems,87.36263736,J01D
2017,SE,Sweden,Acinetobacter spp.,Carbapenems,0.0,J01D
2017,SI,Slovenia,Acinetobacter spp.,Carbapenems,41.66666666,J01D
2017,SK,Slovakia,Acinetobacter spp.,Carbapenems,31.66666666,J01D
2017,UK,United Kingdom,Acinetobacter spp.,Carbapenems,2.81329923,J01D
2018,AT,Austria,Acinetobacter spp.,Carbapenems,4.39560439,J01D
2018,BE,Belgium,Acinetobacter spp.,Carbapenems,3.78787878,J01D
2018,BG,Bulgaria,Acinetobacter spp.,Carbapenems,74.54545454,J01D
2018,CY,Cyprus,Acinetobacter spp.,Carbapenems,84.21052631,J01D
2018,CZ,Czechia,Acinetobacter spp.,Carbapenems,19.78021978,J01D
2018,DE,Germany,Acinetobacter spp.,Carbapenems,4.36432637,J01D
2018,DK,Denmark,Acinetobacter spp.,Carbapenems,6.38297872,J01D
2018,EE,Estonia,Acinetobacter spp.,Carbapenems,,J01D
2018,EL,Greece,Acinetobacter spp.,Carbapenems,92.39881539,J01D
2018,ES,Spain,Acinetobacter spp.,Carbapenems,54.32098765,J01D
2018,FI,Finland,Acinetobacter spp.,Carbapenems,0.0,J01D
2018,FR,France,Acinetobacter spp.,Carbapenems,6.53061224,J01D
2018,HR,Croatia,Acinetobacter spp.,Carbapenems,95.48387096,J01D
2018,HU,Hungary,Acinetobacter spp.,Carbapenems,55.18207282,J01D
2018,IE,Ireland,Acinetobacter spp.,Carbapenems,1.66666666,J01D
2018,IS,Iceland,Acinetobacter spp.,Carbapenems,,J01D
2018,IT,Italy,Acinetobacter spp.,Carbapenems,79.24801156,J01D
2018,LT,Lithuania,Acinetobacter spp.,Carbapenems,89.77272727,J01D
2018,LU,Luxembourg,Acinetobacter spp.,Carbapenems,,J01D
2018,LV,Latvia,Acinetobacter spp.,Carbapenems,78.43137254,J01D
2018,MT,Malta,Acinetobacter spp.,Carbapenems,,J01D
2018,NL,Netherlands,Acinetobacter spp.,Carbapenems,4.72972972,J01D
2018,NO,Norway,Acinetobacter spp.,Carbapenems,0.0,J01D
2018,PL,Poland,Acinetobacter spp.,Carbapenems,67.26618705,J01D
2018,PT,Portugal,Acinetobacter spp.,Carbapenems,30.70866141,J01D
2018,RO,Romania,Acinetobacter spp.,Carbapenems,85.32110091,J01D
2018,SE,Sweden,Acinetobacter spp.,Carbapenems,3.7037037,J01D
2018,SI,Slovenia,Acinetobacter spp.,Carbapenems,17.94871794,J01D
2018,SK,Slovakia,Acinetobacter spp.,Carbapenems,43.9716312,J01D
2018,UK,United Kingdom,Acinetobacter spp.,Carbapenems,1.82072829,J01D
2019,AT,Austria,Acinetobacter spp.,Carbapenems,7.4074074,J01D
2019,BE,Belgium,Acinetobacter spp.,Carbapenems,0.0,J01D
2019,BG,Bulgaria,Acinetobacter spp.,Carbapenems,71.96969696,J01D
2019,CY,Cyprus,Acinetobacter spp.,Carbapenems,87.5,J01D
2019,CZ,Czechia,Acinetobacter spp.,Carbapenems,30.52631578,J01D
2019,DE,Germany,Acinetobacter spp.,Carbapenems,2.16450216,J01D
2019,DK,Denmark,Acinetobacter spp.,Carbapenems,0.0,J01D
2019,EE,Estonia,Acinetobacter spp.,Carbapenems,,J01D
2019,EL,Greece,Acinetobacter spp.,Carbapenems,92.34693877,J01D
2019,ES,Spain,Acinetobacter spp.,Carbapenems,56.62650602,J01D
2019,FI,Finland,Acinetobacter spp.,Carbapenems,0.0,J01D
2019,FR,France,Acinetobacter spp.,Carbapenems,9.03490759,J01D
2019,HR,Croatia,Acinetobacter spp.,Carbapenems,92.3076923,J01D
2019,HU,Hungary,Acinetobacter spp.,Carbapenems,50.95693779,J01D
2019,IE,Ireland,Acinetobacter spp.,Carbapenems,1.58730158,J01D
2019,IS,Iceland,Acinetobacter spp.,Carbapenems,,J01D
2019,IT,Italy,Acinetobacter spp.,Carbapenems,79.28211586,J01D
2019,LT,Lithuania,Acinetobacter spp.,Carbapenems,85.18518518,J01D
2019,LU,Luxembourg,Acinetobacter spp.,Carbapenems,,J01D
2019,LV,Latvia,Acinetobacter spp.,Carbapenems,84.78260869,J01D
2019,MT,Malta,Acinetobacter spp.,Carbapenems,,J01D
2019,NL,Netherlands,Acinetobacter spp.,Carbapenems,0.80645161,J01D
2019,NO,Norway,Acinetobacter spp.,Carbapenems,0.0,J01D
2019,PL,Poland,Acinetobacter spp.,Carbapenems,70.97791798,J01D
2019,PT,Portugal,Acinetobacter spp.,Carbapenems,31.11111111,J01D
2019,RO,Romania,Acinetobacter spp.,Carbapenems,88.25757575,J01D
2019,SE,Sweden,Acinetobacter spp.,Carbapenems,3.57142857,J01D
2019,SI,Slovenia,Acinetobacter spp.,Carbapenems,22.5,J01D
2019,SK,Slovakia,Acinetobacter spp.,Carbapenems,55.20833333,J01D
2019,UK,United Kingdom,Acinetobacter spp.,Carbapenems,2.08913649,J01D
2020,AT,Austria,Acinetobacter spp.,Carbapenems,7.24637681,J01D
2020,BE,Belgium,Acinetobacter spp.,Carbapenems,1.25,J01D
2020,BG,Bulgaria,Acinetobacter spp.,Carbapenems,82.94573643,J01D
2020,CY,Cyprus,Acinetobacter spp.,Carbapenems,81.03448275,J01D
2020,CZ,Czechia,Acinetobacter spp.,Carbapenems,32.92682926,J01D
2020,DE,Germany,Acinetobacter spp.,Carbapenems,3.13014827,J01D
2020,DK,Denmark,Acinetobacter spp.,Carbapenems,4.6875,J01D
2020,EE,Estonia,Acinetobacter spp.,Carbapenems,,J01D
2020,EL,Greece,Acinetobacter spp.,Carbapenems,94.59459459,J01D
2020,ES,Spain,Acinetobacter spp.,Carbapenems,60.86956521,J01D
2020,FI,Finland,Acinetobacter spp.,Carbapenems,5.4054054,J01D
2020,FR,France,Acinetobacter spp.,Carbapenems,3.32369942,J01D
2020,HR,Croatia,Acinetobacter spp.,Carbapenems,96.44444444,J01D
2020,HU,Hungary,Acinetobacter spp.,Carbapenems,73.03370786,J01D
2020,IE,Ireland,Acinetobacter spp.,Carbapenems,0.0,J01D
2020,IS,Iceland,Acinetobacter spp.,Carbapenems,,J01D
2020,IT,Italy,Acinetobacter spp.,Carbapenems,80.79937304,J01D
2020,LT,Lithuania,Acinetobacter spp.,Carbapenems,91.08280254,J01D
2020,LU,Luxembourg,Acinetobacter spp.,Carbapenems,,J01D
2020,LV,Latvia,Acinetobacter spp.,Carbapenems,82.69230769,J01D
2020,MT,Malta,Acinetobacter spp.,Carbapenems,,J01D
2020,NL,Netherlands,Acinetobacter spp.,Carbapenems,0.67567567,J01D
2020,NO,Norway,Acinetobacter spp.,Carbapenems,0.0,J01D
2020,PL,Poland,Acinetobacter spp.,Carbapenems,78.22580645,J01D
2020,PT,Portugal,Acinetobacter spp.,Carbapenems,15.38461538,J01D
2020,RO,Romania,Acinetobacter spp.,Carbapenems,93.26599326,J01D
2020,SE,Sweden,Acinetobacter spp.,Carbapenems,7.14285714,J01D
2020,SI,Slovenia,Acinetobacter spp.,Carbapenems,19.44444444,J01D
2020,SK,Slovakia,Acinetobacter spp.,Carbapenems,30.76923076,J01D
2021,AT,Austria,Acinetobacter spp.,Carbapenems,10.0,J01D
2021,BE,Belgium,Acinetobacter spp.,Carbapenems,1.19760479,J01D
2021,BG,Bulgaria,Acinetobacter spp.,Carbapenems,77.88018433,J01D
2021,CY,Cyprus,Acinetobacter spp.,Carbapenems,92.12962962,J01D
2021,CZ,Czechia,Acinetobacter spp.,Carbapenems,53.27868852,J01D
2021,DE,Germany,Acinetobacter spp.,Carbapenems,4.29752066,J01D
2021,DK,Denmark,Acinetobacter spp.,Carbapenems,5.88235294,J01D
2021,EE,Estonia,Acinetobacter spp.,Carbapenems,,J01D
2021,EL,Greece,Acinetobacter spp.,Carbapenems,96.94989106,J01D
2021,ES,Spain,Acinetobacter spp.,Carbapenems,56.98924731,J01D
2021,FI,Finland,Acinetobacter spp.,Carbapenems,2.12765957,J01D
2021,FR,France,Acinetobacter spp.,Carbapenems,3.05555555,J01D
2021,HR,Croatia,Acinetobacter spp.,Carbapenems,99.5085995,J01D
2021,HU,Hungary,Acinetobacter spp.,Carbapenems,82.97577854,J01D
2021,IE,Ireland,Acinetobacter spp.,Carbapenems,1.51515151,J01D
2021,IS,Iceland,Acinetobacter spp.,Carbapenems,,J01D
2021,IT,Italy,Acinetobacter spp.,Carbapenems,88.14949863,J01D
2021,LT,Lithuania,Acinetobacter spp.,Carbapenems,96.11111111,J01D
2021,LU,Luxembourg,Acinetobacter spp.,Carbapenems,,J01D
2021,LV,Latvia,Acinetobacter spp.,Carbapenems,79.26829268,J01D
2021,MT,Malta,Acinetobacter spp.,Carbapenems,,J01D
2021,NL,Netherlands,Acinetobacter spp.,Carbapenems,0.54054054,J01D
2021,NO,Norway,Acinetobacter spp.,Carbapenems,0.0,J01D
2021,PL,Poland,Acinetobacter spp.,Carbapenems,82.68765133,J01D
2021,PT,Portugal,Acinetobacter spp.,Carbapenems,10.44776119,J01D
2021,RO,Romania,Acinetobacter spp.,Carbapenems,93.52331606,J01D
2021,SE,Sweden,Acinetobacter spp.,Carbapenems,0.72463768,J01D
2021,SI,Slovenia,Acinetobacter spp.,Carbapenems,66.93548387,J01D
2021,SK,Slovakia,Acinetobacter spp.,Carbapenems,61.19402985,J01D
2022,AT,Austria,Acinetobacter spp.,Carbapenems,3.19148936,J01D
2022,BE,Belgium,Acinetobacter spp.,Carbapenems,2.38095238,J01D
2022,BG,Bulgaria,Acinetobacter spp.,Carbapenems,79.375,J01D
2022,CY,Cyprus,Acinetobacter spp.,Carbapenems,94.55445544,J01D
2022,CZ,Czechia,Acinetobacter spp.,Carbapenems,38.82352941,J01D
2022,DE,Germany,Acinetobacter spp.,Carbapenems,3.56200527,J01D
2022,DK,Denmark,Acinetobacter spp.,Carbapenems,5.20833333,J01D
2022,EE,Estonia,Acinetobacter spp.,Carbapenems,,J01D
2022,EL,Greece,Acinetobacter spp.,Carbapenems,95.88504245,J01D
2022,ES,Spain,Acinetobacter spp.,Carbapenems,35.86956521,J01D
2022,FI,Finland,Acinetobacter spp.,Carbapenems,3.57142857,J01D
2022,FR,France,Acinetobacter spp.,Carbapenems,3.50058343,J01D
2022,HR,Croatia,Acinetobacter spp.,Carbapenems,98.62542955,J01D
2022,HU,Hungary,Acinetobacter spp.,Carbapenems,57.92349726,J01D
2022,IE,Ireland,Acinetobacter spp.,Carbapenems,2.56410256,J01D
2022,IS,Iceland,Acinetobacter spp.,Carbapenems,,J01D
2022,IT,Italy,Acinetobacter spp.,Carbapenems,88.54850474,J01D
2022,LT,Lithuania,Acinetobacter spp.,Carbapenems,88.65248226,J01D
2022,LU,Luxembourg,Acinetobacter spp.,Carbapenems,,J01D
2022,LV,Latvia,Acinetobacter spp.,Carbapenems,71.23287671,J01D
2022,MT,Malta,Acinetobacter spp.,Carbapenems,,J01D
2022,NL,Netherlands,Acinetobacter spp.,Carbapenems,1.01010101,J01D
2022,NO,Norway,Acinetobacter spp.,Carbapenems,2.94117647,J01D
2022,PL,Poland,Acinetobacter spp.,Carbapenems,76.39484978,J01D
2022,PT,Portugal,Acinetobacter spp.,Carbapenems,31.14754098,J01D
2022,RO,Romania,Acinetobacter spp.,Carbapenems,89.3081761,J01D
2022,SE,Sweden,Acinetobacter spp.,Carbapenems,2.68456375,J01D
2022,SI,Slovenia,Acinetobacter spp.,Carbapenems,43.33333333,J01D
2022,SK,Slovakia,Acinetobacter spp.,Carbapenems,61.33333333,J01D
2023,AT,Austria,Acinetobacter spp.,Carbapenems,7.21649484,J01D
2023,BE,Belgium,Acinetobacter spp.,Carbapenems,4.12371134,J01D
2023,BG,Bulgaria,Acinetobacter spp.,Carbapenems,86.33879781,J01D
2023,CY,Cyprus,Acinetobacter spp.,Carbapenems,86.56716417,J01D
2023,CZ,Czechia,Acinetobacter spp.,Carbapenems,37.36263736,J01D
2023,DE,Germany,Acinetobacter spp.,Carbapenems,3.04449648,J01D
2023,DK,Denmark,Acinetobacter spp.,Carbapenems,2.22222222,J01D
2023,EE,Estonia,Acinetobacter spp.,Carbapenems,,J01D
2023,EL,Greece,Acinetobacter spp.,Carbapenems,95.29860228,J01D
2023,ES,Spain,Acinetobacter spp.,Carbapenems,39.43661971,J01D
2023,FI,Finland,Acinetobacter spp.,Carbapenems,0.0,J01D
2023,HR,Croatia,Acinetobacter spp.,Carbapenems,95.8490566,J01D
2023,HU,Hungary,Acinetobacter spp.,Carbapenems,46.15384615,J01D
2023,IE,Ireland,Acinetobacter spp.,Carbapenems,0.0,J01D
2023,IS,Iceland,Acinetobacter spp.,Carbapenems,,J01D
2023,IT,Italy,Acinetobacter spp.,Carbapenems,75.88766946,J01D
2023,LT,Lithuania,Acinetobacter spp.,Carbapenems,92.62295081,J01D
2023,LU,Luxembourg,Acinetobacter spp.,Carbapenems,,J01D
2023,LV,Latvia,Acinetobacter spp.,Carbapenems,70.12987012,J01D
2023,MT,Malta,Acinetobacter spp.,Carbapenems,0.0,J01D
2023,NL,Netherlands,Acinetobacter spp.,Carbapenems,1.42857142,J01D
2023,NO,Norway,Acinetobacter spp.,Carbapenems,0.0,J01D
2023,PL,Poland,Acinetobacter spp.,Carbapenems,79.77777777,J01D
2023,PT,Portugal,Acinetobacter spp.,Carbapenems,43.22580645,J01D
2023,RO,Romania,Acinetobacter spp.,Carbapenems,86.9047619,J01D
2023,SE,Sweden,Acinetobacter spp.,Carbapenems,1.92307692,J01D
2023,SI,Slovenia,Acinetobacter spp.,Carbapenems,23.07692307,J01D
2023,SK,Slovakia,Acinetobacter spp.,Carbapenems,47.36842105,J01D
2024,AT,Austria,Acinetobacter spp.,Carbapenems,1.07526881,J01D
2024,BE,Belgium,Acinetobacter spp.,Carbapenems,3.58744394,J01D
2024,BG,Bulgaria,Acinetobacter spp.,Carbapenems,90.47619047,J01D
2024,CY,Cyprus,Acinetobacter spp.,Carbapenems,84.12698412,J01D
2024,CZ,Czechia,Acinetobacter spp.,Carbapenems,25.49019607,J01D
2024,DE,Germany,Acinetobacter spp.,Carbapenems,2.23255813,J01D
2024,DK,Denmark,Acinetobacter spp.,Carbapenems,4.04040404,J01D
2024,EE,Estonia,Acinetobacter spp.,Carbapenems,12.0,J01D
2024,EL,Greece,Acinetobacter spp.,Carbapenems,94.07474931,J01D
2024,ES,Spain,Acinetobacter spp.,Carbapenems,25.30120481,J01D
2024,FI,Finland,Acinetobacter spp.,Carbapenems,0.0,J01D
2024,FR,France,Acinetobacter spp.,Carbapenems,3.30305532,J01D
2024,HR,Croatia,Acinetobacter spp.,Carbapenems,92.95774647,J01D
2024,HU,Hungary,Acinetobacter spp.,Carbapenems,48.21428571,J01D
2024,IE,Ireland,Acinetobacter spp.,Carbapenems,0.0,J01D
2024,IS,Iceland,Acinetobacter spp.,Carbapenems,,J01D
2024,IT,Italy,Acinetobacter spp.,Carbapenems,74.25384383,J01D
2024,LT,Lithuania,Acinetobacter spp.,Carbapenems,83.44827586,J01D
2024,LU,Luxembourg,Acinetobacter spp.,Carbapenems,,J01D
2024,LV,Latvia,Acinetobacter spp.,Carbapenems,67.79661016,J01D
2024,MT,Malta,Acinetobacter spp.,Carbapenems,,J01D
2024,NL,Netherlands,Acinetobacter spp.,Carbapenems,1.44230769,J01D
2024,NO,Norway,Acinetobacter spp.,Carbapenems,1.63934426,J01D
2024,PL,Poland,Acinetobacter spp.,Carbapenems,76.05042016,J01D
2024,PT,Portugal,Acinetobacter spp.,Carbapenems,25.64102564,J01D
2024,RO,Romania,Acinetobacter spp.,Carbapenems,92.69406392,J01D
2024,SE,Sweden,Acinetobacter spp.,Carbapenems,1.71428571,J01D
2024,SI,Slovenia,Acinetobacter spp.,Carbapenems,10.0,J01D
2024,SK,Slovakia,Acinetobacter spp.,Carbapenems,38.29787234,J01D
2012,BG,Bulgaria,Acinetobacter spp.,Fluoroquinolones,69.23076923,J01M
2012,CY,Cyprus,Acinetobacter spp.,Fluoroquinolones,56.52173913,J01M
2012,DE,Germany,Acinetobacter spp.,Fluoroquinolones,8.2644628,J01M
2012,DK,Denmark,Acinetobacter spp.,Fluoroquinolones,12.04819277,J01M
2012,EL,Greece,Acinetobacter spp.,Fluoroquinolones,93.10631229,J01M
2012,FR,France,Acinetobacter spp.,Fluoroquinolones,15.58441558,J01M
2012,HU,Hungary,Acinetobacter spp.,Fluoroquinolones,78.02469135,J01M
2012,IS,Iceland,Acinetobacter spp.,Fluoroquinolones,,J01M
2012,IT,Italy,Acinetobacter spp.,Fluoroquinolones,86.01694915,J01M
2012,LU,Luxembourg,Acinetobacter spp.,Fluoroquinolones,,J01M
2012,MT,Malta,Acinetobacter spp.,Fluoroquinolones,,J01M
2012,NL,Netherlands,Acinetobacter spp.,Fluoroquinolones,6.59340659,J01M
2012,NO,Norway,Acinetobacter spp.,Fluoroquinolones,0.0,J01M
2012,PL,Poland,Acinetobacter spp.,Fluoroquinolones,77.99043062,J01M
2012,PT,Portugal,Acinetobacter spp.,Fluoroquinolones,77.38095238,J01M
2012,RO,Romania,Acinetobacter spp.,Fluoroquinolones,88.88888888,J01M
2012,SI,Slovenia,Acinetobacter spp.,Fluoroquinolones,28.0,J01M
2012,UK,United Kingdom,Acinetobacter spp.,Fluoroquinolones,2.85714285,J01M
2013,AT,Austria,Acinetobacter spp.,Fluoroquinolones,21.56862745,J01M
2013,BE,Belgium,Acinetobacter spp.,Fluoroquinolones,,J01M
2013,BG,Bulgaria,Acinetobacter spp.,Fluoroquinolones,70.21276595,J01M
2013,CY,Cyprus,Acinetobacter spp.,Fluoroquinolones,60.6060606,J01M
2013,CZ,Czechia,Acinetobacter spp.,Fluoroquinolones,19.78021978,J01M
2013,DE,Germany,Acinetobacter spp.,Fluoroquinolones,9.71428571,J01M
2013,DK,Denmark,Acinetobacter spp.,Fluoroquinolones,6.32911392,J01M
2013,EL,Greece,Acinetobacter spp.,Fluoroquinolones,94.95073891,J01M
2013,ES,Spain,Acinetobacter spp.,Fluoroquinolones,72.36842105,J01M
2013,FI,Finland,Acinetobacter spp.,Fluoroquinolones,2.77777777,J01M
2013,FR,France,Acinetobacter spp.,Fluoroquinolones,13.60201511,J01M
2013,HR,Croatia,Acinetobacter spp.,Fluoroquinolones,92.85714285,J01M
2013,HU,Hungary,Acinetobacter spp.,Fluoroquinolones,73.51694915,J01M
2013,IE,Ireland,Acinetobacter spp.,Fluoroquinolones,1.13636363,J01M
2013,IT,Italy,Acinetobacter spp.,Fluoroquinolones,83.05084745,J01M
2013,LU,Luxembourg,Acinetobacter spp.,Fluoroquinolones,,J01M
2013,MT,Malta,Acinetobacter spp.,Fluoroquinolones,,J01M
2013,NL,Netherlands,Acinetobacter spp.,Fluoroquinolones,2.88461538,J01M
2013,NO,Norway,Acinetobacter spp.,Fluoroquinolones,0.0,J01M
2013,PL,Poland,Acinetobacter spp.,Fluoroquinolones,81.38297872,J01M
2013,PT,Portugal,Acinetobacter spp.,Fluoroquinolones,68.88888888,J01M
2013,RO,Romania,Acinetobacter spp.,Fluoroquinolones,90.5109489,J01M
2013,SE,Sweden,Acinetobacter spp.,Fluoroquinolones,5.4054054,J01M
2013,SI,Slovenia,Acinetobacter spp.,Fluoroquinolones,28.0,J01M
2013,SK,Slovakia,Acinetobacter spp.,Fluoroquinolones,58.51063829,J01M
2013,UK,United Kingdom,Acinetobacter spp.,Fluoroquinolones,3.63636363,J01M
2014,AT,Austria,Acinetobacter spp.,Fluoroquinolones,5.33333333,J01M
2014,BE,Belgium,Acinetobacter spp.,Fluoroquinolones,,J01M
2014,BG,Bulgaria,Acinetobacter spp.,Fluoroquinolones,73.91304347,J01M
2014,CY,Cyprus,Acinetobacter spp.,Fluoroquinolones,77.58620689,J01M
2014,CZ,Czechia,Acinetobacter spp.,Fluoroquinolones,15.25423728,J01M
2014,DE,Germany,Acinetobacter spp.,Fluoroquinolones,6.03015075,J01M
2014,DK,Denmark,Acinetobacter spp.,Fluoroquinolones,2.89855072,J01M
2014,EL,Greece,Acinetobacter spp.,Fluoroquinolones,95.2853598,J01M
2014,ES,Spain,Acinetobacter spp.,Fluoroquinolones,67.08860759,J01M
2014,FI,Finland,Acinetobacter spp.,Fluoroquinolones,6.4516129,J01M
2014,FR,France,Acinetobacter spp.,Fluoroquinolones,11.89873417,J01M
2014,HR,Croatia,Acinetobacter spp.,Fluoroquinolones,92.07317073,J01M
2014,HU,Hungary,Acinetobacter spp.,Fluoroquinolones,66.43990929,J01M
2014,IE,Ireland,Acinetobacter spp.,Fluoroquinolones,4.65116279,J01M
2014,IS,Iceland,Acinetobacter spp.,Fluoroquinolones,,J01M
2014,IT,Italy,Acinetobacter spp.,Fluoroquinolones,92.1108742,J01M
2014,LT,Lithuania,Acinetobacter spp.,Fluoroquinolones,84.84848484,J01M
2014,LU,Luxembourg,Acinetobacter spp.,Fluoroquinolones,,J01M
2014,LV,Latvia,Acinetobacter spp.,Fluoroquinolones,88.46153846,J01M
2014,MT,Malta,Acinetobacter spp.,Fluoroquinolones,,J01M
2014,NL,Netherlands,Acinetobacter spp.,Fluoroquinolones,4.30107526,J01M
2014,NO,Norway,Acinetobacter spp.,Fluoroquinolones,5.88235294,J01M
2014,PL,Poland,Acinetobacter spp.,Fluoroquinolones,82.7027027,J01M
2014,PT,Portugal,Acinetobacter spp.,Fluoroquinolones,52.65151515,J01M
2014,RO,Romania,Acinetobacter spp.,Fluoroquinolones,83.73983739,J01M
2014,SE,Sweden,Acinetobacter spp.,Fluoroquinolones,11.53846153,J01M
2014,SI,Slovenia,Acinetobacter spp.,Fluoroquinolones,41.17647058,J01M
2014,SK,Slovakia,Acinetobacter spp.,Fluoroquinolones,51.76470588,J01M
2014,UK,United Kingdom,Acinetobacter spp.,Fluoroquinolones,11.38211382,J01M
2015,AT,Austria,Acinetobacter spp.,Fluoroquinolones,16.39344262,J01M
2015,BE,Belgium,Acinetobacter spp.,Fluoroquinolones,0.0,J01M
2015,BG,Bulgaria,Acinetobacter spp.,Fluoroquinolones,78.62595419,J01M
2015,CY,Cyprus,Acinetobacter spp.,Fluoroquinolones,83.33333333,J01M
2015,CZ,Czechia,Acinetobacter spp.,Fluoroquinolones,18.33333333,J01M
2015,DE,Germany,Acinetobacter spp.,Fluoroquinolones,8.55457227,J01M
2015,DK,Denmark,Acinetobacter spp.,Fluoroquinolones,5.88235294,J01M
2015,EE,Estonia,Acinetobacter spp.,Fluoroquinolones,,J01M
2015,EL,Greece,Acinetobacter spp.,Fluoroquinolones,94.92600422,J01M
2015,ES,Spain,Acinetobacter spp.,Fluoroquinolones,64.21052631,J01M
2015,FI,Finland,Acinetobacter spp.,Fluoroquinolones,2.32558139,J01M
2015,FR,France,Acinetobacter spp.,Fluoroquinolones,13.48837209,J01M
2015,HR,Croatia,Acinetobacter spp.,Fluoroquinolones,92.34693877,J01M
2015,HU,Hungary,Acinetobacter spp.,Fluoroquinolones,68.10344827,J01M
2015,IE,Ireland,Acinetobacter spp.,Fluoroquinolones,4.8192771,J01M
2015,IS,Iceland,Acinetobacter spp.,Fluoroquinolones,,J01M
2015,IT,Italy,Acinetobacter spp.,Fluoroquinolones,81.62650602,J01M
2015,LT,Lithuania,Acinetobacter spp.,Fluoroquinolones,93.15068493,J01M
2015,LU,Luxembourg,Acinetobacter spp.,Fluoroquinolones,,J01M
2015,LV,Latvia,Acinetobacter spp.,Fluoroquinolones,78.33333333,J01M
2015,MT,Malta,Acinetobacter spp.,Fluoroquinolones,,J01M
2015,NL,Netherlands,Acinetobacter spp.,Fluoroquinolones,5.20833333,J01M
2015,NO,Norway,Acinetobacter spp.,Fluoroquinolones,9.375,J01M
2015,PL,Poland,Acinetobacter spp.,Fluoroquinolones,88.06584362,J01M
2015,PT,Portugal,Acinetobacter spp.,Fluoroquinolones,55.84415584,J01M
2015,RO,Romania,Acinetobacter spp.,Fluoroquinolones,82.53968253,J01M
2015,SE,Sweden,Acinetobacter spp.,Fluoroquinolones,3.84615384,J01M
2015,SI,Slovenia,Acinetobacter spp.,Fluoroquinolones,58.06451612,J01M
2015,SK,Slovakia,Acinetobacter spp.,Fluoroquinolones,51.94805194,J01M
2015,UK,United Kingdom,Acinetobacter spp.,Fluoroquinolones,7.1942446,J01M
2016,AT,Austria,Acinetobacter spp.,Fluoroquinolones,16.04938271,J01M
2016,BE,Belgium,Acinetobacter spp.,Fluoroquinolones,7.69230769,J01M
2016,BG,Bulgaria,Acinetobacter spp.,Fluoroquinolones,67.9245283,J01M
2016,CY,Cyprus,Acinetobacter spp.,Fluoroquinolones,71.42857142,J01M
2016,CZ,Czechia,Acinetobacter spp.,Fluoroquinolones,17.54385964,J01M
2016,DE,Germany,Acinetobacter spp.,Fluoroquinolones,5.65217391,J01M
2016,DK,Denmark,Acinetobacter spp.,Fluoroquinolones,2.77777777,J01M
2016,EE,Estonia,Acinetobacter spp.,Fluoroquinolones,,J01M
2016,EL,Greece,Acinetobacter spp.,Fluoroquinolones,94.89559164,J01M
2016,ES,Spain,Acinetobacter spp.,Fluoroquinolones,68.86792452,J01M
2016,FI,Finland,Acinetobacter spp.,Fluoroquinolones,0.0,J01M
2016,FR,France,Acinetobacter spp.,Fluoroquinolones,15.04424778,J01M
2016,HR,Croatia,Acinetobacter spp.,Fluoroquinolones,94.88636363,J01M
2016,HU,Hungary,Acinetobacter spp.,Fluoroquinolones,68.01007556,J01M
2016,IE,Ireland,Acinetobacter spp.,Fluoroquinolones,1.47058823,J01M
2016,IS,Iceland,Acinetobacter spp.,Fluoroquinolones,,J01M
2016,IT,Italy,Acinetobacter spp.,Fluoroquinolones,79.91391678,J01M
2016,LT,Lithuania,Acinetobacter spp.,Fluoroquinolones,87.35632183,J01M
2016,LU,Luxembourg,Acinetobacter spp.,Fluoroquinolones,,J01M
2016,LV,Latvia,Acinetobacter spp.,Fluoroquinolones,85.29411764,J01M
2016,MT,Malta,Acinetobacter spp.,Fluoroquinolones,,J01M
2016,NL,Netherlands,Acinetobacter spp.,Fluoroquinolones,2.23880597,J01M
2016,NO,Norway,Acinetobacter spp.,Fluoroquinolones,3.03030303,J01M
2016,PL,Poland,Acinetobacter spp.,Fluoroquinolones,82.95165394,J01M
2016,PT,Portugal,Acinetobacter spp.,Fluoroquinolones,50.48543689,J01M
2016,RO,Romania,Acinetobacter spp.,Fluoroquinolones,91.08280254,J01M
2016,SE,Sweden,Acinetobacter spp.,Fluoroquinolones,4.65116279,J01M
2016,SI,Slovenia,Acinetobacter spp.,Fluoroquinolones,55.0,J01M
2016,SK,Slovakia,Acinetobacter spp.,Fluoroquinolones,46.08695652,J01M
2016,UK,United Kingdom,Acinetobacter spp.,Fluoroquinolones,4.41426146,J01M
2017,AT,Austria,Acinetobacter spp.,Fluoroquinolones,9.45945945,J01M
2017,BE,Belgium,Acinetobacter spp.,Fluoroquinolones,10.76923076,J01M
2017,BG,Bulgaria,Acinetobacter spp.,Fluoroquinolones,95.65217391,J01M
2017,CY,Cyprus,Acinetobacter spp.,Fluoroquinolones,76.0,J01M
2017,CZ,Czechia,Acinetobacter spp.,Fluoroquinolones,20.0,J01M
2017,DE,Germany,Acinetobacter spp.,Fluoroquinolones,6.52985074,J01M
2017,DK,Denmark,Acinetobacter spp.,Fluoroquinolones,1.47058823,J01M
2017,EE,Estonia,Acinetobacter spp.,Fluoroquinolones,,J01M
2017,EL,Greece,Acinetobacter spp.,Fluoroquinolones,96.03773584,J01M
2017,ES,Spain,Acinetobacter spp.,Fluoroquinolones,68.47826086,J01M
2017,FI,Finland,Acinetobacter spp.,Fluoroquinolones,2.7027027,J01M
2017,FR,France,Acinetobacter spp.,Fluoroquinolones,12.26215644,J01M
2017,HR,Croatia,Acinetobacter spp.,Fluoroquinolones,98.03921568,J01M
2017,HU,Hungary,Acinetobacter spp.,Fluoroquinolones,67.04545454,J01M
2017,IE,Ireland,Acinetobacter spp.,Fluoroquinolones,7.57575757,J01M
2017,IS,Iceland,Acinetobacter spp.,Fluoroquinolones,,J01M
2017,IT,Italy,Acinetobacter spp.,Fluoroquinolones,79.22885572,J01M
2017,LT,Lithuania,Acinetobacter spp.,Fluoroquinolones,91.86046511,J01M
2017,LU,Luxembourg,Acinetobacter spp.,Fluoroquinolones,,J01M
2017,LV,Latvia,Acinetobacter spp.,Fluoroquinolones,81.81818181,J01M
2017,MT,Malta,Acinetobacter spp.,Fluoroquinolones,,J01M
2017,NL,Netherlands,Acinetobacter spp.,Fluoroquinolones,3.03030303,J01M
2017,NO,Norway,Acinetobacter spp.,Fluoroquinolones,0.0,J01M
2017,PL,Poland,Acinetobacter spp.,Fluoroquinolones,83.04597701,J01M
2017,PT,Portugal,Acinetobacter spp.,Fluoroquinolones,38.37209302,J01M
2017,RO,Romania,Acinetobacter spp.,Fluoroquinolones,89.07103825,J01M
2017,SE,Sweden,Acinetobacter spp.,Fluoroquinolones,0.0,J01M
2017,SI,Slovenia,Acinetobacter spp.,Fluoroquinolones,47.22222222,J01M
2017,SK,Slovakia,Acinetobacter spp.,Fluoroquinolones,52.38095238,J01M
2017,UK,United Kingdom,Acinetobacter spp.,Fluoroquinolones,6.30517023,J01M
2018,AT,Austria,Acinetobacter spp.,Fluoroquinolones,7.69230769,J01M
2018,BE,Belgium,Acinetobacter spp.,Fluoroquinolones,12.68656716,J01M
2018,BG,Bulgaria,Acinetobacter spp.,Fluoroquinolones,78.18181818,J01M
2018,CY,Cyprus,Acinetobacter spp.,Fluoroquinolones,89.09090909,J01M
2018,CZ,Czechia,Acinetobacter spp.,Fluoroquinolones,24.17582417,J01M
2018,DE,Germany,Acinetobacter spp.,Fluoroquinolones,6.73076923,J01M
2018,DK,Denmark,Acinetobacter spp.,Fluoroquinolones,9.09090909,J01M
2018,EE,Estonia,Acinetobacter spp.,Fluoroquinolones,,J01M
2018,EL,Greece,Acinetobacter spp.,Fluoroquinolones,93.48697394,J01M
2018,ES,Spain,Acinetobacter spp.,Fluoroquinolones,56.79012345,J01M
2018,FI,Finland,Acinetobacter spp.,Fluoroquinolones,0.0,J01M
2018,FR,France,Acinetobacter spp.,Fluoroquinolones,12.01629327,J01M
2018,HR,Croatia,Acinetobacter spp.,Fluoroquinolones,96.12903225,J01M
2018,HU,Hungary,Acinetobacter spp.,Fluoroquinolones,66.01123595,J01M
2018,IE,Ireland,Acinetobacter spp.,Fluoroquinolones,0.0,J01M
2018,IS,Iceland,Acinetobacter spp.,Fluoroquinolones,,J01M
2018,IT,Italy,Acinetobacter spp.,Fluoroquinolones,81.14035087,J01M
2018,LT,Lithuania,Acinetobacter spp.,Fluoroquinolones,90.9090909,J01M
2018,LU,Luxembourg,Acinetobacter spp.,Fluoroquinolones,,J01M
2018,LV,Latvia,Acinetobacter spp.,Fluoroquinolones,80.85106382,J01M
2018,MT,Malta,Acinetobacter spp.,Fluoroquinolones,,J01M
2018,NL,Netherlands,Acinetobacter spp.,Fluoroquinolones,7.38255033,J01M
2018,NO,Norway,Acinetobacter spp.,Fluoroquinolones,0.0,J01M
2018,PL,Poland,Acinetobacter spp.,Fluoroquinolones,86.9402985,J01M
2018,PT,Portugal,Acinetobacter spp.,Fluoroquinolones,34.14634146,J01M
2018,RO,Romania,Acinetobacter spp.,Fluoroquinolones,88.07339449,J01M
2018,SE,Sweden,Acinetobacter spp.,Fluoroquinolones,7.27272727,J01M
2018,SI,Slovenia,Acinetobacter spp.,Fluoroquinolones,28.2051282,J01M
2018,SK,Slovakia,Acinetobacter spp.,Fluoroquinolones,56.02836879,J01M
2018,UK,United Kingdom,Acinetobacter spp.,Fluoroquinolones,2.91666666,J01M
2019,AT,Austria,Acinetobacter spp.,Fluoroquinolones,9.75609756,J01M
2019,BE,Belgium,Acinetobacter spp.,Fluoroquinolones,8.60215053,J01M
2019,BG,Bulgaria,Acinetobacter spp.,Fluoroquinolones,74.24242424,J01M
2019,CY,Cyprus,Acinetobacter spp.,Fluoroquinolones,90.625,J01M
2019,CZ,Czechia,Acinetobacter spp.,Fluoroquinolones,32.63157894,J01M
2019,DE,Germany,Acinetobacter spp.,Fluoroquinolones,4.96613995,J01M
2019,DK,Denmark,Acinetobacter spp.,Fluoroquinolones,6.94444444,J01M
2019,EE,Estonia,Acinetobacter spp.,Fluoroquinolones,,J01M
2019,EL,Greece,Acinetobacter spp.,Fluoroquinolones,95.76719576,J01M
2019,ES,Spain,Acinetobacter spp.,Fluoroquinolones,54.87804878,J01M
2019,FI,Finland,Acinetobacter spp.,Fluoroquinolones,0.0,J01M
2019,FR,France,Acinetobacter spp.,Fluoroquinolones,13.3056133,J01M
2019,HR,Croatia,Acinetobacter spp.,Fluoroquinolones,93.66197183,J01M
2019,HU,Hungary,Acinetobacter spp.,Fluoroquinolones,63.34951456,J01M
2019,IE,Ireland,Acinetobacter spp.,Fluoroquinolones,7.8125,J01M
2019,IS,Iceland,Acinetobacter spp.,Fluoroquinolones,,J01M
2019,IT,Italy,Acinetobacter spp.,Fluoroquinolones,82.45721271,J01M
2019,LT,Lithuania,Acinetobacter spp.,Fluoroquinolones,91.66666666,J01M
2019,LU,Luxembourg,Acinetobacter spp.,Fluoroquinolones,,J01M
2019,LV,Latvia,Acinetobacter spp.,Fluoroquinolones,83.33333333,J01M
2019,MT,Malta,Acinetobacter spp.,Fluoroquinolones,,J01M
2019,NL,Netherlands,Acinetobacter spp.,Fluoroquinolones,7.87401574,J01M
2019,NO,Norway,Acinetobacter spp.,Fluoroquinolones,0.0,J01M
2019,PL,Poland,Acinetobacter spp.,Fluoroquinolones,85.52631578,J01M
2019,PT,Portugal,Acinetobacter spp.,Fluoroquinolones,26.13636363,J01M
2019,RO,Romania,Acinetobacter spp.,Fluoroquinolones,91.22137404,J01M
2019,SE,Sweden,Acinetobacter spp.,Fluoroquinolones,7.96460176,J01M
2019,SI,Slovenia,Acinetobacter spp.,Fluoroquinolones,27.5,J01M
2019,SK,Slovakia,Acinetobacter spp.,Fluoroquinolones,61.70212765,J01M
2019,UK,United Kingdom,Acinetobacter spp.,Fluoroquinolones,7.07213578,J01M
2020,AT,Austria,Acinetobacter spp.,Fluoroquinolones,10.14492753,J01M
2020,BE,Belgium,Acinetobacter spp.,Fluoroquinolones,15.60283687,J01M
2020,BG,Bulgaria,Acinetobacter spp.,Fluoroquinolones,82.94573643,J01M
2020,CY,Cyprus,Acinetobacter spp.,Fluoroquinolones,82.75862068,J01M
2020,CZ,Czechia,Acinetobacter spp.,Fluoroquinolones,35.36585365,J01M
2020,DE,Germany,Acinetobacter spp.,Fluoroquinolones,4.84949832,J01M
2020,DK,Denmark,Acinetobacter spp.,Fluoroquinolones,13.84615384,J01M
2020,EE,Estonia,Acinetobacter spp.,Fluoroquinolones,,J01M
2020,EL,Greece,Acinetobacter spp.,Fluoroquinolones,95.74759945,J01M
2020,ES,Spain,Acinetobacter spp.,Fluoroquinolones,61.95652173,J01M
2020,FI,Finland,Acinetobacter spp.,Fluoroquinolones,8.33333333,J01M
2020,FR,France,Acinetobacter spp.,Fluoroquinolones,9.03522205,J01M
2020,HR,Croatia,Acinetobacter spp.,Fluoroquinolones,98.21428571,J01M
2020,HU,Hungary,Acinetobacter spp.,Fluoroquinolones,76.98113207,J01M
2020,IE,Ireland,Acinetobacter spp.,Fluoroquinolones,7.31707317,J01M
2020,IS,Iceland,Acinetobacter spp.,Fluoroquinolones,,J01M
2020,IT,Italy,Acinetobacter spp.,Fluoroquinolones,83.42585249,J01M
2020,LT,Lithuania,Acinetobacter spp.,Fluoroquinolones,92.85714285,J01M
2020,LU,Luxembourg,Acinetobacter spp.,Fluoroquinolones,,J01M
2020,LV,Latvia,Acinetobacter spp.,Fluoroquinolones,86.0,J01M
2020,MT,Malta,Acinetobacter spp.,Fluoroquinolones,,J01M
2020,NL,Netherlands,Acinetobacter spp.,Fluoroquinolones,4.08163265,J01M
2020,NO,Norway,Acinetobacter spp.,Fluoroquinolones,0.0,J01M
2020,PL,Poland,Acinetobacter spp.,Fluoroquinolones,88.25136612,J01M
2020,PT,Portugal,Acinetobacter spp.,Fluoroquinolones,17.82178217,J01M
2020,RO,Romania,Acinetobacter spp.,Fluoroquinolones,95.28619528,J01M
2020,SE,Sweden,Acinetobacter spp.,Fluoroquinolones,7.14285714,J01M
2020,SI,Slovenia,Acinetobacter spp.,Fluoroquinolones,27.77777777,J01M
2020,SK,Slovakia,Acinetobacter spp.,Fluoroquinolones,38.94736842,J01M
2021,AT,Austria,Acinetobacter spp.,Fluoroquinolones,13.75,J01M
2021,BE,Belgium,Acinetobacter spp.,Fluoroquinolones,12.32876712,J01M
2021,BG,Bulgaria,Acinetobacter spp.,Fluoroquinolones,80.18433179,J01M
2021,CY,Cyprus,Acinetobacter spp.,Fluoroquinolones,91.66666666,J01M
2021,CZ,Czechia,Acinetobacter spp.,Fluoroquinolones,53.27868852,J01M
2021,DE,Germany,Acinetobacter spp.,Fluoroquinolones,5.63847429,J01M
2021,DK,Denmark,Acinetobacter spp.,Fluoroquinolones,15.53398058,J01M
2021,EE,Estonia,Acinetobacter spp.,Fluoroquinolones,,J01M
2021,EL,Greece,Acinetobacter spp.,Fluoroquinolones,97.15536105,J01M
2021,ES,Spain,Acinetobacter spp.,Fluoroquinolones,58.06451612,J01M
2021,FI,Finland,Acinetobacter spp.,Fluoroquinolones,2.12765957,J01M
2021,FR,France,Acinetobacter spp.,Fluoroquinolones,7.14285714,J01M
2021,HR,Croatia,Acinetobacter spp.,Fluoroquinolones,99.75308641,J01M
2021,HU,Hungary,Acinetobacter spp.,Fluoroquinolones,85.56557945,J01M
2021,IE,Ireland,Acinetobacter spp.,Fluoroquinolones,3.33333333,J01M
2021,IS,Iceland,Acinetobacter spp.,Fluoroquinolones,,J01M
2021,IT,Italy,Acinetobacter spp.,Fluoroquinolones,89.287888,J01M
2021,LT,Lithuania,Acinetobacter spp.,Fluoroquinolones,96.67590027,J01M
2021,LU,Luxembourg,Acinetobacter spp.,Fluoroquinolones,,J01M
2021,LV,Latvia,Acinetobacter spp.,Fluoroquinolones,86.66666666,J01M
2021,MT,Malta,Acinetobacter spp.,Fluoroquinolones,,J01M
2021,NL,Netherlands,Acinetobacter spp.,Fluoroquinolones,3.76344086,J01M
2021,NO,Norway,Acinetobacter spp.,Fluoroquinolones,4.76190476,J01M
2021,PL,Poland,Acinetobacter spp.,Fluoroquinolones,92.64705882,J01M
2021,PT,Portugal,Acinetobacter spp.,Fluoroquinolones,17.74193548,J01M
2021,RO,Romania,Acinetobacter spp.,Fluoroquinolones,94.54545454,J01M
2021,SE,Sweden,Acinetobacter spp.,Fluoroquinolones,1.45985401,J01M
2021,SI,Slovenia,Acinetobacter spp.,Fluoroquinolones,73.38709677,J01M
2021,SK,Slovakia,Acinetobacter spp.,Fluoroquinolones,68.24324324,J01M
2022,AT,Austria,Acinetobacter spp.,Fluoroquinolones,1.06382978,J01M
2022,BE,Belgium,Acinetobacter spp.,Fluoroquinolones,8.33333333,J01M
2022,BG,Bulgaria,Acinetobacter spp.,Fluoroquinolones,80.625,J01M
2022,CY,Cyprus,Acinetobacter spp.,Fluoroquinolones,95.54455445,J01M
2022,CZ,Czechia,Acinetobacter spp.,Fluoroquinolones,41.17647058,J01M
2022,DE,Germany,Acinetobacter spp.,Fluoroquinolones,5.04648074,J01M
2022,DK,Denmark,Acinetobacter spp.,Fluoroquinolones,16.66666666,J01M
2022,EE,Estonia,Acinetobacter spp.,Fluoroquinolones,,J01M
2022,EL,Greece,Acinetobacter spp.,Fluoroquinolones,96.46365422,J01M
2022,ES,Spain,Acinetobacter spp.,Fluoroquinolones,39.13043478,J01M
2022,FI,Finland,Acinetobacter spp.,Fluoroquinolones,3.57142857,J01M
2022,FR,France,Acinetobacter spp.,Fluoroquinolones,6.44753476,J01M
2022,HR,Croatia,Acinetobacter spp.,Fluoroquinolones,98.61591695,J01M
2022,HU,Hungary,Acinetobacter spp.,Fluoroquinolones,63.81818181,J01M
2022,IE,Ireland,Acinetobacter spp.,Fluoroquinolones,1.53846153,J01M
2022,IS,Iceland,Acinetobacter spp.,Fluoroquinolones,,J01M
2022,IT,Italy,Acinetobacter spp.,Fluoroquinolones,89.14976876,J01M
2022,LT,Lithuania,Acinetobacter spp.,Fluoroquinolones,89.20863309,J01M
2022,LU,Luxembourg,Acinetobacter spp.,Fluoroquinolones,,J01M
2022,LV,Latvia,Acinetobacter spp.,Fluoroquinolones,78.33333333,J01M
2022,MT,Malta,Acinetobacter spp.,Fluoroquinolones,,J01M
2022,NL,Netherlands,Acinetobacter spp.,Fluoroquinolones,3.03030303,J01M
2022,NO,Norway,Acinetobacter spp.,Fluoroquinolones,0.0,J01M
2022,PL,Poland,Acinetobacter spp.,Fluoroquinolones,84.29203539,J01M
2022,PT,Portugal,Acinetobacter spp.,Fluoroquinolones,32.5203252,J01M
2022,RO,Romania,Acinetobacter spp.,Fluoroquinolones,91.11111111,J01M
2022,SE,Sweden,Acinetobacter spp.,Fluoroquinolones,2.01342281,J01M
2022,SI,Slovenia,Acinetobacter spp.,Fluoroquinolones,46.66666666,J01M
2022,SK,Slovakia,Acinetobacter spp.,Fluoroquinolones,65.16129032,J01M
2023,AT,Austria,Acinetobacter spp.,Fluoroquinolones,5.74712643,J01M
2023,BE,Belgium,Acinetobacter spp.,Fluoroquinolones,8.67346938,J01M
2023,BG,Bulgaria,Acinetobacter spp.,Fluoroquinolones,90.71038251,J01M
2023,CY,Cyprus,Acinetobacter spp.,Fluoroquinolones,86.66666666,J01M
2023,CZ,Czechia,Acinetobacter spp.,Fluoroquinolones,38.46153846,J01M
2023,DE,Germany,Acinetobacter spp.,Fluoroquinolones,4.45486518,J01M
2023,DK,Denmark,Acinetobacter spp.,Fluoroquinolones,8.98876404,J01M
2023,EE,Estonia,Acinetobacter spp.,Fluoroquinolones,,J01M
2023,EL,Greece,Acinetobacter spp.,Fluoroquinolones,95.08301404,J01M
2023,ES,Spain,Acinetobacter spp.,Fluoroquinolones,43.03797468,J01M
2023,FI,Finland,Acinetobacter spp.,Fluoroquinolones,0.0,J01M
2023,HR,Croatia,Acinetobacter spp.,Fluoroquinolones,96.56488549,J01M
2023,HU,Hungary,Acinetobacter spp.,Fluoroquinolones,48.95104895,J01M
2023,IE,Ireland,Acinetobacter spp.,Fluoroquinolones,1.61290322,J01M
2023,IS,Iceland,Acinetobacter spp.,Fluoroquinolones,,J01M
2023,IT,Italy,Acinetobacter spp.,Fluoroquinolones,76.93066053,J01M
2023,LT,Lithuania,Acinetobacter spp.,Fluoroquinolones,92.43697478,J01M
2023,LU,Luxembourg,Acinetobacter spp.,Fluoroquinolones,,J01M
2023,LV,Latvia,Acinetobacter spp.,Fluoroquinolones,83.67346938,J01M
2023,MT,Malta,Acinetobacter spp.,Fluoroquinolones,4.76190476,J01M
2023,NL,Netherlands,Acinetobacter spp.,Fluoroquinolones,5.21327014,J01M
2023,NO,Norway,Acinetobacter spp.,Fluoroquinolones,0.0,J01M
2023,PL,Poland,Acinetobacter spp.,Fluoroquinolones,85.71428571,J01M
2023,PT,Portugal,Acinetobacter spp.,Fluoroquinolones,46.15384615,J01M
2023,RO,Romania,Acinetobacter spp.,Fluoroquinolones,87.72455089,J01M
2023,SE,Sweden,Acinetobacter spp.,Fluoroquinolones,2.56410256,J01M
2023,SI,Slovenia,Acinetobacter spp.,Fluoroquinolones,25.0,J01M
2023,SK,Slovakia,Acinetobacter spp.,Fluoroquinolones,48.68421052,J01M
2024,AT,Austria,Acinetobacter spp.,Fluoroquinolones,1.2345679,J01M
2024,BE,Belgium,Acinetobacter spp.,Fluoroquinolones,6.19469026,J01M
2024,BG,Bulgaria,Acinetobacter spp.,Fluoroquinolones,91.9047619,J01M
2024,CY,Cyprus,Acinetobacter spp.,Fluoroquinolones,84.92063492,J01M
2024,CZ,Czechia,Acinetobacter spp.,Fluoroquinolones,27.45098039,J01M
2024,DE,Germany,Acinetobacter spp.,Fluoroquinolones,4.01119402,J01M
2024,DK,Denmark,Acinetobacter spp.,Fluoroquinolones,10.1010101,J01M
2024,EE,Estonia,Acinetobacter spp.,Fluoroquinolones,,J01M
2024,EL,Greece,Acinetobacter spp.,Fluoroquinolones,95.15331355,J01M
2024,ES,Spain,Acinetobacter spp.,Fluoroquinolones,24.28571428,J01M
2024,FI,Finland,Acinetobacter spp.,Fluoroquinolones,0.0,J01M
2024,FR,France,Acinetobacter spp.,Fluoroquinolones,5.69514237,J01M
2024,HR,Croatia,Acinetobacter spp.,Fluoroquinolones,93.45794392,J01M
2024,HU,Hungary,Acinetobacter spp.,Fluoroquinolones,50.4,J01M
2024,IE,Ireland,Acinetobacter spp.,Fluoroquinolones,5.88235294,J01M
2024,IS,Iceland,Acinetobacter spp.,Fluoroquinolones,,J01M
2024,IT,Italy,Acinetobacter spp.,Fluoroquinolones,75.10809141,J01M
2024,LT,Lithuania,Acinetobacter spp.,Fluoroquinolones,80.55555555,J01M
2024,LU,Luxembourg,Acinetobacter spp.,Fluoroquinolones,,J01M
2024,LV,Latvia,Acinetobacter spp.,Fluoroquinolones,70.49180327,J01M
2024,MT,Malta,Acinetobacter spp.,Fluoroquinolones,,J01M
2024,NL,Netherlands,Acinetobacter spp.,Fluoroquinolones,4.65116279,J01M
2024,NO,Norway,Acinetobacter spp.,Fluoroquinolones,1.63934426,J01M
2024,PL,Poland,Acinetobacter spp.,Fluoroquinolones,80.64516129,J01M
2024,PT,Portugal,Acinetobacter spp.,Fluoroquinolones,24.84076433,J01M
2024,RO,Romania,Acinetobacter spp.,Fluoroquinolones,93.57798165,J01M
2024,SE,Sweden,Acinetobacter spp.,Fluoroquinolones,2.28571428,J01M
2024,SI,Slovenia,Acinetobacter spp.,Fluoroquinolones,10.0,J01M
2024,SK,Slovakia,Acinetobacter spp.,Fluoroquinolones,39.36170212,J01M
2000,DE,Germany,Escherichia coli,Aminoglycosides,6.66666666,J01G
2000,EE,Estonia,Escherichia coli,Aminoglycosides,,J01G
2000,EL,Greece,Escherichia coli,Aminoglycosides,4.46927374,J01G
2000,NL,Netherlands,Escherichia coli,Aminoglycosides,2.01288244,J01G
2000,NO,Norway,Escherichia coli,Aminoglycosides,0.98591549,J01G
2001,AT,Austria,Escherichia coli,Aminoglycosides,1.53846153,J01G
2001,BE,Belgium,Escherichia coli,Aminoglycosides,4.25531914,J01G
2001,BG,Bulgaria,Escherichia coli,Aminoglycosides,15.78947368,J01G
2001,CZ,Czechia,Escherichia coli,Aminoglycosides,5.44217687,J01G
2001,DE,Germany,Escherichia coli,Aminoglycosides,4.94023904,J01G
2001,EE,Estonia,Escherichia coli,Aminoglycosides,7.84313725,J01G
2001,EL,Greece,Escherichia coli,Aminoglycosides,4.74516695,J01G
2001,ES,Spain,Escherichia coli,Aminoglycosides,6.82779456,J01G
2001,FI,Finland,Escherichia coli,Aminoglycosides,0.08920606,J01G
2001,HR,Croatia,Escherichia coli,Aminoglycosides,6.04395604,J01G
2001,HU,Hungary,Escherichia coli,Aminoglycosides,3.68852459,J01G
2001,IS,Iceland,Escherichia coli,Aminoglycosides,3.52941176,J01G
2001,LU,Luxembourg,Escherichia coli,Aminoglycosides,4.66321243,J01G
2001,MT,Malta,Escherichia coli,Aminoglycosides,10.76923076,J01G
2001,NL,Netherlands,Escherichia coli,Aminoglycosides,2.23463687,J01G
2001,NO,Norway,Escherichia coli,Aminoglycosides,0.75662042,J01G
2001,PL,Poland,Escherichia coli,Aminoglycosides,5.0,J01G
2001,PT,Portugal,Escherichia coli,Aminoglycosides,5.98086124,J01G
2001,SE,Sweden,Escherichia coli,Aminoglycosides,0.88781275,J01G
2001,SI,Slovenia,Escherichia coli,Aminoglycosides,2.01005025,J01G
2001,SK,Slovakia,Escherichia coli,Aminoglycosides,2.22222222,J01G
2001,UK,United Kingdom,Escherichia coli,Aminoglycosides,2.7306273,J01G
2002,AT,Austria,Escherichia coli,Aminoglycosides,3.57894736,J01G
2002,BE,Belgium,Escherichia coli,Aminoglycosides,5.67375886,J01G
2002,BG,Bulgaria,Escherichia coli,Aminoglycosides,16.66666666,J01G
2002,CZ,Czechia,Escherichia coli,Aminoglycosides,5.92312539,J01G
2002,DE,Germany,Escherichia coli,Aminoglycosides,5.07042253,J01G
2002,EE,Estonia,Escherichia coli,Aminoglycosides,10.44776119,J01G
2002,EL,Greece,Escherichia coli,Aminoglycosides,6.32911392,J01G
2002,ES,Spain,Escherichia coli,Aminoglycosides,7.51515151,J01G
2002,FI,Finland,Escherichia coli,Aminoglycosides,0.83752093,J01G
2002,FR,France,Escherichia coli,Aminoglycosides,4.24849699,J01G
2002,HR,Croatia,Escherichia coli,Aminoglycosides,6.73469387,J01G
2002,HU,Hungary,Escherichia coli,Aminoglycosides,6.06936416,J01G
2002,IE,Ireland,Escherichia coli,Aminoglycosides,2.47933884,J01G
2002,IS,Iceland,Escherichia coli,Aminoglycosides,1.21951219,J01G
2002,IT,Italy,Escherichia coli,Aminoglycosides,5.89198036,J01G
2002,LU,Luxembourg,Escherichia coli,Aminoglycosides,3.626943,J01G
2002,MT,Malta,Escherichia coli,Aminoglycosides,6.75675675,J01G
2002,NL,Netherlands,Escherichia coli,Aminoglycosides,2.36586396,J01G
2002,NO,Norway,Escherichia coli,Aminoglycosides,0.7070707,J01G
2002,PL,Poland,Escherichia coli,Aminoglycosides,10.52631578,J01G
2002,PT,Portugal,Escherichia coli,Aminoglycosides,8.78378378,J01G
2002,RO,Romania,Escherichia coli,Aminoglycosides,16.0,J01G
2002,SE,Sweden,Escherichia coli,Aminoglycosides,0.44275774,J01G
2002,SI,Slovenia,Escherichia coli,Aminoglycosides,3.42298288,J01G
2002,SK,Slovakia,Escherichia coli,Aminoglycosides,3.25581395,J01G
2002,UK,United Kingdom,Escherichia coli,Aminoglycosides,3.35781741,J01G
2003,AT,Austria,Escherichia coli,Aminoglycosides,4.68431771,J01G
2003,BE,Belgium,Escherichia coli,Aminoglycosides,4.66605672,J01G
2003,BG,Bulgaria,Escherichia coli,Aminoglycosides,22.15189873,J01G
2003,CY,Cyprus,Escherichia coli,Aminoglycosides,,J01G
2003,CZ,Czechia,Escherichia coli,Aminoglycosides,5.32577903,J01G
2003,DE,Germany,Escherichia coli,Aminoglycosides,5.25252525,J01G
2003,EE,Estonia,Escherichia coli,Aminoglycosides,3.06122448,J01G
2003,EL,Greece,Escherichia coli,Aminoglycosides,5.50284629,J01G
2003,ES,Spain,Escherichia coli,Aminoglycosides,7.27548313,J01G
2003,FI,Finland,Escherichia coli,Aminoglycosides,1.23152709,J01G
2003,FR,France,Escherichia coli,Aminoglycosides,5.1214128,J01G
2003,HR,Croatia,Escherichia coli,Aminoglycosides,7.19298245,J01G
2003,HU,Hungary,Escherichia coli,Aminoglycosides,7.74731823,J01G
2003,IE,Ireland,Escherichia coli,Aminoglycosides,3.71900826,J01G
2003,IS,Iceland,Escherichia coli,Aminoglycosides,2.04081632,J01G
2003,IT,Italy,Escherichia coli,Aminoglycosides,9.85915492,J01G
2003,LU,Luxembourg,Escherichia coli,Aminoglycosides,3.52422907,J01G
2003,MT,Malta,Escherichia coli,Aminoglycosides,17.58241758,J01G
2003,NL,Netherlands,Escherichia coli,Aminoglycosides,2.95378751,J01G
2003,NO,Norway,Escherichia coli,Aminoglycosides,0.44642857,J01G
2003,PL,Poland,Escherichia coli,Aminoglycosides,8.94308943,J01G
2003,PT,Portugal,Escherichia coli,Aminoglycosides,9.34343434,J01G
2003,RO,Romania,Escherichia coli,Aminoglycosides,20.83333333,J01G
2003,SE,Sweden,Escherichia coli,Aminoglycosides,1.02873359,J01G
2003,SI,Slovenia,Escherichia coli,Aminoglycosides,2.24438902,J01G
2003,SK,Slovakia,Escherichia coli,Aminoglycosides,5.90717299,J01G
2003,UK,United Kingdom,Escherichia coli,Aminoglycosides,4.32801822,J01G
2004,AT,Austria,Escherichia coli,Aminoglycosides,5.50708833,J01G
2004,BE,Belgium,Escherichia coli,Aminoglycosides,4.53821656,J01G
2004,BG,Bulgaria,Escherichia coli,Aminoglycosides,20.625,J01G
2004,CY,Cyprus,Escherichia coli,Aminoglycosides,10.86956521,J01G
2004,CZ,Czechia,Escherichia coli,Aminoglycosides,4.98474059,J01G
2004,DE,Germany,Escherichia coli,Aminoglycosides,4.28336079,J01G
2004,EE,Estonia,Escherichia coli,Aminoglycosides,1.80722891,J01G
2004,EL,Greece,Escherichia coli,Aminoglycosides,5.76241134,J01G
2004,ES,Spain,Escherichia coli,Aminoglycosides,7.421311,J01G
2004,FI,Finland,Escherichia coli,Aminoglycosides,2.25140712,J01G
2004,FR,France,Escherichia coli,Aminoglycosides,4.28969359,J01G
2004,HR,Croatia,Escherichia coli,Aminoglycosides,5.79439252,J01G
2004,HU,Hungary,Escherichia coli,Aminoglycosides,9.52380952,J01G
2004,IE,Ireland,Escherichia coli,Aminoglycosides,5.27182866,J01G
2004,IS,Iceland,Escherichia coli,Aminoglycosides,0.84745762,J01G
2004,IT,Italy,Escherichia coli,Aminoglycosides,8.73634945,J01G
2004,LU,Luxembourg,Escherichia coli,Aminoglycosides,3.7037037,J01G
2004,MT,Malta,Escherichia coli,Aminoglycosides,19.78021978,J01G
2004,NL,Netherlands,Escherichia coli,Aminoglycosides,3.18930041,J01G
2004,NO,Norway,Escherichia coli,Aminoglycosides,0.84104289,J01G
2004,PL,Poland,Escherichia coli,Aminoglycosides,5.23560209,J01G
2004,PT,Portugal,Escherichia coli,Aminoglycosides,12.77997364,J01G
2004,RO,Romania,Escherichia coli,Aminoglycosides,27.27272727,J01G
2004,SE,Sweden,Escherichia coli,Aminoglycosides,1.17682558,J01G
2004,SI,Slovenia,Escherichia coli,Aminoglycosides,4.36300174,J01G
2004,SK,Slovakia,Escherichia coli,Aminoglycosides,12.14285714,J01G
2004,UK,United Kingdom,Escherichia coli,Aminoglycosides,6.14609571,J01G
2005,AT,Austria,Escherichia coli,Aminoglycosides,5.41992187,J01G
2005,BE,Belgium,Escherichia coli,Aminoglycosides,4.16012558,J01G
2005,BG,Bulgaria,Escherichia coli,Aminoglycosides,22.87234042,J01G
2005,CY,Cyprus,Escherichia coli,Aminoglycosides,12.0,J01G
2005,CZ,Czechia,Escherichia coli,Aminoglycosides,6.22202327,J01G
2005,DE,Germany,Escherichia coli,Aminoglycosides,5.94369134,J01G
2005,DK,Denmark,Escherichia coli,Aminoglycosides,1.94855806,J01G
2005,EE,Estonia,Escherichia coli,Aminoglycosides,3.89610389,J01G
2005,EL,Greece,Escherichia coli,Aminoglycosides,6.76031606,J01G
2005,ES,Spain,Escherichia coli,Aminoglycosides,9.82948846,J01G
2005,FI,Finland,Escherichia coli,Aminoglycosides,2.04545454,J01G
2005,FR,France,Escherichia coli,Aminoglycosides,4.77212681,J01G
2005,HR,Croatia,Escherichia coli,Aminoglycosides,4.23861852,J01G
2005,HU,Hungary,Escherichia coli,Aminoglycosides,8.95091434,J01G
2005,IE,Ireland,Escherichia coli,Aminoglycosides,7.45209368,J01G
2005,IS,Iceland,Escherichia coli,Aminoglycosides,0.76923076,J01G
2005,IT,Italy,Escherichia coli,Aminoglycosides,11.3865932,J01G
2005,LU,Luxembourg,Escherichia coli,Aminoglycosides,7.44680851,J01G
2005,MT,Malta,Escherichia coli,Aminoglycosides,7.05882352,J01G
2005,NL,Netherlands,Escherichia coli,Aminoglycosides,3.73917008,J01G
2005,NO,Norway,Escherichia coli,Aminoglycosides,1.73062452,J01G
2005,PL,Poland,Escherichia coli,Aminoglycosides,7.42857142,J01G
2005,PT,Portugal,Escherichia coli,Aminoglycosides,12.47863247,J01G
2005,RO,Romania,Escherichia coli,Aminoglycosides,14.81481481,J01G
2005,SE,Sweden,Escherichia coli,Aminoglycosides,1.34796238,J01G
2005,SI,Slovenia,Escherichia coli,Aminoglycosides,3.80517503,J01G
2005,SK,Slovakia,Escherichia coli,Aminoglycosides,10.30927835,J01G
2005,UK,United Kingdom,Escherichia coli,Aminoglycosides,8.28460038,J01G
2006,AT,Austria,Escherichia coli,Aminoglycosides,7.60517799,J01G
2006,BE,Belgium,Escherichia coli,Aminoglycosides,5.84532374,J01G
2006,BG,Bulgaria,Escherichia coli,Aminoglycosides,28.19148936,J01G
2006,CY,Cyprus,Escherichia coli,Aminoglycosides,7.77777777,J01G
2006,CZ,Czechia,Escherichia coli,Aminoglycosides,6.17742684,J01G
2006,DE,Germany,Escherichia coli,Aminoglycosides,9.88235294,J01G
2006,DK,Denmark,Escherichia coli,Aminoglycosides,2.94009555,J01G
2006,EE,Estonia,Escherichia coli,Aminoglycosides,2.34741784,J01G
2006,EL,Greece,Escherichia coli,Aminoglycosides,6.8855084,J01G
2006,ES,Spain,Escherichia coli,Aminoglycosides,9.19369235,J01G
2006,FI,Finland,Escherichia coli,Aminoglycosides,2.17391304,J01G
2006,FR,France,Escherichia coli,Aminoglycosides,5.95947556,J01G
2006,HR,Croatia,Escherichia coli,Aminoglycosides,5.92020592,J01G
2006,HU,Hungary,Escherichia coli,Aminoglycosides,12.17777777,J01G
2006,IE,Ireland,Escherichia coli,Aminoglycosides,6.98957694,J01G
2006,IS,Iceland,Escherichia coli,Aminoglycosides,6.92307692,J01G
2006,IT,Italy,Escherichia coli,Aminoglycosides,7.50293083,J01G
2006,LT,Lithuania,Escherichia coli,Aminoglycosides,14.61988304,J01G
2006,LU,Luxembourg,Escherichia coli,Aminoglycosides,5.98802395,J01G
2006,LV,Latvia,Escherichia coli,Aminoglycosides,4.83870967,J01G
2006,MT,Malta,Escherichia coli,Aminoglycosides,14.89361702,J01G
2006,NL,Netherlands,Escherichia coli,Aminoglycosides,3.48837209,J01G
2006,NO,Norway,Escherichia coli,Aminoglycosides,1.91082802,J01G
2006,PL,Poland,Escherichia coli,Aminoglycosides,10.73170731,J01G
2006,PT,Portugal,Escherichia coli,Aminoglycosides,12.03007518,J01G
2006,RO,Romania,Escherichia coli,Aminoglycosides,40.0,J01G
2006,SE,Sweden,Escherichia coli,Aminoglycosides,1.56205623,J01G
2006,SI,Slovenia,Escherichia coli,Aminoglycosides,6.41562064,J01G
2006,UK,United Kingdom,Escherichia coli,Aminoglycosides,6.50289017,J01G
2007,AT,Austria,Escherichia coli,Aminoglycosides,7.0106341,J01G
2007,BE,Belgium,Escherichia coli,Aminoglycosides,4.94958753,J01G
2007,BG,Bulgaria,Escherichia coli,Aminoglycosides,18.4,J01G
2007,CY,Cyprus,Escherichia coli,Aminoglycosides,11.00917431,J01G
2007,CZ,Czechia,Escherichia coli,Aminoglycosides,6.9796427,J01G
2007,DE,Germany,Escherichia coli,Aminoglycosides,6.06995884,J01G
2007,DK,Denmark,Escherichia coli,Aminoglycosides,3.47797283,J01G
2007,EE,Estonia,Escherichia coli,Aminoglycosides,5.58139534,J01G
2007,EL,Greece,Escherichia coli,Aminoglycosides,8.52272727,J01G
2007,ES,Spain,Escherichia coli,Aminoglycosides,9.95106035,J01G
2007,FI,Finland,Escherichia coli,Aminoglycosides,2.74341043,J01G
2007,FR,France,Escherichia coli,Aminoglycosides,5.70685813,J01G
2007,HR,Croatia,Escherichia coli,Aminoglycosides,5.93023255,J01G
2007,HU,Hungary,Escherichia coli,Aminoglycosides,10.56218057,J01G
2007,IE,Ireland,Escherichia coli,Aminoglycosides,9.40906483,J01G
2007,IS,Iceland,Escherichia coli,Aminoglycosides,5.71428571,J01G
2007,IT,Italy,Escherichia coli,Aminoglycosides,13.92016376,J01G
2007,LT,Lithuania,Escherichia coli,Aminoglycosides,12.34042553,J01G
2007,LU,Luxembourg,Escherichia coli,Aminoglycosides,5.14705882,J01G
2007,LV,Latvia,Escherichia coli,Aminoglycosides,14.47368421,J01G
2007,MT,Malta,Escherichia coli,Aminoglycosides,19.65811965,J01G
2007,NL,Netherlands,Escherichia coli,Aminoglycosides,4.73568281,J01G
2007,NO,Norway,Escherichia coli,Aminoglycosides,2.98071303,J01G
2007,PL,Poland,Escherichia coli,Aminoglycosides,5.859375,J01G
2007,PT,Portugal,Escherichia coli,Aminoglycosides,12.17634709,J01G
2007,RO,Romania,Escherichia coli,Aminoglycosides,36.06557377,J01G
2007,SE,Sweden,Escherichia coli,Aminoglycosides,2.24418915,J01G
2007,SI,Slovenia,Escherichia coli,Aminoglycosides,6.81551116,J01G
2007,UK,United Kingdom,Escherichia coli,Aminoglycosides,7.22358722,J01G
2008,AT,Austria,Escherichia coli,Aminoglycosides,6.53923541,J01G
2008,BE,Belgium,Escherichia coli,Aminoglycosides,4.3521266,J01G
2008,BG,Bulgaria,Escherichia coli,Aminoglycosides,30.61224489,J01G
2008,CY,Cyprus,Escherichia coli,Aminoglycosides,10.08403361,J01G
2008,CZ,Czechia,Escherichia coli,Aminoglycosides,8.21767713,J01G
2008,DE,Germany,Escherichia coli,Aminoglycosides,6.87306501,J01G
2008,DK,Denmark,Escherichia coli,Aminoglycosides,4.08785845,J01G
2008,EE,Estonia,Escherichia coli,Aminoglycosides,4.58015267,J01G
2008,EL,Greece,Escherichia coli,Aminoglycosides,14.61061337,J01G
2008,ES,Spain,Escherichia coli,Aminoglycosides,10.90858878,J01G
2008,FI,Finland,Escherichia coli,Aminoglycosides,3.59922178,J01G
2008,FR,France,Escherichia coli,Aminoglycosides,6.49231173,J01G
2008,HR,Croatia,Escherichia coli,Aminoglycosides,5.14223194,J01G
2008,HU,Hungary,Escherichia coli,Aminoglycosides,12.83269961,J01G
2008,IE,Ireland,Escherichia coli,Aminoglycosides,9.10551687,J01G
2008,IS,Iceland,Escherichia coli,Aminoglycosides,6.50406504,J01G
2008,IT,Italy,Escherichia coli,Aminoglycosides,13.66061899,J01G
2008,LT,Lithuania,Escherichia coli,Aminoglycosides,12.25165562,J01G
2008,LU,Luxembourg,Escherichia coli,Aminoglycosides,7.59075907,J01G
2008,LV,Latvia,Escherichia coli,Aminoglycosides,10.0,J01G
2008,MT,Malta,Escherichia coli,Aminoglycosides,21.875,J01G
2008,NL,Netherlands,Escherichia coli,Aminoglycosides,5.65789473,J01G
2008,NO,Norway,Escherichia coli,Aminoglycosides,3.22760155,J01G
2008,PL,Poland,Escherichia coli,Aminoglycosides,7.14285714,J01G
2008,PT,Portugal,Escherichia coli,Aminoglycosides,13.54679802,J01G
2008,RO,Romania,Escherichia coli,Aminoglycosides,23.52941176,J01G
2008,SE,Sweden,Escherichia coli,Aminoglycosides,2.2597467,J01G
2008,SI,Slovenia,Escherichia coli,Aminoglycosides,6.52173913,J01G
2008,UK,United Kingdom,Escherichia coli,Aminoglycosides,7.02028081,J01G
2009,AT,Austria,Escherichia coli,Aminoglycosides,5.93518156,J01G
2009,BE,Belgium,Escherichia coli,Aminoglycosides,7.28033472,J01G
2009,BG,Bulgaria,Escherichia coli,Aminoglycosides,17.1875,J01G
2009,CY,Cyprus,Escherichia coli,Aminoglycosides,9.55882352,J01G
2009,CZ,Czechia,Escherichia coli,Aminoglycosides,8.06863818,J01G
2009,DE,Germany,Escherichia coli,Aminoglycosides,8.40787119,J01G
2009,DK,Denmark,Escherichia coli,Aminoglycosides,4.41926345,J01G
2009,EE,Estonia,Escherichia coli,Aminoglycosides,3.44827586,J01G
2009,EL,Greece,Escherichia coli,Aminoglycosides,14.33278418,J01G
2009,ES,Spain,Escherichia coli,Aminoglycosides,12.96490309,J01G
2009,FI,Finland,Escherichia coli,Aminoglycosides,2.80373831,J01G
2009,FR,France,Escherichia coli,Aminoglycosides,7.82433712,J01G
2009,HU,Hungary,Escherichia coli,Aminoglycosides,15.87452471,J01G
2009,IE,Ireland,Escherichia coli,Aminoglycosides,8.51169736,J01G
2009,IS,Iceland,Escherichia coli,Aminoglycosides,7.27272727,J01G
2009,IT,Italy,Escherichia coli,Aminoglycosides,14.07894736,J01G
2009,LT,Lithuania,Escherichia coli,Aminoglycosides,15.15151515,J01G
2009,LU,Luxembourg,Escherichia coli,Aminoglycosides,8.97009966,J01G
2009,LV,Latvia,Escherichia coli,Aminoglycosides,11.62790697,J01G
2009,MT,Malta,Escherichia coli,Aminoglycosides,20.88607594,J01G
2009,NL,Netherlands,Escherichia coli,Aminoglycosides,4.44258172,J01G
2009,NO,Norway,Escherichia coli,Aminoglycosides,3.31341662,J01G
2009,PL,Poland,Escherichia coli,Aminoglycosides,6.48648648,J01G
2009,PT,Portugal,Escherichia coli,Aminoglycosides,10.57550418,J01G
2009,RO,Romania,Escherichia coli,Aminoglycosides,15.78947368,J01G
2009,SE,Sweden,Escherichia coli,Aminoglycosides,,J01G
2009,SI,Slovenia,Escherichia coli,Aminoglycosides,9.85442329,J01G
2009,UK,United Kingdom,Escherichia coli,Aminoglycosides,7.37647877,J01G
2010,AT,Austria,Escherichia coli,Aminoglycosides,6.21993127,J01G
2010,BE,Belgium,Escherichia coli,Aminoglycosides,5.61868686,J01G
2010,BG,Bulgaria,Escherichia coli,Aminoglycosides,14.66666666,J01G
2010,CY,Cyprus,Escherichia coli,Aminoglycosides,15.94202898,J01G
2010,CZ,Czechia,Escherichia coli,Aminoglycosides,7.92807519,J01G
2010,DE,Germany,Escherichia coli,Aminoglycosides,8.67262495,J01G
2010,DK,Denmark,Escherichia coli,Aminoglycosides,5.83235638,J01G
2010,EE,Estonia,Escherichia coli,Aminoglycosides,4.90566037,J01G
2010,EL,Greece,Escherichia coli,Aminoglycosides,16.58986175,J01G
2010,ES,Spain,Escherichia coli,Aminoglycosides,14.09761235,J01G
2010,FI,Finland,Escherichia coli,Aminoglycosides,3.77758913,J01G
2010,FR,France,Escherichia coli,Aminoglycosides,7.07003546,J01G
2010,HR,Croatia,Escherichia coli,Aminoglycosides,6.37087599,J01G
2010,HU,Hungary,Escherichia coli,Aminoglycosides,19.86947063,J01G
2010,IE,Ireland,Escherichia coli,Aminoglycosides,9.68809073,J01G
2010,IS,Iceland,Escherichia coli,Aminoglycosides,2.88461538,J01G
2010,IT,Italy,Escherichia coli,Aminoglycosides,16.24177631,J01G
2010,LT,Lithuania,Escherichia coli,Aminoglycosides,14.19939577,J01G
2010,LU,Luxembourg,Escherichia coli,Aminoglycosides,6.49717514,J01G
2010,LV,Latvia,Escherichia coli,Aminoglycosides,11.34020618,J01G
2010,MT,Malta,Escherichia coli,Aminoglycosides,22.39583333,J01G
2010,NL,Netherlands,Escherichia coli,Aminoglycosides,7.21479958,J01G
2010,NO,Norway,Escherichia coli,Aminoglycosides,4.31878895,J01G
2010,PL,Poland,Escherichia coli,Aminoglycosides,9.20245398,J01G
2010,PT,Portugal,Escherichia coli,Aminoglycosides,12.02627589,J01G
2010,RO,Romania,Escherichia coli,Aminoglycosides,12.12121212,J01G
2010,SE,Sweden,Escherichia coli,Aminoglycosides,3.44420853,J01G
2010,SI,Slovenia,Escherichia coli,Aminoglycosides,8.82352941,J01G
2010,UK,United Kingdom,Escherichia coli,Aminoglycosides,8.27754108,J01G
2011,AT,Austria,Escherichia coli,Aminoglycosides,7.26809053,J01G
2011,BE,Belgium,Escherichia coli,Aminoglycosides,7.11545169,J01G
2011,BG,Bulgaria,Escherichia coli,Aminoglycosides,17.61363636,J01G
2011,CY,Cyprus,Escherichia coli,Aminoglycosides,23.18840579,J01G
2011,CZ,Czechia,Escherichia coli,Aminoglycosides,8.20224719,J01G
2011,DE,Germany,Escherichia coli,Aminoglycosides,7.5994513,J01G
2011,DK,Denmark,Escherichia coli,Aminoglycosides,6.40461792,J01G
2011,EE,Estonia,Escherichia coli,Aminoglycosides,4.83870967,J01G
2011,EL,Greece,Escherichia coli,Aminoglycosides,16.73640167,J01G
2011,ES,Spain,Escherichia coli,Aminoglycosides,14.81349277,J01G
2011,FI,Finland,Escherichia coli,Aminoglycosides,5.26490066,J01G
2011,FR,France,Escherichia coli,Aminoglycosides,7.76710134,J01G
2011,HR,Croatia,Escherichia coli,Aminoglycosides,7.10607621,J01G
2011,HU,Hungary,Escherichia coli,Aminoglycosides,14.55437448,J01G
2011,IE,Ireland,Escherichia coli,Aminoglycosides,10.11600928,J01G
2011,IS,Iceland,Escherichia coli,Aminoglycosides,6.20155038,J01G
2011,IT,Italy,Escherichia coli,Aminoglycosides,20.74592074,J01G
2011,LT,Lithuania,Escherichia coli,Aminoglycosides,9.68586387,J01G
2011,LU,Luxembourg,Escherichia coli,Aminoglycosides,7.90960451,J01G
2011,LV,Latvia,Escherichia coli,Aminoglycosides,10.6870229,J01G
2011,MT,Malta,Escherichia coli,Aminoglycosides,15.06849315,J01G
2011,NL,Netherlands,Escherichia coli,Aminoglycosides,7.62430939,J01G
2011,NO,Norway,Escherichia coli,Aminoglycosides,4.08906882,J01G
2011,PL,Poland,Escherichia coli,Aminoglycosides,8.25852782,J01G
2011,PT,Portugal,Escherichia coli,Aminoglycosides,13.81243628,J01G
2011,RO,Romania,Escherichia coli,Aminoglycosides,18.0,J01G
2011,SE,Sweden,Escherichia coli,Aminoglycosides,4.76289086,J01G
2011,SI,Slovenia,Escherichia coli,Aminoglycosides,9.58083832,J01G
2011,SK,Slovakia,Escherichia coli,Aminoglycosides,17.7027027,J01G
2011,UK,United Kingdom,Escherichia coli,Aminoglycosides,8.09044338,J01G
2012,AT,Austria,Escherichia coli,Aminoglycosides,6.26688276,J01G
2012,BE,Belgium,Escherichia coli,Aminoglycosides,7.2757475,J01G
2012,BG,Bulgaria,Escherichia coli,Aminoglycosides,26.48401826,J01G
2012,CY,Cyprus,Escherichia coli,Aminoglycosides,21.02272727,J01G
2012,CZ,Czechia,Escherichia coli,Aminoglycosides,8.17923186,J01G
2012,DE,Germany,Escherichia coli,Aminoglycosides,7.06443914,J01G
2012,DK,Denmark,Escherichia coli,Aminoglycosides,7.29590452,J01G
2012,EE,Estonia,Escherichia coli,Aminoglycosides,7.56578947,J01G
2012,EL,Greece,Escherichia coli,Aminoglycosides,17.78425655,J01G
2012,ES,Spain,Escherichia coli,Aminoglycosides,15.55947136,J01G
2012,FI,Finland,Escherichia coli,Aminoglycosides,6.08085532,J01G
2012,FR,France,Escherichia coli,Aminoglycosides,8.12315185,J01G
2012,HR,Croatia,Escherichia coli,Aminoglycosides,6.99223085,J01G
2012,HU,Hungary,Escherichia coli,Aminoglycosides,17.09401709,J01G
2012,IE,Ireland,Escherichia coli,Aminoglycosides,10.69473684,J01G
2012,IS,Iceland,Escherichia coli,Aminoglycosides,3.6231884,J01G
2012,IT,Italy,Escherichia coli,Aminoglycosides,22.32510288,J01G
2012,LT,Lithuania,Escherichia coli,Aminoglycosides,9.56521739,J01G
2012,LU,Luxembourg,Escherichia coli,Aminoglycosides,6.28742514,J01G
2012,LV,Latvia,Escherichia coli,Aminoglycosides,11.68831168,J01G
2012,MT,Malta,Escherichia coli,Aminoglycosides,11.48325358,J01G
2012,NL,Netherlands,Escherichia coli,Aminoglycosides,7.43117716,J01G
2012,NO,Norway,Escherichia coli,Aminoglycosides,5.75587165,J01G
2012,PL,Poland,Escherichia coli,Aminoglycosides,12.09756097,J01G
2012,PT,Portugal,Escherichia coli,Aminoglycosides,16.24883936,J01G
2012,RO,Romania,Escherichia coli,Aminoglycosides,24.32432432,J01G
2012,SE,Sweden,Escherichia coli,Aminoglycosides,5.81542351,J01G
2012,SI,Slovenia,Escherichia coli,Aminoglycosides,8.39041095,J01G
2012,SK,Slovakia,Escherichia coli,Aminoglycosides,20.74927953,J01G
2012,UK,United Kingdom,Escherichia coli,Aminoglycosides,8.6228482,J01G
2013,AT,Austria,Escherichia coli,Aminoglycosides,7.1673918,J01G
2013,BE,Belgium,Escherichia coli,Aminoglycosides,7.34360834,J01G
2013,BG,Bulgaria,Escherichia coli,Aminoglycosides,31.01604278,J01G
2013,CY,Cyprus,Escherichia coli,Aminoglycosides,24.69135802,J01G
2013,CZ,Czechia,Escherichia coli,Aminoglycosides,9.06323977,J01G
2013,DE,Germany,Escherichia coli,Aminoglycosides,6.9889451,J01G
2013,DK,Denmark,Escherichia coli,Aminoglycosides,6.50887573,J01G
2013,EE,Estonia,Escherichia coli,Aminoglycosides,7.33137829,J01G
2013,EL,Greece,Escherichia coli,Aminoglycosides,16.94915254,J01G
2013,ES,Spain,Escherichia coli,Aminoglycosides,15.33142182,J01G
2013,FI,Finland,Escherichia coli,Aminoglycosides,6.48694187,J01G
2013,FR,France,Escherichia coli,Aminoglycosides,7.76880661,J01G
2013,HR,Croatia,Escherichia coli,Aminoglycosides,7.67716535,J01G
2013,HU,Hungary,Escherichia coli,Aminoglycosides,16.95865451,J01G
2013,IE,Ireland,Escherichia coli,Aminoglycosides,11.16485288,J01G
2013,IS,Iceland,Escherichia coli,Aminoglycosides,4.1322314,J01G
2013,IT,Italy,Escherichia coli,Aminoglycosides,18.96370331,J01G
2013,LT,Lithuania,Escherichia coli,Aminoglycosides,10.72261072,J01G
2013,LU,Luxembourg,Escherichia coli,Aminoglycosides,7.02341137,J01G
2013,LV,Latvia,Escherichia coli,Aminoglycosides,5.22388059,J01G
2013,MT,Malta,Escherichia coli,Aminoglycosides,9.09090909,J01G
2013,NL,Netherlands,Escherichia coli,Aminoglycosides,6.50577124,J01G
2013,NO,Norway,Escherichia coli,Aminoglycosides,6.39818122,J01G
2013,PL,Poland,Escherichia coli,Aminoglycosides,10.67683508,J01G
2013,PT,Portugal,Escherichia coli,Aminoglycosides,15.20119225,J01G
2013,RO,Romania,Escherichia coli,Aminoglycosides,14.76510067,J01G
2013,SE,Sweden,Escherichia coli,Aminoglycosides,6.04225352,J01G
2013,SI,Slovenia,Escherichia coli,Aminoglycosides,9.31372549,J01G
2013,SK,Slovakia,Escherichia coli,Aminoglycosides,24.03965303,J01G
2013,UK,United Kingdom,Escherichia coli,Aminoglycosides,9.04270164,J01G
2014,AT,Austria,Escherichia coli,Aminoglycosides,7.08844688,J01G
2014,BE,Belgium,Escherichia coli,Aminoglycosides,8.85085574,J01G
2014,BG,Bulgaria,Escherichia coli,Aminoglycosides,29.1005291,J01G
2014,CY,Cyprus,Escherichia coli,Aminoglycosides,17.64705882,J01G
2014,CZ,Czechia,Escherichia coli,Aminoglycosides,10.67472306,J01G
2014,DE,Germany,Escherichia coli,Aminoglycosides,6.90262652,J01G
2014,DK,Denmark,Escherichia coli,Aminoglycosides,7.27798798,J01G
2014,EE,Estonia,Escherichia coli,Aminoglycosides,6.81265206,J01G
2014,EL,Greece,Escherichia coli,Aminoglycosides,15.58558558,J01G
2014,ES,Spain,Escherichia coli,Aminoglycosides,15.06872852,J01G
2014,FI,Finland,Escherichia coli,Aminoglycosides,4.55855383,J01G
2014,FR,France,Escherichia coli,Aminoglycosides,7.72652548,J01G
2014,HR,Croatia,Escherichia coli,Aminoglycosides,10.86350974,J01G
2014,HU,Hungary,Escherichia coli,Aminoglycosides,14.72049689,J01G
2014,IE,Ireland,Escherichia coli,Aminoglycosides,12.08872458,J01G
2014,IS,Iceland,Escherichia coli,Aminoglycosides,5.26315789,J01G
2014,IT,Italy,Escherichia coli,Aminoglycosides,19.35299169,J01G
2014,LT,Lithuania,Escherichia coli,Aminoglycosides,10.61643835,J01G
2014,LU,Luxembourg,Escherichia coli,Aminoglycosides,7.90190735,J01G
2014,LV,Latvia,Escherichia coli,Aminoglycosides,8.28729281,J01G
2014,MT,Malta,Escherichia coli,Aminoglycosides,9.70149253,J01G
2014,NL,Netherlands,Escherichia coli,Aminoglycosides,6.35611056,J01G
2014,NO,Norway,Escherichia coli,Aminoglycosides,5.93740859,J01G
2014,PL,Poland,Escherichia coli,Aminoglycosides,9.83146067,J01G
2014,PT,Portugal,Escherichia coli,Aminoglycosides,15.10719294,J01G
2014,RO,Romania,Escherichia coli,Aminoglycosides,17.16171617,J01G
2014,SE,Sweden,Escherichia coli,Aminoglycosides,6.06493043,J01G
2014,SI,Slovenia,Escherichia coli,Aminoglycosides,11.26644736,J01G
2014,SK,Slovakia,Escherichia coli,Aminoglycosides,22.74774774,J01G
2014,UK,United Kingdom,Escherichia coli,Aminoglycosides,8.85345064,J01G
2015,AT,Austria,Escherichia coli,Aminoglycosides,6.98198198,J01G
2015,BE,Belgium,Escherichia coli,Aminoglycosides,8.35520559,J01G
2015,BG,Bulgaria,Escherichia coli,Aminoglycosides,19.78021978,J01G
2015,CY,Cyprus,Escherichia coli,Aminoglycosides,13.82113821,J01G
2015,CZ,Czechia,Escherichia coli,Aminoglycosides,11.34930643,J01G
2015,DE,Germany,Escherichia coli,Aminoglycosides,7.11042197,J01G
2015,DK,Denmark,Escherichia coli,Aminoglycosides,6.79590503,J01G
2015,EE,Estonia,Escherichia coli,Aminoglycosides,9.3385214,J01G
2015,EL,Greece,Escherichia coli,Aminoglycosides,16.08333333,J01G
2015,ES,Spain,Escherichia coli,Aminoglycosides,14.70180305,J01G
2015,FI,Finland,Escherichia coli,Aminoglycosides,5.41717049,J01G
2015,FR,France,Escherichia coli,Aminoglycosides,8.15015829,J01G
2015,HR,Croatia,Escherichia coli,Aminoglycosides,12.69841269,J01G
2015,HU,Hungary,Escherichia coli,Aminoglycosides,13.56435643,J01G
2015,IE,Ireland,Escherichia coli,Aminoglycosides,11.82917611,J01G
2015,IS,Iceland,Escherichia coli,Aminoglycosides,2.89017341,J01G
2015,IT,Italy,Escherichia coli,Aminoglycosides,20.17381656,J01G
2015,LT,Lithuania,Escherichia coli,Aminoglycosides,10.12006861,J01G
2015,LU,Luxembourg,Escherichia coli,Aminoglycosides,8.93371757,J01G
2015,LV,Latvia,Escherichia coli,Aminoglycosides,14.13612565,J01G
2015,MT,Malta,Escherichia coli,Aminoglycosides,12.18487394,J01G
2015,NL,Netherlands,Escherichia coli,Aminoglycosides,6.07859768,J01G
2015,NO,Norway,Escherichia coli,Aminoglycosides,5.99818236,J01G
2015,PL,Poland,Escherichia coli,Aminoglycosides,11.19544592,J01G
2015,PT,Portugal,Escherichia coli,Aminoglycosides,13.83097542,J01G
2015,RO,Romania,Escherichia coli,Aminoglycosides,18.30601092,J01G
2015,SE,Sweden,Escherichia coli,Aminoglycosides,6.42249609,J01G
2015,SI,Slovenia,Escherichia coli,Aminoglycosides,12.8959276,J01G
2015,SK,Slovakia,Escherichia coli,Aminoglycosides,24.21875,J01G
2015,UK,United Kingdom,Escherichia coli,Aminoglycosides,9.94712491,J01G
2016,AT,Austria,Escherichia coli,Aminoglycosides,7.8125,J01G
2016,BE,Belgium,Escherichia coli,Aminoglycosides,8.40240068,J01G
2016,BG,Bulgaria,Escherichia coli,Aminoglycosides,34.76190476,J01G
2016,CY,Cyprus,Escherichia coli,Aminoglycosides,16.10738255,J01G
2016,CZ,Czechia,Escherichia coli,Aminoglycosides,12.15289121,J01G
2016,DE,Germany,Escherichia coli,Aminoglycosides,6.95529577,J01G
2016,DK,Denmark,Escherichia coli,Aminoglycosides,6.06685926,J01G
2016,EE,Estonia,Escherichia coli,Aminoglycosides,7.4074074,J01G
2016,EL,Greece,Escherichia coli,Aminoglycosides,16.83320522,J01G
2016,ES,Spain,Escherichia coli,Aminoglycosides,14.52941176,J01G
2016,FI,Finland,Escherichia coli,Aminoglycosides,4.93472007,J01G
2016,FR,France,Escherichia coli,Aminoglycosides,7.91198922,J01G
2016,HR,Croatia,Escherichia coli,Aminoglycosides,15.67672833,J01G
2016,HU,Hungary,Escherichia coli,Aminoglycosides,13.25301204,J01G
2016,IE,Ireland,Escherichia coli,Aminoglycosides,11.2337011,J01G
2016,IS,Iceland,Escherichia coli,Aminoglycosides,3.64583333,J01G
2016,IT,Italy,Escherichia coli,Aminoglycosides,18.98338542,J01G
2016,LT,Lithuania,Escherichia coli,Aminoglycosides,7.96460176,J01G
2016,LU,Luxembourg,Escherichia coli,Aminoglycosides,9.09090909,J01G
2016,LV,Latvia,Escherichia coli,Aminoglycosides,12.70491803,J01G
2016,MT,Malta,Escherichia coli,Aminoglycosides,10.36585365,J01G
2016,NL,Netherlands,Escherichia coli,Aminoglycosides,6.19481236,J01G
2016,NO,Norway,Escherichia coli,Aminoglycosides,5.50636413,J01G
2016,PL,Poland,Escherichia coli,Aminoglycosides,13.28837762,J01G
2016,PT,Portugal,Escherichia coli,Aminoglycosides,13.14830875,J01G
2016,RO,Romania,Escherichia coli,Aminoglycosides,14.97584541,J01G
2016,SE,Sweden,Escherichia coli,Aminoglycosides,7.22406101,J01G
2016,SI,Slovenia,Escherichia coli,Aminoglycosides,10.63380281,J01G
2016,SK,Slovakia,Escherichia coli,Aminoglycosides,20.16908212,J01G
2016,UK,United Kingdom,Escherichia coli,Aminoglycosides,9.85927652,J01G
2017,AT,Austria,Escherichia coli,Aminoglycosides,7.70966528,J01G
2017,BE,Belgium,Escherichia coli,Aminoglycosides,8.09233218,J01G
2017,BG,Bulgaria,Escherichia coli,Aminoglycosides,36.24454148,J01G
2017,CY,Cyprus,Escherichia coli,Aminoglycosides,21.79487179,J01G
2017,CZ,Czechia,Escherichia coli,Aminoglycosides,10.69084088,J01G
2017,DE,Germany,Escherichia coli,Aminoglycosides,7.00240234,J01G
2017,DK,Denmark,Escherichia coli,Aminoglycosides,5.99375244,J01G
2017,EE,Estonia,Escherichia coli,Aminoglycosides,5.72519083,J01G
2017,EL,Greece,Escherichia coli,Aminoglycosides,16.97341513,J01G
2017,ES,Spain,Escherichia coli,Aminoglycosides,13.70044783,J01G
2017,FI,Finland,Escherichia coli,Aminoglycosides,4.95784825,J01G
2017,FR,France,Escherichia coli,Aminoglycosides,7.04418835,J01G
2017,HR,Croatia,Escherichia coli,Aminoglycosides,16.63778162,J01G
2017,HU,Hungary,Escherichia coli,Aminoglycosides,15.09708737,J01G
2017,IE,Ireland,Escherichia coli,Aminoglycosides,11.94364393,J01G
2017,IS,Iceland,Escherichia coli,Aminoglycosides,5.63380281,J01G
2017,IT,Italy,Escherichia coli,Aminoglycosides,18.41883936,J01G
2017,LT,Lithuania,Escherichia coli,Aminoglycosides,8.25471698,J01G
2017,LU,Luxembourg,Escherichia coli,Aminoglycosides,10.39260969,J01G
2017,LV,Latvia,Escherichia coli,Aminoglycosides,13.43283582,J01G
2017,MT,Malta,Escherichia coli,Aminoglycosides,10.82802547,J01G
2017,NL,Netherlands,Escherichia coli,Aminoglycosides,5.89723109,J01G
2017,NO,Norway,Escherichia coli,Aminoglycosides,7.18113612,J01G
2017,PL,Poland,Escherichia coli,Aminoglycosides,14.01250459,J01G
2017,PT,Portugal,Escherichia coli,Aminoglycosides,11.93048379,J01G
2017,RO,Romania,Escherichia coli,Aminoglycosides,15.20467836,J01G
2017,SE,Sweden,Escherichia coli,Aminoglycosides,6.49531087,J01G
2017,SI,Slovenia,Escherichia coli,Aminoglycosides,11.42857142,J01G
2017,SK,Slovakia,Escherichia coli,Aminoglycosides,22.51428571,J01G
2017,UK,United Kingdom,Escherichia coli,Aminoglycosides,9.95803376,J01G
2018,AT,Austria,Escherichia coli,Aminoglycosides,8.22649572,J01G
2018,BE,Belgium,Escherichia coli,Aminoglycosides,7.40450026,J01G
2018,BG,Bulgaria,Escherichia coli,Aminoglycosides,28.36363636,J01G
2018,CY,Cyprus,Escherichia coli,Aminoglycosides,19.86754966,J01G
2018,CZ,Czechia,Escherichia coli,Aminoglycosides,9.47021685,J01G
2018,DE,Germany,Escherichia coli,Aminoglycosides,6.8780623,J01G
2018,DK,Denmark,Escherichia coli,Aminoglycosides,5.7481921,J01G
2018,EE,Estonia,Escherichia coli,Aminoglycosides,6.24263839,J01G
2018,EL,Greece,Escherichia coli,Aminoglycosides,15.49295774,J01G
2018,ES,Spain,Escherichia coli,Aminoglycosides,14.12165572,J01G
2018,FI,Finland,Escherichia coli,Aminoglycosides,4.25752855,J01G
2018,FR,France,Escherichia coli,Aminoglycosides,7.39233086,J01G
2018,HR,Croatia,Escherichia coli,Aminoglycosides,14.87603305,J01G
2018,HU,Hungary,Escherichia coli,Aminoglycosides,17.40282685,J01G
2018,IE,Ireland,Escherichia coli,Aminoglycosides,11.73563928,J01G
2018,IS,Iceland,Escherichia coli,Aminoglycosides,6.09137055,J01G
2018,IT,Italy,Escherichia coli,Aminoglycosides,16.04301616,J01G
2018,LT,Lithuania,Escherichia coli,Aminoglycosides,7.88757932,J01G
2018,LU,Luxembourg,Escherichia coli,Aminoglycosides,7.3286052,J01G
2018,LV,Latvia,Escherichia coli,Aminoglycosides,8.90804597,J01G
2018,MT,Malta,Escherichia coli,Aminoglycosides,9.93975903,J01G
2018,NL,Netherlands,Escherichia coli,Aminoglycosides,6.30815709,J01G
2018,NO,Norway,Escherichia coli,Aminoglycosides,5.74742268,J01G
2018,PL,Poland,Escherichia coli,Aminoglycosides,15.10820743,J01G
2018,PT,Portugal,Escherichia coli,Aminoglycosides,12.15450643,J01G
2018,RO,Romania,Escherichia coli,Aminoglycosides,12.788906,J01G
2018,SE,Sweden,Escherichia coli,Aminoglycosides,7.73521755,J01G
2018,SI,Slovenia,Escherichia coli,Aminoglycosides,9.41247002,J01G
2018,SK,Slovakia,Escherichia coli,Aminoglycosides,21.56862745,J01G
2018,UK,United Kingdom,Escherichia coli,Aminoglycosides,10.47355148,J01G
2019,AT,Austria,Escherichia coli,Aminoglycosides,6.94854146,J01G
2019,BE,Belgium,Escherichia coli,Aminoglycosides,6.90973992,J01G
2019,BG,Bulgaria,Escherichia coli,Aminoglycosides,24.43181818,J01G
2019,CY,Cyprus,Escherichia coli,Aminoglycosides,10.86956521,J01G
2019,CZ,Czechia,Escherichia coli,Aminoglycosides,11.40769879,J01G
2019,DE,Germany,Escherichia coli,Aminoglycosides,8.31665941,J01G
2019,DK,Denmark,Escherichia coli,Aminoglycosides,5.46526165,J01G
2019,EE,Estonia,Escherichia coli,Aminoglycosides,5.29217199,J01G
2019,EL,Greece,Escherichia coli,Aminoglycosides,12.93532338,J01G
2019,ES,Spain,Escherichia coli,Aminoglycosides,13.55973025,J01G
2019,FI,Finland,Escherichia coli,Aminoglycosides,4.78774956,J01G
2019,FR,France,Escherichia coli,Aminoglycosides,7.01286834,J01G
2019,HR,Croatia,Escherichia coli,Aminoglycosides,14.83812949,J01G
2019,HU,Hungary,Escherichia coli,Aminoglycosides,15.71961841,J01G
2019,IE,Ireland,Escherichia coli,Aminoglycosides,11.75742574,J01G
2019,IS,Iceland,Escherichia coli,Aminoglycosides,4.6875,J01G
2019,IT,Italy,Escherichia coli,Aminoglycosides,15.90686541,J01G
2019,LT,Lithuania,Escherichia coli,Aminoglycosides,7.61736049,J01G
2019,LU,Luxembourg,Escherichia coli,Aminoglycosides,10.16260162,J01G
2019,LV,Latvia,Escherichia coli,Aminoglycosides,11.59090909,J01G
2019,MT,Malta,Escherichia coli,Aminoglycosides,9.93975903,J01G
2019,NL,Netherlands,Escherichia coli,Aminoglycosides,6.98534447,J01G
2019,NO,Norway,Escherichia coli,Aminoglycosides,5.59646539,J01G
2019,PL,Poland,Escherichia coli,Aminoglycosides,12.62433052,J01G
2019,PT,Portugal,Escherichia coli,Aminoglycosides,12.05662725,J01G
2019,RO,Romania,Escherichia coli,Aminoglycosides,11.61616161,J01G
2019,SE,Sweden,Escherichia coli,Aminoglycosides,6.01487778,J01G
2019,SI,Slovenia,Escherichia coli,Aminoglycosides,7.82608695,J01G
2019,SK,Slovakia,Escherichia coli,Aminoglycosides,16.64698937,J01G
2019,UK,United Kingdom,Escherichia coli,Aminoglycosides,10.66408302,J01G
2020,AT,Austria,Escherichia coli,Aminoglycosides,6.24640735,J01G
2020,BE,Belgium,Escherichia coli,Aminoglycosides,7.46753246,J01G
2020,BG,Bulgaria,Escherichia coli,Aminoglycosides,34.24657534,J01G
2020,CY,Cyprus,Escherichia coli,Aminoglycosides,21.05263157,J01G
2020,CZ,Czechia,Escherichia coli,Aminoglycosides,10.17005668,J01G
2020,DE,Germany,Escherichia coli,Aminoglycosides,7.50258074,J01G
2020,DK,Denmark,Escherichia coli,Aminoglycosides,5.53662691,J01G
2020,EE,Estonia,Escherichia coli,Aminoglycosides,5.47520661,J01G
2020,EL,Greece,Escherichia coli,Aminoglycosides,18.68327402,J01G
2020,ES,Spain,Escherichia coli,Aminoglycosides,13.61604291,J01G
2020,FI,Finland,Escherichia coli,Aminoglycosides,5.71375395,J01G
2020,FR,France,Escherichia coli,Aminoglycosides,6.66254357,J01G
2020,HR,Croatia,Escherichia coli,Aminoglycosides,14.85507246,J01G
2020,HU,Hungary,Escherichia coli,Aminoglycosides,16.68372569,J01G
2020,IE,Ireland,Escherichia coli,Aminoglycosides,10.63531063,J01G
2020,IS,Iceland,Escherichia coli,Aminoglycosides,7.75510204,J01G
2020,IT,Italy,Escherichia coli,Aminoglycosides,14.94387017,J01G
2020,LT,Lithuania,Escherichia coli,Aminoglycosides,10.25416301,J01G
2020,LU,Luxembourg,Escherichia coli,Aminoglycosides,8.87850467,J01G
2020,LV,Latvia,Escherichia coli,Aminoglycosides,11.40583554,J01G
2020,MT,Malta,Escherichia coli,Aminoglycosides,12.63537906,J01G
2020,NL,Netherlands,Escherichia coli,Aminoglycosides,6.41761174,J01G
2020,NO,Norway,Escherichia coli,Aminoglycosides,5.66037735,J01G
2020,PL,Poland,Escherichia coli,Aminoglycosides,14.5105755,J01G
2020,PT,Portugal,Escherichia coli,Aminoglycosides,11.67933655,J01G
2020,RO,Romania,Escherichia coli,Aminoglycosides,10.89918256,J01G
2020,SE,Sweden,Escherichia coli,Aminoglycosides,5.88414634,J01G
2020,SI,Slovenia,Escherichia coli,Aminoglycosides,6.80693069,J01G
2020,SK,Slovakia,Escherichia coli,Aminoglycosides,18.46785225,J01G
2021,AT,Austria,Escherichia coli,Aminoglycosides,5.75187969,J01G
2021,BE,Belgium,Escherichia coli,Aminoglycosides,6.06983829,J01G
2021,BG,Bulgaria,Escherichia coli,Aminoglycosides,26.99619771,J01G
2021,CY,Cyprus,Escherichia coli,Aminoglycosides,19.79166666,J01G
2021,CZ,Czechia,Escherichia coli,Aminoglycosides,9.60817717,J01G
2021,DE,Germany,Escherichia coli,Aminoglycosides,5.59624002,J01G
2021,DK,Denmark,Escherichia coli,Aminoglycosides,4.3543294,J01G
2021,EE,Estonia,Escherichia coli,Aminoglycosides,5.50755939,J01G
2021,EL,Greece,Escherichia coli,Aminoglycosides,18.63699582,J01G
2021,ES,Spain,Escherichia coli,Aminoglycosides,12.39592969,J01G
2021,FI,Finland,Escherichia coli,Aminoglycosides,4.13650465,J01G
2021,FR,France,Escherichia coli,Aminoglycosides,5.82337279,J01G
2021,HR,Croatia,Escherichia coli,Aminoglycosides,11.72413793,J01G
2021,HU,Hungary,Escherichia coli,Aminoglycosides,17.49696233,J01G
2021,IE,Ireland,Escherichia coli,Aminoglycosides,9.57300275,J01G
2021,IS,Iceland,Escherichia coli,Aminoglycosides,9.35251798,J01G
2021,IT,Italy,Escherichia coli,Aminoglycosides,13.49845491,J01G
2021,LT,Lithuania,Escherichia coli,Aminoglycosides,8.32602979,J01G
2021,LU,Luxembourg,Escherichia coli,Aminoglycosides,8.75706214,J01G
2021,LV,Latvia,Escherichia coli,Aminoglycosides,10.91370558,J01G
2021,MT,Malta,Escherichia coli,Aminoglycosides,12.7090301,J01G
2021,NL,Netherlands,Escherichia coli,Aminoglycosides,5.99148418,J01G
2021,NO,Norway,Escherichia coli,Aminoglycosides,5.39202917,J01G
2021,PL,Poland,Escherichia coli,Aminoglycosides,13.72369624,J01G
2021,PT,Portugal,Escherichia coli,Aminoglycosides,10.61552185,J01G
2021,RO,Romania,Escherichia coli,Aminoglycosides,10.591133,J01G
2021,SE,Sweden,Escherichia coli,Aminoglycosides,5.98116321,J01G
2021,SI,Slovenia,Escherichia coli,Aminoglycosides,6.60321237,J01G
2021,SK,Slovakia,Escherichia coli,Aminoglycosides,14.17797888,J01G
2022,AT,Austria,Escherichia coli,Aminoglycosides,5.48033526,J01G
2022,BE,Belgium,Escherichia coli,Aminoglycosides,6.40235735,J01G
2022,BG,Bulgaria,Escherichia coli,Aminoglycosides,24.26778242,J01G
2022,CY,Cyprus,Escherichia coli,Aminoglycosides,15.17857142,J01G
2022,CZ,Czechia,Escherichia coli,Aminoglycosides,9.4196804,J01G
2022,DE,Germany,Escherichia coli,Aminoglycosides,5.13718803,J01G
2022,DK,Denmark,Escherichia coli,Aminoglycosides,4.75545777,J01G
2022,EE,Estonia,Escherichia coli,Aminoglycosides,5.59440559,J01G
2022,EL,Greece,Escherichia coli,Aminoglycosides,19.04761904,J01G
2022,ES,Spain,Escherichia coli,Aminoglycosides,12.47998291,J01G
2022,FI,Finland,Escherichia coli,Aminoglycosides,4.44240897,J01G
2022,FR,France,Escherichia coli,Aminoglycosides,6.15094339,J01G
2022,HR,Croatia,Escherichia coli,Aminoglycosides,16.04060913,J01G
2022,HU,Hungary,Escherichia coli,Aminoglycosides,16.32174931,J01G
2022,IE,Ireland,Escherichia coli,Aminoglycosides,8.65512649,J01G
2022,IS,Iceland,Escherichia coli,Aminoglycosides,7.65957446,J01G
2022,IT,Italy,Escherichia coli,Aminoglycosides,14.19757937,J01G
2022,LI,Liechtenstein,Escherichia coli,Aminoglycosides,,J01G
2022,LT,Lithuania,Escherichia coli,Aminoglycosides,8.33333333,J01G
2022,LU,Luxembourg,Escherichia coli,Aminoglycosides,7.24946695,J01G
2022,LV,Latvia,Escherichia coli,Aminoglycosides,11.80124223,J01G
2022,MT,Malta,Escherichia coli,Aminoglycosides,11.96319018,J01G
2022,NL,Netherlands,Escherichia coli,Aminoglycosides,6.16685144,J01G
2022,NO,Norway,Escherichia coli,Aminoglycosides,5.40328895,J01G
2022,PL,Poland,Escherichia coli,Aminoglycosides,12.32578397,J01G
2022,PT,Portugal,Escherichia coli,Aminoglycosides,11.7063492,J01G
2022,RO,Romania,Escherichia coli,Aminoglycosides,11.96013289,J01G
2022,SE,Sweden,Escherichia coli,Aminoglycosides,5.65930419,J01G
2022,SI,Slovenia,Escherichia coli,Aminoglycosides,7.95180722,J01G
2022,SK,Slovakia,Escherichia coli,Aminoglycosides,13.79310344,J01G
2023,AT,Austria,Escherichia coli,Aminoglycosides,5.35600425,J01G
2023,BE,Belgium,Escherichia coli,Aminoglycosides,7.5761327,J01G
2023,BG,Bulgaria,Escherichia coli,Aminoglycosides,28.43137254,J01G
2023,CY,Cyprus,Escherichia coli,Aminoglycosides,18.48484848,J01G
2023,CZ,Czechia,Escherichia coli,Aminoglycosides,9.76361767,J01G
2023,DE,Germany,Escherichia coli,Aminoglycosides,5.38582402,J01G
2023,DK,Denmark,Escherichia coli,Aminoglycosides,4.4870697,J01G
2023,EE,Estonia,Escherichia coli,Aminoglycosides,4.93482309,J01G
2023,EL,Greece,Escherichia coli,Aminoglycosides,20.62363238,J01G
2023,ES,Spain,Escherichia coli,Aminoglycosides,12.30096784,J01G
2023,FI,Finland,Escherichia coli,Aminoglycosides,4.83376562,J01G
2023,HR,Croatia,Escherichia coli,Aminoglycosides,17.76923076,J01G
2023,HU,Hungary,Escherichia coli,Aminoglycosides,14.77850399,J01G
2023,IE,Ireland,Escherichia coli,Aminoglycosides,8.74316939,J01G
2023,IS,Iceland,Escherichia coli,Aminoglycosides,5.42635658,J01G
2023,IT,Italy,Escherichia coli,Aminoglycosides,16.01035182,J01G
2023,LI,Liechtenstein,Escherichia coli,Aminoglycosides,,J01G
2023,LT,Lithuania,Escherichia coli,Aminoglycosides,11.33740665,J01G
2023,LU,Luxembourg,Escherichia coli,Aminoglycosides,9.97830802,J01G
2023,LV,Latvia,Escherichia coli,Aminoglycosides,15.06550218,J01G
2023,MT,Malta,Escherichia coli,Aminoglycosides,10.33653846,J01G
2023,NL,Netherlands,Escherichia coli,Aminoglycosides,5.19066445,J01G
2023,NO,Norway,Escherichia coli,Aminoglycosides,5.52347476,J01G
2023,PL,Poland,Escherichia coli,Aminoglycosides,14.13669064,J01G
2023,PT,Portugal,Escherichia coli,Aminoglycosides,13.17309193,J01G
2023,RO,Romania,Escherichia coli,Aminoglycosides,12.716763,J01G
2023,SE,Sweden,Escherichia coli,Aminoglycosides,6.16016427,J01G
2023,SI,Slovenia,Escherichia coli,Aminoglycosides,6.95546064,J01G
2023,SK,Slovakia,Escherichia coli,Aminoglycosides,13.81294964,J01G
2024,AT,Austria,Escherichia coli,Aminoglycosides,6.1315496,J01G
2024,BE,Belgium,Escherichia coli,Aminoglycosides,8.24305228,J01G
2024,BG,Bulgaria,Escherichia coli,Aminoglycosides,21.42857142,J01G
2024,CY,Cyprus,Escherichia coli,Aminoglycosides,18.25,J01G
2024,CZ,Czechia,Escherichia coli,Aminoglycosides,9.58069805,J01G
2024,DE,Germany,Escherichia coli,Aminoglycosides,5.52985751,J01G
2024,DK,Denmark,Escherichia coli,Aminoglycosides,4.53096157,J01G
2024,EE,Estonia,Escherichia coli,Aminoglycosides,5.12104283,J01G
2024,EL,Greece,Escherichia coli,Aminoglycosides,18.87034659,J01G
2024,ES,Spain,Escherichia coli,Aminoglycosides,12.80924634,J01G
2024,FI,Finland,Escherichia coli,Aminoglycosides,4.54985479,J01G
2024,FR,France,Escherichia coli,Aminoglycosides,7.03463203,J01G
2024,HR,Croatia,Escherichia coli,Aminoglycosides,18.1042654,J01G
2024,HU,Hungary,Escherichia coli,Aminoglycosides,13.11314584,J01G
2024,IE,Ireland,Escherichia coli,Aminoglycosides,9.39667128,J01G
2024,IS,Iceland,Escherichia coli,Aminoglycosides,8.96551724,J01G
2024,IT,Italy,Escherichia coli,Aminoglycosides,16.75404385,J01G
2024,LI,Liechtenstein,Escherichia coli,Aminoglycosides,,J01G
2024,LT,Lithuania,Escherichia coli,Aminoglycosides,9.57876514,J01G
2024,LU,Luxembourg,Escherichia coli,Aminoglycosides,6.48854961,J01G
2024,LV,Latvia,Escherichia coli,Aminoglycosides,21.75273865,J01G
2024,MT,Malta,Escherichia coli,Aminoglycosides,29.61460446,J01G
2024,NL,Netherlands,Escherichia coli,Aminoglycosides,5.92477532,J01G
2024,NO,Norway,Escherichia coli,Aminoglycosides,5.83501006,J01G
2024,PL,Poland,Escherichia coli,Aminoglycosides,13.31369661,J01G
2024,PT,Portugal,Escherichia coli,Aminoglycosides,13.64702635,J01G
2024,RO,Romania,Escherichia coli,Aminoglycosides,12.28668941,J01G
2024,SE,Sweden,Escherichia coli,Aminoglycosides,6.94976696,J01G
2024,SI,Slovenia,Escherichia coli,Aminoglycosides,7.60678759,J01G
2024,SK,Slovakia,Escherichia coli,Aminoglycosides,13.51351351,J01G
2000,EL,Greece,Escherichia coli,Carbapenems,1.06382978,J01D
2000,NL,Netherlands,Escherichia coli,Carbapenems,0.28901734,J01D
2000,NO,Norway,Escherichia coli,Carbapenems,0.16181229,J01D
2001,AT,Austria,Escherichia coli,Carbapenems,0.0,J01D
2001,BG,Bulgaria,Escherichia coli,Carbapenems,0.0,J01D
2001,CZ,Czechia,Escherichia coli,Carbapenems,0.0,J01D
2001,DE,Germany,Escherichia coli,Carbapenems,0.0,J01D
2001,EE,Estonia,Escherichia coli,Carbapenems,0.0,J01D
2001,EL,Greece,Escherichia coli,Carbapenems,1.01522842,J01D
2001,ES,Spain,Escherichia coli,Carbapenems,0.09487666,J01D
2001,FI,Finland,Escherichia coli,Carbapenems,0.0,J01D
2001,HR,Croatia,Escherichia coli,Carbapenems,0.0,J01D
2001,HU,Hungary,Escherichia coli,Carbapenems,0.0,J01D
2001,IS,Iceland,Escherichia coli,Carbapenems,0.0,J01D
2001,LU,Luxembourg,Escherichia coli,Carbapenems,0.0,J01D
2001,MT,Malta,Escherichia coli,Carbapenems,0.0,J01D
2001,NL,Netherlands,Escherichia coli,Carbapenems,0.10718113,J01D
2001,NO,Norway,Escherichia coli,Carbapenems,0.0,J01D
2001,PL,Poland,Escherichia coli,Carbapenems,,J01D
2002,AT,Austria,Escherichia coli,Carbapenems,0.0,J01D
2002,BG,Bulgaria,Escherichia coli,Carbapenems,0.0,J01D
2002,DE,Germany,Escherichia coli,Carbapenems,0.0,J01D
2002,EE,Estonia,Escherichia coli,Carbapenems,0.0,J01D
2002,EL,Greece,Escherichia coli,Carbapenems,0.35971223,J01D
2002,ES,Spain,Escherichia coli,Carbapenems,0.0,J01D
2002,FI,Finland,Escherichia coli,Carbapenems,0.0,J01D
2002,FR,France,Escherichia coli,Carbapenems,0.0,J01D
2002,HR,Croatia,Escherichia coli,Carbapenems,0.0,J01D
2002,HU,Hungary,Escherichia coli,Carbapenems,0.0,J01D
2002,IE,Ireland,Escherichia coli,Carbapenems,0.0,J01D
2002,IS,Iceland,Escherichia coli,Carbapenems,0.0,J01D
2002,LU,Luxembourg,Escherichia coli,Carbapenems,0.0,J01D
2002,MT,Malta,Escherichia coli,Carbapenems,0.0,J01D
2002,NL,Netherlands,Escherichia coli,Carbapenems,0.0,J01D
2002,NO,Norway,Escherichia coli,Carbapenems,0.13280212,J01D
2002,PL,Poland,Escherichia coli,Carbapenems,,J01D
2002,RO,Romania,Escherichia coli,Carbapenems,0.0,J01D
2002,SI,Slovenia,Escherichia coli,Carbapenems,0.0,J01D
2002,SK,Slovakia,Escherichia coli,Carbapenems,0.67567567,J01D
2003,AT,Austria,Escherichia coli,Carbapenems,0.15082956,J01D
2003,BG,Bulgaria,Escherichia coli,Carbapenems,0.0,J01D
2003,CY,Cyprus,Escherichia coli,Carbapenems,,J01D
2003,DE,Germany,Escherichia coli,Carbapenems,0.0,J01D
2003,EE,Estonia,Escherichia coli,Carbapenems,0.0,J01D
2003,EL,Greece,Escherichia coli,Carbapenems,0.38095238,J01D
2003,ES,Spain,Escherichia coli,Carbapenems,0.0,J01D
2003,FI,Finland,Escherichia coli,Carbapenems,0.0,J01D
2003,FR,France,Escherichia coli,Carbapenems,0.0,J01D
2003,HR,Croatia,Escherichia coli,Carbapenems,0.0,J01D
2003,HU,Hungary,Escherichia coli,Carbapenems,0.0,J01D
2003,IE,Ireland,Escherichia coli,Carbapenems,0.13422818,J01D
2003,IS,Iceland,Escherichia coli,Carbapenems,0.0,J01D
2003,LU,Luxembourg,Escherichia coli,Carbapenems,0.0,J01D
2003,MT,Malta,Escherichia coli,Carbapenems,0.0,J01D
2003,NL,Netherlands,Escherichia coli,Carbapenems,0.0,J01D
2003,NO,Norway,Escherichia coli,Carbapenems,0.0,J01D
2003,RO,Romania,Escherichia coli,Carbapenems,0.0,J01D
2003,SI,Slovenia,Escherichia coli,Carbapenems,0.0,J01D
2003,SK,Slovakia,Escherichia coli,Carbapenems,0.0,J01D
2004,AT,Austria,Escherichia coli,Carbapenems,0.23809523,J01D
2004,BG,Bulgaria,Escherichia coli,Carbapenems,0.0,J01D
2004,CY,Cyprus,Escherichia coli,Carbapenems,0.0,J01D
2004,DE,Germany,Escherichia coli,Carbapenems,0.69444444,J01D
2004,EE,Estonia,Escherichia coli,Carbapenems,0.0,J01D
2004,EL,Greece,Escherichia coli,Carbapenems,0.17905102,J01D
2004,ES,Spain,Escherichia coli,Carbapenems,0.0,J01D
2004,FI,Finland,Escherichia coli,Carbapenems,0.06583278,J01D
2004,FR,France,Escherichia coli,Carbapenems,0.0,J01D
2004,HR,Croatia,Escherichia coli,Carbapenems,0.0,J01D
2004,HU,Hungary,Escherichia coli,Carbapenems,0.23529411,J01D
2004,IE,Ireland,Escherichia coli,Carbapenems,0.0,J01D
2004,IS,Iceland,Escherichia coli,Carbapenems,0.0,J01D
2004,LU,Luxembourg,Escherichia coli,Carbapenems,0.0,J01D
2004,MT,Malta,Escherichia coli,Carbapenems,0.0,J01D
2004,NL,Netherlands,Escherichia coli,Carbapenems,0.25531914,J01D
2004,NO,Norway,Escherichia coli,Carbapenems,0.0,J01D
2004,PL,Poland,Escherichia coli,Carbapenems,,J01D
2004,RO,Romania,Escherichia coli,Carbapenems,2.7027027,J01D
2004,SI,Slovenia,Escherichia coli,Carbapenems,0.0,J01D
2004,SK,Slovakia,Escherichia coli,Carbapenems,0.0,J01D
2005,AT,Austria,Escherichia coli,Carbapenems,0.2108222,J01D
2005,BG,Bulgaria,Escherichia coli,Carbapenems,0.0,J01D
2005,CY,Cyprus,Escherichia coli,Carbapenems,0.0,J01D
2005,CZ,Czechia,Escherichia coli,Carbapenems,0.0,J01D
2005,DE,Germany,Escherichia coli,Carbapenems,0.24752475,J01D
2005,DK,Denmark,Escherichia coli,Carbapenems,0.0,J01D
2005,EE,Estonia,Escherichia coli,Carbapenems,0.0,J01D
2005,EL,Greece,Escherichia coli,Carbapenems,0.35335689,J01D
2005,ES,Spain,Escherichia coli,Carbapenems,0.03624501,J01D
2005,FI,Finland,Escherichia coli,Carbapenems,0.0,J01D
2005,FR,France,Escherichia coli,Carbapenems,0.0,J01D
2005,HR,Croatia,Escherichia coli,Carbapenems,0.0,J01D
2005,HU,Hungary,Escherichia coli,Carbapenems,0.10405827,J01D
2005,IE,Ireland,Escherichia coli,Carbapenems,0.0,J01D
2005,IS,Iceland,Escherichia coli,Carbapenems,0.0,J01D
2005,LU,Luxembourg,Escherichia coli,Carbapenems,0.0,J01D
2005,MT,Malta,Escherichia coli,Carbapenems,0.0,J01D
2005,NL,Netherlands,Escherichia coli,Carbapenems,0.07168458,J01D
2005,NO,Norway,Escherichia coli,Carbapenems,0.0,J01D
2005,PL,Poland,Escherichia coli,Carbapenems,,J01D
2005,RO,Romania,Escherichia coli,Carbapenems,0.0,J01D
2005,SE,Sweden,Escherichia coli,Carbapenems,0.0,J01D
2005,SI,Slovenia,Escherichia coli,Carbapenems,0.0,J01D
2005,SK,Slovakia,Escherichia coli,Carbapenems,0.0,J01D
2006,AT,Austria,Escherichia coli,Carbapenems,0.28392958,J01D
2006,BG,Bulgaria,Escherichia coli,Carbapenems,0.0,J01D
2006,CY,Cyprus,Escherichia coli,Carbapenems,0.0,J01D
2006,CZ,Czechia,Escherichia coli,Carbapenems,0.0,J01D
2006,DE,Germany,Escherichia coli,Carbapenems,0.1345895,J01D
2006,DK,Denmark,Escherichia coli,Carbapenems,0.6060606,J01D
2006,EE,Estonia,Escherichia coli,Carbapenems,0.0,J01D
2006,EL,Greece,Escherichia coli,Carbapenems,0.40749796,J01D
2006,ES,Spain,Escherichia coli,Carbapenems,0.03229974,J01D
2006,FI,Finland,Escherichia coli,Carbapenems,0.0,J01D
2006,FR,France,Escherichia coli,Carbapenems,0.0,J01D
2006,HR,Croatia,Escherichia coli,Carbapenems,0.0,J01D
2006,HU,Hungary,Escherichia coli,Carbapenems,0.19398642,J01D
2006,IE,Ireland,Escherichia coli,Carbapenems,0.0,J01D
2006,IS,Iceland,Escherichia coli,Carbapenems,0.0,J01D
2006,LT,Lithuania,Escherichia coli,Carbapenems,0.0,J01D
2006,LU,Luxembourg,Escherichia coli,Carbapenems,,J01D
2006,LV,Latvia,Escherichia coli,Carbapenems,0.0,J01D
2006,MT,Malta,Escherichia coli,Carbapenems,0.0,J01D
2006,NL,Netherlands,Escherichia coli,Carbapenems,0.04730368,J01D
2006,NO,Norway,Escherichia coli,Carbapenems,0.07230657,J01D
2006,PL,Poland,Escherichia coli,Carbapenems,,J01D
2006,RO,Romania,Escherichia coli,Carbapenems,3.03030303,J01D
2006,SE,Sweden,Escherichia coli,Carbapenems,,J01D
2006,SI,Slovenia,Escherichia coli,Carbapenems,0.0,J01D
2006,UK,United Kingdom,Escherichia coli,Carbapenems,0.20422055,J01D
2007,AT,Austria,Escherichia coli,Carbapenems,0.19389238,J01D
2007,BG,Bulgaria,Escherichia coli,Carbapenems,0.0,J01D
2007,CY,Cyprus,Escherichia coli,Carbapenems,1.85185185,J01D
2007,CZ,Czechia,Escherichia coli,Carbapenems,0.22547914,J01D
2007,DE,Germany,Escherichia coli,Carbapenems,0.2096436,J01D
2007,DK,Denmark,Escherichia coli,Carbapenems,0.0,J01D
2007,EE,Estonia,Escherichia coli,Carbapenems,0.0,J01D
2007,EL,Greece,Escherichia coli,Carbapenems,0.08230452,J01D
2007,ES,Spain,Escherichia coli,Carbapenems,0.0,J01D
2007,FI,Finland,Escherichia coli,Carbapenems,0.0,J01D
2007,FR,France,Escherichia coli,Carbapenems,0.0,J01D
2007,HR,Croatia,Escherichia coli,Carbapenems,0.11709601,J01D
2007,HU,Hungary,Escherichia coli,Carbapenems,0.0,J01D
2007,IE,Ireland,Escherichia coli,Carbapenems,0.0,J01D
2007,IS,Iceland,Escherichia coli,Carbapenems,0.0,J01D
2007,IT,Italy,Escherichia coli,Carbapenems,0.10224948,J01D
2007,LT,Lithuania,Escherichia coli,Carbapenems,0.0,J01D
2007,LU,Luxembourg,Escherichia coli,Carbapenems,0.0,J01D
2007,LV,Latvia,Escherichia coli,Carbapenems,0.0,J01D
2007,MT,Malta,Escherichia coli,Carbapenems,0.0,J01D
2007,NL,Netherlands,Escherichia coli,Carbapenems,0.05359056,J01D
2007,NO,Norway,Escherichia coli,Carbapenems,0.0,J01D
2007,PL,Poland,Escherichia coli,Carbapenems,,J01D
2007,PT,Portugal,Escherichia coli,Carbapenems,0.41152263,J01D
2007,RO,Romania,Escherichia coli,Carbapenems,0.0,J01D
2007,SE,Sweden,Escherichia coli,Carbapenems,0.0,J01D
2007,SI,Slovenia,Escherichia coli,Carbapenems,0.0,J01D
2007,UK,United Kingdom,Escherichia coli,Carbapenems,0.06480881,J01D
2008,AT,Austria,Escherichia coli,Carbapenems,0.166044,J01D
2008,BG,Bulgaria,Escherichia coli,Carbapenems,0.0,J01D
2008,CY,Cyprus,Escherichia coli,Carbapenems,0.0,J01D
2008,CZ,Czechia,Escherichia coli,Carbapenems,0.04732607,J01D
2008,DE,Germany,Escherichia coli,Carbapenems,0.0,J01D
2008,DK,Denmark,Escherichia coli,Carbapenems,0.05151983,J01D
2008,EE,Estonia,Escherichia coli,Carbapenems,0.88495575,J01D
2008,EL,Greece,Escherichia coli,Carbapenems,0.34674063,J01D
2008,ES,Spain,Escherichia coli,Carbapenems,0.0,J01D
2008,FI,Finland,Escherichia coli,Carbapenems,0.04826254,J01D
2008,FR,France,Escherichia coli,Carbapenems,0.01418238,J01D
2008,HR,Croatia,Escherichia coli,Carbapenems,0.0,J01D
2008,HU,Hungary,Escherichia coli,Carbapenems,0.10152284,J01D
2008,IE,Ireland,Escherichia coli,Carbapenems,0.0,J01D
2008,IS,Iceland,Escherichia coli,Carbapenems,0.0,J01D
2008,IT,Italy,Escherichia coli,Carbapenems,0.0,J01D
2008,LT,Lithuania,Escherichia coli,Carbapenems,0.0,J01D
2008,LU,Luxembourg,Escherichia coli,Carbapenems,,J01D
2008,LV,Latvia,Escherichia coli,Carbapenems,0.0,J01D
2008,MT,Malta,Escherichia coli,Carbapenems,0.0,J01D
2008,NL,Netherlands,Escherichia coli,Carbapenems,0.04508566,J01D
2008,NO,Norway,Escherichia coli,Carbapenems,0.06476683,J01D
2008,PL,Poland,Escherichia coli,Carbapenems,,J01D
2008,PT,Portugal,Escherichia coli,Carbapenems,0.0,J01D
2008,RO,Romania,Escherichia coli,Carbapenems,0.0,J01D
2008,SE,Sweden,Escherichia coli,Carbapenems,0.0,J01D
2008,SI,Slovenia,Escherichia coli,Carbapenems,0.0,J01D
2008,UK,United Kingdom,Escherichia coli,Carbapenems,0.13927576,J01D
2009,AT,Austria,Escherichia coli,Carbapenems,0.14251781,J01D
2009,BG,Bulgaria,Escherichia coli,Carbapenems,0.66225165,J01D
2009,CY,Cyprus,Escherichia coli,Carbapenems,0.0,J01D
2009,CZ,Czechia,Escherichia coli,Carbapenems,0.05966587,J01D
2009,DE,Germany,Escherichia coli,Carbapenems,0.0,J01D
2009,DK,Denmark,Escherichia coli,Carbapenems,0.0,J01D
2009,EE,Estonia,Escherichia coli,Carbapenems,0.0,J01D
2009,EL,Greece,Escherichia coli,Carbapenems,0.71823204,J01D
2009,ES,Spain,Escherichia coli,Carbapenems,0.0,J01D
2009,FI,Finland,Escherichia coli,Carbapenems,0.0,J01D
2009,FR,France,Escherichia coli,Carbapenems,0.02586987,J01D
2009,HU,Hungary,Escherichia coli,Carbapenems,0.0,J01D
2009,IE,Ireland,Escherichia coli,Carbapenems,0.0,J01D
2009,IS,Iceland,Escherichia coli,Carbapenems,0.0,J01D
2009,IT,Italy,Escherichia coli,Carbapenems,0.0,J01D
2009,LT,Lithuania,Escherichia coli,Carbapenems,0.0,J01D
2009,LU,Luxembourg,Escherichia coli,Carbapenems,0.0,J01D
2009,LV,Latvia,Escherichia coli,Carbapenems,2.35294117,J01D
2009,MT,Malta,Escherichia coli,Carbapenems,1.26582278,J01D
2009,NL,Netherlands,Escherichia coli,Carbapenems,0.0,J01D
2009,NO,Norway,Escherichia coli,Carbapenems,0.0,J01D
2009,PL,Poland,Escherichia coli,Carbapenems,0.0,J01D
2009,PT,Portugal,Escherichia coli,Carbapenems,0.18007202,J01D
2009,RO,Romania,Escherichia coli,Carbapenems,,J01D
2009,SE,Sweden,Escherichia coli,Carbapenems,,J01D
2009,SI,Slovenia,Escherichia coli,Carbapenems,0.0,J01D
2009,UK,United Kingdom,Escherichia coli,Carbapenems,0.02891008,J01D
2010,AT,Austria,Escherichia coli,Carbapenems,0.04056795,J01D
2010,BE,Belgium,Escherichia coli,Carbapenems,0.0,J01D
2010,BG,Bulgaria,Escherichia coli,Carbapenems,0.0,J01D
2010,CY,Cyprus,Escherichia coli,Carbapenems,0.72463768,J01D
2010,CZ,Czechia,Escherichia coli,Carbapenems,0.06071645,J01D
2010,DE,Germany,Escherichia coli,Carbapenems,0.03411804,J01D
2010,DK,Denmark,Escherichia coli,Carbapenems,0.0,J01D
2010,EE,Estonia,Escherichia coli,Carbapenems,0.0,J01D
2010,EL,Greece,Escherichia coli,Carbapenems,0.3949967,J01D
2010,ES,Spain,Escherichia coli,Carbapenems,0.01755617,J01D
2010,FI,Finland,Escherichia coli,Carbapenems,0.0,J01D
2010,FR,France,Escherichia coli,Carbapenems,0.0,J01D
2010,HR,Croatia,Escherichia coli,Carbapenems,0.34403669,J01D
2010,HU,Hungary,Escherichia coli,Carbapenems,0.1525553,J01D
2010,IE,Ireland,Escherichia coli,Carbapenems,0.0,J01D
2010,IS,Iceland,Escherichia coli,Carbapenems,0.0,J01D
2010,IT,Italy,Escherichia coli,Carbapenems,0.1156961,J01D
2010,LT,Lithuania,Escherichia coli,Carbapenems,0.0,J01D
2010,LU,Luxembourg,Escherichia coli,Carbapenems,0.0,J01D
2010,LV,Latvia,Escherichia coli,Carbapenems,0.0,J01D
2010,MT,Malta,Escherichia coli,Carbapenems,0.0,J01D
2010,NL,Netherlands,Escherichia coli,Carbapenems,0.08216926,J01D
2010,NO,Norway,Escherichia coli,Carbapenems,0.0,J01D
2010,PL,Poland,Escherichia coli,Carbapenems,0.14224751,J01D
2010,PT,Portugal,Escherichia coli,Carbapenems,0.27720027,J01D
2010,RO,Romania,Escherichia coli,Carbapenems,0.0,J01D
2010,SE,Sweden,Escherichia coli,Carbapenems,0.02586652,J01D
2010,SI,Slovenia,Escherichia coli,Carbapenems,0.0,J01D
2010,UK,United Kingdom,Escherichia coli,Carbapenems,0.02484472,J01D
2011,AT,Austria,Escherichia coli,Carbapenems,0.03687315,J01D
2011,BE,Belgium,Escherichia coli,Carbapenems,0.0,J01D
2011,BG,Bulgaria,Escherichia coli,Carbapenems,0.0,J01D
2011,CY,Cyprus,Escherichia coli,Carbapenems,0.72463768,J01D
2011,CZ,Czechia,Escherichia coli,Carbapenems,0.0,J01D
2011,DE,Germany,Escherichia coli,Carbapenems,0.02783189,J01D
2011,DK,Denmark,Escherichia coli,Carbapenems,0.0,J01D
2011,EE,Estonia,Escherichia coli,Carbapenems,0.0,J01D
2011,EL,Greece,Escherichia coli,Carbapenems,0.88731144,J01D
2011,ES,Spain,Escherichia coli,Carbapenems,0.01787949,J01D
2011,FI,Finland,Escherichia coli,Carbapenems,0.0,J01D
2011,FR,France,Escherichia coli,Carbapenems,0.02352111,J01D
2011,HR,Croatia,Escherichia coli,Carbapenems,0.0,J01D
2011,HU,Hungary,Escherichia coli,Carbapenems,0.08688097,J01D
2011,IE,Ireland,Escherichia coli,Carbapenems,0.0,J01D
2011,IT,Italy,Escherichia coli,Carbapenems,0.16181229,J01D
2011,LT,Lithuania,Escherichia coli,Carbapenems,,J01D
2011,LU,Luxembourg,Escherichia coli,Carbapenems,0.0,J01D
2011,LV,Latvia,Escherichia coli,Carbapenems,0.0,J01D
2011,MT,Malta,Escherichia coli,Carbapenems,0.0,J01D
2011,NL,Netherlands,Escherichia coli,Carbapenems,0.12903225,J01D
2011,NO,Norway,Escherichia coli,Carbapenems,0.03863987,J01D
2011,PL,Poland,Escherichia coli,Carbapenems,0.09398496,J01D
2011,PT,Portugal,Escherichia coli,Carbapenems,0.0,J01D
2011,RO,Romania,Escherichia coli,Carbapenems,0.0,J01D
2011,SE,Sweden,Escherichia coli,Carbapenems,0.0,J01D
2011,SI,Slovenia,Escherichia coli,Carbapenems,0.0,J01D
2011,SK,Slovakia,Escherichia coli,Carbapenems,0.0,J01D
2011,UK,United Kingdom,Escherichia coli,Carbapenems,0.06465517,J01D
2012,AT,Austria,Escherichia coli,Carbapenems,0.05988023,J01D
2012,BE,Belgium,Escherichia coli,Carbapenems,0.02427773,J01D
2012,BG,Bulgaria,Escherichia coli,Carbapenems,2.61780104,J01D
2012,CY,Cyprus,Escherichia coli,Carbapenems,0.0,J01D
2012,CZ,Czechia,Escherichia coli,Carbapenems,0.05783689,J01D
2012,DE,Germany,Escherichia coli,Carbapenems,0.02390057,J01D
2012,DK,Denmark,Escherichia coli,Carbapenems,0.0,J01D
2012,EE,Estonia,Escherichia coli,Carbapenems,0.0,J01D
2012,EL,Greece,Escherichia coli,Carbapenems,1.43266475,J01D
2012,ES,Spain,Escherichia coli,Carbapenems,0.05291005,J01D
2012,FI,Finland,Escherichia coli,Carbapenems,0.0,J01D
2012,FR,France,Escherichia coli,Carbapenems,0.0,J01D
2012,HR,Croatia,Escherichia coli,Carbapenems,0.0,J01D
2012,HU,Hungary,Escherichia coli,Carbapenems,0.0,J01D
2012,IE,Ireland,Escherichia coli,Carbapenems,0.0,J01D
2012,IT,Italy,Escherichia coli,Carbapenems,0.26481297,J01D
2012,LT,Lithuania,Escherichia coli,Carbapenems,0.0,J01D
2012,LU,Luxembourg,Escherichia coli,Carbapenems,0.0,J01D
2012,LV,Latvia,Escherichia coli,Carbapenems,0.0,J01D
2012,MT,Malta,Escherichia coli,Carbapenems,0.0,J01D
2012,NL,Netherlands,Escherichia coli,Carbapenems,0.13538669,J01D
2012,NO,Norway,Escherichia coli,Carbapenems,0.0,J01D
2012,PL,Poland,Escherichia coli,Carbapenems,0.0,J01D
2012,PT,Portugal,Escherichia coli,Carbapenems,0.14698677,J01D
2012,RO,Romania,Escherichia coli,Carbapenems,0.0,J01D
2012,SE,Sweden,Escherichia coli,Carbapenems,0.01808645,J01D
2012,SI,Slovenia,Escherichia coli,Carbapenems,0.0,J01D
2012,SK,Slovakia,Escherichia coli,Carbapenems,1.06221547,J01D
2012,UK,United Kingdom,Escherichia coli,Carbapenems,0.21227325,J01D
2013,AT,Austria,Escherichia coli,Carbapenems,0.02349072,J01D
2013,BE,Belgium,Escherichia coli,Carbapenems,0.04710315,J01D
2013,BG,Bulgaria,Escherichia coli,Carbapenems,2.84090909,J01D
2013,CY,Cyprus,Escherichia coli,Carbapenems,0.0,J01D
2013,CZ,Czechia,Escherichia coli,Carbapenems,0.0,J01D
2013,DE,Germany,Escherichia coli,Carbapenems,0.09375585,J01D
2013,DK,Denmark,Escherichia coli,Carbapenems,0.03531073,J01D
2013,EE,Estonia,Escherichia coli,Carbapenems,0.0,J01D
2013,EL,Greece,Escherichia coli,Carbapenems,1.35350318,J01D
2013,ES,Spain,Escherichia coli,Carbapenems,0.74311771,J01D
2013,FI,Finland,Escherichia coli,Carbapenems,0.0,J01D
2013,FR,France,Escherichia coli,Carbapenems,0.11476264,J01D
2013,HR,Croatia,Escherichia coli,Carbapenems,0.0,J01D
2013,HU,Hungary,Escherichia coli,Carbapenems,0.14760147,J01D
2013,IE,Ireland,Escherichia coli,Carbapenems,0.04038772,J01D
2013,IS,Iceland,Escherichia coli,Carbapenems,,J01D
2013,IT,Italy,Escherichia coli,Carbapenems,0.62672348,J01D
2013,LT,Lithuania,Escherichia coli,Carbapenems,0.0,J01D
2013,LU,Luxembourg,Escherichia coli,Carbapenems,0.0,J01D
2013,LV,Latvia,Escherichia coli,Carbapenems,0.0,J01D
2013,MT,Malta,Escherichia coli,Carbapenems,0.0,J01D
2013,NL,Netherlands,Escherichia coli,Carbapenems,0.0,J01D
2013,NO,Norway,Escherichia coli,Carbapenems,0.06495615,J01D
2013,PL,Poland,Escherichia coli,Carbapenems,0.0,J01D
2013,PT,Portugal,Escherichia coli,Carbapenems,0.11244377,J01D
2013,RO,Romania,Escherichia coli,Carbapenems,0.0,J01D
2013,SE,Sweden,Escherichia coli,Carbapenems,0.02722199,J01D
2013,SI,Slovenia,Escherichia coli,Carbapenems,0.08169934,J01D
2013,SK,Slovakia,Escherichia coli,Carbapenems,0.0,J01D
2013,UK,United Kingdom,Escherichia coli,Carbapenems,0.04799232,J01D
2014,AT,Austria,Escherichia coli,Carbapenems,0.02173913,J01D
2014,BE,Belgium,Escherichia coli,Carbapenems,0.03825554,J01D
2014,BG,Bulgaria,Escherichia coli,Carbapenems,0.50761421,J01D
2014,CY,Cyprus,Escherichia coli,Carbapenems,0.0,J01D
2014,CZ,Czechia,Escherichia coli,Carbapenems,0.0,J01D
2014,DE,Germany,Escherichia coli,Carbapenems,0.06403073,J01D
2014,DK,Denmark,Escherichia coli,Carbapenems,0.02534211,J01D
2014,EE,Estonia,Escherichia coli,Carbapenems,0.0,J01D
2014,EL,Greece,Escherichia coli,Carbapenems,1.15864527,J01D
2014,ES,Spain,Escherichia coli,Carbapenems,0.05157297,J01D
2014,FI,Finland,Escherichia coli,Carbapenems,0.0,J01D
2014,FR,France,Escherichia coli,Carbapenems,0.01031672,J01D
2014,HR,Croatia,Escherichia coli,Carbapenems,0.0,J01D
2014,HU,Hungary,Escherichia coli,Carbapenems,0.0,J01D
2014,IE,Ireland,Escherichia coli,Carbapenems,0.03707823,J01D
2014,IS,Iceland,Escherichia coli,Carbapenems,,J01D
2014,IT,Italy,Escherichia coli,Carbapenems,0.21645021,J01D
2014,LT,Lithuania,Escherichia coli,Carbapenems,0.0,J01D
2014,LU,Luxembourg,Escherichia coli,Carbapenems,0.27173913,J01D
2014,LV,Latvia,Escherichia coli,Carbapenems,0.0,J01D
2014,MT,Malta,Escherichia coli,Carbapenems,0.0,J01D
2014,NL,Netherlands,Escherichia coli,Carbapenems,0.0,J01D
2014,NO,Norway,Escherichia coli,Carbapenems,0.0,J01D
2014,PL,Poland,Escherichia coli,Carbapenems,0.20429009,J01D
2014,PT,Portugal,Escherichia coli,Carbapenems,0.020008,J01D
2014,RO,Romania,Escherichia coli,Carbapenems,0.6557377,J01D
2014,SE,Sweden,Escherichia coli,Carbapenems,0.0,J01D
2014,SI,Slovenia,Escherichia coli,Carbapenems,0.0,J01D
2014,SK,Slovakia,Escherichia coli,Carbapenems,0.0,J01D
2014,UK,United Kingdom,Escherichia coli,Carbapenems,0.14135385,J01D
2015,AT,Austria,Escherichia coli,Carbapenems,0.0210084,J01D
2015,BE,Belgium,Escherichia coli,Carbapenems,0.0,J01D
2015,BG,Bulgaria,Escherichia coli,Carbapenems,0.0,J01D
2015,CY,Cyprus,Escherichia coli,Carbapenems,0.0,J01D
2015,CZ,Czechia,Escherichia coli,Carbapenems,0.0,J01D
2015,DE,Germany,Escherichia coli,Carbapenems,0.03321523,J01D
2015,DK,Denmark,Escherichia coli,Carbapenems,0.02471576,J01D
2015,EE,Estonia,Escherichia coli,Carbapenems,0.0,J01D
2015,EL,Greece,Escherichia coli,Carbapenems,1.15226337,J01D
2015,ES,Spain,Escherichia coli,Carbapenems,0.01562744,J01D
2015,FI,Finland,Escherichia coli,Carbapenems,0.0,J01D
2015,FR,France,Escherichia coli,Carbapenems,0.02862322,J01D
2015,HR,Croatia,Escherichia coli,Carbapenems,0.0,J01D
2015,HU,Hungary,Escherichia coli,Carbapenems,0.0,J01D
2015,IE,Ireland,Escherichia coli,Carbapenems,0.03824091,J01D
2015,IT,Italy,Escherichia coli,Carbapenems,0.19670958,J01D
2015,LT,Lithuania,Escherichia coli,Carbapenems,0.0,J01D
2015,LU,Luxembourg,Escherichia coli,Carbapenems,0.0,J01D
2015,LV,Latvia,Escherichia coli,Carbapenems,0.0,J01D
2015,MT,Malta,Escherichia coli,Carbapenems,0.0,J01D
2015,NL,Netherlands,Escherichia coli,Carbapenems,0.01414427,J01D
2015,NO,Norway,Escherichia coli,Carbapenems,0.0303306,J01D
2015,PL,Poland,Escherichia coli,Carbapenems,0.13342228,J01D
2015,PT,Portugal,Escherichia coli,Carbapenems,0.09338812,J01D
2015,RO,Romania,Escherichia coli,Carbapenems,1.90217391,J01D
2015,SE,Sweden,Escherichia coli,Carbapenems,0.07537214,J01D
2015,SI,Slovenia,Escherichia coli,Carbapenems,0.0,J01D
2015,SK,Slovakia,Escherichia coli,Carbapenems,0.0,J01D
2015,UK,United Kingdom,Escherichia coli,Carbapenems,0.25468437,J01D
2016,AT,Austria,Escherichia coli,Carbapenems,0.01947798,J01D
2016,BE,Belgium,Escherichia coli,Carbapenems,0.0520156,J01D
2016,BG,Bulgaria,Escherichia coli,Carbapenems,0.89285714,J01D
2016,CY,Cyprus,Escherichia coli,Carbapenems,0.0,J01D
2016,CZ,Czechia,Escherichia coli,Carbapenems,0.0,J01D
2016,DE,Germany,Escherichia coli,Carbapenems,0.0058153,J01D
2016,DK,Denmark,Escherichia coli,Carbapenems,0.0,J01D
2016,EE,Estonia,Escherichia coli,Carbapenems,0.0,J01D
2016,EL,Greece,Escherichia coli,Carbapenems,0.92095165,J01D
2016,ES,Spain,Escherichia coli,Carbapenems,0.05887547,J01D
2016,FI,Finland,Escherichia coli,Carbapenems,0.02069536,J01D
2016,FR,France,Escherichia coli,Carbapenems,0.00914996,J01D
2016,HR,Croatia,Escherichia coli,Carbapenems,0.0,J01D
2016,HU,Hungary,Escherichia coli,Carbapenems,0.0,J01D
2016,IE,Ireland,Escherichia coli,Carbapenems,0.033456,J01D
2016,IS,Iceland,Escherichia coli,Carbapenems,,J01D
2016,IT,Italy,Escherichia coli,Carbapenems,0.26203734,J01D
2016,LT,Lithuania,Escherichia coli,Carbapenems,0.0,J01D
2016,LU,Luxembourg,Escherichia coli,Carbapenems,0.0,J01D
2016,LV,Latvia,Escherichia coli,Carbapenems,0.0,J01D
2016,MT,Malta,Escherichia coli,Carbapenems,0.0,J01D
2016,NL,Netherlands,Escherichia coli,Carbapenems,0.01380262,J01D
2016,NO,Norway,Escherichia coli,Carbapenems,0.05530973,J01D
2016,PL,Poland,Escherichia coli,Carbapenems,0.0391696,J01D
2016,PT,Portugal,Escherichia coli,Carbapenems,0.01736111,J01D
2016,RO,Romania,Escherichia coli,Carbapenems,0.973236,J01D
2016,SE,Sweden,Escherichia coli,Carbapenems,0.08661758,J01D
2016,SI,Slovenia,Escherichia coli,Carbapenems,0.0,J01D
2016,SK,Slovakia,Escherichia coli,Carbapenems,0.0,J01D
2016,UK,United Kingdom,Escherichia coli,Carbapenems,0.030753,J01D
2017,AT,Austria,Escherichia coli,Carbapenems,0.01913143,J01D
2017,BE,Belgium,Escherichia coli,Carbapenems,0.0214041,J01D
2017,BG,Bulgaria,Escherichia coli,Carbapenems,0.0,J01D
2017,CY,Cyprus,Escherichia coli,Carbapenems,1.28205128,J01D
2017,CZ,Czechia,Escherichia coli,Carbapenems,0.0,J01D
2017,DE,Germany,Escherichia coli,Carbapenems,0.01307759,J01D
2017,DK,Denmark,Escherichia coli,Carbapenems,0.0195427,J01D
2017,EE,Estonia,Escherichia coli,Carbapenems,0.0,J01D
2017,EL,Greece,Escherichia coli,Carbapenems,1.56782549,J01D
2017,ES,Spain,Escherichia coli,Carbapenems,0.01659475,J01D
2017,FI,Finland,Escherichia coli,Carbapenems,0.0,J01D
2017,FR,France,Escherichia coli,Carbapenems,0.01557268,J01D
2017,HR,Croatia,Escherichia coli,Carbapenems,0.0,J01D
2017,HU,Hungary,Escherichia coli,Carbapenems,0.05032712,J01D
2017,IE,Ireland,Escherichia coli,Carbapenems,0.03209242,J01D
2017,IS,Iceland,Escherichia coli,Carbapenems,,J01D
2017,IT,Italy,Escherichia coli,Carbapenems,0.28846153,J01D
2017,LT,Lithuania,Escherichia coli,Carbapenems,0.0,J01D
2017,LU,Luxembourg,Escherichia coli,Carbapenems,0.0,J01D
2017,LV,Latvia,Escherichia coli,Carbapenems,0.0,J01D
2017,MT,Malta,Escherichia coli,Carbapenems,0.0,J01D
2017,NL,Netherlands,Escherichia coli,Carbapenems,0.01332267,J01D
2017,NO,Norway,Escherichia coli,Carbapenems,0.08036431,J01D
2017,PL,Poland,Escherichia coli,Carbapenems,0.03648303,J01D
2017,PT,Portugal,Escherichia coli,Carbapenems,0.32894736,J01D
2017,RO,Romania,Escherichia coli,Carbapenems,0.39215686,J01D
2017,SE,Sweden,Escherichia coli,Carbapenems,0.01733402,J01D
2017,SI,Slovenia,Escherichia coli,Carbapenems,0.0,J01D
2017,SK,Slovakia,Escherichia coli,Carbapenems,0.0,J01D
2017,UK,United Kingdom,Escherichia coli,Carbapenems,0.02327591,J01D
2018,AT,Austria,Escherichia coli,Carbapenems,0.07189072,J01D
2018,BE,Belgium,Escherichia coli,Carbapenems,0.06464124,J01D
2018,BG,Bulgaria,Escherichia coli,Carbapenems,1.36986301,J01D
2018,CY,Cyprus,Escherichia coli,Carbapenems,2.0,J01D
2018,CZ,Czechia,Escherichia coli,Carbapenems,0.05707762,J01D
2018,DE,Germany,Escherichia coli,Carbapenems,0.01821742,J01D
2018,DK,Denmark,Escherichia coli,Carbapenems,0.0,J01D
2018,EE,Estonia,Escherichia coli,Carbapenems,0.0,J01D
2018,EL,Greece,Escherichia coli,Carbapenems,1.03658536,J01D
2018,ES,Spain,Escherichia coli,Carbapenems,0.03785966,J01D
2018,FI,Finland,Escherichia coli,Carbapenems,0.01977456,J01D
2018,FR,France,Escherichia coli,Carbapenems,0.04839099,J01D
2018,HR,Croatia,Escherichia coli,Carbapenems,0.0,J01D
2018,HU,Hungary,Escherichia coli,Carbapenems,0.0,J01D
2018,IE,Ireland,Escherichia coli,Carbapenems,0.0,J01D
2018,IS,Iceland,Escherichia coli,Carbapenems,,J01D
2018,IT,Italy,Escherichia coli,Carbapenems,0.36888428,J01D
2018,LT,Lithuania,Escherichia coli,Carbapenems,0.0,J01D
2018,LU,Luxembourg,Escherichia coli,Carbapenems,0.0,J01D
2018,LV,Latvia,Escherichia coli,Carbapenems,0.0,J01D
2018,MT,Malta,Escherichia coli,Carbapenems,0.0,J01D
2018,NL,Netherlands,Escherichia coli,Carbapenems,0.01208897,J01D
2018,NO,Norway,Escherichia coli,Carbapenems,0.02577984,J01D
2018,PL,Poland,Escherichia coli,Carbapenems,0.12,J01D
2018,PT,Portugal,Escherichia coli,Carbapenems,0.53475935,J01D
2018,RO,Romania,Escherichia coli,Carbapenems,0.0,J01D
2018,SE,Sweden,Escherichia coli,Carbapenems,0.01855976,J01D
2018,SI,Slovenia,Escherichia coli,Carbapenems,0.0,J01D
2018,SK,Slovakia,Escherichia coli,Carbapenems,0.0,J01D
2018,UK,United Kingdom,Escherichia coli,Carbapenems,0.04162797,J01D
2019,AT,Austria,Escherichia coli,Carbapenems,0.0,J01D
2019,BE,Belgium,Escherichia coli,Carbapenems,0.05094243,J01D
2019,BG,Bulgaria,Escherichia coli,Carbapenems,0.0,J01D
2019,CY,Cyprus,Escherichia coli,Carbapenems,0.0,J01D
2019,CZ,Czechia,Escherichia coli,Carbapenems,0.0,J01D
2019,DE,Germany,Escherichia coli,Carbapenems,0.01282544,J01D
2019,DK,Denmark,Escherichia coli,Carbapenems,0.07172314,J01D
2019,EE,Estonia,Escherichia coli,Carbapenems,0.0,J01D
2019,EL,Greece,Escherichia coli,Carbapenems,0.98522167,J01D
2019,ES,Spain,Escherichia coli,Carbapenems,1.9410496,J01D
2019,FI,Finland,Escherichia coli,Carbapenems,0.0187582,J01D
2019,FR,France,Escherichia coli,Carbapenems,0.04748338,J01D
2019,HR,Croatia,Escherichia coli,Carbapenems,0.18348623,J01D
2019,HU,Hungary,Escherichia coli,Carbapenems,0.0,J01D
2019,IE,Ireland,Escherichia coli,Carbapenems,0.0,J01D
2019,IS,Iceland,Escherichia coli,Carbapenems,,J01D
2019,IT,Italy,Escherichia coli,Carbapenems,0.38042842,J01D
2019,LT,Lithuania,Escherichia coli,Carbapenems,0.17825311,J01D
2019,LU,Luxembourg,Escherichia coli,Carbapenems,0.60975609,J01D
2019,LV,Latvia,Escherichia coli,Carbapenems,0.0,J01D
2019,MT,Malta,Escherichia coli,Carbapenems,0.0,J01D
2019,NL,Netherlands,Escherichia coli,Carbapenems,0.0,J01D
2019,NO,Norway,Escherichia coli,Carbapenems,0.04950495,J01D
2019,PL,Poland,Escherichia coli,Carbapenems,0.0,J01D
2019,PT,Portugal,Escherichia coli,Carbapenems,0.06277463,J01D
2019,RO,Romania,Escherichia coli,Carbapenems,0.6006006,J01D
2019,SE,Sweden,Escherichia coli,Carbapenems,0.02124721,J01D
2019,SI,Slovenia,Escherichia coli,Carbapenems,0.0,J01D
2019,SK,Slovakia,Escherichia coli,Carbapenems,0.12738853,J01D
2019,UK,United Kingdom,Escherichia coli,Carbapenems,0.04052821,J01D
2020,AT,Austria,Escherichia coli,Carbapenems,0.09725734,J01D
2020,BE,Belgium,Escherichia coli,Carbapenems,0.02423654,J01D
2020,BG,Bulgaria,Escherichia coli,Carbapenems,0.76628352,J01D
2020,CY,Cyprus,Escherichia coli,Carbapenems,0.0,J01D
2020,CZ,Czechia,Escherichia coli,Carbapenems,0.13333333,J01D
2020,DE,Germany,Escherichia coli,Carbapenems,0.01756975,J01D
2020,DK,Denmark,Escherichia coli,Carbapenems,0.15410958,J01D
2020,EE,Estonia,Escherichia coli,Carbapenems,0.0,J01D
2020,EL,Greece,Escherichia coli,Carbapenems,0.53003533,J01D
2020,ES,Spain,Escherichia coli,Carbapenems,0.36952089,J01D
2020,FI,Finland,Escherichia coli,Carbapenems,0.01860465,J01D
2020,FR,France,Escherichia coli,Carbapenems,0.03924206,J01D
2020,HR,Croatia,Escherichia coli,Carbapenems,0.0,J01D
2020,HU,Hungary,Escherichia coli,Carbapenems,0.0,J01D
2020,IE,Ireland,Escherichia coli,Carbapenems,0.07092198,J01D
2020,IS,Iceland,Escherichia coli,Carbapenems,0.0,J01D
2020,IT,Italy,Escherichia coli,Carbapenems,0.47219598,J01D
2020,LT,Lithuania,Escherichia coli,Carbapenems,0.0,J01D
2020,LU,Luxembourg,Escherichia coli,Carbapenems,0.0,J01D
2020,LV,Latvia,Escherichia coli,Carbapenems,0.0,J01D
2020,MT,Malta,Escherichia coli,Carbapenems,0.0,J01D
2020,NL,Netherlands,Escherichia coli,Carbapenems,0.04006945,J01D
2020,NO,Norway,Escherichia coli,Carbapenems,0.02742731,J01D
2020,PL,Poland,Escherichia coli,Carbapenems,0.04807692,J01D
2020,PT,Portugal,Escherichia coli,Carbapenems,0.15429453,J01D
2020,RO,Romania,Escherichia coli,Carbapenems,0.66079295,J01D
2020,SE,Sweden,Escherichia coli,Carbapenems,0.0101564,J01D
2020,SI,Slovenia,Escherichia coli,Carbapenems,0.0,J01D
2020,SK,Slovakia,Escherichia coli,Carbapenems,0.14184397,J01D
2021,AT,Austria,Escherichia coli,Carbapenems,0.0192086,J01D
2021,BE,Belgium,Escherichia coli,Carbapenems,0.04235493,J01D
2021,BG,Bulgaria,Escherichia coli,Carbapenems,0.38022813,J01D
2021,CY,Cyprus,Escherichia coli,Carbapenems,1.04166666,J01D
2021,CZ,Czechia,Escherichia coli,Carbapenems,0.0,J01D
2021,DE,Germany,Escherichia coli,Carbapenems,0.04135791,J01D
2021,DK,Denmark,Escherichia coli,Carbapenems,0.10265183,J01D
2021,EE,Estonia,Escherichia coli,Carbapenems,0.0,J01D
2021,EL,Greece,Escherichia coli,Carbapenems,1.09890109,J01D
2021,ES,Spain,Escherichia coli,Carbapenems,0.14453187,J01D
2021,FI,Finland,Escherichia coli,Carbapenems,0.0,J01D
2021,FR,France,Escherichia coli,Carbapenems,0.05129374,J01D
2021,HR,Croatia,Escherichia coli,Carbapenems,0.0,J01D
2021,HU,Hungary,Escherichia coli,Carbapenems,0.0,J01D
2021,IE,Ireland,Escherichia coli,Carbapenems,0.0,J01D
2021,IS,Iceland,Escherichia coli,Carbapenems,0.0,J01D
2021,IT,Italy,Escherichia coli,Carbapenems,0.42625333,J01D
2021,LT,Lithuania,Escherichia coli,Carbapenems,0.2610966,J01D
2021,LU,Luxembourg,Escherichia coli,Carbapenems,0.0,J01D
2021,LV,Latvia,Escherichia coli,Carbapenems,0.0,J01D
2021,MT,Malta,Escherichia coli,Carbapenems,0.0,J01D
2021,NL,Netherlands,Escherichia coli,Carbapenems,0.04566905,J01D
2021,NO,Norway,Escherichia coli,Carbapenems,0.0,J01D
2021,PL,Poland,Escherichia coli,Carbapenems,0.13100436,J01D
2021,PT,Portugal,Escherichia coli,Carbapenems,0.32930845,J01D
2021,RO,Romania,Escherichia coli,Carbapenems,0.40160642,J01D
2021,SE,Sweden,Escherichia coli,Carbapenems,0.05646527,J01D
2021,SI,Slovenia,Escherichia coli,Carbapenems,0.0,J01D
2021,SK,Slovakia,Escherichia coli,Carbapenems,0.0,J01D
2022,AT,Austria,Escherichia coli,Carbapenems,0.12065151,J01D
2022,BE,Belgium,Escherichia coli,Carbapenems,0.0698324,J01D
2022,BG,Bulgaria,Escherichia coli,Carbapenems,0.0,J01D
2022,CY,Cyprus,Escherichia coli,Carbapenems,0.94339622,J01D
2022,CZ,Czechia,Escherichia coli,Carbapenems,0.17804154,J01D
2022,DE,Germany,Escherichia coli,Carbapenems,0.03532112,J01D
2022,DK,Denmark,Escherichia coli,Carbapenems,0.01792114,J01D
2022,EE,Estonia,Escherichia coli,Carbapenems,0.11709601,J01D
2022,EL,Greece,Escherichia coli,Carbapenems,1.53225806,J01D
2022,ES,Spain,Escherichia coli,Carbapenems,0.56550424,J01D
2022,FI,Finland,Escherichia coli,Carbapenems,0.0,J01D
2022,FR,France,Escherichia coli,Carbapenems,0.1059509,J01D
2022,HR,Croatia,Escherichia coli,Carbapenems,0.10204081,J01D
2022,HU,Hungary,Escherichia coli,Carbapenems,0.19880715,J01D
2022,IE,Ireland,Escherichia coli,Carbapenems,0.0,J01D
2022,IS,Iceland,Escherichia coli,Carbapenems,0.0,J01D
2022,IT,Italy,Escherichia coli,Carbapenems,0.2703602,J01D
2022,LI,Liechtenstein,Escherichia coli,Carbapenems,,J01D
2022,LT,Lithuania,Escherichia coli,Carbapenems,0.22918258,J01D
2022,LU,Luxembourg,Escherichia coli,Carbapenems,0.0,J01D
2022,LV,Latvia,Escherichia coli,Carbapenems,0.0,J01D
2022,MT,Malta,Escherichia coli,Carbapenems,0.0,J01D
2022,NL,Netherlands,Escherichia coli,Carbapenems,0.04160887,J01D
2022,NO,Norway,Escherichia coli,Carbapenems,0.02675227,J01D
2022,PL,Poland,Escherichia coli,Carbapenems,0.08159934,J01D
2022,PT,Portugal,Escherichia coli,Carbapenems,0.31704587,J01D
2022,RO,Romania,Escherichia coli,Carbapenems,0.57388809,J01D
2022,SE,Sweden,Escherichia coli,Carbapenems,0.03788596,J01D
2022,SI,Slovenia,Escherichia coli,Carbapenems,0.0,J01D
2022,SK,Slovakia,Escherichia coli,Carbapenems,0.0,J01D
2023,AT,Austria,Escherichia coli,Carbapenems,0.13081666,J01D
2023,BE,Belgium,Escherichia coli,Carbapenems,0.08067769,J01D
2023,BG,Bulgaria,Escherichia coli,Carbapenems,0.32679738,J01D
2023,CY,Cyprus,Escherichia coli,Carbapenems,0.90634441,J01D
2023,CZ,Czechia,Escherichia coli,Carbapenems,0.0,J01D
2023,DE,Germany,Escherichia coli,Carbapenems,0.04404922,J01D
2023,DK,Denmark,Escherichia coli,Carbapenems,0.03683241,J01D
2023,EE,Estonia,Escherichia coli,Carbapenems,0.0,J01D
2023,EL,Greece,Escherichia coli,Carbapenems,1.55329405,J01D
2023,ES,Spain,Escherichia coli,Carbapenems,0.05450779,J01D
2023,FI,Finland,Escherichia coli,Carbapenems,0.02343017,J01D
2023,HR,Croatia,Escherichia coli,Carbapenems,0.1537279,J01D
2023,HU,Hungary,Escherichia coli,Carbapenems,0.22321428,J01D
2023,IE,Ireland,Escherichia coli,Carbapenems,0.0651678,J01D
2023,IS,Iceland,Escherichia coli,Carbapenems,0.0,J01D
2023,IT,Italy,Escherichia coli,Carbapenems,0.43080041,J01D
2023,LI,Liechtenstein,Escherichia coli,Carbapenems,,J01D
2023,LT,Lithuania,Escherichia coli,Carbapenems,0.06765899,J01D
2023,LU,Luxembourg,Escherichia coli,Carbapenems,0.21691973,J01D
2023,LV,Latvia,Escherichia coli,Carbapenems,0.0,J01D
2023,MT,Malta,Escherichia coli,Carbapenems,0.0,J01D
2023,NL,Netherlands,Escherichia coli,Carbapenems,0.08997429,J01D
2023,NO,Norway,Escherichia coli,Carbapenems,0.0502008,J01D
2023,PL,Poland,Escherichia coli,Carbapenems,0.20229265,J01D
2023,PT,Portugal,Escherichia coli,Carbapenems,0.53372149,J01D
2023,RO,Romania,Escherichia coli,Carbapenems,1.82741116,J01D
2023,SE,Sweden,Escherichia coli,Carbapenems,0.03733432,J01D
2023,SI,Slovenia,Escherichia coli,Carbapenems,0.06101281,J01D
2023,SK,Slovakia,Escherichia coli,Carbapenems,0.14367816,J01D
2024,AT,Austria,Escherichia coli,Carbapenems,0.06794632,J01D
2024,BE,Belgium,Escherichia coli,Carbapenems,0.09697439,J01D
2024,BG,Bulgaria,Escherichia coli,Carbapenems,0.59523809,J01D
2024,CY,Cyprus,Escherichia coli,Carbapenems,2.5,J01D
2024,CZ,Czechia,Escherichia coli,Carbapenems,0.1001001,J01D
2024,DE,Germany,Escherichia coli,Carbapenems,0.05953646,J01D
2024,DK,Denmark,Escherichia coli,Carbapenems,0.05411255,J01D
2024,EE,Estonia,Escherichia coli,Carbapenems,0.0,J01D
2024,EL,Greece,Escherichia coli,Carbapenems,1.19421747,J01D
2024,ES,Spain,Escherichia coli,Carbapenems,0.30815109,J01D
2024,FI,Finland,Escherichia coli,Carbapenems,0.04840271,J01D
2024,FR,France,Escherichia coli,Carbapenems,0.15183425,J01D
2024,HR,Croatia,Escherichia coli,Carbapenems,0.0,J01D
2024,HU,Hungary,Escherichia coli,Carbapenems,0.09983361,J01D
2024,IE,Ireland,Escherichia coli,Carbapenems,0.06937218,J01D
2024,IS,Iceland,Escherichia coli,Carbapenems,0.34482758,J01D
2024,IT,Italy,Escherichia coli,Carbapenems,0.44854461,J01D
2024,LI,Liechtenstein,Escherichia coli,Carbapenems,,J01D
2024,LT,Lithuania,Escherichia coli,Carbapenems,0.4032258,J01D
2024,LU,Luxembourg,Escherichia coli,Carbapenems,0.0,J01D
2024,LV,Latvia,Escherichia coli,Carbapenems,0.63291139,J01D
2024,MT,Malta,Escherichia coli,Carbapenems,0.0,J01D
2024,NL,Netherlands,Escherichia coli,Carbapenems,0.09994447,J01D
2024,NO,Norway,Escherichia coli,Carbapenems,0.02516989,J01D
2024,PL,Poland,Escherichia coli,Carbapenems,0.14204545,J01D
2024,PT,Portugal,Escherichia coli,Carbapenems,0.49047893,J01D
2024,RO,Romania,Escherichia coli,Carbapenems,0.91954022,J01D
2024,SE,Sweden,Escherichia coli,Carbapenems,0.07621225,J01D
2024,SI,Slovenia,Escherichia coli,Carbapenems,0.0,J01D
2024,SK,Slovakia,Escherichia coli,Carbapenems,0.25740025,J01D
2000,DE,Germany,Escherichia coli,Third-generation cephalosporins,0.0,J01D
2000,EE,Estonia,Escherichia coli,Third-generation cephalosporins,,J01D
2000,EL,Greece,Escherichia coli,Third-generation cephalosporins,3.60110803,J01D
2000,NL,Netherlands,Escherichia coli,Third-generation cephalosporins,0.10235414,J01D
2000,NO,Norway,Escherichia coli,Third-generation cephalosporins,0.32679738,J01D
2000,SE,Sweden,Escherichia coli,Third-generation cephalosporins,,J01D
2001,AT,Austria,Escherichia coli,Third-generation cephalosporins,0.0,J01D
2001,BE,Belgium,Escherichia coli,Third-generation cephalosporins,1.8018018,J01D
2001,BG,Bulgaria,Escherichia coli,Third-generation cephalosporins,6.66666666,J01D
2001,CZ,Czechia,Escherichia coli,Third-generation cephalosporins,2.31362467,J01D
2001,DE,Germany,Escherichia coli,Third-generation cephalosporins,0.7154213,J01D
2001,EE,Estonia,Escherichia coli,Third-generation cephalosporins,5.88235294,J01D
2001,EL,Greece,Escherichia coli,Third-generation cephalosporins,5.44815465,J01D
2001,ES,Spain,Escherichia coli,Third-generation cephalosporins,0.61898211,J01D
2001,FI,Finland,Escherichia coli,Third-generation cephalosporins,0.16570008,J01D
2001,HR,Croatia,Escherichia coli,Third-generation cephalosporins,1.64835164,J01D
2001,HU,Hungary,Escherichia coli,Third-generation cephalosporins,0.38167938,J01D
2001,IS,Iceland,Escherichia coli,Third-generation cephalosporins,0.0,J01D
2001,LU,Luxembourg,Escherichia coli,Third-generation cephalosporins,0.53475935,J01D
2001,MT,Malta,Escherichia coli,Third-generation cephalosporins,0.0,J01D
2001,NL,Netherlands,Escherichia coli,Third-generation cephalosporins,0.55325034,J01D
2001,NO,Norway,Escherichia coli,Third-generation cephalosporins,0.31120331,J01D
2001,PL,Poland,Escherichia coli,Third-generation cephalosporins,7.07070707,J01D
2001,PT,Portugal,Escherichia coli,Third-generation cephalosporins,2.87081339,J01D
2001,SE,Sweden,Escherichia coli,Third-generation cephalosporins,0.34259611,J01D
2001,SI,Slovenia,Escherichia coli,Third-generation cephalosporins,0.25125628,J01D
2001,SK,Slovakia,Escherichia coli,Third-generation cephalosporins,6.66666666,J01D
2001,UK,United Kingdom,Escherichia coli,Third-generation cephalosporins,1.21317157,J01D
2002,AT,Austria,Escherichia coli,Third-generation cephalosporins,1.25786163,J01D
2002,BE,Belgium,Escherichia coli,Third-generation cephalosporins,2.79424216,J01D
2002,BG,Bulgaria,Escherichia coli,Third-generation cephalosporins,13.33333333,J01D
2002,CZ,Czechia,Escherichia coli,Third-generation cephalosporins,1.19873817,J01D
2002,DE,Germany,Escherichia coli,Third-generation cephalosporins,0.93984962,J01D
2002,EE,Estonia,Escherichia coli,Third-generation cephalosporins,1.53846153,J01D
2002,EL,Greece,Escherichia coli,Third-generation cephalosporins,6.36833046,J01D
2002,ES,Spain,Escherichia coli,Third-generation cephalosporins,1.57575757,J01D
2002,FI,Finland,Escherichia coli,Third-generation cephalosporins,0.62992125,J01D
2002,FR,France,Escherichia coli,Third-generation cephalosporins,0.76152304,J01D
2002,HR,Croatia,Escherichia coli,Third-generation cephalosporins,2.85714285,J01D
2002,HU,Hungary,Escherichia coli,Third-generation cephalosporins,2.0,J01D
2002,IE,Ireland,Escherichia coli,Third-generation cephalosporins,2.18579234,J01D
2002,IS,Iceland,Escherichia coli,Third-generation cephalosporins,0.0,J01D
2002,IT,Italy,Escherichia coli,Third-generation cephalosporins,2.93159609,J01D
2002,LU,Luxembourg,Escherichia coli,Third-generation cephalosporins,0.52083333,J01D
2002,MT,Malta,Escherichia coli,Third-generation cephalosporins,2.7027027,J01D
2002,NL,Netherlands,Escherichia coli,Third-generation cephalosporins,1.00300902,J01D
2002,NO,Norway,Escherichia coli,Third-generation cephalosporins,0.17889087,J01D
2002,PL,Poland,Escherichia coli,Third-generation cephalosporins,6.15384615,J01D
2002,PT,Portugal,Escherichia coli,Third-generation cephalosporins,5.65610859,J01D
2002,RO,Romania,Escherichia coli,Third-generation cephalosporins,17.85714285,J01D
2002,SE,Sweden,Escherichia coli,Third-generation cephalosporins,0.32658393,J01D
2002,SI,Slovenia,Escherichia coli,Third-generation cephalosporins,1.22249388,J01D
2002,SK,Slovakia,Escherichia coli,Third-generation cephalosporins,1.86915887,J01D
2002,UK,United Kingdom,Escherichia coli,Third-generation cephalosporins,2.05519671,J01D
2003,AT,Austria,Escherichia coli,Third-generation cephalosporins,1.84237461,J01D
2003,BE,Belgium,Escherichia coli,Third-generation cephalosporins,3.49544072,J01D
2003,BG,Bulgaria,Escherichia coli,Third-generation cephalosporins,18.35443037,J01D
2003,CY,Cyprus,Escherichia coli,Third-generation cephalosporins,,J01D
2003,CZ,Czechia,Escherichia coli,Third-generation cephalosporins,1.13700966,J01D
2003,DE,Germany,Escherichia coli,Third-generation cephalosporins,0.6060606,J01D
2003,EE,Estonia,Escherichia coli,Third-generation cephalosporins,1.03092783,J01D
2003,EL,Greece,Escherichia coli,Third-generation cephalosporins,5.60224089,J01D
2003,ES,Spain,Escherichia coli,Third-generation cephalosporins,4.22641509,J01D
2003,FI,Finland,Escherichia coli,Third-generation cephalosporins,1.03016924,J01D
2003,FR,France,Escherichia coli,Third-generation cephalosporins,0.97087378,J01D
2003,HR,Croatia,Escherichia coli,Third-generation cephalosporins,4.38596491,J01D
2003,HU,Hungary,Escherichia coli,Third-generation cephalosporins,0.95124851,J01D
2003,IE,Ireland,Escherichia coli,Third-generation cephalosporins,2.18068535,J01D
2003,IS,Iceland,Escherichia coli,Third-generation cephalosporins,1.01010101,J01D
2003,IT,Italy,Escherichia coli,Third-generation cephalosporins,6.17551462,J01D
2003,LU,Luxembourg,Escherichia coli,Third-generation cephalosporins,0.88105726,J01D
2003,MT,Malta,Escherichia coli,Third-generation cephalosporins,2.19780219,J01D
2003,NL,Netherlands,Escherichia coli,Third-generation cephalosporins,1.45945945,J01D
2003,NO,Norway,Escherichia coli,Third-generation cephalosporins,0.2548853,J01D
2003,PL,Poland,Escherichia coli,Third-generation cephalosporins,4.06504065,J01D
2003,PT,Portugal,Escherichia coli,Third-generation cephalosporins,7.12468193,J01D
2003,RO,Romania,Escherichia coli,Third-generation cephalosporins,18.75,J01D
2003,SE,Sweden,Escherichia coli,Third-generation cephalosporins,0.4241139,J01D
2003,SI,Slovenia,Escherichia coli,Third-generation cephalosporins,0.74812967,J01D
2003,SK,Slovakia,Escherichia coli,Third-generation cephalosporins,0.41841004,J01D
2003,UK,United Kingdom,Escherichia coli,Third-generation cephalosporins,3.27056491,J01D
2004,AT,Austria,Escherichia coli,Third-generation cephalosporins,2.53232758,J01D
2004,BE,Belgium,Escherichia coli,Third-generation cephalosporins,2.64650283,J01D
2004,BG,Bulgaria,Escherichia coli,Third-generation cephalosporins,21.55688622,J01D
2004,CY,Cyprus,Escherichia coli,Third-generation cephalosporins,8.69565217,J01D
2004,CZ,Czechia,Escherichia coli,Third-generation cephalosporins,1.67938931,J01D
2004,DE,Germany,Escherichia coli,Third-generation cephalosporins,1.8961253,J01D
2004,EE,Estonia,Escherichia coli,Third-generation cephalosporins,3.61445783,J01D
2004,EL,Greece,Escherichia coli,Third-generation cephalosporins,6.03907637,J01D
2004,ES,Spain,Escherichia coli,Third-generation cephalosporins,6.5317919,J01D
2004,FI,Finland,Escherichia coli,Third-generation cephalosporins,1.52314001,J01D
2004,FR,France,Escherichia coli,Third-generation cephalosporins,0.95120662,J01D
2004,HR,Croatia,Escherichia coli,Third-generation cephalosporins,2.61682242,J01D
2004,HU,Hungary,Escherichia coli,Third-generation cephalosporins,3.22580645,J01D
2004,IE,Ireland,Escherichia coli,Third-generation cephalosporins,1.92629815,J01D
2004,IS,Iceland,Escherichia coli,Third-generation cephalosporins,0.0,J01D
2004,IT,Italy,Escherichia coli,Third-generation cephalosporins,5.3291536,J01D
2004,LU,Luxembourg,Escherichia coli,Third-generation cephalosporins,0.46296296,J01D
2004,MT,Malta,Escherichia coli,Third-generation cephalosporins,4.39560439,J01D
2004,NL,Netherlands,Escherichia coli,Third-generation cephalosporins,1.42857142,J01D
2004,NO,Norway,Escherichia coli,Third-generation cephalosporins,0.66061106,J01D
2004,PL,Poland,Escherichia coli,Third-generation cephalosporins,5.23560209,J01D
2004,PT,Portugal,Escherichia coli,Third-generation cephalosporins,8.07799442,J01D
2004,RO,Romania,Escherichia coli,Third-generation cephalosporins,22.91666666,J01D
2004,SE,Sweden,Escherichia coli,Third-generation cephalosporins,0.72926162,J01D
2004,SI,Slovenia,Escherichia coli,Third-generation cephalosporins,1.39616055,J01D
2004,SK,Slovakia,Escherichia coli,Third-generation cephalosporins,7.14285714,J01D
2004,UK,United Kingdom,Escherichia coli,Third-generation cephalosporins,3.20378151,J01D
2005,AT,Austria,Escherichia coli,Third-generation cephalosporins,4.20332355,J01D
2005,BE,Belgium,Escherichia coli,Third-generation cephalosporins,3.61445783,J01D
2005,BG,Bulgaria,Escherichia coli,Third-generation cephalosporins,28.07881773,J01D
2005,CY,Cyprus,Escherichia coli,Third-generation cephalosporins,16.0,J01D
2005,CZ,Czechia,Escherichia coli,Third-generation cephalosporins,2.23914017,J01D
2005,DE,Germany,Escherichia coli,Third-generation cephalosporins,1.67189132,J01D
2005,DK,Denmark,Escherichia coli,Third-generation cephalosporins,1.14942528,J01D
2005,EE,Estonia,Escherichia coli,Third-generation cephalosporins,1.29032258,J01D
2005,EL,Greece,Escherichia coli,Third-generation cephalosporins,7.023705,J01D
2005,ES,Spain,Escherichia coli,Third-generation cephalosporins,7.7410744,J01D
2005,FI,Finland,Escherichia coli,Third-generation cephalosporins,1.77267987,J01D
2005,FR,France,Escherichia coli,Third-generation cephalosporins,1.3881748,J01D
2005,HR,Croatia,Escherichia coli,Third-generation cephalosporins,0.78492935,J01D
2005,HU,Hungary,Escherichia coli,Third-generation cephalosporins,3.74639769,J01D
2005,IE,Ireland,Escherichia coli,Third-generation cephalosporins,3.56125356,J01D
2005,IS,Iceland,Escherichia coli,Third-generation cephalosporins,0.0,J01D
2005,IT,Italy,Escherichia coli,Third-generation cephalosporins,8.48026868,J01D
2005,LU,Luxembourg,Escherichia coli,Third-generation cephalosporins,3.19148936,J01D
2005,MT,Malta,Escherichia coli,Third-generation cephalosporins,1.17647058,J01D
2005,NL,Netherlands,Escherichia coli,Third-generation cephalosporins,2.48021108,J01D
2005,NO,Norway,Escherichia coli,Third-generation cephalosporins,0.82831325,J01D
2005,PL,Poland,Escherichia coli,Third-generation cephalosporins,4.54545454,J01D
2005,PT,Portugal,Escherichia coli,Third-generation cephalosporins,11.71003717,J01D
2005,RO,Romania,Escherichia coli,Third-generation cephalosporins,16.66666666,J01D
2005,SE,Sweden,Escherichia coli,Third-generation cephalosporins,1.28125,J01D
2005,SI,Slovenia,Escherichia coli,Third-generation cephalosporins,1.67427701,J01D
2005,SK,Slovakia,Escherichia coli,Third-generation cephalosporins,8.24742268,J01D
2005,UK,United Kingdom,Escherichia coli,Third-generation cephalosporins,6.28964059,J01D
2006,AT,Austria,Escherichia coli,Third-generation cephalosporins,6.59651962,J01D
2006,BE,Belgium,Escherichia coli,Third-generation cephalosporins,2.91021671,J01D
2006,BG,Bulgaria,Escherichia coli,Third-generation cephalosporins,28.57142857,J01D
2006,CY,Cyprus,Escherichia coli,Third-generation cephalosporins,15.55555555,J01D
2006,CZ,Czechia,Escherichia coli,Third-generation cephalosporins,5.13888888,J01D
2006,DE,Germany,Escherichia coli,Third-generation cephalosporins,4.24528301,J01D
2006,DK,Denmark,Escherichia coli,Third-generation cephalosporins,2.44698205,J01D
2006,EE,Estonia,Escherichia coli,Third-generation cephalosporins,0.46948356,J01D
2006,EL,Greece,Escherichia coli,Third-generation cephalosporins,6.07513988,J01D
2006,ES,Spain,Escherichia coli,Third-generation cephalosporins,7.13860797,J01D
2006,FI,Finland,Escherichia coli,Third-generation cephalosporins,1.81526962,J01D
2006,FR,France,Escherichia coli,Third-generation cephalosporins,1.96516301,J01D
2006,HR,Croatia,Escherichia coli,Third-generation cephalosporins,1.41570141,J01D
2006,HU,Hungary,Escherichia coli,Third-generation cephalosporins,4.964539,J01D
2006,IE,Ireland,Escherichia coli,Third-generation cephalosporins,3.50338045,J01D
2006,IS,Iceland,Escherichia coli,Third-generation cephalosporins,0.0,J01D
2006,IT,Italy,Escherichia coli,Third-generation cephalosporins,7.36263736,J01D
2006,LT,Lithuania,Escherichia coli,Third-generation cephalosporins,4.67836257,J01D
2006,LU,Luxembourg,Escherichia coli,Third-generation cephalosporins,1.79640718,J01D
2006,LV,Latvia,Escherichia coli,Third-generation cephalosporins,6.4516129,J01D
2006,MT,Malta,Escherichia coli,Third-generation cephalosporins,4.25531914,J01D
2006,NL,Netherlands,Escherichia coli,Third-generation cephalosporins,3.28425821,J01D
2006,NO,Norway,Escherichia coli,Third-generation cephalosporins,1.39860139,J01D
2006,PL,Poland,Escherichia coli,Third-generation cephalosporins,4.36893203,J01D
2006,PT,Portugal,Escherichia coli,Third-generation cephalosporins,9.84908657,J01D
2006,RO,Romania,Escherichia coli,Third-generation cephalosporins,41.02564102,J01D
2006,SE,Sweden,Escherichia coli,Third-generation cephalosporins,1.52585476,J01D
2006,SI,Slovenia,Escherichia coli,Third-generation cephalosporins,1.67364016,J01D
2006,UK,United Kingdom,Escherichia coli,Third-generation cephalosporins,7.67494356,J01D
2007,AT,Austria,Escherichia coli,Third-generation cephalosporins,8.87128712,J01D
2007,BE,Belgium,Escherichia coli,Third-generation cephalosporins,3.92832529,J01D
2007,BG,Bulgaria,Escherichia coli,Third-generation cephalosporins,22.83464566,J01D
2007,CY,Cyprus,Escherichia coli,Third-generation cephalosporins,18.34862385,J01D
2007,CZ,Czechia,Escherichia coli,Third-generation cephalosporins,7.39509763,J01D
2007,DE,Germany,Escherichia coli,Third-generation cephalosporins,7.70020533,J01D
2007,DK,Denmark,Escherichia coli,Third-generation cephalosporins,3.24601366,J01D
2007,EE,Estonia,Escherichia coli,Third-generation cephalosporins,1.38248847,J01D
2007,EL,Greece,Escherichia coli,Third-generation cephalosporins,7.62987012,J01D
2007,ES,Spain,Escherichia coli,Third-generation cephalosporins,7.44884038,J01D
2007,FI,Finland,Escherichia coli,Third-generation cephalosporins,1.54004106,J01D
2007,FR,France,Escherichia coli,Third-generation cephalosporins,2.48724489,J01D
2007,HR,Croatia,Escherichia coli,Third-generation cephalosporins,2.6744186,J01D
2007,HU,Hungary,Escherichia coli,Third-generation cephalosporins,5.41012216,J01D
2007,IE,Ireland,Escherichia coli,Third-generation cephalosporins,5.40229885,J01D
2007,IS,Iceland,Escherichia coli,Third-generation cephalosporins,1.9047619,J01D
2007,IT,Italy,Escherichia coli,Third-generation cephalosporins,11.45281018,J01D
2007,LT,Lithuania,Escherichia coli,Third-generation cephalosporins,6.80851063,J01D
2007,LU,Luxembourg,Escherichia coli,Third-generation cephalosporins,4.04411764,J01D
2007,LV,Latvia,Escherichia coli,Third-generation cephalosporins,14.47368421,J01D
2007,MT,Malta,Escherichia coli,Third-generation cephalosporins,12.82051282,J01D
2007,NL,Netherlands,Escherichia coli,Third-generation cephalosporins,4.28122545,J01D
2007,NO,Norway,Escherichia coli,Third-generation cephalosporins,2.15995329,J01D
2007,PL,Poland,Escherichia coli,Third-generation cephalosporins,2.34375,J01D
2007,PT,Portugal,Escherichia coli,Third-generation cephalosporins,9.7037037,J01D
2007,RO,Romania,Escherichia coli,Third-generation cephalosporins,27.41935483,J01D
2007,SE,Sweden,Escherichia coli,Third-generation cephalosporins,2.26848145,J01D
2007,SI,Slovenia,Escherichia coli,Third-generation cephalosporins,4.23031727,J01D
2007,UK,United Kingdom,Escherichia coli,Third-generation cephalosporins,9.40919037,J01D
2008,AT,Austria,Escherichia coli,Third-generation cephalosporins,7.41239892,J01D
2008,BE,Belgium,Escherichia coli,Third-generation cephalosporins,4.18736692,J01D
2008,BG,Bulgaria,Escherichia coli,Third-generation cephalosporins,29.25170068,J01D
2008,CY,Cyprus,Escherichia coli,Third-generation cephalosporins,19.32773109,J01D
2008,CZ,Czechia,Escherichia coli,Third-generation cephalosporins,9.86121256,J01D
2008,DE,Germany,Escherichia coli,Third-generation cephalosporins,4.83570985,J01D
2008,DK,Denmark,Escherichia coli,Third-generation cephalosporins,4.05785456,J01D
2008,EE,Estonia,Escherichia coli,Third-generation cephalosporins,4.58015267,J01D
2008,EL,Greece,Escherichia coli,Third-generation cephalosporins,9.93150684,J01D
2008,ES,Spain,Escherichia coli,Third-generation cephalosporins,9.01820187,J01D
2008,FI,Finland,Escherichia coli,Third-generation cephalosporins,2.10828941,J01D
2008,FR,France,Escherichia coli,Third-generation cephalosporins,3.81727158,J01D
2008,HR,Croatia,Escherichia coli,Third-generation cephalosporins,3.82932166,J01D
2008,HU,Hungary,Escherichia coli,Third-generation cephalosporins,9.17691579,J01D
2008,IE,Ireland,Escherichia coli,Third-generation cephalosporins,5.91715976,J01D
2008,IS,Iceland,Escherichia coli,Third-generation cephalosporins,0.81300813,J01D
2008,IT,Italy,Escherichia coli,Third-generation cephalosporins,15.90612777,J01D
2008,LT,Lithuania,Escherichia coli,Third-generation cephalosporins,5.59210526,J01D
2008,LU,Luxembourg,Escherichia coli,Third-generation cephalosporins,6.29139072,J01D
2008,LV,Latvia,Escherichia coli,Third-generation cephalosporins,11.11111111,J01D
2008,MT,Malta,Escherichia coli,Third-generation cephalosporins,20.96774193,J01D
2008,NL,Netherlands,Escherichia coli,Third-generation cephalosporins,4.62147887,J01D
2008,NO,Norway,Escherichia coli,Third-generation cephalosporins,2.55697609,J01D
2008,PL,Poland,Escherichia coli,Third-generation cephalosporins,2.38095238,J01D
2008,PT,Portugal,Escherichia coli,Third-generation cephalosporins,10.1010101,J01D
2008,RO,Romania,Escherichia coli,Third-generation cephalosporins,23.63636363,J01D
2008,SE,Sweden,Escherichia coli,Third-generation cephalosporins,2.25806451,J01D
2008,SI,Slovenia,Escherichia coli,Third-generation cephalosporins,4.23340961,J01D
2008,UK,United Kingdom,Escherichia coli,Third-generation cephalosporins,6.93114455,J01D
2009,AT,Austria,Escherichia coli,Third-generation cephalosporins,7.54716981,J01D
2009,BE,Belgium,Escherichia coli,Third-generation cephalosporins,6.45363408,J01D
2009,BG,Bulgaria,Escherichia coli,Third-generation cephalosporins,19.17098445,J01D
2009,CY,Cyprus,Escherichia coli,Third-generation cephalosporins,13.97058823,J01D
2009,CZ,Czechia,Escherichia coli,Third-generation cephalosporins,9.7861544,J01D
2009,DE,Germany,Escherichia coli,Third-generation cephalosporins,8.15512866,J01D
2009,DK,Denmark,Escherichia coli,Third-generation cephalosporins,6.17375231,J01D
2009,EE,Estonia,Escherichia coli,Third-generation cephalosporins,2.19435736,J01D
2009,EL,Greece,Escherichia coli,Third-generation cephalosporins,10.13774104,J01D
2009,ES,Spain,Escherichia coli,Third-generation cephalosporins,11.30594085,J01D
2009,FI,Finland,Escherichia coli,Third-generation cephalosporins,2.80330882,J01D
2009,FR,France,Escherichia coli,Third-generation cephalosporins,6.72268907,J01D
2009,HU,Hungary,Escherichia coli,Third-generation cephalosporins,12.92775665,J01D
2009,IE,Ireland,Escherichia coli,Third-generation cephalosporins,6.49546827,J01D
2009,IS,Iceland,Escherichia coli,Third-generation cephalosporins,1.81818181,J01D
2009,IT,Italy,Escherichia coli,Third-generation cephalosporins,17.03056768,J01D
2009,LT,Lithuania,Escherichia coli,Third-generation cephalosporins,7.84982935,J01D
2009,LU,Luxembourg,Escherichia coli,Third-generation cephalosporins,8.30564784,J01D
2009,LV,Latvia,Escherichia coli,Third-generation cephalosporins,11.62790697,J01D
2009,MT,Malta,Escherichia coli,Third-generation cephalosporins,14.55696202,J01D
2009,NL,Netherlands,Escherichia coli,Third-generation cephalosporins,4.2652027,J01D
2009,NO,Norway,Escherichia coli,Third-generation cephalosporins,2.27518959,J01D
2009,PL,Poland,Escherichia coli,Third-generation cephalosporins,9.07534246,J01D
2009,PT,Portugal,Escherichia coli,Third-generation cephalosporins,9.20502092,J01D
2009,RO,Romania,Escherichia coli,Third-generation cephalosporins,13.55932203,J01D
2009,SE,Sweden,Escherichia coli,Third-generation cephalosporins,,J01D
2009,SI,Slovenia,Escherichia coli,Third-generation cephalosporins,4.59126539,J01D
2009,UK,United Kingdom,Escherichia coli,Third-generation cephalosporins,9.35835658,J01D
2010,AT,Austria,Escherichia coli,Third-generation cephalosporins,7.25530458,J01D
2010,BE,Belgium,Escherichia coli,Third-generation cephalosporins,5.17418032,J01D
2010,BG,Bulgaria,Escherichia coli,Third-generation cephalosporins,24.8366013,J01D
2010,CY,Cyprus,Escherichia coli,Third-generation cephalosporins,20.14388489,J01D
2010,CZ,Czechia,Escherichia coli,Third-generation cephalosporins,10.35455278,J01D
2010,DE,Germany,Escherichia coli,Third-generation cephalosporins,8.35820895,J01D
2010,DK,Denmark,Escherichia coli,Third-generation cephalosporins,7.59966777,J01D
2010,EE,Estonia,Escherichia coli,Third-generation cephalosporins,5.50161812,J01D
2010,EL,Greece,Escherichia coli,Third-generation cephalosporins,14.20039814,J01D
2010,ES,Spain,Escherichia coli,Third-generation cephalosporins,12.11376404,J01D
2010,FI,Finland,Escherichia coli,Third-generation cephalosporins,3.74651255,J01D
2010,FR,France,Escherichia coli,Third-generation cephalosporins,7.24894701,J01D
2010,HR,Croatia,Escherichia coli,Third-generation cephalosporins,8.73015873,J01D
2010,HU,Hungary,Escherichia coli,Third-generation cephalosporins,19.45046999,J01D
2010,IE,Ireland,Escherichia coli,Third-generation cephalosporins,7.69230769,J01D
2010,IS,Iceland,Escherichia coli,Third-generation cephalosporins,3.84615384,J01D
2010,IT,Italy,Escherichia coli,Third-generation cephalosporins,21.04175279,J01D
2010,LT,Lithuania,Escherichia coli,Third-generation cephalosporins,8.7087087,J01D
2010,LU,Luxembourg,Escherichia coli,Third-generation cephalosporins,9.32203389,J01D
2010,LV,Latvia,Escherichia coli,Third-generation cephalosporins,12.24489795,J01D
2010,MT,Malta,Escherichia coli,Third-generation cephalosporins,15.625,J01D
2010,NL,Netherlands,Escherichia coli,Third-generation cephalosporins,4.92711968,J01D
2010,NO,Norway,Escherichia coli,Third-generation cephalosporins,3.69230769,J01D
2010,PL,Poland,Escherichia coli,Third-generation cephalosporins,7.52688172,J01D
2010,PT,Portugal,Escherichia coli,Third-generation cephalosporins,10.4253112,J01D
2010,RO,Romania,Escherichia coli,Third-generation cephalosporins,20.58823529,J01D
2010,SE,Sweden,Escherichia coli,Third-generation cephalosporins,2.9082774,J01D
2010,SI,Slovenia,Escherichia coli,Third-generation cephalosporins,6.61764705,J01D
2010,UK,United Kingdom,Escherichia coli,Third-generation cephalosporins,8.97294919,J01D
2011,AT,Austria,Escherichia coli,Third-generation cephalosporins,9.14556962,J01D
2011,BE,Belgium,Escherichia coli,Third-generation cephalosporins,6.04767879,J01D
2011,BG,Bulgaria,Escherichia coli,Third-generation cephalosporins,22.90502793,J01D
2011,CY,Cyprus,Escherichia coli,Third-generation cephalosporins,36.23188405,J01D
2011,CZ,Czechia,Escherichia coli,Third-generation cephalosporins,11.36363636,J01D
2011,DE,Germany,Escherichia coli,Third-generation cephalosporins,7.96265788,J01D
2011,DK,Denmark,Escherichia coli,Third-generation cephalosporins,8.49131121,J01D
2011,EE,Estonia,Escherichia coli,Third-generation cephalosporins,12.22222222,J01D
2011,EL,Greece,Escherichia coli,Third-generation cephalosporins,14.91289198,J01D
2011,ES,Spain,Escherichia coli,Third-generation cephalosporins,11.98214285,J01D
2011,FI,Finland,Escherichia coli,Third-generation cephalosporins,5.0,J01D
2011,FR,France,Escherichia coli,Third-generation cephalosporins,8.17313362,J01D
2011,HR,Croatia,Escherichia coli,Third-generation cephalosporins,9.56256358,J01D
2011,HU,Hungary,Escherichia coli,Third-generation cephalosporins,15.11437908,J01D
2011,IE,Ireland,Escherichia coli,Third-generation cephalosporins,8.95660203,J01D
2011,IS,Iceland,Escherichia coli,Third-generation cephalosporins,6.15384615,J01D
2011,IT,Italy,Escherichia coli,Third-generation cephalosporins,19.83957219,J01D
2011,LT,Lithuania,Escherichia coli,Third-generation cephalosporins,7.01298701,J01D
2011,LU,Luxembourg,Escherichia coli,Third-generation cephalosporins,8.21529745,J01D
2011,LV,Latvia,Escherichia coli,Third-generation cephalosporins,15.9090909,J01D
2011,MT,Malta,Escherichia coli,Third-generation cephalosporins,12.78538812,J01D
2011,NL,Netherlands,Escherichia coli,Third-generation cephalosporins,5.83793738,J01D
2011,NO,Norway,Escherichia coli,Third-generation cephalosporins,3.64645263,J01D
2011,PL,Poland,Escherichia coli,Third-generation cephalosporins,11.72707889,J01D
2011,PT,Portugal,Escherichia coli,Third-generation cephalosporins,11.25723303,J01D
2011,RO,Romania,Escherichia coli,Third-generation cephalosporins,21.05263157,J01D
2011,SE,Sweden,Escherichia coli,Third-generation cephalosporins,3.64562916,J01D
2011,SI,Slovenia,Escherichia coli,Third-generation cephalosporins,8.78243512,J01D
2011,SK,Slovakia,Escherichia coli,Third-generation cephalosporins,30.94594594,J01D
2011,UK,United Kingdom,Escherichia coli,Third-generation cephalosporins,9.62948668,J01D
2012,AT,Austria,Escherichia coli,Third-generation cephalosporins,8.6522911,J01D
2012,BE,Belgium,Escherichia coli,Third-generation cephalosporins,6.88308518,J01D
2012,BG,Bulgaria,Escherichia coli,Third-generation cephalosporins,38.11659192,J01D
2012,CY,Cyprus,Escherichia coli,Third-generation cephalosporins,31.81818181,J01D
2012,CZ,Czechia,Escherichia coli,Third-generation cephalosporins,11.4509246,J01D
2012,DE,Germany,Escherichia coli,Third-generation cephalosporins,8.83898709,J01D
2012,DK,Denmark,Escherichia coli,Third-generation cephalosporins,7.860262,J01D
2012,EE,Estonia,Escherichia coli,Third-generation cephalosporins,7.86885245,J01D
2012,EL,Greece,Escherichia coli,Third-generation cephalosporins,16.22397702,J01D
2012,ES,Spain,Escherichia coli,Third-generation cephalosporins,13.50493653,J01D
2012,FI,Finland,Escherichia coli,Third-generation cephalosporins,6.19860847,J01D
2012,FR,France,Escherichia coli,Third-generation cephalosporins,9.95503503,J01D
2012,HR,Croatia,Escherichia coli,Third-generation cephalosporins,7.61589403,J01D
2012,HU,Hungary,Escherichia coli,Third-generation cephalosporins,17.43444365,J01D
2012,IE,Ireland,Escherichia coli,Third-generation cephalosporins,9.17832167,J01D
2012,IS,Iceland,Escherichia coli,Third-generation cephalosporins,5.07246376,J01D
2012,IT,Italy,Escherichia coli,Third-generation cephalosporins,26.29295962,J01D
2012,LT,Lithuania,Escherichia coli,Third-generation cephalosporins,4.76190476,J01D
2012,LU,Luxembourg,Escherichia coli,Third-generation cephalosporins,11.3772455,J01D
2012,LV,Latvia,Escherichia coli,Third-generation cephalosporins,12.98701298,J01D
2012,MT,Malta,Escherichia coli,Third-generation cephalosporins,12.91866028,J01D
2012,NL,Netherlands,Escherichia coli,Third-generation cephalosporins,6.07753512,J01D
2012,NO,Norway,Escherichia coli,Third-generation cephalosporins,4.90228552,J01D
2012,PL,Poland,Escherichia coli,Third-generation cephalosporins,12.92189006,J01D
2012,PT,Portugal,Escherichia coli,Third-generation cephalosporins,13.5097493,J01D
2012,RO,Romania,Escherichia coli,Third-generation cephalosporins,25.13089005,J01D
2012,SE,Sweden,Escherichia coli,Third-generation cephalosporins,4.4608994,J01D
2012,SI,Slovenia,Escherichia coli,Third-generation cephalosporins,9.50342465,J01D
2012,SK,Slovakia,Escherichia coli,Third-generation cephalosporins,30.73593073,J01D
2012,UK,United Kingdom,Escherichia coli,Third-generation cephalosporins,13.13791276,J01D
2013,AT,Austria,Escherichia coli,Third-generation cephalosporins,9.84917733,J01D
2013,BE,Belgium,Escherichia coli,Third-generation cephalosporins,7.99802517,J01D
2013,BG,Bulgaria,Escherichia coli,Third-generation cephalosporins,39.57219251,J01D
2013,CY,Cyprus,Escherichia coli,Third-generation cephalosporins,38.88888888,J01D
2013,CZ,Czechia,Escherichia coli,Third-generation cephalosporins,13.10088016,J01D
2013,DE,Germany,Escherichia coli,Third-generation cephalosporins,10.74039362,J01D
2013,DK,Denmark,Escherichia coli,Third-generation cephalosporins,8.07833537,J01D
2013,EE,Estonia,Escherichia coli,Third-generation cephalosporins,7.35294117,J01D
2013,EL,Greece,Escherichia coli,Third-generation cephalosporins,17.21115537,J01D
2013,ES,Spain,Escherichia coli,Third-generation cephalosporins,13.30074173,J01D
2013,FI,Finland,Escherichia coli,Third-generation cephalosporins,7.06989247,J01D
2013,FR,France,Escherichia coli,Third-generation cephalosporins,9.52334055,J01D
2013,HR,Croatia,Escherichia coli,Third-generation cephalosporins,8.75,J01D
2013,HU,Hungary,Escherichia coli,Third-generation cephalosporins,18.85873347,J01D
2013,IE,Ireland,Escherichia coli,Third-generation cephalosporins,10.64516129,J01D
2013,IS,Iceland,Escherichia coli,Third-generation cephalosporins,4.95867768,J01D
2013,IT,Italy,Escherichia coli,Third-generation cephalosporins,26.19047619,J01D
2013,LT,Lithuania,Escherichia coli,Third-generation cephalosporins,7.60368663,J01D
2013,LU,Luxembourg,Escherichia coli,Third-generation cephalosporins,10.63122923,J01D
2013,LV,Latvia,Escherichia coli,Third-generation cephalosporins,13.97058823,J01D
2013,MT,Malta,Escherichia coli,Third-generation cephalosporins,8.67768595,J01D
2013,NL,Netherlands,Escherichia coli,Third-generation cephalosporins,6.07651912,J01D
2013,NO,Norway,Escherichia coli,Third-generation cephalosporins,5.52486187,J01D
2013,PL,Poland,Escherichia coli,Third-generation cephalosporins,10.9073359,J01D
2013,PT,Portugal,Escherichia coli,Third-generation cephalosporins,14.93651979,J01D
2013,RO,Romania,Escherichia coli,Third-generation cephalosporins,22.81879194,J01D
2013,SE,Sweden,Escherichia coli,Third-generation cephalosporins,5.20446096,J01D
2013,SI,Slovenia,Escherichia coli,Third-generation cephalosporins,8.74183006,J01D
2013,SK,Slovakia,Escherichia coli,Third-generation cephalosporins,29.73977695,J01D
2013,UK,United Kingdom,Escherichia coli,Third-generation cephalosporins,14.71302763,J01D
2014,AT,Austria,Escherichia coli,Third-generation cephalosporins,9.3690652,J01D
2014,BE,Belgium,Escherichia coli,Third-generation cephalosporins,9.74304068,J01D
2014,BG,Bulgaria,Escherichia coli,Third-generation cephalosporins,40.36697247,J01D
2014,CY,Cyprus,Escherichia coli,Third-generation cephalosporins,28.75816993,J01D
2014,CZ,Czechia,Escherichia coli,Third-generation cephalosporins,13.96910678,J01D
2014,DE,Germany,Escherichia coli,Third-generation cephalosporins,10.53474223,J01D
2014,DK,Denmark,Escherichia coli,Third-generation cephalosporins,7.00680272,J01D
2014,EE,Estonia,Escherichia coli,Third-generation cephalosporins,9.26829268,J01D
2014,EL,Greece,Escherichia coli,Third-generation cephalosporins,21.03386809,J01D
2014,ES,Spain,Escherichia coli,Third-generation cephalosporins,12.3346504,J01D
2014,FI,Finland,Escherichia coli,Third-generation cephalosporins,5.4627089,J01D
2014,FR,France,Escherichia coli,Third-generation cephalosporins,9.94298966,J01D
2014,HR,Croatia,Escherichia coli,Third-generation cephalosporins,10.84337349,J01D
2014,HU,Hungary,Escherichia coli,Third-generation cephalosporins,16.42989499,J01D
2014,IE,Ireland,Escherichia coli,Third-generation cephalosporins,10.73950204,J01D
2014,IS,Iceland,Escherichia coli,Third-generation cephalosporins,3.28947368,J01D
2014,IT,Italy,Escherichia coli,Third-generation cephalosporins,28.66811044,J01D
2014,LT,Lithuania,Escherichia coli,Third-generation cephalosporins,8.08080808,J01D
2014,LU,Luxembourg,Escherichia coli,Third-generation cephalosporins,11.95652173,J01D
2014,LV,Latvia,Escherichia coli,Third-generation cephalosporins,10.9090909,J01D
2014,MT,Malta,Escherichia coli,Third-generation cephalosporins,10.82089552,J01D
2014,NL,Netherlands,Escherichia coli,Third-generation cephalosporins,6.12015721,J01D
2014,NO,Norway,Escherichia coli,Third-generation cephalosporins,5.78778135,J01D
2014,PL,Poland,Escherichia coli,Third-generation cephalosporins,10.50691244,J01D
2014,PT,Portugal,Escherichia coli,Third-generation cephalosporins,16.42117834,J01D
2014,RO,Romania,Escherichia coli,Third-generation cephalosporins,29.4117647,J01D
2014,SE,Sweden,Escherichia coli,Third-generation cephalosporins,5.56064772,J01D
2014,SI,Slovenia,Escherichia coli,Third-generation cephalosporins,12.74671052,J01D
2014,SK,Slovakia,Escherichia coli,Third-generation cephalosporins,31.8335208,J01D
2014,UK,United Kingdom,Escherichia coli,Third-generation cephalosporins,10.31988426,J01D
2015,AT,Austria,Escherichia coli,Third-generation cephalosporins,9.67346938,J01D
2015,BE,Belgium,Escherichia coli,Third-generation cephalosporins,9.67990744,J01D
2015,BG,Bulgaria,Escherichia coli,Third-generation cephalosporins,38.53658536,J01D
2015,CY,Cyprus,Escherichia coli,Third-generation cephalosporins,28.45528455,J01D
2015,CZ,Czechia,Escherichia coli,Third-generation cephalosporins,14.50189155,J01D
2015,DE,Germany,Escherichia coli,Third-generation cephalosporins,10.29786291,J01D
2015,DK,Denmark,Escherichia coli,Third-generation cephalosporins,7.4764306,J01D
2015,EE,Estonia,Escherichia coli,Third-generation cephalosporins,11.38211382,J01D
2015,EL,Greece,Escherichia coli,Third-generation cephalosporins,19.83539094,J01D
2015,ES,Spain,Escherichia coli,Third-generation cephalosporins,11.62103298,J01D
2015,FI,Finland,Escherichia coli,Third-generation cephalosporins,6.05711653,J01D
2015,FR,France,Escherichia coli,Third-generation cephalosporins,10.97638222,J01D
2015,HR,Croatia,Escherichia coli,Third-generation cephalosporins,12.52390057,J01D
2015,HU,Hungary,Escherichia coli,Third-generation cephalosporins,16.73247778,J01D
2015,IE,Ireland,Escherichia coli,Third-generation cephalosporins,11.3722517,J01D
2015,IS,Iceland,Escherichia coli,Third-generation cephalosporins,1.73410404,J01D
2015,IT,Italy,Escherichia coli,Third-generation cephalosporins,30.07868383,J01D
2015,LT,Lithuania,Escherichia coli,Third-generation cephalosporins,16.00688468,J01D
2015,LU,Luxembourg,Escherichia coli,Third-generation cephalosporins,12.68011527,J01D
2015,LV,Latvia,Escherichia coli,Third-generation cephalosporins,17.91044776,J01D
2015,MT,Malta,Escherichia coli,Third-generation cephalosporins,11.76470588,J01D
2015,NL,Netherlands,Escherichia coli,Third-generation cephalosporins,6.07859768,J01D
2015,NO,Norway,Escherichia coli,Third-generation cephalosporins,6.02847621,J01D
2015,PL,Poland,Escherichia coli,Third-generation cephalosporins,11.92546583,J01D
2015,PT,Portugal,Escherichia coli,Third-generation cephalosporins,16.09002976,J01D
2015,RO,Romania,Escherichia coli,Third-generation cephalosporins,26.82926829,J01D
2015,SE,Sweden,Escherichia coli,Third-generation cephalosporins,6.23853211,J01D
2015,SI,Slovenia,Escherichia coli,Third-generation cephalosporins,13.65007541,J01D
2015,SK,Slovakia,Escherichia coli,Third-generation cephalosporins,30.0111982,J01D
2015,UK,United Kingdom,Escherichia coli,Third-generation cephalosporins,11.25943122,J01D
2016,AT,Austria,Escherichia coli,Third-generation cephalosporins,10.00569584,J01D
2016,BE,Belgium,Escherichia coli,Third-generation cephalosporins,10.48969761,J01D
2016,BG,Bulgaria,Escherichia coli,Third-generation cephalosporins,41.59663865,J01D
2016,CY,Cyprus,Escherichia coli,Third-generation cephalosporins,30.20134228,J01D
2016,CZ,Czechia,Escherichia coli,Third-generation cephalosporins,15.06043776,J01D
2016,DE,Germany,Escherichia coli,Third-generation cephalosporins,11.09947643,J01D
2016,DK,Denmark,Escherichia coli,Third-generation cephalosporins,6.56793303,J01D
2016,EE,Estonia,Escherichia coli,Third-generation cephalosporins,8.98716119,J01D
2016,EL,Greece,Escherichia coli,Third-generation cephalosporins,17.6380368,J01D
2016,ES,Spain,Escherichia coli,Third-generation cephalosporins,14.97058823,J01D
2016,FI,Finland,Escherichia coli,Third-generation cephalosporins,6.89582454,J01D
2016,FR,France,Escherichia coli,Third-generation cephalosporins,11.22602315,J01D
2016,HR,Croatia,Escherichia coli,Third-generation cephalosporins,14.7368421,J01D
2016,HU,Hungary,Escherichia coli,Third-generation cephalosporins,16.70847967,J01D
2016,IE,Ireland,Escherichia coli,Third-generation cephalosporins,11.39028475,J01D
2016,IS,Iceland,Escherichia coli,Third-generation cephalosporins,4.16666666,J01D
2016,IT,Italy,Escherichia coli,Third-generation cephalosporins,29.77433479,J01D
2016,LT,Lithuania,Escherichia coli,Third-generation cephalosporins,14.71698113,J01D
2016,LU,Luxembourg,Escherichia coli,Third-generation cephalosporins,13.63636363,J01D
2016,LV,Latvia,Escherichia coli,Third-generation cephalosporins,24.11067193,J01D
2016,MT,Malta,Escherichia coli,Third-generation cephalosporins,14.63414634,J01D
2016,NL,Netherlands,Escherichia coli,Third-generation cephalosporins,6.59310344,J01D
2016,NO,Norway,Escherichia coli,Third-generation cephalosporins,5.55709151,J01D
2016,PL,Poland,Escherichia coli,Third-generation cephalosporins,13.71827877,J01D
2016,PT,Portugal,Escherichia coli,Third-generation cephalosporins,16.0615491,J01D
2016,RO,Romania,Escherichia coli,Third-generation cephalosporins,23.44497607,J01D
2016,SE,Sweden,Escherichia coli,Third-generation cephalosporins,8.26386892,J01D
2016,SI,Slovenia,Escherichia coli,Third-generation cephalosporins,12.53521126,J01D
2016,SK,Slovakia,Escherichia coli,Third-generation cephalosporins,29.7330097,J01D
2016,UK,United Kingdom,Escherichia coli,Third-generation cephalosporins,9.23738899,J01D
2017,AT,Austria,Escherichia coli,Third-generation cephalosporins,9.63150711,J01D
2017,BE,Belgium,Escherichia coli,Third-generation cephalosporins,9.73886986,J01D
2017,BG,Bulgaria,Escherichia coli,Third-generation cephalosporins,41.29554655,J01D
2017,CY,Cyprus,Escherichia coli,Third-generation cephalosporins,30.76923076,J01D
2017,CZ,Czechia,Escherichia coli,Third-generation cephalosporins,14.22319474,J01D
2017,DE,Germany,Escherichia coli,Third-generation cephalosporins,12.28139037,J01D
2017,DK,Denmark,Escherichia coli,Third-generation cephalosporins,6.90149498,J01D
2017,EE,Estonia,Escherichia coli,Third-generation cephalosporins,8.75634517,J01D
2017,EL,Greece,Escherichia coli,Third-generation cephalosporins,18.29931972,J01D
2017,ES,Spain,Escherichia coli,Third-generation cephalosporins,12.80902604,J01D
2017,FI,Finland,Escherichia coli,Third-generation cephalosporins,6.85429829,J01D
2017,FR,France,Escherichia coli,Third-generation cephalosporins,10.22318753,J01D
2017,HR,Croatia,Escherichia coli,Third-generation cephalosporins,16.46341463,J01D
2017,HU,Hungary,Escherichia coli,Third-generation cephalosporins,20.11661807,J01D
2017,IE,Ireland,Escherichia coli,Third-generation cephalosporins,11.98333867,J01D
2017,IS,Iceland,Escherichia coli,Third-generation cephalosporins,6.10328638,J01D
2017,IT,Italy,Escherichia coli,Third-generation cephalosporins,29.48989684,J01D
2017,LT,Lithuania,Escherichia coli,Third-generation cephalosporins,16.78403755,J01D
2017,LU,Luxembourg,Escherichia coli,Third-generation cephalosporins,9.69976905,J01D
2017,LV,Latvia,Escherichia coli,Third-generation cephalosporins,21.95121951,J01D
2017,MT,Malta,Escherichia coli,Third-generation cephalosporins,15.60509554,J01D
2017,NL,Netherlands,Escherichia coli,Third-generation cephalosporins,6.36569449,J01D
2017,NO,Norway,Escherichia coli,Third-generation cephalosporins,5.8650241,J01D
2017,PL,Poland,Escherichia coli,Third-generation cephalosporins,16.67829727,J01D
2017,PT,Portugal,Escherichia coli,Third-generation cephalosporins,15.58764167,J01D
2017,RO,Romania,Escherichia coli,Third-generation cephalosporins,18.72586872,J01D
2017,SE,Sweden,Escherichia coli,Third-generation cephalosporins,7.35751295,J01D
2017,SI,Slovenia,Escherichia coli,Third-generation cephalosporins,12.47386759,J01D
2017,SK,Slovakia,Escherichia coli,Third-generation cephalosporins,30.91954022,J01D
2017,UK,United Kingdom,Escherichia coli,Third-generation cephalosporins,10.25604297,J01D
2018,AT,Austria,Escherichia coli,Third-generation cephalosporins,10.20803949,J01D
2018,BE,Belgium,Escherichia coli,Third-generation cephalosporins,9.02239448,J01D
2018,BG,Bulgaria,Escherichia coli,Third-generation cephalosporins,38.69863013,J01D
2018,CY,Cyprus,Escherichia coli,Third-generation cephalosporins,37.08609271,J01D
2018,CZ,Czechia,Escherichia coli,Third-generation cephalosporins,15.2156001,J01D
2018,DE,Germany,Escherichia coli,Third-generation cephalosporins,12.19700759,J01D
2018,DK,Denmark,Escherichia coli,Third-generation cephalosporins,7.65570039,J01D
2018,EE,Estonia,Escherichia coli,Third-generation cephalosporins,9.76470588,J01D
2018,EL,Greece,Escherichia coli,Third-generation cephalosporins,19.32926829,J01D
2018,ES,Spain,Escherichia coli,Third-generation cephalosporins,13.75741512,J01D
2018,FI,Finland,Escherichia coli,Third-generation cephalosporins,7.60956175,J01D
2018,FR,France,Escherichia coli,Third-generation cephalosporins,9.59251625,J01D
2018,HR,Croatia,Escherichia coli,Third-generation cephalosporins,14.81164383,J01D
2018,HU,Hungary,Escherichia coli,Third-generation cephalosporins,22.61603375,J01D
2018,IE,Ireland,Escherichia coli,Third-generation cephalosporins,12.88229842,J01D
2018,IS,Iceland,Escherichia coli,Third-generation cephalosporins,8.08080808,J01D
2018,IT,Italy,Escherichia coli,Third-generation cephalosporins,28.69624069,J01D
2018,LT,Lithuania,Escherichia coli,Third-generation cephalosporins,15.32912533,J01D
2018,LU,Luxembourg,Escherichia coli,Third-generation cephalosporins,12.5,J01D
2018,LV,Latvia,Escherichia coli,Third-generation cephalosporins,20.40229885,J01D
2018,MT,Malta,Escherichia coli,Third-generation cephalosporins,15.36144578,J01D
2018,NL,Netherlands,Escherichia coli,Third-generation cephalosporins,7.31559854,J01D
2018,NO,Norway,Escherichia coli,Third-generation cephalosporins,6.75431812,J01D
2018,PL,Poland,Escherichia coli,Third-generation cephalosporins,17.59541984,J01D
2018,PT,Portugal,Escherichia coli,Third-generation cephalosporins,14.70838292,J01D
2018,RO,Romania,Escherichia coli,Third-generation cephalosporins,20.18348623,J01D
2018,SE,Sweden,Escherichia coli,Third-generation cephalosporins,8.33024118,J01D
2018,SI,Slovenia,Escherichia coli,Third-generation cephalosporins,11.33093525,J01D
2018,SK,Slovakia,Escherichia coli,Third-generation cephalosporins,30.11305241,J01D
2018,UK,United Kingdom,Escherichia coli,Third-generation cephalosporins,10.96697701,J01D
2019,AT,Austria,Escherichia coli,Third-generation cephalosporins,9.31870291,J01D
2019,BE,Belgium,Escherichia coli,Third-generation cephalosporins,9.98221996,J01D
2019,BG,Bulgaria,Escherichia coli,Third-generation cephalosporins,38.63636363,J01D
2019,CY,Cyprus,Escherichia coli,Third-generation cephalosporins,20.65217391,J01D
2019,CZ,Czechia,Escherichia coli,Third-generation cephalosporins,15.91228563,J01D
2019,DE,Germany,Escherichia coli,Third-generation cephalosporins,11.50642805,J01D
2019,DK,Denmark,Escherichia coli,Third-generation cephalosporins,7.54272245,J01D
2019,EE,Estonia,Escherichia coli,Third-generation cephalosporins,11.53846153,J01D
2019,EL,Greece,Escherichia coli,Third-generation cephalosporins,18.94736842,J01D
2019,ES,Spain,Escherichia coli,Third-generation cephalosporins,14.11623726,J01D
2019,FI,Finland,Escherichia coli,Third-generation cephalosporins,7.85146868,J01D
2019,FR,France,Escherichia coli,Third-generation cephalosporins,8.84860588,J01D
2019,HR,Croatia,Escherichia coli,Third-generation cephalosporins,15.94470046,J01D
2019,HU,Hungary,Escherichia coli,Third-generation cephalosporins,20.5967675,J01D
2019,IE,Ireland,Escherichia coli,Third-generation cephalosporins,12.07056638,J01D
2019,IS,Iceland,Escherichia coli,Third-generation cephalosporins,7.00389105,J01D
2019,IT,Italy,Escherichia coli,Third-generation cephalosporins,30.8653376,J01D
2019,LT,Lithuania,Escherichia coli,Third-generation cephalosporins,13.86925795,J01D
2019,LU,Luxembourg,Escherichia coli,Third-generation cephalosporins,12.60162601,J01D
2019,LV,Latvia,Escherichia coli,Third-generation cephalosporins,19.68325791,J01D
2019,MT,Malta,Escherichia coli,Third-generation cephalosporins,17.46987951,J01D
2019,NL,Netherlands,Escherichia coli,Third-generation cephalosporins,7.52054794,J01D
2019,NO,Norway,Escherichia coli,Third-generation cephalosporins,6.18404907,J01D
2019,PL,Poland,Escherichia coli,Third-generation cephalosporins,17.12450945,J01D
2019,PT,Portugal,Escherichia coli,Third-generation cephalosporins,16.10328638,J01D
2019,RO,Romania,Escherichia coli,Third-generation cephalosporins,20.3313253,J01D
2019,SE,Sweden,Escherichia coli,Third-generation cephalosporins,7.82460983,J01D
2019,SI,Slovenia,Escherichia coli,Third-generation cephalosporins,9.81366459,J01D
2019,SK,Slovakia,Escherichia coli,Third-generation cephalosporins,23.04964539,J01D
2019,UK,United Kingdom,Escherichia coli,Third-generation cephalosporins,11.51430827,J01D
2020,AT,Austria,Escherichia coli,Third-generation cephalosporins,9.46800595,J01D
2020,BE,Belgium,Escherichia coli,Third-generation cephalosporins,9.88425925,J01D
2020,BG,Bulgaria,Escherichia coli,Third-generation cephalosporins,41.37931034,J01D
2020,CY,Cyprus,Escherichia coli,Third-generation cephalosporins,29.8245614,J01D
2020,CZ,Czechia,Escherichia coli,Third-generation cephalosporins,13.27994661,J01D
2020,DE,Germany,Escherichia coli,Third-generation cephalosporins,10.3580338,J01D
2020,DK,Denmark,Escherichia coli,Third-generation cephalosporins,6.6969353,J01D
2020,EE,Estonia,Escherichia coli,Third-generation cephalosporins,8.27374872,J01D
2020,EL,Greece,Escherichia coli,Third-generation cephalosporins,21.86948853,J01D
2020,ES,Spain,Escherichia coli,Third-generation cephalosporins,14.07541322,J01D
2020,FI,Finland,Escherichia coli,Third-generation cephalosporins,7.17346748,J01D
2020,FR,France,Escherichia coli,Third-generation cephalosporins,9.4659808,J01D
2020,HR,Croatia,Escherichia coli,Third-generation cephalosporins,16.56590084,J01D
2020,HU,Hungary,Escherichia coli,Third-generation cephalosporins,20.13251783,J01D
2020,IE,Ireland,Escherichia coli,Third-generation cephalosporins,11.8245614,J01D
2020,IS,Iceland,Escherichia coli,Third-generation cephalosporins,11.02040816,J01D
2020,IT,Italy,Escherichia coli,Third-generation cephalosporins,26.41066666,J01D
2020,LT,Lithuania,Escherichia coli,Third-generation cephalosporins,15.93695271,J01D
2020,LU,Luxembourg,Escherichia coli,Third-generation cephalosporins,11.44859813,J01D
2020,LV,Latvia,Escherichia coli,Third-generation cephalosporins,24.07407407,J01D
2020,MT,Malta,Escherichia coli,Third-generation cephalosporins,12.27436823,J01D
2020,NL,Netherlands,Escherichia coli,Third-generation cephalosporins,6.64531625,J01D
2020,NO,Norway,Escherichia coli,Third-generation cephalosporins,5.79479,J01D
2020,PL,Poland,Escherichia coli,Third-generation cephalosporins,17.44935543,J01D
2020,PT,Portugal,Escherichia coli,Third-generation cephalosporins,14.44847229,J01D
2020,RO,Romania,Escherichia coli,Third-generation cephalosporins,19.69026548,J01D
2020,SE,Sweden,Escherichia coli,Third-generation cephalosporins,7.86642306,J01D
2020,SI,Slovenia,Escherichia coli,Third-generation cephalosporins,10.57513914,J01D
2020,SK,Slovakia,Escherichia coli,Third-generation cephalosporins,27.09766162,J01D
2021,AT,Austria,Escherichia coli,Third-generation cephalosporins,8.28968755,J01D
2021,BE,Belgium,Escherichia coli,Third-generation cephalosporins,8.26096166,J01D
2021,BG,Bulgaria,Escherichia coli,Third-generation cephalosporins,37.26235741,J01D
2021,CY,Cyprus,Escherichia coli,Third-generation cephalosporins,32.8125,J01D
2021,CZ,Czechia,Escherichia coli,Third-generation cephalosporins,14.41717791,J01D
2021,DE,Germany,Escherichia coli,Third-generation cephalosporins,9.09686089,J01D
2021,DK,Denmark,Escherichia coli,Third-generation cephalosporins,6.16691285,J01D
2021,EE,Estonia,Escherichia coli,Third-generation cephalosporins,8.07319698,J01D
2021,EL,Greece,Escherichia coli,Third-generation cephalosporins,21.73314993,J01D
2021,ES,Spain,Escherichia coli,Third-generation cephalosporins,13.15824915,J01D
2021,FI,Finland,Escherichia coli,Third-generation cephalosporins,6.60458699,J01D
2021,FR,France,Escherichia coli,Third-generation cephalosporins,8.34267413,J01D
2021,HR,Croatia,Escherichia coli,Third-generation cephalosporins,18.59504132,J01D
2021,HU,Hungary,Escherichia coli,Third-generation cephalosporins,20.40485829,J01D
2021,IE,Ireland,Escherichia coli,Third-generation cephalosporins,9.95521873,J01D
2021,IS,Iceland,Escherichia coli,Third-generation cephalosporins,10.43165467,J01D
2021,IT,Italy,Escherichia coli,Third-generation cephalosporins,24.37776864,J01D
2021,LT,Lithuania,Escherichia coli,Third-generation cephalosporins,13.61665221,J01D
2021,LU,Luxembourg,Escherichia coli,Third-generation cephalosporins,11.29943502,J01D
2021,LV,Latvia,Escherichia coli,Third-generation cephalosporins,18.32061068,J01D
2021,MT,Malta,Escherichia coli,Third-generation cephalosporins,13.71237458,J01D
2021,NL,Netherlands,Escherichia coli,Third-generation cephalosporins,6.64638783,J01D
2021,NO,Norway,Escherichia coli,Third-generation cephalosporins,5.49622297,J01D
2021,PL,Poland,Escherichia coli,Third-generation cephalosporins,18.72627583,J01D
2021,PT,Portugal,Escherichia coli,Third-generation cephalosporins,13.08993766,J01D
2021,RO,Romania,Escherichia coli,Third-generation cephalosporins,18.78787878,J01D
2021,SE,Sweden,Escherichia coli,Third-generation cephalosporins,7.11934543,J01D
2021,SI,Slovenia,Escherichia coli,Third-generation cephalosporins,9.28019036,J01D
2021,SK,Slovakia,Escherichia coli,Third-generation cephalosporins,23.11248073,J01D
2022,AT,Austria,Escherichia coli,Third-generation cephalosporins,8.32025117,J01D
2022,BE,Belgium,Escherichia coli,Third-generation cephalosporins,8.75555555,J01D
2022,BG,Bulgaria,Escherichia coli,Third-generation cephalosporins,40.16736401,J01D
2022,CY,Cyprus,Escherichia coli,Third-generation cephalosporins,32.44444444,J01D
2022,CZ,Czechia,Escherichia coli,Third-generation cephalosporins,14.75042063,J01D
2022,DE,Germany,Escherichia coli,Third-generation cephalosporins,9.41785861,J01D
2022,DK,Denmark,Escherichia coli,Third-generation cephalosporins,6.62786331,J01D
2022,EE,Estonia,Escherichia coli,Third-generation cephalosporins,11.76470588,J01D
2022,EL,Greece,Escherichia coli,Third-generation cephalosporins,23.31983805,J01D
2022,ES,Spain,Escherichia coli,Third-generation cephalosporins,14.87741262,J01D
2022,FI,Finland,Escherichia coli,Third-generation cephalosporins,6.10770577,J01D
2022,FR,France,Escherichia coli,Third-generation cephalosporins,8.44148515,J01D
2022,HR,Croatia,Escherichia coli,Third-generation cephalosporins,17.42654508,J01D
2022,HU,Hungary,Escherichia coli,Third-generation cephalosporins,22.57309941,J01D
2022,IE,Ireland,Escherichia coli,Third-generation cephalosporins,9.67741935,J01D
2022,IS,Iceland,Escherichia coli,Third-generation cephalosporins,9.78723404,J01D
2022,IT,Italy,Escherichia coli,Third-generation cephalosporins,24.24384159,J01D
2022,LI,Liechtenstein,Escherichia coli,Third-generation cephalosporins,,J01D
2022,LT,Lithuania,Escherichia coli,Third-generation cephalosporins,15.43162719,J01D
2022,LU,Luxembourg,Escherichia coli,Third-generation cephalosporins,10.44776119,J01D
2022,LV,Latvia,Escherichia coli,Third-generation cephalosporins,20.04132231,J01D
2022,MT,Malta,Escherichia coli,Third-generation cephalosporins,11.34969325,J01D
2022,NL,Netherlands,Escherichia coli,Third-generation cephalosporins,7.74774774,J01D
2022,NO,Norway,Escherichia coli,Third-generation cephalosporins,5.83043594,J01D
2022,PL,Poland,Escherichia coli,Third-generation cephalosporins,18.6882655,J01D
2022,PT,Portugal,Escherichia coli,Third-generation cephalosporins,14.09699601,J01D
2022,RO,Romania,Escherichia coli,Third-generation cephalosporins,17.82608695,J01D
2022,SE,Sweden,Escherichia coli,Third-generation cephalosporins,7.50733693,J01D
2022,SI,Slovenia,Escherichia coli,Third-generation cephalosporins,9.33734939,J01D
2022,SK,Slovakia,Escherichia coli,Third-generation cephalosporins,23.69791666,J01D
2023,AT,Austria,Escherichia coli,Third-generation cephalosporins,9.85248588,J01D
2023,BE,Belgium,Escherichia coli,Third-generation cephalosporins,10.08878127,J01D
2023,BG,Bulgaria,Escherichia coli,Third-generation cephalosporins,37.25490196,J01D
2023,CY,Cyprus,Escherichia coli,Third-generation cephalosporins,34.74320241,J01D
2023,CZ,Czechia,Escherichia coli,Third-generation cephalosporins,15.87872559,J01D
2023,DE,Germany,Escherichia coli,Third-generation cephalosporins,9.73319749,J01D
2023,DK,Denmark,Escherichia coli,Third-generation cephalosporins,6.31638846,J01D
2023,EE,Estonia,Escherichia coli,Third-generation cephalosporins,11.43911439,J01D
2023,EL,Greece,Escherichia coli,Third-generation cephalosporins,22.82921219,J01D
2023,ES,Spain,Escherichia coli,Third-generation cephalosporins,16.21534146,J01D
2023,FI,Finland,Escherichia coli,Third-generation cephalosporins,7.08587517,J01D
2023,HR,Croatia,Escherichia coli,Third-generation cephalosporins,20.01527883,J01D
2023,HU,Hungary,Escherichia coli,Third-generation cephalosporins,21.3352685,J01D
2023,IE,Ireland,Escherichia coli,Third-generation cephalosporins,10.4233483,J01D
2023,IS,Iceland,Escherichia coli,Third-generation cephalosporins,12.01550387,J01D
2023,IT,Italy,Escherichia coli,Third-generation cephalosporins,26.67647161,J01D
2023,LI,Liechtenstein,Escherichia coli,Third-generation cephalosporins,,J01D
2023,LT,Lithuania,Escherichia coli,Third-generation cephalosporins,16.95945945,J01D
2023,LU,Luxembourg,Escherichia coli,Third-generation cephalosporins,11.71366594,J01D
2023,LV,Latvia,Escherichia coli,Third-generation cephalosporins,25.54112554,J01D
2023,MT,Malta,Escherichia coli,Third-generation cephalosporins,11.29807692,J01D
2023,NL,Netherlands,Escherichia coli,Third-generation cephalosporins,7.97193877,J01D
2023,NO,Norway,Escherichia coli,Third-generation cephalosporins,5.62248995,J01D
2023,PL,Poland,Escherichia coli,Third-generation cephalosporins,19.56309096,J01D
2023,PT,Portugal,Escherichia coli,Third-generation cephalosporins,17.19506481,J01D
2023,RO,Romania,Escherichia coli,Third-generation cephalosporins,19.09090909,J01D
2023,SE,Sweden,Escherichia coli,Third-generation cephalosporins,7.92540792,J01D
2023,SI,Slovenia,Escherichia coli,Third-generation cephalosporins,8.6638194,J01D
2023,SK,Slovakia,Escherichia coli,Third-generation cephalosporins,21.55172413,J01D
2024,AT,Austria,Escherichia coli,Third-generation cephalosporins,10.55105348,J01D
2024,BE,Belgium,Escherichia coli,Third-generation cephalosporins,11.91865938,J01D
2024,BG,Bulgaria,Escherichia coli,Third-generation cephalosporins,34.52380952,J01D
2024,CY,Cyprus,Escherichia coli,Third-generation cephalosporins,38.75,J01D
2024,CZ,Czechia,Escherichia coli,Third-generation cephalosporins,15.7882408,J01D
2024,DE,Germany,Escherichia coli,Third-generation cephalosporins,10.60872886,J01D
2024,DK,Denmark,Escherichia coli,Third-generation cephalosporins,6.76103557,J01D
2024,EE,Estonia,Escherichia coli,Third-generation cephalosporins,9.94623655,J01D
2024,EL,Greece,Escherichia coli,Third-generation cephalosporins,25.50066755,J01D
2024,ES,Spain,Escherichia coli,Third-generation cephalosporins,16.83130334,J01D
2024,FI,Finland,Escherichia coli,Third-generation cephalosporins,7.45401742,J01D
2024,FR,France,Escherichia coli,Third-generation cephalosporins,10.46973591,J01D
2024,HR,Croatia,Escherichia coli,Third-generation cephalosporins,19.39451277,J01D
2024,HU,Hungary,Escherichia coli,Third-generation cephalosporins,20.73687642,J01D
2024,IE,Ireland,Escherichia coli,Third-generation cephalosporins,11.91385897,J01D
2024,IS,Iceland,Escherichia coli,Third-generation cephalosporins,14.13793103,J01D
2024,IT,Italy,Escherichia coli,Third-generation cephalosporins,27.73332489,J01D
2024,LI,Liechtenstein,Escherichia coli,Third-generation cephalosporins,,J01D
2024,LT,Lithuania,Escherichia coli,Third-generation cephalosporins,15.82278481,J01D
2024,LU,Luxembourg,Escherichia coli,Third-generation cephalosporins,12.97709923,J01D
2024,LV,Latvia,Escherichia coli,Third-generation cephalosporins,28.86115444,J01D
2024,MT,Malta,Escherichia coli,Third-generation cephalosporins,24.7464503,J01D
2024,NL,Netherlands,Escherichia coli,Third-generation cephalosporins,9.09698251,J01D
2024,NO,Norway,Escherichia coli,Third-generation cephalosporins,6.79074446,J01D
2024,PL,Poland,Escherichia coli,Third-generation cephalosporins,18.81295943,J01D
2024,PT,Portugal,Escherichia coli,Third-generation cephalosporins,18.71056241,J01D
2024,RO,Romania,Escherichia coli,Third-generation cephalosporins,20.67164179,J01D
2024,SE,Sweden,Escherichia coli,Third-generation cephalosporins,9.4353994,J01D
2024,SI,Slovenia,Escherichia coli,Third-generation cephalosporins,9.06963136,J01D
2024,SK,Slovakia,Escherichia coli,Third-generation cephalosporins,24.58172458,J01D
2000,DE,Germany,Escherichia coli,Fluoroquinolones,7.77777777,J01M
2000,EE,Estonia,Escherichia coli,Fluoroquinolones,,J01M
2000,EL,Greece,Escherichia coli,Fluoroquinolones,4.28571428,J01M
2000,NL,Netherlands,Escherichia coli,Fluoroquinolones,3.36065573,J01M
2000,NO,Norway,Escherichia coli,Fluoroquinolones,1.65605095,J01M
2000,SE,Sweden,Escherichia coli,Fluoroquinolones,,J01M
2001,AT,Austria,Escherichia coli,Fluoroquinolones,7.03517587,J01M
2001,BE,Belgium,Escherichia coli,Fluoroquinolones,8.90052356,J01M
2001,BG,Bulgaria,Escherichia coli,Fluoroquinolones,7.86516853,J01M
2001,CZ,Czechia,Escherichia coli,Fluoroquinolones,8.09199318,J01M
2001,DE,Germany,Escherichia coli,Fluoroquinolones,11.24694376,J01M
2001,EE,Estonia,Escherichia coli,Fluoroquinolones,0.0,J01M
2001,EL,Greece,Escherichia coli,Fluoroquinolones,9.4619666,J01M
2001,ES,Spain,Escherichia coli,Fluoroquinolones,17.25181598,J01M
2001,FI,Finland,Escherichia coli,Fluoroquinolones,5.40315876,J01M
2001,HR,Croatia,Escherichia coli,Fluoroquinolones,4.51977401,J01M
2001,HU,Hungary,Escherichia coli,Fluoroquinolones,5.05836575,J01M
2001,IS,Iceland,Escherichia coli,Fluoroquinolones,3.7037037,J01M
2001,LU,Luxembourg,Escherichia coli,Fluoroquinolones,4.23280423,J01M
2001,MT,Malta,Escherichia coli,Fluoroquinolones,15.38461538,J01M
2001,NL,Netherlands,Escherichia coli,Fluoroquinolones,5.41989279,J01M
2001,NO,Norway,Escherichia coli,Fluoroquinolones,1.3064133,J01M
2001,PL,Poland,Escherichia coli,Fluoroquinolones,8.60215053,J01M
2001,PT,Portugal,Escherichia coli,Fluoroquinolones,17.52577319,J01M
2001,SE,Sweden,Escherichia coli,Fluoroquinolones,3.73955125,J01M
2001,SI,Slovenia,Escherichia coli,Fluoroquinolones,8.040201,J01M
2001,SK,Slovakia,Escherichia coli,Fluoroquinolones,15.55555555,J01M
2001,UK,United Kingdom,Escherichia coli,Fluoroquinolones,6.20408163,J01M
2002,AT,Austria,Escherichia coli,Fluoroquinolones,10.16949152,J01M
2002,BE,Belgium,Escherichia coli,Fluoroquinolones,13.23529411,J01M
2002,BG,Bulgaria,Escherichia coli,Fluoroquinolones,14.07407407,J01M
2002,CZ,Czechia,Escherichia coli,Fluoroquinolones,10.40353089,J01M
2002,DE,Germany,Escherichia coli,Fluoroquinolones,14.51310861,J01M
2002,EE,Estonia,Escherichia coli,Fluoroquinolones,4.91803278,J01M
2002,EL,Greece,Escherichia coli,Fluoroquinolones,13.13993174,J01M
2002,ES,Spain,Escherichia coli,Fluoroquinolones,19.28974979,J01M
2002,FI,Finland,Escherichia coli,Fluoroquinolones,6.34184068,J01M
2002,FR,France,Escherichia coli,Fluoroquinolones,8.18948213,J01M
2002,HR,Croatia,Escherichia coli,Fluoroquinolones,5.30612244,J01M
2002,HU,Hungary,Escherichia coli,Fluoroquinolones,10.36585365,J01M
2002,IE,Ireland,Escherichia coli,Fluoroquinolones,5.13176144,J01M
2002,IS,Iceland,Escherichia coli,Fluoroquinolones,2.7027027,J01M
2002,IT,Italy,Escherichia coli,Fluoroquinolones,21.06969205,J01M
2002,LU,Luxembourg,Escherichia coli,Fluoroquinolones,9.43396226,J01M
2002,MT,Malta,Escherichia coli,Fluoroquinolones,12.16216216,J01M
2002,NL,Netherlands,Escherichia coli,Fluoroquinolones,5.42844324,J01M
2002,NO,Norway,Escherichia coli,Fluoroquinolones,1.71026156,J01M
2002,PL,Poland,Escherichia coli,Fluoroquinolones,10.52631578,J01M
2002,PT,Portugal,Escherichia coli,Fluoroquinolones,23.48484848,J01M
2002,RO,Romania,Escherichia coli,Fluoroquinolones,20.0,J01M
2002,SE,Sweden,Escherichia coli,Fluoroquinolones,5.09527754,J01M
2002,SI,Slovenia,Escherichia coli,Fluoroquinolones,11.98044009,J01M
2002,SK,Slovakia,Escherichia coli,Fluoroquinolones,14.4859813,J01M
2002,UK,United Kingdom,Escherichia coli,Fluoroquinolones,7.34528629,J01M
2003,AT,Austria,Escherichia coli,Fluoroquinolones,14.12487205,J01M
2003,BE,Belgium,Escherichia coli,Fluoroquinolones,11.56685808,J01M
2003,BG,Bulgaria,Escherichia coli,Fluoroquinolones,19.3548387,J01M
2003,CY,Cyprus,Escherichia coli,Fluoroquinolones,,J01M
2003,CZ,Czechia,Escherichia coli,Fluoroquinolones,13.20861678,J01M
2003,DE,Germany,Escherichia coli,Fluoroquinolones,13.9607032,J01M
2003,EE,Estonia,Escherichia coli,Fluoroquinolones,4.59770114,J01M
2003,EL,Greece,Escherichia coli,Fluoroquinolones,12.2659176,J01M
2003,ES,Spain,Escherichia coli,Fluoroquinolones,20.9928003,J01M
2003,FI,Finland,Escherichia coli,Fluoroquinolones,5.10204081,J01M
2003,FR,France,Escherichia coli,Fluoroquinolones,9.32390631,J01M
2003,HR,Croatia,Escherichia coli,Fluoroquinolones,7.1297989,J01M
2003,HU,Hungary,Escherichia coli,Fluoroquinolones,14.90147783,J01M
2003,IE,Ireland,Escherichia coli,Fluoroquinolones,9.55882352,J01M
2003,IS,Iceland,Escherichia coli,Fluoroquinolones,5.55555555,J01M
2003,IT,Italy,Escherichia coli,Fluoroquinolones,24.81040086,J01M
2003,LU,Luxembourg,Escherichia coli,Fluoroquinolones,11.94690265,J01M
2003,MT,Malta,Escherichia coli,Fluoroquinolones,24.44444444,J01M
2003,NL,Netherlands,Escherichia coli,Fluoroquinolones,7.21951219,J01M
2003,NO,Norway,Escherichia coli,Fluoroquinolones,1.87265917,J01M
2003,PL,Poland,Escherichia coli,Fluoroquinolones,6.61157024,J01M
2003,PT,Portugal,Escherichia coli,Fluoroquinolones,25.84118438,J01M
2003,RO,Romania,Escherichia coli,Fluoroquinolones,14.0,J01M
2003,SE,Sweden,Escherichia coli,Fluoroquinolones,6.56840756,J01M
2003,SI,Slovenia,Escherichia coli,Fluoroquinolones,11.22194513,J01M
2003,SK,Slovakia,Escherichia coli,Fluoroquinolones,20.16806722,J01M
2003,UK,United Kingdom,Escherichia coli,Fluoroquinolones,11.27783155,J01M
2004,AT,Austria,Escherichia coli,Fluoroquinolones,16.72060409,J01M
2004,BE,Belgium,Escherichia coli,Fluoroquinolones,15.37884471,J01M
2004,BG,Bulgaria,Escherichia coli,Fluoroquinolones,23.92638036,J01M
2004,CY,Cyprus,Escherichia coli,Fluoroquinolones,21.73913043,J01M
2004,CZ,Czechia,Escherichia coli,Fluoroquinolones,15.92875318,J01M
2004,DE,Germany,Escherichia coli,Fluoroquinolones,24.34928631,J01M
2004,EE,Estonia,Escherichia coli,Fluoroquinolones,6.41025641,J01M
2004,EL,Greece,Escherichia coli,Fluoroquinolones,11.61751563,J01M
2004,ES,Spain,Escherichia coli,Fluoroquinolones,25.38949798,J01M
2004,FI,Finland,Escherichia coli,Fluoroquinolones,7.25952813,J01M
2004,FR,France,Escherichia coli,Fluoroquinolones,8.22695035,J01M
2004,HR,Croatia,Escherichia coli,Fluoroquinolones,8.23970037,J01M
2004,HU,Hungary,Escherichia coli,Fluoroquinolones,19.42286348,J01M
2004,IE,Ireland,Escherichia coli,Fluoroquinolones,12.11871393,J01M
2004,IS,Iceland,Escherichia coli,Fluoroquinolones,1.7699115,J01M
2004,IT,Italy,Escherichia coli,Fluoroquinolones,27.83825816,J01M
2004,LU,Luxembourg,Escherichia coli,Fluoroquinolones,17.59259259,J01M
2004,MT,Malta,Escherichia coli,Fluoroquinolones,35.55555555,J01M
2004,NL,Netherlands,Escherichia coli,Fluoroquinolones,6.59871244,J01M
2004,NO,Norway,Escherichia coli,Fluoroquinolones,4.36760691,J01M
2004,PL,Poland,Escherichia coli,Fluoroquinolones,8.55614973,J01M
2004,PT,Portugal,Escherichia coli,Fluoroquinolones,26.70375521,J01M
2004,RO,Romania,Escherichia coli,Fluoroquinolones,20.93023255,J01M
2004,SE,Sweden,Escherichia coli,Fluoroquinolones,7.58166017,J01M
2004,SI,Slovenia,Escherichia coli,Fluoroquinolones,12.39092495,J01M
2004,SK,Slovakia,Escherichia coli,Fluoroquinolones,24.02597402,J01M
2004,UK,United Kingdom,Escherichia coli,Fluoroquinolones,14.16962925,J01M
2005,AT,Austria,Escherichia coli,Fluoroquinolones,19.37530502,J01M
2005,BE,Belgium,Escherichia coli,Fluoroquinolones,16.83778234,J01M
2005,BG,Bulgaria,Escherichia coli,Fluoroquinolones,28.57142857,J01M
2005,CY,Cyprus,Escherichia coli,Fluoroquinolones,28.76712328,J01M
2005,CZ,Czechia,Escherichia coli,Fluoroquinolones,20.24182713,J01M
2005,DE,Germany,Escherichia coli,Fluoroquinolones,23.40647857,J01M
2005,DK,Denmark,Escherichia coli,Fluoroquinolones,4.74934036,J01M
2005,EE,Estonia,Escherichia coli,Fluoroquinolones,5.29801324,J01M
2005,EL,Greece,Escherichia coli,Fluoroquinolones,12.32394366,J01M
2005,ES,Spain,Escherichia coli,Fluoroquinolones,28.16572001,J01M
2005,FI,Finland,Escherichia coli,Fluoroquinolones,7.4010327,J01M
2005,FR,France,Escherichia coli,Fluoroquinolones,11.01526211,J01M
2005,HR,Croatia,Escherichia coli,Fluoroquinolones,8.79120879,J01M
2005,HU,Hungary,Escherichia coli,Fluoroquinolones,21.92347466,J01M
2005,IE,Ireland,Escherichia coli,Fluoroquinolones,16.86746987,J01M
2005,IS,Iceland,Escherichia coli,Fluoroquinolones,3.41880341,J01M
2005,IT,Italy,Escherichia coli,Fluoroquinolones,28.24497257,J01M
2005,LU,Luxembourg,Escherichia coli,Fluoroquinolones,18.61702127,J01M
2005,MT,Malta,Escherichia coli,Fluoroquinolones,30.58823529,J01M
2005,NL,Netherlands,Escherichia coli,Fluoroquinolones,9.93470149,J01M
2005,NO,Norway,Escherichia coli,Fluoroquinolones,4.68364831,J01M
2005,PL,Poland,Escherichia coli,Fluoroquinolones,19.88636363,J01M
2005,PT,Portugal,Escherichia coli,Fluoroquinolones,29.28176795,J01M
2005,RO,Romania,Escherichia coli,Fluoroquinolones,8.86075949,J01M
2005,SE,Sweden,Escherichia coli,Fluoroquinolones,6.32202831,J01M
2005,SI,Slovenia,Escherichia coli,Fluoroquinolones,12.02435312,J01M
2005,SK,Slovakia,Escherichia coli,Fluoroquinolones,14.39393939,J01M
2005,UK,United Kingdom,Escherichia coli,Fluoroquinolones,16.83121767,J01M
2006,AT,Austria,Escherichia coli,Fluoroquinolones,22.08688591,J01M
2006,BE,Belgium,Escherichia coli,Fluoroquinolones,19.36936936,J01M
2006,BG,Bulgaria,Escherichia coli,Fluoroquinolones,26.17801047,J01M
2006,CY,Cyprus,Escherichia coli,Fluoroquinolones,34.83146067,J01M
2006,CZ,Czechia,Escherichia coli,Fluoroquinolones,23.22761194,J01M
2006,DE,Germany,Escherichia coli,Fluoroquinolones,29.27981109,J01M
2006,DK,Denmark,Escherichia coli,Fluoroquinolones,6.62447257,J01M
2006,EE,Estonia,Escherichia coli,Fluoroquinolones,6.56565656,J01M
2006,EL,Greece,Escherichia coli,Fluoroquinolones,14.48,J01M
2006,ES,Spain,Escherichia coli,Fluoroquinolones,28.00595238,J01M
2006,FI,Finland,Escherichia coli,Fluoroquinolones,8.21333333,J01M
2006,FR,France,Escherichia coli,Fluoroquinolones,13.82224234,J01M
2006,HR,Croatia,Escherichia coli,Fluoroquinolones,15.46391752,J01M
2006,HU,Hungary,Escherichia coli,Fluoroquinolones,26.61064425,J01M
2006,IE,Ireland,Escherichia coli,Fluoroquinolones,20.97470697,J01M
2006,IS,Iceland,Escherichia coli,Fluoroquinolones,11.57024793,J01M
2006,IT,Italy,Escherichia coli,Fluoroquinolones,26.87793427,J01M
2006,LT,Lithuania,Escherichia coli,Fluoroquinolones,12.28070175,J01M
2006,LU,Luxembourg,Escherichia coli,Fluoroquinolones,19.76047904,J01M
2006,LV,Latvia,Escherichia coli,Fluoroquinolones,10.0,J01M
2006,MT,Malta,Escherichia coli,Fluoroquinolones,31.91489361,J01M
2006,NL,Netherlands,Escherichia coli,Fluoroquinolones,11.20507399,J01M
2006,NO,Norway,Escherichia coli,Fluoroquinolones,4.86815415,J01M
2006,PL,Poland,Escherichia coli,Fluoroquinolones,20.38834951,J01M
2006,PT,Portugal,Escherichia coli,Fluoroquinolones,27.6744186,J01M
2006,RO,Romania,Escherichia coli,Fluoroquinolones,41.02564102,J01M
2006,SE,Sweden,Escherichia coli,Fluoroquinolones,7.95314426,J01M
2006,SI,Slovenia,Escherichia coli,Fluoroquinolones,15.20223152,J01M
2006,UK,United Kingdom,Escherichia coli,Fluoroquinolones,19.90719257,J01M
2007,AT,Austria,Escherichia coli,Fluoroquinolones,25.68154879,J01M
2007,BE,Belgium,Escherichia coli,Fluoroquinolones,19.16726489,J01M
2007,BG,Bulgaria,Escherichia coli,Fluoroquinolones,34.64566929,J01M
2007,CY,Cyprus,Escherichia coli,Fluoroquinolones,39.44954128,J01M
2007,CZ,Czechia,Escherichia coli,Fluoroquinolones,24.14796342,J01M
2007,DE,Germany,Escherichia coli,Fluoroquinolones,29.73251028,J01M
2007,DK,Denmark,Escherichia coli,Fluoroquinolones,9.29737402,J01M
2007,EE,Estonia,Escherichia coli,Fluoroquinolones,6.73076923,J01M
2007,EL,Greece,Escherichia coli,Fluoroquinolones,19.15240423,J01M
2007,ES,Spain,Escherichia coli,Fluoroquinolones,30.4454769,J01M
2007,FI,Finland,Escherichia coli,Fluoroquinolones,7.69625448,J01M
2007,FR,France,Escherichia coli,Fluoroquinolones,14.79208416,J01M
2007,HR,Croatia,Escherichia coli,Fluoroquinolones,13.13953488,J01M
2007,HU,Hungary,Escherichia coli,Fluoroquinolones,26.30676949,J01M
2007,IE,Ireland,Escherichia coli,Fluoroquinolones,21.30959218,J01M
2007,IS,Iceland,Escherichia coli,Fluoroquinolones,16.66666666,J01M
2007,IT,Italy,Escherichia coli,Fluoroquinolones,31.52507676,J01M
2007,LT,Lithuania,Escherichia coli,Fluoroquinolones,9.48275862,J01M
2007,LU,Luxembourg,Escherichia coli,Fluoroquinolones,21.45454545,J01M
2007,LV,Latvia,Escherichia coli,Fluoroquinolones,17.10526315,J01M
2007,MT,Malta,Escherichia coli,Fluoroquinolones,35.04273504,J01M
2007,NL,Netherlands,Escherichia coli,Fluoroquinolones,12.58715596,J01M
2007,NO,Norway,Escherichia coli,Fluoroquinolones,7.08661417,J01M
2007,PL,Poland,Escherichia coli,Fluoroquinolones,12.890625,J01M
2007,PT,Portugal,Escherichia coli,Fluoroquinolones,29.84859408,J01M
2007,RO,Romania,Escherichia coli,Fluoroquinolones,26.66666666,J01M
2007,SE,Sweden,Escherichia coli,Fluoroquinolones,10.32258064,J01M
2007,SI,Slovenia,Escherichia coli,Fluoroquinolones,17.15628672,J01M
2007,UK,United Kingdom,Escherichia coli,Fluoroquinolones,17.89719626,J01M
2008,AT,Austria,Escherichia coli,Fluoroquinolones,22.92436974,J01M
2008,BE,Belgium,Escherichia coli,Fluoroquinolones,16.8429003,J01M
2008,BG,Bulgaria,Escherichia coli,Fluoroquinolones,31.50684931,J01M
2008,CY,Cyprus,Escherichia coli,Fluoroquinolones,45.37815126,J01M
2008,CZ,Czechia,Escherichia coli,Fluoroquinolones,26.02339181,J01M
2008,DE,Germany,Escherichia coli,Fluoroquinolones,23.41614906,J01M
2008,DK,Denmark,Escherichia coli,Fluoroquinolones,10.17229953,J01M
2008,EE,Estonia,Escherichia coli,Fluoroquinolones,6.74603174,J01M
2008,EL,Greece,Escherichia coli,Fluoroquinolones,22.406639,J01M
2008,ES,Spain,Escherichia coli,Fluoroquinolones,32.52077562,J01M
2008,FI,Finland,Escherichia coli,Fluoroquinolones,8.72451398,J01M
2008,FR,France,Escherichia coli,Fluoroquinolones,15.69806279,J01M
2008,HR,Croatia,Escherichia coli,Fluoroquinolones,14.98905908,J01M
2008,HU,Hungary,Escherichia coli,Fluoroquinolones,26.12440191,J01M
2008,IE,Ireland,Escherichia coli,Fluoroquinolones,22.62931034,J01M
2008,IS,Iceland,Escherichia coli,Fluoroquinolones,6.08695652,J01M
2008,IT,Italy,Escherichia coli,Fluoroquinolones,37.59647188,J01M
2008,LT,Lithuania,Escherichia coli,Fluoroquinolones,13.81578947,J01M
2008,LU,Luxembourg,Escherichia coli,Fluoroquinolones,22.11221122,J01M
2008,LV,Latvia,Escherichia coli,Fluoroquinolones,14.44444444,J01M
2008,MT,Malta,Escherichia coli,Fluoroquinolones,33.59375,J01M
2008,NL,Netherlands,Escherichia coli,Fluoroquinolones,14.39427805,J01M
2008,NO,Norway,Escherichia coli,Fluoroquinolones,7.39081746,J01M
2008,PL,Poland,Escherichia coli,Fluoroquinolones,20.23809523,J01M
2008,PT,Portugal,Escherichia coli,Fluoroquinolones,28.59860494,J01M
2008,RO,Romania,Escherichia coli,Fluoroquinolones,26.92307692,J01M
2008,SE,Sweden,Escherichia coli,Fluoroquinolones,10.2793296,J01M
2008,SI,Slovenia,Escherichia coli,Fluoroquinolones,16.93363844,J01M
2008,UK,United Kingdom,Escherichia coli,Fluoroquinolones,15.10548523,J01M
2009,AT,Austria,Escherichia coli,Fluoroquinolones,20.48929663,J01M
2009,BE,Belgium,Escherichia coli,Fluoroquinolones,19.94680851,J01M
2009,BG,Bulgaria,Escherichia coli,Fluoroquinolones,27.97927461,J01M
2009,CY,Cyprus,Escherichia coli,Fluoroquinolones,43.38235294,J01M
2009,CZ,Czechia,Escherichia coli,Fluoroquinolones,23.16896301,J01M
2009,DE,Germany,Escherichia coli,Fluoroquinolones,23.40272792,J01M
2009,DK,Denmark,Escherichia coli,Fluoroquinolones,13.1826189,J01M
2009,EE,Estonia,Escherichia coli,Fluoroquinolones,8.27814569,J01M
2009,EL,Greece,Escherichia coli,Fluoroquinolones,23.42192691,J01M
2009,ES,Spain,Escherichia coli,Fluoroquinolones,31.49606299,J01M
2009,FI,Finland,Escherichia coli,Fluoroquinolones,9.17678812,J01M
2009,FR,France,Escherichia coli,Fluoroquinolones,18.55620735,J01M
2009,HU,Hungary,Escherichia coli,Fluoroquinolones,30.49713193,J01M
2009,IE,Ireland,Escherichia coli,Fluoroquinolones,21.69576059,J01M
2009,IS,Iceland,Escherichia coli,Fluoroquinolones,7.07070707,J01M
2009,IT,Italy,Escherichia coli,Fluoroquinolones,36.1529548,J01M
2009,LT,Lithuania,Escherichia coli,Fluoroquinolones,14.57627118,J01M
2009,LU,Luxembourg,Escherichia coli,Fluoroquinolones,25.58139534,J01M
2009,LV,Latvia,Escherichia coli,Fluoroquinolones,23.52941176,J01M
2009,MT,Malta,Escherichia coli,Fluoroquinolones,30.37974683,J01M
2009,NL,Netherlands,Escherichia coli,Fluoroquinolones,11.02229701,J01M
2009,NO,Norway,Escherichia coli,Fluoroquinolones,8.68852459,J01M
2009,PL,Poland,Escherichia coli,Fluoroquinolones,23.10405643,J01M
2009,PT,Portugal,Escherichia coli,Fluoroquinolones,27.72427774,J01M
2009,RO,Romania,Escherichia coli,Fluoroquinolones,18.18181818,J01M
2009,SE,Sweden,Escherichia coli,Fluoroquinolones,,J01M
2009,SI,Slovenia,Escherichia coli,Fluoroquinolones,18.2530795,J01M
2009,UK,United Kingdom,Escherichia coli,Fluoroquinolones,18.03874092,J01M
2010,AT,Austria,Escherichia coli,Fluoroquinolones,20.88888888,J01M
2010,BE,Belgium,Escherichia coli,Fluoroquinolones,21.54882154,J01M
2010,BG,Bulgaria,Escherichia coli,Fluoroquinolones,33.11258278,J01M
2010,CY,Cyprus,Escherichia coli,Fluoroquinolones,42.75362318,J01M
2010,CZ,Czechia,Escherichia coli,Fluoroquinolones,22.73276904,J01M
2010,DE,Germany,Escherichia coli,Fluoroquinolones,24.75969506,J01M
2010,DK,Denmark,Escherichia coli,Fluoroquinolones,13.73973468,J01M
2010,EE,Estonia,Escherichia coli,Fluoroquinolones,8.36501901,J01M
2010,EL,Greece,Escherichia coli,Fluoroquinolones,24.40633245,J01M
2010,ES,Spain,Escherichia coli,Fluoroquinolones,32.75983146,J01M
2010,FI,Finland,Escherichia coli,Fluoroquinolones,9.21568627,J01M
2010,FR,France,Escherichia coli,Fluoroquinolones,17.54191184,J01M
2010,HR,Croatia,Escherichia coli,Fluoroquinolones,17.00913242,J01M
2010,HU,Hungary,Escherichia coli,Fluoroquinolones,36.57644476,J01M
2010,IE,Ireland,Escherichia coli,Fluoroquinolones,22.86254133,J01M
2010,IS,Iceland,Escherichia coli,Fluoroquinolones,10.52631578,J01M
2010,IT,Italy,Escherichia coli,Fluoroquinolones,39.20361247,J01M
2010,LT,Lithuania,Escherichia coli,Fluoroquinolones,13.51351351,J01M
2010,LU,Luxembourg,Escherichia coli,Fluoroquinolones,26.27118644,J01M
2010,LV,Latvia,Escherichia coli,Fluoroquinolones,14.43298969,J01M
2010,MT,Malta,Escherichia coli,Fluoroquinolones,34.375,J01M
2010,NL,Netherlands,Escherichia coli,Fluoroquinolones,13.88032078,J01M
2010,NO,Norway,Escherichia coli,Fluoroquinolones,8.7340097,J01M
2010,PL,Poland,Escherichia coli,Fluoroquinolones,25.75976845,J01M
2010,PT,Portugal,Escherichia coli,Fluoroquinolones,27.27745965,J01M
2010,RO,Romania,Escherichia coli,Fluoroquinolones,24.24242424,J01M
2010,SE,Sweden,Escherichia coli,Fluoroquinolones,10.50525262,J01M
2010,SI,Slovenia,Escherichia coli,Fluoroquinolones,19.32773109,J01M
2010,UK,United Kingdom,Escherichia coli,Fluoroquinolones,17.30010384,J01M
2011,AT,Austria,Escherichia coli,Fluoroquinolones,22.26438962,J01M
2011,BE,Belgium,Escherichia coli,Fluoroquinolones,21.52719075,J01M
2011,BG,Bulgaria,Escherichia coli,Fluoroquinolones,30.16759776,J01M
2011,CY,Cyprus,Escherichia coli,Fluoroquinolones,47.44525547,J01M
2011,CZ,Czechia,Escherichia coli,Fluoroquinolones,23.48993288,J01M
2011,DE,Germany,Escherichia coli,Fluoroquinolones,23.73487348,J01M
2011,DK,Denmark,Escherichia coli,Fluoroquinolones,14.06642478,J01M
2011,EE,Estonia,Escherichia coli,Fluoroquinolones,9.93589743,J01M
2011,EL,Greece,Escherichia coli,Fluoroquinolones,26.5875785,J01M
2011,ES,Spain,Escherichia coli,Fluoroquinolones,34.48275862,J01M
2011,FI,Finland,Escherichia coli,Fluoroquinolones,10.9602649,J01M
2011,FR,France,Escherichia coli,Fluoroquinolones,17.92040487,J01M
2011,HR,Croatia,Escherichia coli,Fluoroquinolones,20.27310924,J01M
2011,HU,Hungary,Escherichia coli,Fluoroquinolones,31.16240725,J01M
2011,IE,Ireland,Escherichia coli,Fluoroquinolones,22.94472828,J01M
2011,IS,Iceland,Escherichia coli,Fluoroquinolones,14.04958677,J01M
2011,IT,Italy,Escherichia coli,Fluoroquinolones,40.54765666,J01M
2011,LT,Lithuania,Escherichia coli,Fluoroquinolones,12.86089238,J01M
2011,LU,Luxembourg,Escherichia coli,Fluoroquinolones,24.07932011,J01M
2011,LV,Latvia,Escherichia coli,Fluoroquinolones,16.79389312,J01M
2011,MT,Malta,Escherichia coli,Fluoroquinolones,31.96347031,J01M
2011,NL,Netherlands,Escherichia coli,Fluoroquinolones,14.44362564,J01M
2011,NO,Norway,Escherichia coli,Fluoroquinolones,8.98203592,J01M
2011,PL,Poland,Escherichia coli,Fluoroquinolones,27.3444347,J01M
2011,PT,Portugal,Escherichia coli,Fluoroquinolones,27.23004694,J01M
2011,RO,Romania,Escherichia coli,Fluoroquinolones,28.0,J01M
2011,SE,Sweden,Escherichia coli,Fluoroquinolones,10.05685159,J01M
2011,SI,Slovenia,Escherichia coli,Fluoroquinolones,20.65868263,J01M
2011,SK,Slovakia,Escherichia coli,Fluoroquinolones,41.81326116,J01M
2011,UK,United Kingdom,Escherichia coli,Fluoroquinolones,17.54133716,J01M
2012,AT,Austria,Escherichia coli,Fluoroquinolones,20.55401662,J01M
2012,BE,Belgium,Escherichia coli,Fluoroquinolones,22.16216216,J01M
2012,BG,Bulgaria,Escherichia coli,Fluoroquinolones,34.08071748,J01M
2012,CY,Cyprus,Escherichia coli,Fluoroquinolones,42.04545454,J01M
2012,CZ,Czechia,Escherichia coli,Fluoroquinolones,20.96831612,J01M
2012,DE,Germany,Escherichia coli,Fluoroquinolones,21.10792741,J01M
2012,DK,Denmark,Escherichia coli,Fluoroquinolones,14.12184552,J01M
2012,EE,Estonia,Escherichia coli,Fluoroquinolones,14.14473684,J01M
2012,EL,Greece,Escherichia coli,Fluoroquinolones,29.08163265,J01M
2012,ES,Spain,Escherichia coli,Fluoroquinolones,33.85214007,J01M
2012,FI,Finland,Escherichia coli,Fluoroquinolones,11.73308032,J01M
2012,FR,France,Escherichia coli,Fluoroquinolones,17.84582893,J01M
2012,HR,Croatia,Escherichia coli,Fluoroquinolones,17.04035874,J01M
2012,HU,Hungary,Escherichia coli,Fluoroquinolones,28.93036611,J01M
2012,IE,Ireland,Escherichia coli,Fluoroquinolones,24.28571428,J01M
2012,IS,Iceland,Escherichia coli,Fluoroquinolones,9.70149253,J01M
2012,IT,Italy,Escherichia coli,Fluoroquinolones,42.05479452,J01M
2012,LT,Lithuania,Escherichia coli,Fluoroquinolones,14.69298245,J01M
2012,LU,Luxembourg,Escherichia coli,Fluoroquinolones,23.9520958,J01M
2012,LV,Latvia,Escherichia coli,Fluoroquinolones,14.47368421,J01M
2012,MT,Malta,Escherichia coli,Fluoroquinolones,30.14354066,J01M
2012,NL,Netherlands,Escherichia coli,Fluoroquinolones,15.63556457,J01M
2012,NO,Norway,Escherichia coli,Fluoroquinolones,11.2908899,J01M
2012,PL,Poland,Escherichia coli,Fluoroquinolones,29.33204259,J01M
2012,PT,Portugal,Escherichia coli,Fluoroquinolones,30.30583873,J01M
2012,RO,Romania,Escherichia coli,Fluoroquinolones,29.03225806,J01M
2012,SE,Sweden,Escherichia coli,Fluoroquinolones,11.08903738,J01M
2012,SI,Slovenia,Escherichia coli,Fluoroquinolones,21.40410958,J01M
2012,SK,Slovakia,Escherichia coli,Fluoroquinolones,41.29496402,J01M
2012,UK,United Kingdom,Escherichia coli,Fluoroquinolones,16.56785771,J01M
2013,AT,Austria,Escherichia coli,Fluoroquinolones,21.96774947,J01M
2013,BE,Belgium,Escherichia coli,Fluoroquinolones,22.95161682,J01M
2013,BG,Bulgaria,Escherichia coli,Fluoroquinolones,37.43315508,J01M
2013,CY,Cyprus,Escherichia coli,Fluoroquinolones,51.85185185,J01M
2013,CZ,Czechia,Escherichia coli,Fluoroquinolones,20.75855062,J01M
2013,DE,Germany,Escherichia coli,Fluoroquinolones,22.07326283,J01M
2013,DK,Denmark,Escherichia coli,Fluoroquinolones,12.44007065,J01M
2013,EE,Estonia,Escherichia coli,Fluoroquinolones,11.83431952,J01M
2013,EL,Greece,Escherichia coli,Fluoroquinolones,30.88709677,J01M
2013,ES,Spain,Escherichia coli,Fluoroquinolones,34.89706378,J01M
2013,FI,Finland,Escherichia coli,Fluoroquinolones,13.23935876,J01M
2013,FR,France,Escherichia coli,Fluoroquinolones,16.73453173,J01M
2013,HR,Croatia,Escherichia coli,Fluoroquinolones,20.17543859,J01M
2013,HU,Hungary,Escherichia coli,Fluoroquinolones,30.30726256,J01M
2013,IE,Ireland,Escherichia coli,Fluoroquinolones,24.17271993,J01M
2013,IS,Iceland,Escherichia coli,Fluoroquinolones,14.65517241,J01M
2013,IT,Italy,Escherichia coli,Fluoroquinolones,42.20977596,J01M
2013,LT,Lithuania,Escherichia coli,Fluoroquinolones,15.93533487,J01M
2013,LU,Luxembourg,Escherichia coli,Fluoroquinolones,27.79661016,J01M
2013,LV,Latvia,Escherichia coli,Fluoroquinolones,18.65671641,J01M
2013,MT,Malta,Escherichia coli,Fluoroquinolones,29.75206611,J01M
2013,NL,Netherlands,Escherichia coli,Fluoroquinolones,14.75926203,J01M
2013,NO,Norway,Escherichia coli,Fluoroquinolones,10.8907563,J01M
2013,PL,Poland,Escherichia coli,Fluoroquinolones,27.34299516,J01M
2013,PT,Portugal,Escherichia coli,Fluoroquinolones,31.62011173,J01M
2013,RO,Romania,Escherichia coli,Fluoroquinolones,31.0,J01M
2013,SE,Sweden,Escherichia coli,Fluoroquinolones,11.58238172,J01M
2013,SI,Slovenia,Escherichia coli,Fluoroquinolones,19.85294117,J01M
2013,SK,Slovakia,Escherichia coli,Fluoroquinolones,40.34653465,J01M
2013,UK,United Kingdom,Escherichia coli,Fluoroquinolones,16.30465847,J01M
2014,AT,Austria,Escherichia coli,Fluoroquinolones,19.81904351,J01M
2014,BE,Belgium,Escherichia coli,Fluoroquinolones,26.70257791,J01M
2014,BG,Bulgaria,Escherichia coli,Fluoroquinolones,38.60465116,J01M
2014,CY,Cyprus,Escherichia coli,Fluoroquinolones,46.40522875,J01M
2014,CZ,Czechia,Escherichia coli,Fluoroquinolones,21.60618279,J01M
2014,DE,Germany,Escherichia coli,Fluoroquinolones,20.59062145,J01M
2014,DK,Denmark,Escherichia coli,Fluoroquinolones,12.25217197,J01M
2014,EE,Estonia,Escherichia coli,Fluoroquinolones,12.28501228,J01M
2014,EL,Greece,Escherichia coli,Fluoroquinolones,32.76018099,J01M
2014,ES,Spain,Escherichia coli,Fluoroquinolones,34.0323135,J01M
2014,FI,Finland,Escherichia coli,Fluoroquinolones,11.03586656,J01M
2014,FR,France,Escherichia coli,Fluoroquinolones,17.64820025,J01M
2014,HR,Croatia,Escherichia coli,Fluoroquinolones,20.05597014,J01M
2014,HU,Hungary,Escherichia coli,Fluoroquinolones,28.43866171,J01M
2014,IE,Ireland,Escherichia coli,Fluoroquinolones,24.52830188,J01M
2014,IS,Iceland,Escherichia coli,Fluoroquinolones,7.80141843,J01M
2014,IT,Italy,Escherichia coli,Fluoroquinolones,43.92651494,J01M
2014,LT,Lithuania,Escherichia coli,Fluoroquinolones,12.83783783,J01M
2014,LU,Luxembourg,Escherichia coli,Fluoroquinolones,24.72826086,J01M
2014,LV,Latvia,Escherichia coli,Fluoroquinolones,17.67955801,J01M
2014,MT,Malta,Escherichia coli,Fluoroquinolones,28.73134328,J01M
2014,NL,Netherlands,Escherichia coli,Fluoroquinolones,13.96295256,J01M
2014,NO,Norway,Escherichia coli,Fluoroquinolones,11.0102489,J01M
2014,PL,Poland,Escherichia coli,Fluoroquinolones,29.23368022,J01M
2014,PT,Portugal,Escherichia coli,Fluoroquinolones,32.36522777,J01M
2014,RO,Romania,Escherichia coli,Fluoroquinolones,31.2703583,J01M
2014,SE,Sweden,Escherichia coli,Fluoroquinolones,11.2991054,J01M
2014,SI,Slovenia,Escherichia coli,Fluoroquinolones,23.27302631,J01M
2014,SK,Slovakia,Escherichia coli,Fluoroquinolones,42.95377677,J01M
2014,UK,United Kingdom,Escherichia coli,Fluoroquinolones,16.81837884,J01M
2015,AT,Austria,Escherichia coli,Fluoroquinolones,20.02911813,J01M
2015,BE,Belgium,Escherichia coli,Fluoroquinolones,26.58869395,J01M
2015,BG,Bulgaria,Escherichia coli,Fluoroquinolones,35.29411764,J01M
2015,CY,Cyprus,Escherichia coli,Fluoroquinolones,45.52845528,J01M
2015,CZ,Czechia,Escherichia coli,Fluoroquinolones,22.59083728,J01M
2015,DE,Germany,Escherichia coli,Fluoroquinolones,19.38130613,J01M
2015,DK,Denmark,Escherichia coli,Fluoroquinolones,11.90371991,J01M
2015,EE,Estonia,Escherichia coli,Fluoroquinolones,15.234375,J01M
2015,EL,Greece,Escherichia coli,Fluoroquinolones,30.56255247,J01M
2015,ES,Spain,Escherichia coli,Fluoroquinolones,31.55459592,J01M
2015,FI,Finland,Escherichia coli,Fluoroquinolones,11.17166212,J01M
2015,FR,France,Escherichia coli,Fluoroquinolones,17.74868157,J01M
2015,HR,Croatia,Escherichia coli,Fluoroquinolones,23.9884393,J01M
2015,HU,Hungary,Escherichia coli,Fluoroquinolones,28.99554675,J01M
2015,IE,Ireland,Escherichia coli,Fluoroquinolones,23.07107563,J01M
2015,IS,Iceland,Escherichia coli,Fluoroquinolones,6.79012345,J01M
2015,IT,Italy,Escherichia coli,Fluoroquinolones,44.38282647,J01M
2015,LT,Lithuania,Escherichia coli,Fluoroquinolones,20.58319039,J01M
2015,LU,Luxembourg,Escherichia coli,Fluoroquinolones,24.20749279,J01M
2015,LV,Latvia,Escherichia coli,Fluoroquinolones,27.83505154,J01M
2015,MT,Malta,Escherichia coli,Fluoroquinolones,37.39495798,J01M
2015,NL,Netherlands,Escherichia coli,Fluoroquinolones,13.16087079,J01M
2015,NO,Norway,Escherichia coli,Fluoroquinolones,10.21831412,J01M
2015,PL,Poland,Escherichia coli,Fluoroquinolones,27.88033099,J01M
2015,PT,Portugal,Escherichia coli,Fluoroquinolones,29.65928132,J01M
2015,RO,Romania,Escherichia coli,Fluoroquinolones,30.7277628,J01M
2015,SE,Sweden,Escherichia coli,Fluoroquinolones,12.61538461,J01M
2015,SI,Slovenia,Escherichia coli,Fluoroquinolones,24.60377358,J01M
2015,SK,Slovakia,Escherichia coli,Fluoroquinolones,44.18344519,J01M
2015,UK,United Kingdom,Escherichia coli,Fluoroquinolones,15.64005505,J01M
2016,AT,Austria,Escherichia coli,Fluoroquinolones,19.83705949,J01M
2016,BE,Belgium,Escherichia coli,Fluoroquinolones,24.54592631,J01M
2016,BG,Bulgaria,Escherichia coli,Fluoroquinolones,42.19409282,J01M
2016,CY,Cyprus,Escherichia coli,Fluoroquinolones,46.97986577,J01M
2016,CZ,Czechia,Escherichia coli,Fluoroquinolones,27.63802678,J01M
2016,DE,Germany,Escherichia coli,Fluoroquinolones,19.44638287,J01M
2016,DK,Denmark,Escherichia coli,Fluoroquinolones,11.0420551,J01M
2016,EE,Estonia,Escherichia coli,Fluoroquinolones,13.87696709,J01M
2016,EL,Greece,Escherichia coli,Fluoroquinolones,32.13190184,J01M
2016,ES,Spain,Escherichia coli,Fluoroquinolones,32.82330439,J01M
2016,FI,Finland,Escherichia coli,Fluoroquinolones,11.46006655,J01M
2016,FR,France,Escherichia coli,Fluoroquinolones,16.65629721,J01M
2016,HR,Croatia,Escherichia coli,Fluoroquinolones,27.85782901,J01M
2016,HU,Hungary,Escherichia coli,Fluoroquinolones,26.78751258,J01M
2016,IE,Ireland,Escherichia coli,Fluoroquinolones,22.90969899,J01M
2016,IS,Iceland,Escherichia coli,Fluoroquinolones,9.55056179,J01M
2016,IT,Italy,Escherichia coli,Fluoroquinolones,43.2605042,J01M
2016,LT,Lithuania,Escherichia coli,Fluoroquinolones,19.74683544,J01M
2016,LU,Luxembourg,Escherichia coli,Fluoroquinolones,28.94736842,J01M
2016,LV,Latvia,Escherichia coli,Fluoroquinolones,27.75510204,J01M
2016,MT,Malta,Escherichia coli,Fluoroquinolones,41.46341463,J01M
2016,NL,Netherlands,Escherichia coli,Fluoroquinolones,12.8983308,J01M
2016,NO,Norway,Escherichia coli,Fluoroquinolones,10.93879811,J01M
2016,PL,Poland,Escherichia coli,Fluoroquinolones,33.06788016,J01M
2016,PT,Portugal,Escherichia coli,Fluoroquinolones,28.94691336,J01M
2016,RO,Romania,Escherichia coli,Fluoroquinolones,30.62200956,J01M
2016,SE,Sweden,Escherichia coli,Fluoroquinolones,13.6605729,J01M
2016,SI,Slovenia,Escherichia coli,Fluoroquinolones,25.56338028,J01M
2016,SK,Slovakia,Escherichia coli,Fluoroquinolones,40.43583535,J01M
2016,UK,United Kingdom,Escherichia coli,Fluoroquinolones,16.33090066,J01M
2017,AT,Austria,Escherichia coli,Fluoroquinolones,20.45835662,J01M
2017,BE,Belgium,Escherichia coli,Fluoroquinolones,23.80191693,J01M
2017,BG,Bulgaria,Escherichia coli,Fluoroquinolones,42.10526315,J01M
2017,CY,Cyprus,Escherichia coli,Fluoroquinolones,42.94871794,J01M
2017,CZ,Czechia,Escherichia coli,Fluoroquinolones,24.47639887,J01M
2017,DE,Germany,Escherichia coli,Fluoroquinolones,20.74978204,J01M
2017,DK,Denmark,Escherichia coli,Fluoroquinolones,12.78547725,J01M
2017,EE,Estonia,Escherichia coli,Fluoroquinolones,17.41357234,J01M
2017,EL,Greece,Escherichia coli,Fluoroquinolones,32.92349726,J01M
2017,ES,Spain,Escherichia coli,Fluoroquinolones,32.50302715,J01M
2017,FI,Finland,Escherichia coli,Fluoroquinolones,12.00754005,J01M
2017,FR,France,Escherichia coli,Fluoroquinolones,15.0210084,J01M
2017,HR,Croatia,Escherichia coli,Fluoroquinolones,28.17391304,J01M
2017,HU,Hungary,Escherichia coli,Fluoroquinolones,30.61921014,J01M
2017,IE,Ireland,Escherichia coli,Fluoroquinolones,23.59730682,J01M
2017,IS,Iceland,Escherichia coli,Fluoroquinolones,11.55778894,J01M
2017,IT,Italy,Escherichia coli,Fluoroquinolones,44.93880489,J01M
2017,LT,Lithuania,Escherichia coli,Fluoroquinolones,25.20612485,J01M
2017,LU,Luxembourg,Escherichia coli,Fluoroquinolones,22.86374133,J01M
2017,LV,Latvia,Escherichia coli,Fluoroquinolones,30.3482587,J01M
2017,MT,Malta,Escherichia coli,Fluoroquinolones,43.31210191,J01M
2017,NL,Netherlands,Escherichia coli,Fluoroquinolones,14.41885234,J01M
2017,NO,Norway,Escherichia coli,Fluoroquinolones,13.5620477,J01M
2017,PL,Poland,Escherichia coli,Fluoroquinolones,35.86244541,J01M
2017,PT,Portugal,Escherichia coli,Fluoroquinolones,27.27272727,J01M
2017,RO,Romania,Escherichia coli,Fluoroquinolones,26.44787644,J01M
2017,SE,Sweden,Escherichia coli,Fluoroquinolones,15.79312738,J01M
2017,SI,Slovenia,Escherichia coli,Fluoroquinolones,24.87346348,J01M
2017,SK,Slovakia,Escherichia coli,Fluoroquinolones,43.19727891,J01M
2017,UK,United Kingdom,Escherichia coli,Fluoroquinolones,17.46894152,J01M
2018,AT,Austria,Escherichia coli,Fluoroquinolones,21.8524388,J01M
2018,BE,Belgium,Escherichia coli,Fluoroquinolones,21.80004749,J01M
2018,BG,Bulgaria,Escherichia coli,Fluoroquinolones,41.78082191,J01M
2018,CY,Cyprus,Escherichia coli,Fluoroquinolones,42.38410596,J01M
2018,CZ,Czechia,Escherichia coli,Fluoroquinolones,24.27157778,J01M
2018,DE,Germany,Escherichia coli,Fluoroquinolones,19.828764,J01M
2018,DK,Denmark,Escherichia coli,Fluoroquinolones,13.25659116,J01M
2018,EE,Estonia,Escherichia coli,Fluoroquinolones,17.61158021,J01M
2018,EL,Greece,Escherichia coli,Fluoroquinolones,30.77866339,J01M
2018,ES,Spain,Escherichia coli,Fluoroquinolones,32.11659663,J01M
2018,FI,Finland,Escherichia coli,Fluoroquinolones,11.48126115,J01M
2018,FR,France,Escherichia coli,Fluoroquinolones,16.32243028,J01M
2018,HR,Croatia,Escherichia coli,Fluoroquinolones,30.02502085,J01M
2018,HU,Hungary,Escherichia coli,Fluoroquinolones,33.24873096,J01M
2018,IE,Ireland,Escherichia coli,Fluoroquinolones,23.90364422,J01M
2018,IS,Iceland,Escherichia coli,Fluoroquinolones,17.1875,J01M
2018,IT,Italy,Escherichia coli,Fluoroquinolones,41.6630306,J01M
2018,LT,Lithuania,Escherichia coli,Fluoroquinolones,19.6557971,J01M
2018,LU,Luxembourg,Escherichia coli,Fluoroquinolones,21.77033492,J01M
2018,LV,Latvia,Escherichia coli,Fluoroquinolones,24.12790697,J01M
2018,MT,Malta,Escherichia coli,Fluoroquinolones,41.86746987,J01M
2018,NL,Netherlands,Escherichia coli,Fluoroquinolones,14.70872613,J01M
2018,NO,Norway,Escherichia coli,Fluoroquinolones,12.87077637,J01M
2018,PL,Poland,Escherichia coli,Fluoroquinolones,34.67082197,J01M
2018,PT,Portugal,Escherichia coli,Fluoroquinolones,25.46012269,J01M
2018,RO,Romania,Escherichia coli,Fluoroquinolones,29.10216718,J01M
2018,SE,Sweden,Escherichia coli,Fluoroquinolones,18.05503904,J01M
2018,SI,Slovenia,Escherichia coli,Fluoroquinolones,22.78177458,J01M
2018,SK,Slovakia,Escherichia coli,Fluoroquinolones,42.10526315,J01M
2018,UK,United Kingdom,Escherichia coli,Fluoroquinolones,17.71218889,J01M
2019,AT,Austria,Escherichia coli,Fluoroquinolones,18.21305841,J01M
2019,BE,Belgium,Escherichia coli,Fluoroquinolones,19.05732484,J01M
2019,BG,Bulgaria,Escherichia coli,Fluoroquinolones,38.63636363,J01M
2019,CY,Cyprus,Escherichia coli,Fluoroquinolones,43.47826086,J01M
2019,CZ,Czechia,Escherichia coli,Fluoroquinolones,23.04445694,J01M
2019,DE,Germany,Escherichia coli,Fluoroquinolones,17.53230084,J01M
2019,DK,Denmark,Escherichia coli,Fluoroquinolones,11.47190008,J01M
2019,EE,Estonia,Escherichia coli,Fluoroquinolones,17.05685618,J01M
2019,EL,Greece,Escherichia coli,Fluoroquinolones,29.55665024,J01M
2019,ES,Spain,Escherichia coli,Fluoroquinolones,29.52880859,J01M
2019,FI,Finland,Escherichia coli,Fluoroquinolones,11.44177449,J01M
2019,FR,France,Escherichia coli,Fluoroquinolones,15.97051597,J01M
2019,HR,Croatia,Escherichia coli,Fluoroquinolones,27.25631768,J01M
2019,HU,Hungary,Escherichia coli,Fluoroquinolones,30.31693077,J01M
2019,IE,Ireland,Escherichia coli,Fluoroquinolones,20.35370772,J01M
2019,IS,Iceland,Escherichia coli,Fluoroquinolones,13.09523809,J01M
2019,IT,Italy,Escherichia coli,Fluoroquinolones,40.6309388,J01M
2019,LT,Lithuania,Escherichia coli,Fluoroquinolones,17.98051372,J01M
2019,LU,Luxembourg,Escherichia coli,Fluoroquinolones,20.52845528,J01M
2019,LV,Latvia,Escherichia coli,Fluoroquinolones,24.88687782,J01M
2019,MT,Malta,Escherichia coli,Fluoroquinolones,40.06024096,J01M
2019,NL,Netherlands,Escherichia coli,Fluoroquinolones,14.56563442,J01M
2019,NO,Norway,Escherichia coli,Fluoroquinolones,11.25860373,J01M
2019,PL,Poland,Escherichia coli,Fluoroquinolones,33.01852524,J01M
2019,PT,Portugal,Escherichia coli,Fluoroquinolones,26.46555745,J01M
2019,RO,Romania,Escherichia coli,Fluoroquinolones,28.28746177,J01M
2019,SE,Sweden,Escherichia coli,Fluoroquinolones,15.85210369,J01M
2019,SI,Slovenia,Escherichia coli,Fluoroquinolones,19.00621118,J01M
2019,SK,Slovakia,Escherichia coli,Fluoroquinolones,34.0,J01M
2019,UK,United Kingdom,Escherichia coli,Fluoroquinolones,17.8332155,J01M
2020,AT,Austria,Escherichia coli,Fluoroquinolones,17.3459892,J01M
2020,BE,Belgium,Escherichia coli,Fluoroquinolones,18.0787037,J01M
2020,BG,Bulgaria,Escherichia coli,Fluoroquinolones,42.91187739,J01M
2020,CY,Cyprus,Escherichia coli,Fluoroquinolones,48.24561403,J01M
2020,CZ,Czechia,Escherichia coli,Fluoroquinolones,20.18685352,J01M
2020,DE,Germany,Escherichia coli,Fluoroquinolones,16.53659565,J01M
2020,DK,Denmark,Escherichia coli,Fluoroquinolones,11.2265758,J01M
2020,EE,Estonia,Escherichia coli,Fluoroquinolones,14.07716371,J01M
2020,EL,Greece,Escherichia coli,Fluoroquinolones,32.74336283,J01M
2020,ES,Spain,Escherichia coli,Fluoroquinolones,28.60623156,J01M
2020,FI,Finland,Escherichia coli,Fluoroquinolones,10.53418005,J01M
2020,FR,France,Escherichia coli,Fluoroquinolones,15.92439011,J01M
2020,HR,Croatia,Escherichia coli,Fluoroquinolones,29.66101694,J01M
2020,HU,Hungary,Escherichia coli,Fluoroquinolones,30.33707865,J01M
2020,IE,Ireland,Escherichia coli,Fluoroquinolones,18.88185654,J01M
2020,IS,Iceland,Escherichia coli,Fluoroquinolones,11.83673469,J01M
2020,IT,Italy,Escherichia coli,Fluoroquinolones,37.59023354,J01M
2020,LT,Lithuania,Escherichia coli,Fluoroquinolones,18.75,J01M
2020,LU,Luxembourg,Escherichia coli,Fluoroquinolones,21.72897196,J01M
2020,LV,Latvia,Escherichia coli,Fluoroquinolones,27.51322751,J01M
2020,MT,Malta,Escherichia coli,Fluoroquinolones,35.37906137,J01M
2020,NL,Netherlands,Escherichia coli,Fluoroquinolones,13.33778371,J01M
2020,NO,Norway,Escherichia coli,Fluoroquinolones,9.95983935,J01M
2020,PL,Poland,Escherichia coli,Fluoroquinolones,32.99208934,J01M
2020,PT,Portugal,Escherichia coli,Fluoroquinolones,23.93498716,J01M
2020,RO,Romania,Escherichia coli,Fluoroquinolones,26.0,J01M
2020,SE,Sweden,Escherichia coli,Fluoroquinolones,14.08450704,J01M
2020,SI,Slovenia,Escherichia coli,Fluoroquinolones,18.11997526,J01M
2020,SK,Slovakia,Escherichia coli,Fluoroquinolones,34.1563786,J01M
2021,AT,Austria,Escherichia coli,Fluoroquinolones,15.07492327,J01M
2021,BE,Belgium,Escherichia coli,Fluoroquinolones,18.53420885,J01M
2021,BG,Bulgaria,Escherichia coli,Fluoroquinolones,33.46007604,J01M
2021,CY,Cyprus,Escherichia coli,Fluoroquinolones,51.5625,J01M
2021,CZ,Czechia,Escherichia coli,Fluoroquinolones,19.70006816,J01M
2021,DE,Germany,Escherichia coli,Fluoroquinolones,14.66013725,J01M
2021,DK,Denmark,Escherichia coli,Fluoroquinolones,10.47207446,J01M
2021,EE,Estonia,Escherichia coli,Fluoroquinolones,13.44902386,J01M
2021,EL,Greece,Escherichia coli,Fluoroquinolones,33.92857142,J01M
2021,ES,Spain,Escherichia coli,Fluoroquinolones,26.61471404,J01M
2021,FI,Finland,Escherichia coli,Fluoroquinolones,9.56566701,J01M
2021,FR,France,Escherichia coli,Fluoroquinolones,14.75658679,J01M
2021,HR,Croatia,Escherichia coli,Fluoroquinolones,28.98751733,J01M
2021,HU,Hungary,Escherichia coli,Fluoroquinolones,28.04878048,J01M
2021,IE,Ireland,Escherichia coli,Fluoroquinolones,15.97653554,J01M
2021,IS,Iceland,Escherichia coli,Fluoroquinolones,14.44043321,J01M
2021,IT,Italy,Escherichia coli,Fluoroquinolones,33.3610572,J01M
2021,LT,Lithuania,Escherichia coli,Fluoroquinolones,17.64705882,J01M
2021,LU,Luxembourg,Escherichia coli,Fluoroquinolones,20.9039548,J01M
2021,LV,Latvia,Escherichia coli,Fluoroquinolones,20.6632653,J01M
2021,MT,Malta,Escherichia coli,Fluoroquinolones,30.76923076,J01M
2021,NL,Netherlands,Escherichia coli,Fluoroquinolones,13.32319391,J01M
2021,NO,Norway,Escherichia coli,Fluoroquinolones,9.87718839,J01M
2021,PL,Poland,Escherichia coli,Fluoroquinolones,33.11287477,J01M
2021,PT,Portugal,Escherichia coli,Fluoroquinolones,22.49911,J01M
2021,RO,Romania,Escherichia coli,Fluoroquinolones,24.69879518,J01M
2021,SE,Sweden,Escherichia coli,Fluoroquinolones,13.66130558,J01M
2021,SI,Slovenia,Escherichia coli,Fluoroquinolones,16.65675193,J01M
2021,SK,Slovakia,Escherichia coli,Fluoroquinolones,29.75830815,J01M
2022,AT,Austria,Escherichia coli,Fluoroquinolones,13.93065998,J01M
2022,BE,Belgium,Escherichia coli,Fluoroquinolones,17.54850088,J01M
2022,BG,Bulgaria,Escherichia coli,Fluoroquinolones,40.58577405,J01M
2022,CY,Cyprus,Escherichia coli,Fluoroquinolones,46.36363636,J01M
2022,CZ,Czechia,Escherichia coli,Fluoroquinolones,18.2379349,J01M
2022,DE,Germany,Escherichia coli,Fluoroquinolones,15.18159592,J01M
2022,DK,Denmark,Escherichia coli,Fluoroquinolones,10.70943652,J01M
2022,EE,Estonia,Escherichia coli,Fluoroquinolones,16.31205673,J01M
2022,EL,Greece,Escherichia coli,Fluoroquinolones,37.77239709,J01M
2022,ES,Spain,Escherichia coli,Fluoroquinolones,28.60965428,J01M
2022,FI,Finland,Escherichia coli,Fluoroquinolones,9.90813648,J01M
2022,FR,France,Escherichia coli,Fluoroquinolones,14.70571444,J01M
2022,HR,Croatia,Escherichia coli,Fluoroquinolones,30.25641025,J01M
2022,HU,Hungary,Escherichia coli,Fluoroquinolones,29.27696562,J01M
2022,IE,Ireland,Escherichia coli,Fluoroquinolones,15.6,J01M
2022,IS,Iceland,Escherichia coli,Fluoroquinolones,10.21276595,J01M
2022,IT,Italy,Escherichia coli,Fluoroquinolones,31.62717219,J01M
2022,LI,Liechtenstein,Escherichia coli,Fluoroquinolones,,J01M
2022,LT,Lithuania,Escherichia coli,Fluoroquinolones,19.02552204,J01M
2022,LU,Luxembourg,Escherichia coli,Fluoroquinolones,16.84434968,J01M
2022,LV,Latvia,Escherichia coli,Fluoroquinolones,21.82952182,J01M
2022,MT,Malta,Escherichia coli,Fluoroquinolones,26.38036809,J01M
2022,NL,Netherlands,Escherichia coli,Fluoroquinolones,13.14293636,J01M
2022,NO,Norway,Escherichia coli,Fluoroquinolones,10.52066559,J01M
2022,PL,Poland,Escherichia coli,Fluoroquinolones,30.81103678,J01M
2022,PT,Portugal,Escherichia coli,Fluoroquinolones,21.44665461,J01M
2022,RO,Romania,Escherichia coli,Fluoroquinolones,23.76811594,J01M
2022,SE,Sweden,Escherichia coli,Fluoroquinolones,13.82098354,J01M
2022,SI,Slovenia,Escherichia coli,Fluoroquinolones,16.56626506,J01M
2022,SK,Slovakia,Escherichia coli,Fluoroquinolones,32.35294117,J01M
2023,AT,Austria,Escherichia coli,Fluoroquinolones,15.03050471,J01M
2023,BE,Belgium,Escherichia coli,Fluoroquinolones,18.23683679,J01M
2023,BG,Bulgaria,Escherichia coli,Fluoroquinolones,39.86928104,J01M
2023,CY,Cyprus,Escherichia coli,Fluoroquinolones,42.90030211,J01M
2023,CZ,Czechia,Escherichia coli,Fluoroquinolones,17.17665209,J01M
2023,DE,Germany,Escherichia coli,Fluoroquinolones,16.67172623,J01M
2023,DK,Denmark,Escherichia coli,Fluoroquinolones,10.46671242,J01M
2023,EE,Estonia,Escherichia coli,Fluoroquinolones,13.28273244,J01M
2023,EL,Greece,Escherichia coli,Fluoroquinolones,37.77538957,J01M
2023,ES,Spain,Escherichia coli,Fluoroquinolones,27.55537069,J01M
2023,FI,Finland,Escherichia coli,Fluoroquinolones,10.30274583,J01M
2023,HR,Croatia,Escherichia coli,Fluoroquinolones,29.66101694,J01M
2023,HU,Hungary,Escherichia coli,Fluoroquinolones,25.98828696,J01M
2023,IE,Ireland,Escherichia coli,Fluoroquinolones,15.96995427,J01M
2023,IS,Iceland,Escherichia coli,Fluoroquinolones,12.79069767,J01M
2023,IT,Italy,Escherichia coli,Fluoroquinolones,34.14425034,J01M
2023,LI,Liechtenstein,Escherichia coli,Fluoroquinolones,,J01M
2023,LT,Lithuania,Escherichia coli,Fluoroquinolones,20.54982817,J01M
2023,LU,Luxembourg,Escherichia coli,Fluoroquinolones,15.61822125,J01M
2023,LV,Latvia,Escherichia coli,Fluoroquinolones,28.50877192,J01M
2023,MT,Malta,Escherichia coli,Fluoroquinolones,27.88461538,J01M
2023,NL,Netherlands,Escherichia coli,Fluoroquinolones,12.94642857,J01M
2023,NO,Norway,Escherichia coli,Fluoroquinolones,10.12339461,J01M
2023,PL,Poland,Escherichia coli,Fluoroquinolones,32.20394736,J01M
2023,PT,Portugal,Escherichia coli,Fluoroquinolones,24.33192686,J01M
2023,RO,Romania,Escherichia coli,Fluoroquinolones,25.40816326,J01M
2023,SE,Sweden,Escherichia coli,Fluoroquinolones,14.74611204,J01M
2023,SI,Slovenia,Escherichia coli,Fluoroquinolones,15.92434411,J01M
2023,SK,Slovakia,Escherichia coli,Fluoroquinolones,31.16883116,J01M
2024,AT,Austria,Escherichia coli,Fluoroquinolones,15.50452564,J01M
2024,BE,Belgium,Escherichia coli,Fluoroquinolones,20.38396386,J01M
2024,BG,Bulgaria,Escherichia coli,Fluoroquinolones,28.27380952,J01M
2024,CY,Cyprus,Escherichia coli,Fluoroquinolones,49.25,J01M
2024,CZ,Czechia,Escherichia coli,Fluoroquinolones,19.18931583,J01M
2024,DE,Germany,Escherichia coli,Fluoroquinolones,16.95305504,J01M
2024,DK,Denmark,Escherichia coli,Fluoroquinolones,10.71668909,J01M
2024,EE,Estonia,Escherichia coli,Fluoroquinolones,14.61397058,J01M
2024,EL,Greece,Escherichia coli,Fluoroquinolones,36.34085213,J01M
2024,ES,Spain,Escherichia coli,Fluoroquinolones,29.9793246,J01M
2024,FI,Finland,Escherichia coli,Fluoroquinolones,9.85233599,J01M
2024,FR,France,Escherichia coli,Fluoroquinolones,13.80411306,J01M
2024,HR,Croatia,Escherichia coli,Fluoroquinolones,29.13085004,J01M
2024,HU,Hungary,Escherichia coli,Fluoroquinolones,25.10652245,J01M
2024,IE,Ireland,Escherichia coli,Fluoroquinolones,15.04178272,J01M
2024,IS,Iceland,Escherichia coli,Fluoroquinolones,13.79310344,J01M
2024,IT,Italy,Escherichia coli,Fluoroquinolones,34.49146583,J01M
2024,LI,Liechtenstein,Escherichia coli,Fluoroquinolones,,J01M
2024,LT,Lithuania,Escherichia coli,Fluoroquinolones,20.0464846,J01M
2024,LU,Luxembourg,Escherichia coli,Fluoroquinolones,18.70229007,J01M
2024,LV,Latvia,Escherichia coli,Fluoroquinolones,30.37974683,J01M
2024,MT,Malta,Escherichia coli,Fluoroquinolones,43.00202839,J01M
2024,NL,Netherlands,Escherichia coli,Fluoroquinolones,13.68327599,J01M
2024,NO,Norway,Escherichia coli,Fluoroquinolones,9.99495204,J01M
2024,PL,Poland,Escherichia coli,Fluoroquinolones,28.6939679,J01M
2024,PT,Portugal,Escherichia coli,Fluoroquinolones,23.71644872,J01M
2024,RO,Romania,Escherichia coli,Fluoroquinolones,25.18740629,J01M
2024,SE,Sweden,Escherichia coli,Fluoroquinolones,15.56811649,J01M
2024,SI,Slovenia,Escherichia coli,Fluoroquinolones,15.91574019,J01M
2024,SK,Slovakia,Escherichia coli,Fluoroquinolones,30.06451612,J01M
2005,AT,Austria,Klebsiella pneumoniae,Aminoglycosides,3.37078651,J01G
2005,BG,Bulgaria,Klebsiella pneumoniae,Aminoglycosides,52.94117647,J01G
2005,CY,Cyprus,Klebsiella pneumoniae,Aminoglycosides,,J01G
2005,CZ,Czechia,Klebsiella pneumoniae,Aminoglycosides,36.26834381,J01G
2005,DE,Germany,Klebsiella pneumoniae,Aminoglycosides,9.61538461,J01G
2005,EE,Estonia,Klebsiella pneumoniae,Aminoglycosides,7.89473684,J01G
2005,EL,Greece,Klebsiella pneumoniae,Aminoglycosides,58.73221216,J01G
2005,ES,Spain,Klebsiella pneumoniae,Aminoglycosides,3.57142857,J01G
2005,FI,Finland,Klebsiella pneumoniae,Aminoglycosides,2.66666666,J01G
2005,FR,France,Klebsiella pneumoniae,Aminoglycosides,5.13126491,J01G
2005,HR,Croatia,Klebsiella pneumoniae,Aminoglycosides,35.71428571,J01G
2005,HU,Hungary,Klebsiella pneumoniae,Aminoglycosides,25.72347266,J01G
2005,IE,Ireland,Klebsiella pneumoniae,Aminoglycosides,2.43902439,J01G
2005,IS,Iceland,Klebsiella pneumoniae,Aminoglycosides,0.0,J01G
2005,IT,Italy,Klebsiella pneumoniae,Aminoglycosides,7.88643533,J01G
2005,MT,Malta,Klebsiella pneumoniae,Aminoglycosides,,J01G
2005,NL,Netherlands,Klebsiella pneumoniae,Aminoglycosides,5.0,J01G
2005,NO,Norway,Klebsiella pneumoniae,Aminoglycosides,3.10880829,J01G
2005,PL,Poland,Klebsiella pneumoniae,Aminoglycosides,56.60377358,J01G
2005,PT,Portugal,Klebsiella pneumoniae,Aminoglycosides,,J01G
2005,RO,Romania,Klebsiella pneumoniae,Aminoglycosides,,J01G
2005,SE,Sweden,Klebsiella pneumoniae,Aminoglycosides,1.42857142,J01G
2005,SI,Slovenia,Klebsiella pneumoniae,Aminoglycosides,16.66666666,J01G
2005,UK,United Kingdom,Klebsiella pneumoniae,Aminoglycosides,6.36132315,J01G
2006,AT,Austria,Klebsiella pneumoniae,Aminoglycosides,4.84988452,J01G
2006,BG,Bulgaria,Klebsiella pneumoniae,Aminoglycosides,60.0,J01G
2006,CY,Cyprus,Klebsiella pneumoniae,Aminoglycosides,11.53846153,J01G
2006,CZ,Czechia,Klebsiella pneumoniae,Aminoglycosides,37.43362831,J01G
2006,DE,Germany,Klebsiella pneumoniae,Aminoglycosides,12.16216216,J01G
2006,DK,Denmark,Klebsiella pneumoniae,Aminoglycosides,1.98019801,J01G
2006,EE,Estonia,Klebsiella pneumoniae,Aminoglycosides,8.69565217,J01G
2006,EL,Greece,Klebsiella pneumoniae,Aminoglycosides,51.24851367,J01G
2006,ES,Spain,Klebsiella pneumoniae,Aminoglycosides,6.56028368,J01G
2006,FI,Finland,Klebsiella pneumoniae,Aminoglycosides,1.35135135,J01G
2006,FR,France,Klebsiella pneumoniae,Aminoglycosides,6.75675675,J01G
2006,HR,Croatia,Klebsiella pneumoniae,Aminoglycosides,32.51231527,J01G
2006,HU,Hungary,Klebsiella pneumoniae,Aminoglycosides,19.66666666,J01G
2006,IE,Ireland,Klebsiella pneumoniae,Aminoglycosides,8.05687203,J01G
2006,IS,Iceland,Klebsiella pneumoniae,Aminoglycosides,,J01G
2006,IT,Italy,Klebsiella pneumoniae,Aminoglycosides,26.14379084,J01G
2006,LT,Lithuania,Klebsiella pneumoniae,Aminoglycosides,25.71428571,J01G
2006,LU,Luxembourg,Klebsiella pneumoniae,Aminoglycosides,0.0,J01G
2006,LV,Latvia,Klebsiella pneumoniae,Aminoglycosides,25.0,J01G
2006,MT,Malta,Klebsiella pneumoniae,Aminoglycosides,6.25,J01G
2006,NL,Netherlands,Klebsiella pneumoniae,Aminoglycosides,3.58744394,J01G
2006,NO,Norway,Klebsiella pneumoniae,Aminoglycosides,0.38022813,J01G
2006,PL,Poland,Klebsiella pneumoniae,Aminoglycosides,35.71428571,J01G
2006,PT,Portugal,Klebsiella pneumoniae,Aminoglycosides,13.37579617,J01G
2006,RO,Romania,Klebsiella pneumoniae,Aminoglycosides,92.85714285,J01G
2006,SE,Sweden,Klebsiella pneumoniae,Aminoglycosides,0.16129032,J01G
2006,SI,Slovenia,Klebsiella pneumoniae,Aminoglycosides,17.93103448,J01G
2006,UK,United Kingdom,Klebsiella pneumoniae,Aminoglycosides,8.2010582,J01G
2007,AT,Austria,Klebsiella pneumoniae,Aminoglycosides,5.39325842,J01G
2007,BG,Bulgaria,Klebsiella pneumoniae,Aminoglycosides,58.62068965,J01G
2007,CY,Cyprus,Klebsiella pneumoniae,Aminoglycosides,12.82051282,J01G
2007,CZ,Czechia,Klebsiella pneumoniae,Aminoglycosides,41.62601626,J01G
2007,DE,Germany,Klebsiella pneumoniae,Aminoglycosides,5.78034682,J01G
2007,DK,Denmark,Klebsiella pneumoniae,Aminoglycosides,6.01023017,J01G
2007,EE,Estonia,Klebsiella pneumoniae,Aminoglycosides,1.61290322,J01G
2007,EL,Greece,Klebsiella pneumoniae,Aminoglycosides,51.8022657,J01G
2007,ES,Spain,Klebsiella pneumoniae,Aminoglycosides,9.06148867,J01G
2007,FI,Finland,Klebsiella pneumoniae,Aminoglycosides,0.76045627,J01G
2007,FR,France,Klebsiella pneumoniae,Aminoglycosides,10.71729957,J01G
2007,HR,Croatia,Klebsiella pneumoniae,Aminoglycosides,38.57142857,J01G
2007,HU,Hungary,Klebsiella pneumoniae,Aminoglycosides,28.84012539,J01G
2007,IE,Ireland,Klebsiella pneumoniae,Aminoglycosides,9.74576271,J01G
2007,IS,Iceland,Klebsiella pneumoniae,Aminoglycosides,0.0,J01G
2007,IT,Italy,Klebsiella pneumoniae,Aminoglycosides,24.93224932,J01G
2007,LT,Lithuania,Klebsiella pneumoniae,Aminoglycosides,36.58536585,J01G
2007,LU,Luxembourg,Klebsiella pneumoniae,Aminoglycosides,3.92156862,J01G
2007,LV,Latvia,Klebsiella pneumoniae,Aminoglycosides,22.22222222,J01G
2007,MT,Malta,Klebsiella pneumoniae,Aminoglycosides,0.0,J01G
2007,NL,Netherlands,Klebsiella pneumoniae,Aminoglycosides,5.33880903,J01G
2007,NO,Norway,Klebsiella pneumoniae,Aminoglycosides,0.625,J01G
2007,PL,Poland,Klebsiella pneumoniae,Aminoglycosides,31.25,J01G
2007,PT,Portugal,Klebsiella pneumoniae,Aminoglycosides,11.35135135,J01G
2007,RO,Romania,Klebsiella pneumoniae,Aminoglycosides,79.31034482,J01G
2007,SE,Sweden,Klebsiella pneumoniae,Aminoglycosides,1.08191653,J01G
2007,SI,Slovenia,Klebsiella pneumoniae,Aminoglycosides,22.35294117,J01G
2007,UK,United Kingdom,Klebsiella pneumoniae,Aminoglycosides,7.96703296,J01G
2008,AT,Austria,Klebsiella pneumoniae,Aminoglycosides,6.19621342,J01G
2008,BG,Bulgaria,Klebsiella pneumoniae,Aminoglycosides,57.14285714,J01G
2008,CY,Cyprus,Klebsiella pneumoniae,Aminoglycosides,14.51612903,J01G
2008,CZ,Czechia,Klebsiella pneumoniae,Aminoglycosides,40.13468013,J01G
2008,DE,Germany,Klebsiella pneumoniae,Aminoglycosides,9.78723404,J01G
2008,DK,Denmark,Klebsiella pneumoniae,Aminoglycosides,6.93568726,J01G
2008,EE,Estonia,Klebsiella pneumoniae,Aminoglycosides,15.49295774,J01G
2008,EL,Greece,Klebsiella pneumoniae,Aminoglycosides,53.25884543,J01G
2008,ES,Spain,Klebsiella pneumoniae,Aminoglycosides,8.93416927,J01G
2008,FI,Finland,Klebsiella pneumoniae,Aminoglycosides,1.42348754,J01G
2008,FR,France,Klebsiella pneumoniae,Aminoglycosides,16.63533834,J01G
2008,HR,Croatia,Klebsiella pneumoniae,Aminoglycosides,51.81818181,J01G
2008,HU,Hungary,Klebsiella pneumoniae,Aminoglycosides,34.95934959,J01G
2008,IE,Ireland,Klebsiella pneumoniae,Aminoglycosides,9.47712418,J01G
2008,IS,Iceland,Klebsiella pneumoniae,Aminoglycosides,4.16666666,J01G
2008,IT,Italy,Klebsiella pneumoniae,Aminoglycosides,23.92638036,J01G
2008,LT,Lithuania,Klebsiella pneumoniae,Aminoglycosides,40.74074074,J01G
2008,LU,Luxembourg,Klebsiella pneumoniae,Aminoglycosides,9.61538461,J01G
2008,LV,Latvia,Klebsiella pneumoniae,Aminoglycosides,51.28205128,J01G
2008,MT,Malta,Klebsiella pneumoniae,Aminoglycosides,0.0,J01G
2008,NL,Netherlands,Klebsiella pneumoniae,Aminoglycosides,7.34341252,J01G
2008,NO,Norway,Klebsiella pneumoniae,Aminoglycosides,1.4367816,J01G
2008,PL,Poland,Klebsiella pneumoniae,Aminoglycosides,,J01G
2008,PT,Portugal,Klebsiella pneumoniae,Aminoglycosides,18.96869244,J01G
2008,RO,Romania,Klebsiella pneumoniae,Aminoglycosides,,J01G
2008,SE,Sweden,Klebsiella pneumoniae,Aminoglycosides,1.09090909,J01G
2008,SI,Slovenia,Klebsiella pneumoniae,Aminoglycosides,22.9299363,J01G
2008,UK,United Kingdom,Klebsiella pneumoniae,Aminoglycosides,5.64784053,J01G
2009,AT,Austria,Klebsiella pneumoniae,Aminoglycosides,3.07941653,J01G
2009,BE,Belgium,Klebsiella pneumoniae,Aminoglycosides,12.06896551,J01G
2009,BG,Bulgaria,Klebsiella pneumoniae,Aminoglycosides,61.05263157,J01G
2009,CY,Cyprus,Klebsiella pneumoniae,Aminoglycosides,16.98113207,J01G
2009,CZ,Czechia,Klebsiella pneumoniae,Aminoglycosides,46.12068965,J01G
2009,DE,Germany,Klebsiella pneumoniae,Aminoglycosides,9.62343096,J01G
2009,DK,Denmark,Klebsiella pneumoniae,Aminoglycosides,7.17761557,J01G
2009,EE,Estonia,Klebsiella pneumoniae,Aminoglycosides,15.0,J01G
2009,EL,Greece,Klebsiella pneumoniae,Aminoglycosides,57.80771586,J01G
2009,ES,Spain,Klebsiella pneumoniae,Aminoglycosides,9.07643312,J01G
2009,FI,Finland,Klebsiella pneumoniae,Aminoglycosides,1.1461318,J01G
2009,FR,France,Klebsiella pneumoniae,Aminoglycosides,19.23076923,J01G
2009,HU,Hungary,Klebsiella pneumoniae,Aminoglycosides,40.50279329,J01G
2009,IE,Ireland,Klebsiella pneumoniae,Aminoglycosides,11.07594936,J01G
2009,IS,Iceland,Klebsiella pneumoniae,Aminoglycosides,0.0,J01G
2009,IT,Italy,Klebsiella pneumoniae,Aminoglycosides,19.31034482,J01G
2009,LT,Lithuania,Klebsiella pneumoniae,Aminoglycosides,55.88235294,J01G
2009,LU,Luxembourg,Klebsiella pneumoniae,Aminoglycosides,17.85714285,J01G
2009,LV,Latvia,Klebsiella pneumoniae,Aminoglycosides,44.18604651,J01G
2009,MT,Malta,Klebsiella pneumoniae,Aminoglycosides,0.0,J01G
2009,NL,Netherlands,Klebsiella pneumoniae,Aminoglycosides,3.29113924,J01G
2009,NO,Norway,Klebsiella pneumoniae,Aminoglycosides,3.04568527,J01G
2009,PL,Poland,Klebsiella pneumoniae,Aminoglycosides,29.65517241,J01G
2009,PT,Portugal,Klebsiella pneumoniae,Aminoglycosides,20.53571428,J01G
2009,RO,Romania,Klebsiella pneumoniae,Aminoglycosides,,J01G
2009,SE,Sweden,Klebsiella pneumoniae,Aminoglycosides,,J01G
2009,SI,Slovenia,Klebsiella pneumoniae,Aminoglycosides,27.51322751,J01G
2009,UK,United Kingdom,Klebsiella pneumoniae,Aminoglycosides,5.46762589,J01G
2010,AT,Austria,Klebsiella pneumoniae,Aminoglycosides,5.56328233,J01G
2010,BE,Belgium,Klebsiella pneumoniae,Aminoglycosides,1.9047619,J01G
2010,BG,Bulgaria,Klebsiella pneumoniae,Aminoglycosides,69.6,J01G
2010,CY,Cyprus,Klebsiella pneumoniae,Aminoglycosides,14.92537313,J01G
2010,CZ,Czechia,Klebsiella pneumoniae,Aminoglycosides,46.17886178,J01G
2010,DE,Germany,Klebsiella pneumoniae,Aminoglycosides,10.25104602,J01G
2010,DK,Denmark,Klebsiella pneumoniae,Aminoglycosides,6.13266583,J01G
2010,EE,Estonia,Klebsiella pneumoniae,Aminoglycosides,25.75757575,J01G
2010,EL,Greece,Klebsiella pneumoniae,Aminoglycosides,59.98807394,J01G
2010,ES,Spain,Klebsiella pneumoniae,Aminoglycosides,8.69939707,J01G
2010,FI,Finland,Klebsiella pneumoniae,Aminoglycosides,3.76344086,J01G
2010,FR,France,Klebsiella pneumoniae,Aminoglycosides,17.50972762,J01G
2010,HR,Croatia,Klebsiella pneumoniae,Aminoglycosides,48.38709677,J01G
2010,HU,Hungary,Klebsiella pneumoniae,Aminoglycosides,46.2890625,J01G
2010,IE,Ireland,Klebsiella pneumoniae,Aminoglycosides,6.94006309,J01G
2010,IS,Iceland,Klebsiella pneumoniae,Aminoglycosides,0.0,J01G
2010,IT,Italy,Klebsiella pneumoniae,Aminoglycosides,25.49857549,J01G
2010,LT,Lithuania,Klebsiella pneumoniae,Aminoglycosides,51.85185185,J01G
2010,LU,Luxembourg,Klebsiella pneumoniae,Aminoglycosides,5.08474576,J01G
2010,LV,Latvia,Klebsiella pneumoniae,Aminoglycosides,53.96825396,J01G
2010,MT,Malta,Klebsiella pneumoniae,Aminoglycosides,12.28070175,J01G
2010,NL,Netherlands,Klebsiella pneumoniae,Aminoglycosides,6.06741573,J01G
2010,NO,Norway,Klebsiella pneumoniae,Aminoglycosides,1.6985138,J01G
2010,PL,Poland,Klebsiella pneumoniae,Aminoglycosides,31.79723502,J01G
2010,PT,Portugal,Klebsiella pneumoniae,Aminoglycosides,26.67785234,J01G
2010,RO,Romania,Klebsiella pneumoniae,Aminoglycosides,,J01G
2010,SE,Sweden,Klebsiella pneumoniae,Aminoglycosides,1.63522012,J01G
2010,SI,Slovenia,Klebsiella pneumoniae,Aminoglycosides,22.44897959,J01G
2010,UK,United Kingdom,Klebsiella pneumoniae,Aminoglycosides,4.89335006,J01G
2011,AT,Austria,Klebsiella pneumoniae,Aminoglycosides,6.96202531,J01G
2011,BE,Belgium,Klebsiella pneumoniae,Aminoglycosides,8.88888888,J01G
2011,BG,Bulgaria,Klebsiella pneumoniae,Aminoglycosides,71.18644067,J01G
2011,CY,Cyprus,Klebsiella pneumoniae,Aminoglycosides,24.09638554,J01G
2011,CZ,Czechia,Klebsiella pneumoniae,Aminoglycosides,43.78420641,J01G
2011,DE,Germany,Klebsiella pneumoniae,Aminoglycosides,8.88030888,J01G
2011,DK,Denmark,Klebsiella pneumoniae,Aminoglycosides,5.8370044,J01G
2011,EE,Estonia,Klebsiella pneumoniae,Aminoglycosides,12.22222222,J01G
2011,EL,Greece,Klebsiella pneumoniae,Aminoglycosides,68.43388177,J01G
2011,ES,Spain,Klebsiella pneumoniae,Aminoglycosides,10.48034934,J01G
2011,FI,Finland,Klebsiella pneumoniae,Aminoglycosides,1.23762376,J01G
2011,FR,France,Klebsiella pneumoniae,Aminoglycosides,22.09715639,J01G
2011,HR,Croatia,Klebsiella pneumoniae,Aminoglycosides,43.24324324,J01G
2011,HU,Hungary,Klebsiella pneumoniae,Aminoglycosides,53.02325581,J01G
2011,IE,Ireland,Klebsiella pneumoniae,Aminoglycosides,7.2368421,J01G
2011,IS,Iceland,Klebsiella pneumoniae,Aminoglycosides,0.0,J01G
2011,IT,Italy,Klebsiella pneumoniae,Aminoglycosides,34.51776649,J01G
2011,LT,Lithuania,Klebsiella pneumoniae,Aminoglycosides,55.47445255,J01G
2011,LU,Luxembourg,Klebsiella pneumoniae,Aminoglycosides,29.16666666,J01G
2011,LV,Latvia,Klebsiella pneumoniae,Aminoglycosides,33.84615384,J01G
2011,MT,Malta,Klebsiella pneumoniae,Aminoglycosides,9.61538461,J01G
2011,NL,Netherlands,Klebsiella pneumoniae,Aminoglycosides,7.60368663,J01G
2011,NO,Norway,Klebsiella pneumoniae,Aminoglycosides,2.8169014,J01G
2011,PL,Poland,Klebsiella pneumoniae,Aminoglycosides,48.08743169,J01G
2011,PT,Portugal,Klebsiella pneumoniae,Aminoglycosides,31.50242326,J01G
2011,RO,Romania,Klebsiella pneumoniae,Aminoglycosides,,J01G
2011,SE,Sweden,Klebsiella pneumoniae,Aminoglycosides,1.9586507,J01G
2011,SI,Slovenia,Klebsiella pneumoniae,Aminoglycosides,21.98275862,J01G
2011,SK,Slovakia,Klebsiella pneumoniae,Aminoglycosides,65.94827586,J01G
2011,UK,United Kingdom,Klebsiella pneumoniae,Aminoglycosides,4.29009193,J01G
2012,AT,Austria,Klebsiella pneumoniae,Aminoglycosides,5.01750291,J01G
2012,BE,Belgium,Klebsiella pneumoniae,Aminoglycosides,11.59420289,J01G
2012,BG,Bulgaria,Klebsiella pneumoniae,Aminoglycosides,53.96825396,J01G
2012,CY,Cyprus,Klebsiella pneumoniae,Aminoglycosides,15.38461538,J01G
2012,CZ,Czechia,Klebsiella pneumoniae,Aminoglycosides,54.39599714,J01G
2012,DE,Germany,Klebsiella pneumoniae,Aminoglycosides,8.29562594,J01G
2012,DK,Denmark,Klebsiella pneumoniae,Aminoglycosides,5.98669623,J01G
2012,EE,Estonia,Klebsiella pneumoniae,Aminoglycosides,13.18681318,J01G
2012,EL,Greece,Klebsiella pneumoniae,Aminoglycosides,59.90202939,J01G
2012,ES,Spain,Klebsiella pneumoniae,Aminoglycosides,14.13703382,J01G
2012,FI,Finland,Klebsiella pneumoniae,Aminoglycosides,0.38759689,J01G
2012,FR,France,Klebsiella pneumoniae,Aminoglycosides,23.23503127,J01G
2012,HR,Croatia,Klebsiella pneumoniae,Aminoglycosides,46.08433734,J01G
2012,HU,Hungary,Klebsiella pneumoniae,Aminoglycosides,41.46341463,J01G
2012,IE,Ireland,Klebsiella pneumoniae,Aminoglycosides,9.17159763,J01G
2012,IS,Iceland,Klebsiella pneumoniae,Aminoglycosides,,J01G
2012,IT,Italy,Klebsiella pneumoniae,Aminoglycosides,36.9879518,J01G
2012,LT,Lithuania,Klebsiella pneumoniae,Aminoglycosides,63.78378378,J01G
2012,LU,Luxembourg,Klebsiella pneumoniae,Aminoglycosides,26.0,J01G
2012,LV,Latvia,Klebsiella pneumoniae,Aminoglycosides,51.28205128,J01G
2012,MT,Malta,Klebsiella pneumoniae,Aminoglycosides,26.78571428,J01G
2012,NL,Netherlands,Klebsiella pneumoniae,Aminoglycosides,6.44139387,J01G
2012,NO,Norway,Klebsiella pneumoniae,Aminoglycosides,2.41157556,J01G
2012,PL,Poland,Klebsiella pneumoniae,Aminoglycosides,53.55191256,J01G
2012,PT,Portugal,Klebsiella pneumoniae,Aminoglycosides,31.79487179,J01G
2012,RO,Romania,Klebsiella pneumoniae,Aminoglycosides,54.54545454,J01G
2012,SE,Sweden,Klebsiella pneumoniae,Aminoglycosides,2.45649948,J01G
2012,SI,Slovenia,Klebsiella pneumoniae,Aminoglycosides,20.47244094,J01G
2012,SK,Slovakia,Klebsiella pneumoniae,Aminoglycosides,63.12997347,J01G
2012,UK,United Kingdom,Klebsiella pneumoniae,Aminoglycosides,6.13786591,J01G
2013,AT,Austria,Klebsiella pneumoniae,Aminoglycosides,4.97109826,J01G
2013,BE,Belgium,Klebsiella pneumoniae,Aminoglycosides,11.93415637,J01G
2013,BG,Bulgaria,Klebsiella pneumoniae,Aminoglycosides,50.75757575,J01G
2013,CY,Cyprus,Klebsiella pneumoniae,Aminoglycosides,22.05882352,J01G
2013,CZ,Czechia,Klebsiella pneumoniae,Aminoglycosides,50.96824167,J01G
2013,DE,Germany,Klebsiella pneumoniae,Aminoglycosides,9.96068152,J01G
2013,DK,Denmark,Klebsiella pneumoniae,Aminoglycosides,4.39814814,J01G
2013,EE,Estonia,Klebsiella pneumoniae,Aminoglycosides,10.11235955,J01G
2013,EL,Greece,Klebsiella pneumoniae,Aminoglycosides,55.17536355,J01G
2013,ES,Spain,Klebsiella pneumoniae,Aminoglycosides,15.87429492,J01G
2013,FI,Finland,Klebsiella pneumoniae,Aminoglycosides,1.70777988,J01G
2013,FR,France,Klebsiella pneumoniae,Aminoglycosides,26.62538699,J01G
2013,HR,Croatia,Klebsiella pneumoniae,Aminoglycosides,50.81081081,J01G
2013,HU,Hungary,Klebsiella pneumoniae,Aminoglycosides,37.0036101,J01G
2013,IE,Ireland,Klebsiella pneumoniae,Aminoglycosides,17.35015772,J01G
2013,IS,Iceland,Klebsiella pneumoniae,Aminoglycosides,0.0,J01G
2013,IT,Italy,Klebsiella pneumoniae,Aminoglycosides,32.53796095,J01G
2013,LT,Lithuania,Klebsiella pneumoniae,Aminoglycosides,47.58620689,J01G
2013,LU,Luxembourg,Klebsiella pneumoniae,Aminoglycosides,28.30188679,J01G
2013,LV,Latvia,Klebsiella pneumoniae,Aminoglycosides,48.91304347,J01G
2013,MT,Malta,Klebsiella pneumoniae,Aminoglycosides,26.86567164,J01G
2013,NL,Netherlands,Klebsiella pneumoniae,Aminoglycosides,6.99432892,J01G
2013,NO,Norway,Klebsiella pneumoniae,Aminoglycosides,2.32919254,J01G
2013,PL,Poland,Klebsiella pneumoniae,Aminoglycosides,60.43956043,J01G
2013,PT,Portugal,Klebsiella pneumoniae,Aminoglycosides,29.38596491,J01G
2013,RO,Romania,Klebsiella pneumoniae,Aminoglycosides,57.2769953,J01G
2013,SE,Sweden,Klebsiella pneumoniae,Aminoglycosides,2.91497975,J01G
2013,SI,Slovenia,Klebsiella pneumoniae,Aminoglycosides,20.0,J01G
2013,SK,Slovakia,Klebsiella pneumoniae,Aminoglycosides,63.93442622,J01G
2013,UK,United Kingdom,Klebsiella pneumoniae,Aminoglycosides,6.36285468,J01G
2014,AT,Austria,Klebsiella pneumoniae,Aminoglycosides,5.51351351,J01G
2014,BE,Belgium,Klebsiella pneumoniae,Aminoglycosides,10.85043988,J01G
2014,BG,Bulgaria,Klebsiella pneumoniae,Aminoglycosides,65.73426573,J01G
2014,CY,Cyprus,Klebsiella pneumoniae,Aminoglycosides,28.75,J01G
2014,CZ,Czechia,Klebsiella pneumoniae,Aminoglycosides,50.6869125,J01G
2014,DE,Germany,Klebsiella pneumoniae,Aminoglycosides,7.05765407,J01G
2014,DK,Denmark,Klebsiella pneumoniae,Aminoglycosides,4.87804878,J01G
2014,EE,Estonia,Klebsiella pneumoniae,Aminoglycosides,18.51851851,J01G
2014,EL,Greece,Klebsiella pneumoniae,Aminoglycosides,59.32521087,J01G
2014,ES,Spain,Klebsiella pneumoniae,Aminoglycosides,13.8449367,J01G
2014,FI,Finland,Klebsiella pneumoniae,Aminoglycosides,2.32558139,J01G
2014,FR,France,Klebsiella pneumoniae,Aminoglycosides,27.65082266,J01G
2014,HR,Croatia,Klebsiella pneumoniae,Aminoglycosides,48.8023952,J01G
2014,HU,Hungary,Klebsiella pneumoniae,Aminoglycosides,31.7683881,J01G
2014,IE,Ireland,Klebsiella pneumoniae,Aminoglycosides,12.14689265,J01G
2014,IS,Iceland,Klebsiella pneumoniae,Aminoglycosides,3.57142857,J01G
2014,IT,Italy,Klebsiella pneumoniae,Aminoglycosides,36.21848739,J01G
2014,LT,Lithuania,Klebsiella pneumoniae,Aminoglycosides,49.34210526,J01G
2014,LU,Luxembourg,Klebsiella pneumoniae,Aminoglycosides,19.69696969,J01G
2014,LV,Latvia,Klebsiella pneumoniae,Aminoglycosides,43.22033898,J01G
2014,MT,Malta,Klebsiella pneumoniae,Aminoglycosides,28.28282828,J01G
2014,NL,Netherlands,Klebsiella pneumoniae,Aminoglycosides,4.36331255,J01G
2014,NO,Norway,Klebsiella pneumoniae,Aminoglycosides,4.83870967,J01G
2014,PL,Poland,Klebsiella pneumoniae,Aminoglycosides,59.12087912,J01G
2014,PT,Portugal,Klebsiella pneumoniae,Aminoglycosides,30.53927315,J01G
2014,RO,Romania,Klebsiella pneumoniae,Aminoglycosides,67.6,J01G
2014,SE,Sweden,Klebsiella pneumoniae,Aminoglycosides,3.25581395,J01G
2014,SI,Slovenia,Klebsiella pneumoniae,Aminoglycosides,20.17167381,J01G
2014,SK,Slovakia,Klebsiella pneumoniae,Aminoglycosides,68.21862348,J01G
2014,UK,United Kingdom,Klebsiella pneumoniae,Aminoglycosides,5.53662691,J01G
2015,AT,Austria,Klebsiella pneumoniae,Aminoglycosides,4.79666319,J01G
2015,BE,Belgium,Klebsiella pneumoniae,Aminoglycosides,11.5819209,J01G
2015,BG,Bulgaria,Klebsiella pneumoniae,Aminoglycosides,59.52380952,J01G
2015,CY,Cyprus,Klebsiella pneumoniae,Aminoglycosides,37.09677419,J01G
2015,CZ,Czechia,Klebsiella pneumoniae,Aminoglycosides,51.94071983,J01G
2015,DE,Germany,Klebsiella pneumoniae,Aminoglycosides,5.62579013,J01G
2015,DK,Denmark,Klebsiella pneumoniae,Aminoglycosides,2.55863539,J01G
2015,EE,Estonia,Klebsiella pneumoniae,Aminoglycosides,21.3114754,J01G
2015,EL,Greece,Klebsiella pneumoniae,Aminoglycosides,50.68376068,J01G
2015,ES,Spain,Klebsiella pneumoniae,Aminoglycosides,15.97084161,J01G
2015,FI,Finland,Klebsiella pneumoniae,Aminoglycosides,1.92,J01G
2015,FR,France,Klebsiella pneumoniae,Aminoglycosides,26.31578947,J01G
2015,HR,Croatia,Klebsiella pneumoniae,Aminoglycosides,43.15789473,J01G
2015,HU,Hungary,Klebsiella pneumoniae,Aminoglycosides,34.56090651,J01G
2015,IE,Ireland,Klebsiella pneumoniae,Aminoglycosides,15.93830334,J01G
2015,IS,Iceland,Klebsiella pneumoniae,Aminoglycosides,0.0,J01G
2015,IT,Italy,Klebsiella pneumoniae,Aminoglycosides,33.99795501,J01G
2015,LT,Lithuania,Klebsiella pneumoniae,Aminoglycosides,46.36871508,J01G
2015,LU,Luxembourg,Klebsiella pneumoniae,Aminoglycosides,15.0,J01G
2015,LV,Latvia,Klebsiella pneumoniae,Aminoglycosides,43.36283185,J01G
2015,MT,Malta,Klebsiella pneumoniae,Aminoglycosides,22.72727272,J01G
2015,NL,Netherlands,Klebsiella pneumoniae,Aminoglycosides,6.92821368,J01G
2015,NO,Norway,Klebsiella pneumoniae,Aminoglycosides,3.57142857,J01G
2015,PL,Poland,Klebsiella pneumoniae,Aminoglycosides,58.55855855,J01G
2015,PT,Portugal,Klebsiella pneumoniae,Aminoglycosides,32.58373205,J01G
2015,RO,Romania,Klebsiella pneumoniae,Aminoglycosides,54.13533834,J01G
2015,SE,Sweden,Klebsiella pneumoniae,Aminoglycosides,3.18133616,J01G
2015,SI,Slovenia,Klebsiella pneumoniae,Aminoglycosides,18.98734177,J01G
2015,SK,Slovakia,Klebsiella pneumoniae,Aminoglycosides,66.52631578,J01G
2015,UK,United Kingdom,Klebsiella pneumoniae,Aminoglycosides,9.25233644,J01G
2016,AT,Austria,Klebsiella pneumoniae,Aminoglycosides,4.84010371,J01G
2016,BE,Belgium,Klebsiella pneumoniae,Aminoglycosides,13.81475667,J01G
2016,BG,Bulgaria,Klebsiella pneumoniae,Aminoglycosides,64.44444444,J01G
2016,CY,Cyprus,Klebsiella pneumoniae,Aminoglycosides,22.66666666,J01G
2016,CZ,Czechia,Klebsiella pneumoniae,Aminoglycosides,47.14801444,J01G
2016,DE,Germany,Klebsiella pneumoniae,Aminoglycosides,7.7251808,J01G
2016,DK,Denmark,Klebsiella pneumoniae,Aminoglycosides,3.20623916,J01G
2016,EE,Estonia,Klebsiella pneumoniae,Aminoglycosides,21.3114754,J01G
2016,EL,Greece,Klebsiella pneumoniae,Aminoglycosides,52.86080273,J01G
2016,ES,Spain,Klebsiella pneumoniae,Aminoglycosides,15.49463647,J01G
2016,FI,Finland,Klebsiella pneumoniae,Aminoglycosides,2.33837689,J01G
2016,FR,France,Klebsiella pneumoniae,Aminoglycosides,26.23588945,J01G
2016,HR,Croatia,Klebsiella pneumoniae,Aminoglycosides,36.07594936,J01G
2016,HU,Hungary,Klebsiella pneumoniae,Aminoglycosides,34.72222222,J01G
2016,IE,Ireland,Klebsiella pneumoniae,Aminoglycosides,11.47902869,J01G
2016,IS,Iceland,Klebsiella pneumoniae,Aminoglycosides,0.0,J01G
2016,IT,Italy,Klebsiella pneumoniae,Aminoglycosides,36.13043478,J01G
2016,LT,Lithuania,Klebsiella pneumoniae,Aminoglycosides,49.23076923,J01G
2016,LU,Luxembourg,Klebsiella pneumoniae,Aminoglycosides,26.92307692,J01G
2016,LV,Latvia,Klebsiella pneumoniae,Aminoglycosides,38.46153846,J01G
2016,MT,Malta,Klebsiella pneumoniae,Aminoglycosides,22.5490196,J01G
2016,NL,Netherlands,Klebsiella pneumoniae,Aminoglycosides,6.81818181,J01G
2016,NO,Norway,Klebsiella pneumoniae,Aminoglycosides,3.33745364,J01G
2016,PL,Poland,Klebsiella pneumoniae,Aminoglycosides,56.65116279,J01G
2016,PT,Portugal,Klebsiella pneumoniae,Aminoglycosides,35.04492939,J01G
2016,RO,Romania,Klebsiella pneumoniae,Aminoglycosides,61.9047619,J01G
2016,SE,Sweden,Klebsiella pneumoniae,Aminoglycosides,3.41805433,J01G
2016,SI,Slovenia,Klebsiella pneumoniae,Aminoglycosides,16.47940074,J01G
2016,SK,Slovakia,Klebsiella pneumoniae,Aminoglycosides,62.44635193,J01G
2016,UK,United Kingdom,Klebsiella pneumoniae,Aminoglycosides,6.65054413,J01G
2017,AT,Austria,Klebsiella pneumoniae,Aminoglycosides,4.82033304,J01G
2017,BE,Belgium,Klebsiella pneumoniae,Aminoglycosides,12.48025276,J01G
2017,BG,Bulgaria,Klebsiella pneumoniae,Aminoglycosides,63.09523809,J01G
2017,CY,Cyprus,Klebsiella pneumoniae,Aminoglycosides,26.76056338,J01G
2017,CZ,Czechia,Klebsiella pneumoniae,Aminoglycosides,49.62406015,J01G
2017,DE,Germany,Klebsiella pneumoniae,Aminoglycosides,8.18326271,J01G
2017,DK,Denmark,Klebsiella pneumoniae,Aminoglycosides,3.20404721,J01G
2017,EE,Estonia,Klebsiella pneumoniae,Aminoglycosides,12.42236024,J01G
2017,EL,Greece,Klebsiella pneumoniae,Aminoglycosides,53.18991097,J01G
2017,ES,Spain,Klebsiella pneumoniae,Aminoglycosides,17.44877726,J01G
2017,FI,Finland,Klebsiella pneumoniae,Aminoglycosides,2.91262135,J01G
2017,FR,France,Klebsiella pneumoniae,Aminoglycosides,23.7661883,J01G
2017,HR,Croatia,Klebsiella pneumoniae,Aminoglycosides,30.8681672,J01G
2017,HU,Hungary,Klebsiella pneumoniae,Aminoglycosides,37.8066378,J01G
2017,IE,Ireland,Klebsiella pneumoniae,Aminoglycosides,11.89979123,J01G
2017,IS,Iceland,Klebsiella pneumoniae,Aminoglycosides,,J01G
2017,IT,Italy,Klebsiella pneumoniae,Aminoglycosides,34.4612991,J01G
2017,LT,Lithuania,Klebsiella pneumoniae,Aminoglycosides,53.72670807,J01G
2017,LU,Luxembourg,Klebsiella pneumoniae,Aminoglycosides,18.18181818,J01G
2017,LV,Latvia,Klebsiella pneumoniae,Aminoglycosides,29.56521739,J01G
2017,MT,Malta,Klebsiella pneumoniae,Aminoglycosides,31.62393162,J01G
2017,NL,Netherlands,Klebsiella pneumoniae,Aminoglycosides,7.44360902,J01G
2017,NO,Norway,Klebsiella pneumoniae,Aminoglycosides,4.22535211,J01G
2017,PL,Poland,Klebsiella pneumoniae,Aminoglycosides,55.45064377,J01G
2017,PT,Portugal,Klebsiella pneumoniae,Aminoglycosides,33.52962826,J01G
2017,RO,Romania,Klebsiella pneumoniae,Aminoglycosides,58.57988165,J01G
2017,SE,Sweden,Klebsiella pneumoniae,Aminoglycosides,4.74346563,J01G
2017,SI,Slovenia,Klebsiella pneumoniae,Aminoglycosides,16.02564102,J01G
2017,SK,Slovakia,Klebsiella pneumoniae,Aminoglycosides,61.11111111,J01G
2017,UK,United Kingdom,Klebsiella pneumoniae,Aminoglycosides,7.9433153,J01G
2018,AT,Austria,Klebsiella pneumoniae,Aminoglycosides,4.77759472,J01G
2018,BE,Belgium,Klebsiella pneumoniae,Aminoglycosides,12.44979919,J01G
2018,BG,Bulgaria,Klebsiella pneumoniae,Aminoglycosides,59.16230366,J01G
2018,CY,Cyprus,Klebsiella pneumoniae,Aminoglycosides,36.78160919,J01G
2018,CZ,Czechia,Klebsiella pneumoniae,Aminoglycosides,48.550236,J01G
2018,DE,Germany,Klebsiella pneumoniae,Aminoglycosides,6.20214395,J01G
2018,DK,Denmark,Klebsiella pneumoniae,Aminoglycosides,3.28638497,J01G
2018,EE,Estonia,Klebsiella pneumoniae,Aminoglycosides,10.24390243,J01G
2018,EL,Greece,Klebsiella pneumoniae,Aminoglycosides,54.40484196,J01G
2018,ES,Spain,Klebsiella pneumoniae,Aminoglycosides,19.34837092,J01G
2018,FI,Finland,Klebsiella pneumoniae,Aminoglycosides,2.58397932,J01G
2018,FR,France,Klebsiella pneumoniae,Aminoglycosides,24.81605351,J01G
2018,HR,Croatia,Klebsiella pneumoniae,Aminoglycosides,36.36363636,J01G
2018,HU,Hungary,Klebsiella pneumoniae,Aminoglycosides,32.66272189,J01G
2018,IE,Ireland,Klebsiella pneumoniae,Aminoglycosides,13.04347826,J01G
2018,IS,Iceland,Klebsiella pneumoniae,Aminoglycosides,,J01G
2018,IT,Italy,Klebsiella pneumoniae,Aminoglycosides,26.98050237,J01G
2018,LT,Lithuania,Klebsiella pneumoniae,Aminoglycosides,48.50948509,J01G
2018,LU,Luxembourg,Klebsiella pneumoniae,Aminoglycosides,20.0,J01G
2018,LV,Latvia,Klebsiella pneumoniae,Aminoglycosides,31.03448275,J01G
2018,MT,Malta,Klebsiella pneumoniae,Aminoglycosides,46.71532846,J01G
2018,NL,Netherlands,Klebsiella pneumoniae,Aminoglycosides,6.96909927,J01G
2018,NO,Norway,Klebsiella pneumoniae,Aminoglycosides,5.2917232,J01G
2018,PL,Poland,Klebsiella pneumoniae,Aminoglycosides,54.24448217,J01G
2018,PT,Portugal,Klebsiella pneumoniae,Aminoglycosides,34.37013996,J01G
2018,RO,Romania,Klebsiella pneumoniae,Aminoglycosides,50.91743119,J01G
2018,SE,Sweden,Klebsiella pneumoniae,Aminoglycosides,3.03587856,J01G
2018,SI,Slovenia,Klebsiella pneumoniae,Aminoglycosides,12.80276816,J01G
2018,SK,Slovakia,Klebsiella pneumoniae,Aminoglycosides,54.83870967,J01G
2018,UK,United Kingdom,Klebsiella pneumoniae,Aminoglycosides,9.07339288,J01G
2019,AT,Austria,Klebsiella pneumoniae,Aminoglycosides,5.45868081,J01G
2019,BE,Belgium,Klebsiella pneumoniae,Aminoglycosides,11.39072847,J01G
2019,BG,Bulgaria,Klebsiella pneumoniae,Aminoglycosides,57.30337078,J01G
2019,CY,Cyprus,Klebsiella pneumoniae,Aminoglycosides,24.13793103,J01G
2019,CZ,Czechia,Klebsiella pneumoniae,Aminoglycosides,47.66474728,J01G
2019,DE,Germany,Klebsiella pneumoniae,Aminoglycosides,7.30554361,J01G
2019,DK,Denmark,Klebsiella pneumoniae,Aminoglycosides,3.46097201,J01G
2019,EE,Estonia,Klebsiella pneumoniae,Aminoglycosides,6.14525139,J01G
2019,EL,Greece,Klebsiella pneumoniae,Aminoglycosides,55.16129032,J01G
2019,ES,Spain,Klebsiella pneumoniae,Aminoglycosides,18.185654,J01G
2019,FI,Finland,Klebsiella pneumoniae,Aminoglycosides,4.21179302,J01G
2019,FR,France,Klebsiella pneumoniae,Aminoglycosides,23.42893973,J01G
2019,HR,Croatia,Klebsiella pneumoniae,Aminoglycosides,42.76923076,J01G
2019,HU,Hungary,Klebsiella pneumoniae,Aminoglycosides,30.8114035,J01G
2019,IE,Ireland,Klebsiella pneumoniae,Aminoglycosides,11.02661596,J01G
2019,IS,Iceland,Klebsiella pneumoniae,Aminoglycosides,8.69565217,J01G
2019,IT,Italy,Klebsiella pneumoniae,Aminoglycosides,32.55662587,J01G
2019,LT,Lithuania,Klebsiella pneumoniae,Aminoglycosides,39.77011494,J01G
2019,LU,Luxembourg,Klebsiella pneumoniae,Aminoglycosides,17.47572815,J01G
2019,LV,Latvia,Klebsiella pneumoniae,Aminoglycosides,28.28282828,J01G
2019,MT,Malta,Klebsiella pneumoniae,Aminoglycosides,26.35658914,J01G
2019,NL,Netherlands,Klebsiella pneumoniae,Aminoglycosides,5.99721059,J01G
2019,NO,Norway,Klebsiella pneumoniae,Aminoglycosides,6.13718411,J01G
2019,PL,Poland,Klebsiella pneumoniae,Aminoglycosides,47.51773049,J01G
2019,PT,Portugal,Klebsiella pneumoniae,Aminoglycosides,32.23781388,J01G
2019,RO,Romania,Klebsiella pneumoniae,Aminoglycosides,53.04136253,J01G
2019,SE,Sweden,Klebsiella pneumoniae,Aminoglycosides,4.180602,J01G
2019,SI,Slovenia,Klebsiella pneumoniae,Aminoglycosides,8.25082508,J01G
2019,SK,Slovakia,Klebsiella pneumoniae,Aminoglycosides,49.32249322,J01G
2019,UK,United Kingdom,Klebsiella pneumoniae,Aminoglycosides,8.21309655,J01G
2020,AT,Austria,Klebsiella pneumoniae,Aminoglycosides,3.68663594,J01G
2020,BE,Belgium,Klebsiella pneumoniae,Aminoglycosides,13.07692307,J01G
2020,BG,Bulgaria,Klebsiella pneumoniae,Aminoglycosides,66.95652173,J01G
2020,CY,Cyprus,Klebsiella pneumoniae,Aminoglycosides,22.35294117,J01G
2020,CZ,Czechia,Klebsiella pneumoniae,Aminoglycosides,42.53731343,J01G
2020,DE,Germany,Klebsiella pneumoniae,Aminoglycosides,5.56909154,J01G
2020,DK,Denmark,Klebsiella pneumoniae,Aminoglycosides,3.25779036,J01G
2020,EE,Estonia,Klebsiella pneumoniae,Aminoglycosides,8.12182741,J01G
2020,EL,Greece,Klebsiella pneumoniae,Aminoglycosides,61.00278551,J01G
2020,ES,Spain,Klebsiella pneumoniae,Aminoglycosides,20.09869896,J01G
2020,FI,Finland,Klebsiella pneumoniae,Aminoglycosides,5.77136514,J01G
2020,FR,France,Klebsiella pneumoniae,Aminoglycosides,18.81686595,J01G
2020,HR,Croatia,Klebsiella pneumoniae,Aminoglycosides,38.14814814,J01G
2020,HU,Hungary,Klebsiella pneumoniae,Aminoglycosides,34.93810178,J01G
2020,IE,Ireland,Klebsiella pneumoniae,Aminoglycosides,11.54639175,J01G
2020,IS,Iceland,Klebsiella pneumoniae,Aminoglycosides,0.0,J01G
2020,IT,Italy,Klebsiella pneumoniae,Aminoglycosides,31.59327065,J01G
2020,LT,Lithuania,Klebsiella pneumoniae,Aminoglycosides,33.90243902,J01G
2020,LU,Luxembourg,Klebsiella pneumoniae,Aminoglycosides,20.68965517,J01G
2020,LV,Latvia,Klebsiella pneumoniae,Aminoglycosides,20.96774193,J01G
2020,MT,Malta,Klebsiella pneumoniae,Aminoglycosides,23.48484848,J01G
2020,NL,Netherlands,Klebsiella pneumoniae,Aminoglycosides,7.30136005,J01G
2020,NO,Norway,Klebsiella pneumoniae,Aminoglycosides,7.26495726,J01G
2020,PL,Poland,Klebsiella pneumoniae,Aminoglycosides,49.95093228,J01G
2020,PT,Portugal,Klebsiella pneumoniae,Aminoglycosides,28.2348677,J01G
2020,RO,Romania,Klebsiella pneumoniae,Aminoglycosides,49.62406015,J01G
2020,SE,Sweden,Klebsiella pneumoniae,Aminoglycosides,3.58890701,J01G
2020,SI,Slovenia,Klebsiella pneumoniae,Aminoglycosides,10.0,J01G
2020,SK,Slovakia,Klebsiella pneumoniae,Aminoglycosides,48.88888888,J01G
2021,AT,Austria,Klebsiella pneumoniae,Aminoglycosides,3.40080971,J01G
2021,BE,Belgium,Klebsiella pneumoniae,Aminoglycosides,9.67365967,J01G
2021,BG,Bulgaria,Klebsiella pneumoniae,Aminoglycosides,69.00826446,J01G
2021,CY,Cyprus,Klebsiella pneumoniae,Aminoglycosides,36.76470588,J01G
2021,CZ,Czechia,Klebsiella pneumoniae,Aminoglycosides,41.59456118,J01G
2021,DE,Germany,Klebsiella pneumoniae,Aminoglycosides,4.34293067,J01G
2021,DK,Denmark,Klebsiella pneumoniae,Aminoglycosides,2.08333333,J01G
2021,EE,Estonia,Klebsiella pneumoniae,Aminoglycosides,7.65957446,J01G
2021,EL,Greece,Klebsiella pneumoniae,Aminoglycosides,69.12080057,J01G
2021,ES,Spain,Klebsiella pneumoniae,Aminoglycosides,20.56247118,J01G
2021,FI,Finland,Klebsiella pneumoniae,Aminoglycosides,4.22245108,J01G
2021,FR,France,Klebsiella pneumoniae,Aminoglycosides,17.40331491,J01G
2021,HR,Croatia,Klebsiella pneumoniae,Aminoglycosides,46.62921348,J01G
2021,HU,Hungary,Klebsiella pneumoniae,Aminoglycosides,31.7976513,J01G
2021,IE,Ireland,Klebsiella pneumoniae,Aminoglycosides,10.55776892,J01G
2021,IS,Iceland,Klebsiella pneumoniae,Aminoglycosides,0.0,J01G
2021,IT,Italy,Klebsiella pneumoniae,Aminoglycosides,30.80381033,J01G
2021,LT,Lithuania,Klebsiella pneumoniae,Aminoglycosides,28.962818,J01G
2021,LU,Luxembourg,Klebsiella pneumoniae,Aminoglycosides,14.85148514,J01G
2021,LV,Latvia,Klebsiella pneumoniae,Aminoglycosides,22.22222222,J01G
2021,MT,Malta,Klebsiella pneumoniae,Aminoglycosides,20.0,J01G
2021,NL,Netherlands,Klebsiella pneumoniae,Aminoglycosides,5.59055118,J01G
2021,NO,Norway,Klebsiella pneumoniae,Aminoglycosides,5.08905852,J01G
2021,PL,Poland,Klebsiella pneumoniae,Aminoglycosides,55.05865102,J01G
2021,PT,Portugal,Klebsiella pneumoniae,Aminoglycosides,24.96141975,J01G
2021,RO,Romania,Klebsiella pneumoniae,Aminoglycosides,51.59090909,J01G
2021,SE,Sweden,Klebsiella pneumoniae,Aminoglycosides,3.91954615,J01G
2021,SI,Slovenia,Klebsiella pneumoniae,Aminoglycosides,13.67521367,J01G
2021,SK,Slovakia,Klebsiella pneumoniae,Aminoglycosides,59.70961887,J01G
2022,AT,Austria,Klebsiella pneumoniae,Aminoglycosides,2.93863439,J01G
2022,BE,Belgium,Klebsiella pneumoniae,Aminoglycosides,10.6060606,J01G
2022,BG,Bulgaria,Klebsiella pneumoniae,Aminoglycosides,61.92307692,J01G
2022,CY,Cyprus,Klebsiella pneumoniae,Aminoglycosides,37.56345177,J01G
2022,CZ,Czechia,Klebsiella pneumoniae,Aminoglycosides,39.86568986,J01G
2022,DE,Germany,Klebsiella pneumoniae,Aminoglycosides,4.27650028,J01G
2022,DK,Denmark,Klebsiella pneumoniae,Aminoglycosides,2.67062314,J01G
2022,EE,Estonia,Klebsiella pneumoniae,Aminoglycosides,8.08510638,J01G
2022,EL,Greece,Klebsiella pneumoniae,Aminoglycosides,67.94231835,J01G
2022,ES,Spain,Klebsiella pneumoniae,Aminoglycosides,19.17902725,J01G
2022,FI,Finland,Klebsiella pneumoniae,Aminoglycosides,2.48691099,J01G
2022,FR,France,Klebsiella pneumoniae,Aminoglycosides,16.84031469,J01G
2022,HR,Croatia,Klebsiella pneumoniae,Aminoglycosides,41.53005464,J01G
2022,HU,Hungary,Klebsiella pneumoniae,Aminoglycosides,32.57965056,J01G
2022,IE,Ireland,Klebsiella pneumoniae,Aminoglycosides,7.88912579,J01G
2022,IS,Iceland,Klebsiella pneumoniae,Aminoglycosides,0.0,J01G
2022,IT,Italy,Klebsiella pneumoniae,Aminoglycosides,31.76450156,J01G
2022,LT,Lithuania,Klebsiella pneumoniae,Aminoglycosides,27.13178294,J01G
2022,LU,Luxembourg,Klebsiella pneumoniae,Aminoglycosides,9.4017094,J01G
2022,LV,Latvia,Klebsiella pneumoniae,Aminoglycosides,24.65277777,J01G
2022,MT,Malta,Klebsiella pneumoniae,Aminoglycosides,5.83333333,J01G
2022,NL,Netherlands,Klebsiella pneumoniae,Aminoglycosides,6.28158844,J01G
2022,NO,Norway,Klebsiella pneumoniae,Aminoglycosides,3.96419437,J01G
2022,PL,Poland,Klebsiella pneumoniae,Aminoglycosides,47.42351046,J01G
2022,PT,Portugal,Klebsiella pneumoniae,Aminoglycosides,23.12768063,J01G
2022,RO,Romania,Klebsiella pneumoniae,Aminoglycosides,52.75590551,J01G
2022,SE,Sweden,Klebsiella pneumoniae,Aminoglycosides,3.37962962,J01G
2022,SI,Slovenia,Klebsiella pneumoniae,Aminoglycosides,12.36559139,J01G
2022,SK,Slovakia,Klebsiella pneumoniae,Aminoglycosides,43.62745098,J01G
2023,AT,Austria,Klebsiella pneumoniae,Aminoglycosides,3.97350993,J01G
2023,BE,Belgium,Klebsiella pneumoniae,Aminoglycosides,11.46095717,J01G
2023,BG,Bulgaria,Klebsiella pneumoniae,Aminoglycosides,73.33333333,J01G
2023,CY,Cyprus,Klebsiella pneumoniae,Aminoglycosides,33.95348837,J01G
2023,CZ,Czechia,Klebsiella pneumoniae,Aminoglycosides,36.60874775,J01G
2023,DE,Germany,Klebsiella pneumoniae,Aminoglycosides,3.9670273,J01G
2023,DK,Denmark,Klebsiella pneumoniae,Aminoglycosides,2.64097073,J01G
2023,EE,Estonia,Klebsiella pneumoniae,Aminoglycosides,7.66666666,J01G
2023,EL,Greece,Klebsiella pneumoniae,Aminoglycosides,64.74719101,J01G
2023,ES,Spain,Klebsiella pneumoniae,Aminoglycosides,16.79462571,J01G
2023,FI,Finland,Klebsiella pneumoniae,Aminoglycosides,5.23415977,J01G
2023,HR,Croatia,Klebsiella pneumoniae,Aminoglycosides,37.43315508,J01G
2023,HU,Hungary,Klebsiella pneumoniae,Aminoglycosides,31.41862489,J01G
2023,IE,Ireland,Klebsiella pneumoniae,Aminoglycosides,8.75656742,J01G
2023,IS,Iceland,Klebsiella pneumoniae,Aminoglycosides,4.54545454,J01G
2023,IT,Italy,Klebsiella pneumoniae,Aminoglycosides,32.6730518,J01G
2023,LI,Liechtenstein,Klebsiella pneumoniae,Aminoglycosides,,J01G
2023,LT,Lithuania,Klebsiella pneumoniae,Aminoglycosides,29.25925925,J01G
2023,LU,Luxembourg,Klebsiella pneumoniae,Aminoglycosides,10.58823529,J01G
2023,LV,Latvia,Klebsiella pneumoniae,Aminoglycosides,25.73839662,J01G
2023,MT,Malta,Klebsiella pneumoniae,Aminoglycosides,10.88435374,J01G
2023,NL,Netherlands,Klebsiella pneumoniae,Aminoglycosides,6.25,J01G
2023,NO,Norway,Klebsiella pneumoniae,Aminoglycosides,4.1931385,J01G
2023,PL,Poland,Klebsiella pneumoniae,Aminoglycosides,49.86130374,J01G
2023,PT,Portugal,Klebsiella pneumoniae,Aminoglycosides,23.75658279,J01G
2023,RO,Romania,Klebsiella pneumoniae,Aminoglycosides,57.05368289,J01G
2023,SE,Sweden,Klebsiella pneumoniae,Aminoglycosides,4.48243992,J01G
2023,SI,Slovenia,Klebsiella pneumoniae,Aminoglycosides,17.10914454,J01G
2023,SK,Slovakia,Klebsiella pneumoniae,Aminoglycosides,40.32258064,J01G
2024,AT,Austria,Klebsiella pneumoniae,Aminoglycosides,4.08970976,J01G
2024,BE,Belgium,Klebsiella pneumoniae,Aminoglycosides,11.35416666,J01G
2024,BG,Bulgaria,Klebsiella pneumoniae,Aminoglycosides,73.81974248,J01G
2024,CY,Cyprus,Klebsiella pneumoniae,Aminoglycosides,41.71779141,J01G
2024,CZ,Czechia,Klebsiella pneumoniae,Aminoglycosides,34.9745331,J01G
2024,DE,Germany,Klebsiella pneumoniae,Aminoglycosides,3.51418616,J01G
2024,DK,Denmark,Klebsiella pneumoniae,Aminoglycosides,2.96819787,J01G
2024,EE,Estonia,Klebsiella pneumoniae,Aminoglycosides,6.02836879,J01G
2024,EL,Greece,Klebsiella pneumoniae,Aminoglycosides,59.55056179,J01G
2024,ES,Spain,Klebsiella pneumoniae,Aminoglycosides,15.92101203,J01G
2024,FI,Finland,Klebsiella pneumoniae,Aminoglycosides,3.11059907,J01G
2024,FR,France,Klebsiella pneumoniae,Aminoglycosides,15.5673274,J01G
2024,HR,Croatia,Klebsiella pneumoniae,Aminoglycosides,41.64989939,J01G
2024,HU,Hungary,Klebsiella pneumoniae,Aminoglycosides,28.49206349,J01G
2024,IE,Ireland,Klebsiella pneumoniae,Aminoglycosides,5.88235294,J01G
2024,IS,Iceland,Klebsiella pneumoniae,Aminoglycosides,0.0,J01G
2024,IT,Italy,Klebsiella pneumoniae,Aminoglycosides,31.72528201,J01G
2024,LI,Liechtenstein,Klebsiella pneumoniae,Aminoglycosides,,J01G
2024,LT,Lithuania,Klebsiella pneumoniae,Aminoglycosides,35.59556786,J01G
2024,LU,Luxembourg,Klebsiella pneumoniae,Aminoglycosides,5.92592592,J01G
2024,LV,Latvia,Klebsiella pneumoniae,Aminoglycosides,36.07954545,J01G
2024,MT,Malta,Klebsiella pneumoniae,Aminoglycosides,9.6590909,J01G
2024,NL,Netherlands,Klebsiella pneumoniae,Aminoglycosides,8.28698553,J01G
2024,NO,Norway,Klebsiella pneumoniae,Aminoglycosides,5.08849557,J01G
2024,PL,Poland,Klebsiella pneumoniae,Aminoglycosides,45.53571428,J01G
2024,PT,Portugal,Klebsiella pneumoniae,Aminoglycosides,20.13586956,J01G
2024,RO,Romania,Klebsiella pneumoniae,Aminoglycosides,53.8,J01G
2024,SE,Sweden,Klebsiella pneumoniae,Aminoglycosides,4.64301357,J01G
2024,SI,Slovenia,Klebsiella pneumoniae,Aminoglycosides,10.51136363,J01G
2024,SK,Slovakia,Klebsiella pneumoniae,Aminoglycosides,42.10526315,J01G
2005,AT,Austria,Klebsiella pneumoniae,Carbapenems,0.0,J01D
2005,BG,Bulgaria,Klebsiella pneumoniae,Carbapenems,0.0,J01D
2005,CY,Cyprus,Klebsiella pneumoniae,Carbapenems,,J01D
2005,CZ,Czechia,Klebsiella pneumoniae,Carbapenems,0.0,J01D
2005,DE,Germany,Klebsiella pneumoniae,Carbapenems,1.96078431,J01D
2005,EE,Estonia,Klebsiella pneumoniae,Carbapenems,0.0,J01D
2005,EL,Greece,Klebsiella pneumoniae,Carbapenems,27.8137128,J01D
2005,ES,Spain,Klebsiella pneumoniae,Carbapenems,0.0,J01D
2005,FI,Finland,Klebsiella pneumoniae,Carbapenems,0.0,J01D
2005,FR,France,Klebsiella pneumoniae,Carbapenems,0.13280212,J01D
2005,HR,Croatia,Klebsiella pneumoniae,Carbapenems,0.0,J01D
2005,HU,Hungary,Klebsiella pneumoniae,Carbapenems,0.33333333,J01D
2005,IE,Ireland,Klebsiella pneumoniae,Carbapenems,0.0,J01D
2005,IS,Iceland,Klebsiella pneumoniae,Carbapenems,0.0,J01D
2005,MT,Malta,Klebsiella pneumoniae,Carbapenems,,J01D
2005,NL,Netherlands,Klebsiella pneumoniae,Carbapenems,0.0,J01D
2005,NO,Norway,Klebsiella pneumoniae,Carbapenems,0.62111801,J01D
2005,PL,Poland,Klebsiella pneumoniae,Carbapenems,0.0,J01D
2005,RO,Romania,Klebsiella pneumoniae,Carbapenems,,J01D
2005,SE,Sweden,Klebsiella pneumoniae,Carbapenems,,J01D
2005,SI,Slovenia,Klebsiella pneumoniae,Carbapenems,0.0,J01D
2005,UK,United Kingdom,Klebsiella pneumoniae,Carbapenems,0.0,J01D
2006,AT,Austria,Klebsiella pneumoniae,Carbapenems,0.0,J01D
2006,BG,Bulgaria,Klebsiella pneumoniae,Carbapenems,0.0,J01D
2006,CY,Cyprus,Klebsiella pneumoniae,Carbapenems,0.0,J01D
2006,CZ,Czechia,Klebsiella pneumoniae,Carbapenems,,J01D
2006,DE,Germany,Klebsiella pneumoniae,Carbapenems,0.0,J01D
2006,DK,Denmark,Klebsiella pneumoniae,Carbapenems,0.0,J01D
2006,EE,Estonia,Klebsiella pneumoniae,Carbapenems,0.0,J01D
2006,EL,Greece,Klebsiella pneumoniae,Carbapenems,32.85543608,J01D
2006,ES,Spain,Klebsiella pneumoniae,Carbapenems,0.0,J01D
2006,FI,Finland,Klebsiella pneumoniae,Carbapenems,0.0,J01D
2006,FR,France,Klebsiella pneumoniae,Carbapenems,0.0,J01D
2006,HR,Croatia,Klebsiella pneumoniae,Carbapenems,0.0,J01D
2006,HU,Hungary,Klebsiella pneumoniae,Carbapenems,0.0,J01D
2006,IE,Ireland,Klebsiella pneumoniae,Carbapenems,0.0,J01D
2006,IS,Iceland,Klebsiella pneumoniae,Carbapenems,,J01D
2006,IT,Italy,Klebsiella pneumoniae,Carbapenems,1.3114754,J01D
2006,LT,Lithuania,Klebsiella pneumoniae,Carbapenems,0.0,J01D
2006,LU,Luxembourg,Klebsiella pneumoniae,Carbapenems,,J01D
2006,LV,Latvia,Klebsiella pneumoniae,Carbapenems,0.0,J01D
2006,MT,Malta,Klebsiella pneumoniae,Carbapenems,0.0,J01D
2006,NL,Netherlands,Klebsiella pneumoniae,Carbapenems,0.30395136,J01D
2006,NO,Norway,Klebsiella pneumoniae,Carbapenems,0.45248868,J01D
2006,PL,Poland,Klebsiella pneumoniae,Carbapenems,,J01D
2006,RO,Romania,Klebsiella pneumoniae,Carbapenems,0.0,J01D
2006,SE,Sweden,Klebsiella pneumoniae,Carbapenems,,J01D
2006,SI,Slovenia,Klebsiella pneumoniae,Carbapenems,0.0,J01D
2006,UK,United Kingdom,Klebsiella pneumoniae,Carbapenems,0.34965034,J01D
2007,AT,Austria,Klebsiella pneumoniae,Carbapenems,0.0,J01D
2007,BG,Bulgaria,Klebsiella pneumoniae,Carbapenems,0.0,J01D
2007,CY,Cyprus,Klebsiella pneumoniae,Carbapenems,2.56410256,J01D
2007,CZ,Czechia,Klebsiella pneumoniae,Carbapenems,0.0,J01D
2007,DE,Germany,Klebsiella pneumoniae,Carbapenems,1.73410404,J01D
2007,DK,Denmark,Klebsiella pneumoniae,Carbapenems,0.0,J01D
2007,EE,Estonia,Klebsiella pneumoniae,Carbapenems,0.0,J01D
2007,EL,Greece,Klebsiella pneumoniae,Carbapenems,42.44306418,J01D
2007,ES,Spain,Klebsiella pneumoniae,Carbapenems,0.0,J01D
2007,FI,Finland,Klebsiella pneumoniae,Carbapenems,0.0,J01D
2007,FR,France,Klebsiella pneumoniae,Carbapenems,0.09460737,J01D
2007,HR,Croatia,Klebsiella pneumoniae,Carbapenems,0.35842293,J01D
2007,HU,Hungary,Klebsiella pneumoniae,Carbapenems,0.0,J01D
2007,IE,Ireland,Klebsiella pneumoniae,Carbapenems,0.0,J01D
2007,IS,Iceland,Klebsiella pneumoniae,Carbapenems,0.0,J01D
2007,IT,Italy,Klebsiella pneumoniae,Carbapenems,1.11111111,J01D
2007,LT,Lithuania,Klebsiella pneumoniae,Carbapenems,0.0,J01D
2007,LU,Luxembourg,Klebsiella pneumoniae,Carbapenems,,J01D
2007,LV,Latvia,Klebsiella pneumoniae,Carbapenems,0.0,J01D
2007,MT,Malta,Klebsiella pneumoniae,Carbapenems,0.0,J01D
2007,NL,Netherlands,Klebsiella pneumoniae,Carbapenems,0.0,J01D
2007,NO,Norway,Klebsiella pneumoniae,Carbapenems,0.0,J01D
2007,PL,Poland,Klebsiella pneumoniae,Carbapenems,,J01D
2007,PT,Portugal,Klebsiella pneumoniae,Carbapenems,0.0,J01D
2007,RO,Romania,Klebsiella pneumoniae,Carbapenems,0.0,J01D
2007,SE,Sweden,Klebsiella pneumoniae,Carbapenems,0.0,J01D
2007,SI,Slovenia,Klebsiella pneumoniae,Carbapenems,0.0,J01D
2007,UK,United Kingdom,Klebsiella pneumoniae,Carbapenems,0.33112582,J01D
2008,AT,Austria,Klebsiella pneumoniae,Carbapenems,0.0,J01D
2008,BG,Bulgaria,Klebsiella pneumoniae,Carbapenems,0.0,J01D
2008,CY,Cyprus,Klebsiella pneumoniae,Carbapenems,9.67741935,J01D
2008,CZ,Czechia,Klebsiella pneumoniae,Carbapenems,0.23809523,J01D
2008,DE,Germany,Klebsiella pneumoniae,Carbapenems,0.0,J01D
2008,DK,Denmark,Klebsiella pneumoniae,Carbapenems,0.19120458,J01D
2008,EE,Estonia,Klebsiella pneumoniae,Carbapenems,0.0,J01D
2008,EL,Greece,Klebsiella pneumoniae,Carbapenems,36.59217877,J01D
2008,ES,Spain,Klebsiella pneumoniae,Carbapenems,0.0,J01D
2008,FI,Finland,Klebsiella pneumoniae,Carbapenems,0.0,J01D
2008,FR,France,Klebsiella pneumoniae,Carbapenems,0.0,J01D
2008,HR,Croatia,Klebsiella pneumoniae,Carbapenems,0.31152647,J01D
2008,HU,Hungary,Klebsiella pneumoniae,Carbapenems,0.0,J01D
2008,IE,Ireland,Klebsiella pneumoniae,Carbapenems,0.0,J01D
2008,IS,Iceland,Klebsiella pneumoniae,Carbapenems,0.0,J01D
2008,IT,Italy,Klebsiella pneumoniae,Carbapenems,1.94174757,J01D
2008,LT,Lithuania,Klebsiella pneumoniae,Carbapenems,0.0,J01D
2008,LU,Luxembourg,Klebsiella pneumoniae,Carbapenems,,J01D
2008,LV,Latvia,Klebsiella pneumoniae,Carbapenems,2.5,J01D
2008,MT,Malta,Klebsiella pneumoniae,Carbapenems,0.0,J01D
2008,NL,Netherlands,Klebsiella pneumoniae,Carbapenems,0.0,J01D
2008,NO,Norway,Klebsiella pneumoniae,Carbapenems,0.67340067,J01D
2008,PL,Poland,Klebsiella pneumoniae,Carbapenems,,J01D
2008,PT,Portugal,Klebsiella pneumoniae,Carbapenems,0.72463768,J01D
2008,RO,Romania,Klebsiella pneumoniae,Carbapenems,,J01D
2008,SE,Sweden,Klebsiella pneumoniae,Carbapenems,0.0,J01D
2008,SI,Slovenia,Klebsiella pneumoniae,Carbapenems,0.0,J01D
2008,UK,United Kingdom,Klebsiella pneumoniae,Carbapenems,1.23966942,J01D
2009,AT,Austria,Klebsiella pneumoniae,Carbapenems,0.0,J01D
2009,BE,Belgium,Klebsiella pneumoniae,Carbapenems,1.20481927,J01D
2009,BG,Bulgaria,Klebsiella pneumoniae,Carbapenems,0.0,J01D
2009,CY,Cyprus,Klebsiella pneumoniae,Carbapenems,16.98113207,J01D
2009,CZ,Czechia,Klebsiella pneumoniae,Carbapenems,0.24711696,J01D
2009,DE,Germany,Klebsiella pneumoniae,Carbapenems,0.0,J01D
2009,DK,Denmark,Klebsiella pneumoniae,Carbapenems,0.0,J01D
2009,EE,Estonia,Klebsiella pneumoniae,Carbapenems,0.0,J01D
2009,EL,Greece,Klebsiella pneumoniae,Carbapenems,43.51567301,J01D
2009,ES,Spain,Klebsiella pneumoniae,Carbapenems,0.17391304,J01D
2009,FI,Finland,Klebsiella pneumoniae,Carbapenems,0.28490028,J01D
2009,FR,France,Klebsiella pneumoniae,Carbapenems,0.1577287,J01D
2009,HU,Hungary,Klebsiella pneumoniae,Carbapenems,0.55555555,J01D
2009,IE,Ireland,Klebsiella pneumoniae,Carbapenems,0.0,J01D
2009,IS,Iceland,Klebsiella pneumoniae,Carbapenems,0.0,J01D
2009,IT,Italy,Klebsiella pneumoniae,Carbapenems,1.31578947,J01D
2009,LT,Lithuania,Klebsiella pneumoniae,Carbapenems,0.0,J01D
2009,LU,Luxembourg,Klebsiella pneumoniae,Carbapenems,0.0,J01D
2009,LV,Latvia,Klebsiella pneumoniae,Carbapenems,0.0,J01D
2009,MT,Malta,Klebsiella pneumoniae,Carbapenems,0.0,J01D
2009,NL,Netherlands,Klebsiella pneumoniae,Carbapenems,0.0,J01D
2009,NO,Norway,Klebsiella pneumoniae,Carbapenems,0.0,J01D
2009,PL,Poland,Klebsiella pneumoniae,Carbapenems,0.71942446,J01D
2009,PT,Portugal,Klebsiella pneumoniae,Carbapenems,0.82474226,J01D
2009,RO,Romania,Klebsiella pneumoniae,Carbapenems,,J01D
2009,SE,Sweden,Klebsiella pneumoniae,Carbapenems,,J01D
2009,SI,Slovenia,Klebsiella pneumoniae,Carbapenems,0.52910052,J01D
2009,UK,United Kingdom,Klebsiella pneumoniae,Carbapenems,0.16920473,J01D
2010,AT,Austria,Klebsiella pneumoniae,Carbapenems,0.58939096,J01D
2010,BE,Belgium,Klebsiella pneumoniae,Carbapenems,0.0,J01D
2010,BG,Bulgaria,Klebsiella pneumoniae,Carbapenems,0.0,J01D
2010,CY,Cyprus,Klebsiella pneumoniae,Carbapenems,16.41791044,J01D
2010,CZ,Czechia,Klebsiella pneumoniae,Carbapenems,0.09066183,J01D
2010,DE,Germany,Klebsiella pneumoniae,Carbapenems,0.0,J01D
2010,DK,Denmark,Klebsiella pneumoniae,Carbapenems,0.0,J01D
2010,EE,Estonia,Klebsiella pneumoniae,Carbapenems,0.0,J01D
2010,EL,Greece,Klebsiella pneumoniae,Carbapenems,49.08120924,J01D
2010,ES,Spain,Klebsiella pneumoniae,Carbapenems,0.0,J01D
2010,FI,Finland,Klebsiella pneumoniae,Carbapenems,0.0,J01D
2010,FR,France,Klebsiella pneumoniae,Carbapenems,0.0698324,J01D
2010,HR,Croatia,Klebsiella pneumoniae,Carbapenems,2.15053763,J01D
2010,HU,Hungary,Klebsiella pneumoniae,Carbapenems,5.49898167,J01D
2010,IE,Ireland,Klebsiella pneumoniae,Carbapenems,0.0,J01D
2010,IS,Iceland,Klebsiella pneumoniae,Carbapenems,,J01D
2010,IT,Italy,Klebsiella pneumoniae,Carbapenems,15.18467852,J01D
2010,LT,Lithuania,Klebsiella pneumoniae,Carbapenems,0.0,J01D
2010,LU,Luxembourg,Klebsiella pneumoniae,Carbapenems,0.0,J01D
2010,LV,Latvia,Klebsiella pneumoniae,Carbapenems,0.0,J01D
2010,MT,Malta,Klebsiella pneumoniae,Carbapenems,0.0,J01D
2010,NL,Netherlands,Klebsiella pneumoniae,Carbapenems,0.22421524,J01D
2010,NO,Norway,Klebsiella pneumoniae,Carbapenems,0.0,J01D
2010,PL,Poland,Klebsiella pneumoniae,Carbapenems,0.0,J01D
2010,PT,Portugal,Klebsiella pneumoniae,Carbapenems,1.3544018,J01D
2010,RO,Romania,Klebsiella pneumoniae,Carbapenems,,J01D
2010,SE,Sweden,Klebsiella pneumoniae,Carbapenems,0.28248587,J01D
2010,SI,Slovenia,Klebsiella pneumoniae,Carbapenems,0.51282051,J01D
2010,UK,United Kingdom,Klebsiella pneumoniae,Carbapenems,0.14771048,J01D
2011,AT,Austria,Klebsiella pneumoniae,Carbapenems,0.16393442,J01D
2011,BE,Belgium,Klebsiella pneumoniae,Carbapenems,0.30959752,J01D
2011,BG,Bulgaria,Klebsiella pneumoniae,Carbapenems,0.0,J01D
2011,CY,Cyprus,Klebsiella pneumoniae,Carbapenems,15.6626506,J01D
2011,CZ,Czechia,Klebsiella pneumoniae,Carbapenems,0.08382229,J01D
2011,DE,Germany,Klebsiella pneumoniae,Carbapenems,0.0,J01D
2011,DK,Denmark,Klebsiella pneumoniae,Carbapenems,0.0,J01D
2011,EE,Estonia,Klebsiella pneumoniae,Carbapenems,0.0,J01D
2011,EL,Greece,Klebsiella pneumoniae,Carbapenems,68.15403422,J01D
2011,ES,Spain,Klebsiella pneumoniae,Carbapenems,0.34965034,J01D
2011,FI,Finland,Klebsiella pneumoniae,Carbapenems,0.0,J01D
2011,FR,France,Klebsiella pneumoniae,Carbapenems,0.0,J01D
2011,HR,Croatia,Klebsiella pneumoniae,Carbapenems,0.0,J01D
2011,HU,Hungary,Klebsiella pneumoniae,Carbapenems,1.937046,J01D
2011,IE,Ireland,Klebsiella pneumoniae,Carbapenems,0.33112582,J01D
2011,IT,Italy,Klebsiella pneumoniae,Carbapenems,26.66666666,J01D
2011,LT,Lithuania,Klebsiella pneumoniae,Carbapenems,,J01D
2011,LU,Luxembourg,Klebsiella pneumoniae,Carbapenems,0.0,J01D
2011,LV,Latvia,Klebsiella pneumoniae,Carbapenems,0.0,J01D
2011,MT,Malta,Klebsiella pneumoniae,Carbapenems,3.84615384,J01D
2011,NL,Netherlands,Klebsiella pneumoniae,Carbapenems,0.23014959,J01D
2011,NO,Norway,Klebsiella pneumoniae,Carbapenems,0.0,J01D
2011,PL,Poland,Klebsiella pneumoniae,Carbapenems,0.53191489,J01D
2011,PT,Portugal,Klebsiella pneumoniae,Carbapenems,0.34482758,J01D
2011,RO,Romania,Klebsiella pneumoniae,Carbapenems,,J01D
2011,SE,Sweden,Klebsiella pneumoniae,Carbapenems,0.0,J01D
2011,SI,Slovenia,Klebsiella pneumoniae,Carbapenems,0.0,J01D
2011,SK,Slovakia,Klebsiella pneumoniae,Carbapenems,0.69124423,J01D
2011,UK,United Kingdom,Klebsiella pneumoniae,Carbapenems,0.36363636,J01D
2012,AT,Austria,Klebsiella pneumoniae,Carbapenems,0.81300813,J01D
2012,BE,Belgium,Klebsiella pneumoniae,Carbapenems,0.73394495,J01D
2012,BG,Bulgaria,Klebsiella pneumoniae,Carbapenems,1.85185185,J01D
2012,CY,Cyprus,Klebsiella pneumoniae,Carbapenems,9.23076923,J01D
2012,CZ,Czechia,Klebsiella pneumoniae,Carbapenems,0.30604437,J01D
2012,DE,Germany,Klebsiella pneumoniae,Carbapenems,0.0,J01D
2012,DK,Denmark,Klebsiella pneumoniae,Carbapenems,0.29411764,J01D
2012,EE,Estonia,Klebsiella pneumoniae,Carbapenems,1.26582278,J01D
2012,EL,Greece,Klebsiella pneumoniae,Carbapenems,60.47945205,J01D
2012,ES,Spain,Klebsiella pneumoniae,Carbapenems,0.78125,J01D
2012,FI,Finland,Klebsiella pneumoniae,Carbapenems,0.0,J01D
2012,FR,France,Klebsiella pneumoniae,Carbapenems,0.49170251,J01D
2012,HR,Croatia,Klebsiella pneumoniae,Carbapenems,0.0,J01D
2012,HU,Hungary,Klebsiella pneumoniae,Carbapenems,2.91060291,J01D
2012,IE,Ireland,Klebsiella pneumoniae,Carbapenems,0.0,J01D
2012,IT,Italy,Klebsiella pneumoniae,Carbapenems,29.11242603,J01D
2012,LT,Lithuania,Klebsiella pneumoniae,Carbapenems,0.0,J01D
2012,LU,Luxembourg,Klebsiella pneumoniae,Carbapenems,0.0,J01D
2012,LV,Latvia,Klebsiella pneumoniae,Carbapenems,0.0,J01D
2012,MT,Malta,Klebsiella pneumoniae,Carbapenems,3.57142857,J01D
2012,NL,Netherlands,Klebsiella pneumoniae,Carbapenems,0.10570824,J01D
2012,NO,Norway,Klebsiella pneumoniae,Carbapenems,0.48154093,J01D
2012,PL,Poland,Klebsiella pneumoniae,Carbapenems,0.83565459,J01D
2012,PT,Portugal,Klebsiella pneumoniae,Carbapenems,0.66755674,J01D
2012,RO,Romania,Klebsiella pneumoniae,Carbapenems,13.72549019,J01D
2012,SE,Sweden,Klebsiella pneumoniae,Carbapenems,0.10235414,J01D
2012,SI,Slovenia,Klebsiella pneumoniae,Carbapenems,0.39370078,J01D
2012,SK,Slovakia,Klebsiella pneumoniae,Carbapenems,6.34441087,J01D
2012,UK,United Kingdom,Klebsiella pneumoniae,Carbapenems,0.45045045,J01D
2013,AT,Austria,Klebsiella pneumoniae,Carbapenems,1.2087912,J01D
2013,BE,Belgium,Klebsiella pneumoniae,Carbapenems,0.32362459,J01D
2013,BG,Bulgaria,Klebsiella pneumoniae,Carbapenems,0.0,J01D
2013,CY,Cyprus,Klebsiella pneumoniae,Carbapenems,5.88235294,J01D
2013,CZ,Czechia,Klebsiella pneumoniae,Carbapenems,0.52956751,J01D
2013,DE,Germany,Klebsiella pneumoniae,Carbapenems,0.65530799,J01D
2013,DK,Denmark,Klebsiella pneumoniae,Carbapenems,0.15503875,J01D
2013,EE,Estonia,Klebsiella pneumoniae,Carbapenems,2.7027027,J01D
2013,EL,Greece,Klebsiella pneumoniae,Carbapenems,59.3879239,J01D
2013,ES,Spain,Klebsiella pneumoniae,Carbapenems,1.61160354,J01D
2013,FI,Finland,Klebsiella pneumoniae,Carbapenems,0.0,J01D
2013,FR,France,Klebsiella pneumoniae,Carbapenems,0.65146579,J01D
2013,HR,Croatia,Klebsiella pneumoniae,Carbapenems,0.53191489,J01D
2013,HU,Hungary,Klebsiella pneumoniae,Carbapenems,1.69491525,J01D
2013,IE,Ireland,Klebsiella pneumoniae,Carbapenems,0.31545741,J01D
2013,IT,Italy,Klebsiella pneumoniae,Carbapenems,34.34273916,J01D
2013,LT,Lithuania,Klebsiella pneumoniae,Carbapenems,0.0,J01D
2013,LU,Luxembourg,Klebsiella pneumoniae,Carbapenems,1.88679245,J01D
2013,LV,Latvia,Klebsiella pneumoniae,Carbapenems,0.0,J01D
2013,MT,Malta,Klebsiella pneumoniae,Carbapenems,5.97014925,J01D
2013,NL,Netherlands,Klebsiella pneumoniae,Carbapenems,0.18957345,J01D
2013,NO,Norway,Klebsiella pneumoniae,Carbapenems,0.15503875,J01D
2013,PL,Poland,Klebsiella pneumoniae,Carbapenems,0.81081081,J01D
2013,PT,Portugal,Klebsiella pneumoniae,Carbapenems,1.7699115,J01D
2013,RO,Romania,Klebsiella pneumoniae,Carbapenems,20.46511627,J01D
2013,SE,Sweden,Klebsiella pneumoniae,Carbapenems,0.0,J01D
2013,SI,Slovenia,Klebsiella pneumoniae,Carbapenems,0.40816326,J01D
2013,SK,Slovakia,Klebsiella pneumoniae,Carbapenems,0.58479532,J01D
2013,UK,United Kingdom,Klebsiella pneumoniae,Carbapenems,0.47573739,J01D
2014,AT,Austria,Klebsiella pneumoniae,Carbapenems,0.61791967,J01D
2014,BE,Belgium,Klebsiella pneumoniae,Carbapenems,0.46620046,J01D
2014,BG,Bulgaria,Klebsiella pneumoniae,Carbapenems,7.1942446,J01D
2014,CY,Cyprus,Klebsiella pneumoniae,Carbapenems,5.0,J01D
2014,CZ,Czechia,Klebsiella pneumoniae,Carbapenems,0.08710801,J01D
2014,DE,Germany,Klebsiella pneumoniae,Carbapenems,0.69582504,J01D
2014,DK,Denmark,Klebsiella pneumoniae,Carbapenems,0.24096385,J01D
2014,EE,Estonia,Klebsiella pneumoniae,Carbapenems,0.0,J01D
2014,EL,Greece,Klebsiella pneumoniae,Carbapenems,62.31617647,J01D
2014,ES,Spain,Klebsiella pneumoniae,Carbapenems,2.2906793,J01D
2014,FI,Finland,Klebsiella pneumoniae,Carbapenems,0.0,J01D
2014,FR,France,Klebsiella pneumoniae,Carbapenems,0.47551117,J01D
2014,HR,Croatia,Klebsiella pneumoniae,Carbapenems,0.89820359,J01D
2014,HU,Hungary,Klebsiella pneumoniae,Carbapenems,1.12721417,J01D
2014,IE,Ireland,Klebsiella pneumoniae,Carbapenems,0.56657223,J01D
2014,IT,Italy,Klebsiella pneumoniae,Carbapenems,32.92775665,J01D
2014,LT,Lithuania,Klebsiella pneumoniae,Carbapenems,1.29870129,J01D
2014,LU,Luxembourg,Klebsiella pneumoniae,Carbapenems,1.51515151,J01D
2014,LV,Latvia,Klebsiella pneumoniae,Carbapenems,1.69491525,J01D
2014,MT,Malta,Klebsiella pneumoniae,Carbapenems,9.09090909,J01D
2014,NL,Netherlands,Klebsiella pneumoniae,Carbapenems,0.26714158,J01D
2014,NO,Norway,Klebsiella pneumoniae,Carbapenems,0.0,J01D
2014,PL,Poland,Klebsiella pneumoniae,Carbapenems,1.33037694,J01D
2014,PT,Portugal,Klebsiella pneumoniae,Carbapenems,1.76366843,J01D
2014,RO,Romania,Klebsiella pneumoniae,Carbapenems,31.51750972,J01D
2014,SE,Sweden,Klebsiella pneumoniae,Carbapenems,0.0,J01D
2014,SI,Slovenia,Klebsiella pneumoniae,Carbapenems,0.85836909,J01D
2014,SK,Slovakia,Klebsiella pneumoniae,Carbapenems,2.63157894,J01D
2014,UK,United Kingdom,Klebsiella pneumoniae,Carbapenems,0.84190832,J01D
2015,AT,Austria,Klebsiella pneumoniae,Carbapenems,0.78277886,J01D
2015,BE,Belgium,Klebsiella pneumoniae,Carbapenems,0.51413881,J01D
2015,BG,Bulgaria,Klebsiella pneumoniae,Carbapenems,3.15789473,J01D
2015,CY,Cyprus,Klebsiella pneumoniae,Carbapenems,12.9032258,J01D
2015,CZ,Czechia,Klebsiella pneumoniae,Carbapenems,0.27272727,J01D
2015,DE,Germany,Klebsiella pneumoniae,Carbapenems,0.12634238,J01D
2015,DK,Denmark,Klebsiella pneumoniae,Carbapenems,0.0,J01D
2015,EE,Estonia,Klebsiella pneumoniae,Carbapenems,0.0,J01D
2015,EL,Greece,Klebsiella pneumoniae,Carbapenems,61.94092827,J01D
2015,ES,Spain,Klebsiella pneumoniae,Carbapenems,2.15778826,J01D
2015,FI,Finland,Klebsiella pneumoniae,Carbapenems,0.0,J01D
2015,FR,France,Klebsiella pneumoniae,Carbapenems,0.49019607,J01D
2015,HR,Croatia,Klebsiella pneumoniae,Carbapenems,2.36842105,J01D
2015,HU,Hungary,Klebsiella pneumoniae,Carbapenems,0.1455604,J01D
2015,IE,Ireland,Klebsiella pneumoniae,Carbapenems,0.51413881,J01D
2015,IS,Iceland,Klebsiella pneumoniae,Carbapenems,,J01D
2015,IT,Italy,Klebsiella pneumoniae,Carbapenems,33.51675837,J01D
2015,LT,Lithuania,Klebsiella pneumoniae,Carbapenems,0.0,J01D
2015,LU,Luxembourg,Klebsiella pneumoniae,Carbapenems,0.0,J01D
2015,LV,Latvia,Klebsiella pneumoniae,Carbapenems,0.0,J01D
2015,MT,Malta,Klebsiella pneumoniae,Carbapenems,4.54545454,J01D
2015,NL,Netherlands,Klebsiella pneumoniae,Carbapenems,0.16708437,J01D
2015,NO,Norway,Klebsiella pneumoniae,Carbapenems,0.14285714,J01D
2015,PL,Poland,Klebsiella pneumoniae,Carbapenems,0.45454545,J01D
2015,PT,Portugal,Klebsiella pneumoniae,Carbapenems,3.35731414,J01D
2015,RO,Romania,Klebsiella pneumoniae,Carbapenems,24.72324723,J01D
2015,SE,Sweden,Klebsiella pneumoniae,Carbapenems,0.0,J01D
2015,SI,Slovenia,Klebsiella pneumoniae,Carbapenems,1.26582278,J01D
2015,SK,Slovakia,Klebsiella pneumoniae,Carbapenems,0.91743119,J01D
2015,UK,United Kingdom,Klebsiella pneumoniae,Carbapenems,0.41580041,J01D
2016,AT,Austria,Klebsiella pneumoniae,Carbapenems,0.66777963,J01D
2016,BE,Belgium,Klebsiella pneumoniae,Carbapenems,2.39162929,J01D
2016,BG,Bulgaria,Klebsiella pneumoniae,Carbapenems,4.40251572,J01D
2016,CY,Cyprus,Klebsiella pneumoniae,Carbapenems,10.66666666,J01D
2016,CZ,Czechia,Klebsiella pneumoniae,Carbapenems,0.0,J01D
2016,DE,Germany,Klebsiella pneumoniae,Carbapenems,0.48891786,J01D
2016,DK,Denmark,Klebsiella pneumoniae,Carbapenems,0.26809651,J01D
2016,EE,Estonia,Klebsiella pneumoniae,Carbapenems,0.0,J01D
2016,EL,Greece,Klebsiella pneumoniae,Carbapenems,66.86440677,J01D
2016,ES,Spain,Klebsiella pneumoniae,Carbapenems,2.08706022,J01D
2016,FI,Finland,Klebsiella pneumoniae,Carbapenems,0.25974025,J01D
2016,FR,France,Klebsiella pneumoniae,Carbapenems,0.39556962,J01D
2016,HR,Croatia,Klebsiella pneumoniae,Carbapenems,0.0,J01D
2016,HU,Hungary,Klebsiella pneumoniae,Carbapenems,0.42674253,J01D
2016,IE,Ireland,Klebsiella pneumoniae,Carbapenems,0.66225165,J01D
2016,IS,Iceland,Klebsiella pneumoniae,Carbapenems,,J01D
2016,IT,Italy,Klebsiella pneumoniae,Carbapenems,33.94018205,J01D
2016,LT,Lithuania,Klebsiella pneumoniae,Carbapenems,0.0,J01D
2016,LU,Luxembourg,Klebsiella pneumoniae,Carbapenems,0.0,J01D
2016,LV,Latvia,Klebsiella pneumoniae,Carbapenems,2.22222222,J01D
2016,MT,Malta,Klebsiella pneumoniae,Carbapenems,5.88235294,J01D
2016,NL,Netherlands,Klebsiella pneumoniae,Carbapenems,0.07593014,J01D
2016,NO,Norway,Klebsiella pneumoniae,Carbapenems,0.0,J01D
2016,PL,Poland,Klebsiella pneumoniae,Carbapenems,2.13713268,J01D
2016,PT,Portugal,Klebsiella pneumoniae,Carbapenems,5.17094017,J01D
2016,RO,Romania,Klebsiella pneumoniae,Carbapenems,31.43712574,J01D
2016,SE,Sweden,Klebsiella pneumoniae,Carbapenems,0.13063357,J01D
2016,SI,Slovenia,Klebsiella pneumoniae,Carbapenems,0.0,J01D
2016,SK,Slovakia,Klebsiella pneumoniae,Carbapenems,2.52873563,J01D
2016,UK,United Kingdom,Klebsiella pneumoniae,Carbapenems,0.27040314,J01D
2017,AT,Austria,Klebsiella pneumoniae,Carbapenems,0.99188458,J01D
2017,BE,Belgium,Klebsiella pneumoniae,Carbapenems,1.13780025,J01D
2017,BG,Bulgaria,Klebsiella pneumoniae,Carbapenems,12.4260355,J01D
2017,CY,Cyprus,Klebsiella pneumoniae,Carbapenems,15.49295774,J01D
2017,CZ,Czechia,Klebsiella pneumoniae,Carbapenems,0.38058991,J01D
2017,DE,Germany,Klebsiella pneumoniae,Carbapenems,0.46668395,J01D
2017,DK,Denmark,Klebsiella pneumoniae,Carbapenems,0.25316455,J01D
2017,EE,Estonia,Klebsiella pneumoniae,Carbapenems,0.0,J01D
2017,EL,Greece,Klebsiella pneumoniae,Carbapenems,64.71019809,J01D
2017,ES,Spain,Klebsiella pneumoniae,Carbapenems,2.78145695,J01D
2017,FI,Finland,Klebsiella pneumoniae,Carbapenems,0.26385224,J01D
2017,FR,France,Klebsiella pneumoniae,Carbapenems,0.67687923,J01D
2017,HR,Croatia,Klebsiella pneumoniae,Carbapenems,0.0,J01D
2017,HU,Hungary,Klebsiella pneumoniae,Carbapenems,0.29368575,J01D
2017,IE,Ireland,Klebsiella pneumoniae,Carbapenems,0.20920502,J01D
2017,IT,Italy,Klebsiella pneumoniae,Carbapenems,29.6886864,J01D
2017,LT,Lithuania,Klebsiella pneumoniae,Carbapenems,0.61538461,J01D
2017,LU,Luxembourg,Klebsiella pneumoniae,Carbapenems,0.0,J01D
2017,LV,Latvia,Klebsiella pneumoniae,Carbapenems,1.72413793,J01D
2017,MT,Malta,Klebsiella pneumoniae,Carbapenems,10.25641025,J01D
2017,NL,Netherlands,Klebsiella pneumoniae,Carbapenems,0.45112781,J01D
2017,NO,Norway,Klebsiella pneumoniae,Carbapenems,0.0,J01D
2017,PL,Poland,Klebsiella pneumoniae,Carbapenems,6.37381567,J01D
2017,PT,Portugal,Klebsiella pneumoniae,Carbapenems,8.63970588,J01D
2017,RO,Romania,Klebsiella pneumoniae,Carbapenems,22.45508982,J01D
2017,SE,Sweden,Klebsiella pneumoniae,Carbapenems,0.09680542,J01D
2017,SI,Slovenia,Klebsiella pneumoniae,Carbapenems,0.0,J01D
2017,SK,Slovakia,Klebsiella pneumoniae,Carbapenems,4.44444444,J01D
2017,UK,United Kingdom,Klebsiella pneumoniae,Carbapenems,0.58778915,J01D
2018,AT,Austria,Klebsiella pneumoniae,Carbapenems,1.01351351,J01D
2018,BE,Belgium,Klebsiella pneumoniae,Carbapenems,1.39037433,J01D
2018,BG,Bulgaria,Klebsiella pneumoniae,Carbapenems,21.24352331,J01D
2018,CY,Cyprus,Klebsiella pneumoniae,Carbapenems,21.83908045,J01D
2018,CZ,Czechia,Klebsiella pneumoniae,Carbapenems,0.25125628,J01D
2018,DE,Germany,Klebsiella pneumoniae,Carbapenems,0.42842741,J01D
2018,DK,Denmark,Klebsiella pneumoniae,Carbapenems,0.54102795,J01D
2018,EE,Estonia,Klebsiella pneumoniae,Carbapenems,0.55865921,J01D
2018,EL,Greece,Klebsiella pneumoniae,Carbapenems,63.88518024,J01D
2018,ES,Spain,Klebsiella pneumoniae,Carbapenems,3.8095238,J01D
2018,FI,Finland,Klebsiella pneumoniae,Carbapenems,0.61728395,J01D
2018,FR,France,Klebsiella pneumoniae,Carbapenems,0.50033355,J01D
2018,HR,Croatia,Klebsiella pneumoniae,Carbapenems,2.15384615,J01D
2018,HU,Hungary,Klebsiella pneumoniae,Carbapenems,0.24183796,J01D
2018,IE,Ireland,Klebsiella pneumoniae,Carbapenems,0.62240663,J01D
2018,IS,Iceland,Klebsiella pneumoniae,Carbapenems,,J01D
2018,IT,Italy,Klebsiella pneumoniae,Carbapenems,26.78445229,J01D
2018,LT,Lithuania,Klebsiella pneumoniae,Carbapenems,0.26954177,J01D
2018,LU,Luxembourg,Klebsiella pneumoniae,Carbapenems,0.0,J01D
2018,LV,Latvia,Klebsiella pneumoniae,Carbapenems,0.49019607,J01D
2018,MT,Malta,Klebsiella pneumoniae,Carbapenems,15.44117647,J01D
2018,NL,Netherlands,Klebsiella pneumoniae,Carbapenems,0.46052631,J01D
2018,NO,Norway,Klebsiella pneumoniae,Carbapenems,0.13586956,J01D
2018,PL,Poland,Klebsiella pneumoniae,Carbapenems,8.11496196,J01D
2018,PT,Portugal,Klebsiella pneumoniae,Carbapenems,11.70503316,J01D
2018,RO,Romania,Klebsiella pneumoniae,Carbapenems,29.47845804,J01D
2018,SE,Sweden,Klebsiella pneumoniae,Carbapenems,0.18382352,J01D
2018,SI,Slovenia,Klebsiella pneumoniae,Carbapenems,0.69204152,J01D
2018,SK,Slovakia,Klebsiella pneumoniae,Carbapenems,3.48360655,J01D
2018,UK,United Kingdom,Klebsiella pneumoniae,Carbapenems,0.69742489,J01D
2019,AT,Austria,Klebsiella pneumoniae,Carbapenems,1.2345679,J01D
2019,BE,Belgium,Klebsiella pneumoniae,Carbapenems,1.05680317,J01D
2019,BG,Bulgaria,Klebsiella pneumoniae,Carbapenems,26.96629213,J01D
2019,CY,Cyprus,Klebsiella pneumoniae,Carbapenems,13.33333333,J01D
2019,CZ,Czechia,Klebsiella pneumoniae,Carbapenems,0.608828,J01D
2019,DE,Germany,Klebsiella pneumoniae,Carbapenems,0.93259855,J01D
2019,DK,Denmark,Klebsiella pneumoniae,Carbapenems,0.29498525,J01D
2019,EE,Estonia,Klebsiella pneumoniae,Carbapenems,0.0,J01D
2019,EL,Greece,Klebsiella pneumoniae,Carbapenems,58.33333333,J01D
2019,ES,Spain,Klebsiella pneumoniae,Carbapenems,4.79566305,J01D
2019,FI,Finland,Klebsiella pneumoniae,Carbapenems,0.35294117,J01D
2019,FR,France,Klebsiella pneumoniae,Carbapenems,0.99900099,J01D
2019,HR,Croatia,Klebsiella pneumoniae,Carbapenems,12.0,J01D
2019,HU,Hungary,Klebsiella pneumoniae,Carbapenems,0.8988764,J01D
2019,IE,Ireland,Klebsiella pneumoniae,Carbapenems,0.9487666,J01D
2019,IT,Italy,Klebsiella pneumoniae,Carbapenems,28.47781569,J01D
2019,LT,Lithuania,Klebsiella pneumoniae,Carbapenems,3.42465753,J01D
2019,LU,Luxembourg,Klebsiella pneumoniae,Carbapenems,0.97087378,J01D
2019,LV,Latvia,Klebsiella pneumoniae,Carbapenems,0.0,J01D
2019,MT,Malta,Klebsiella pneumoniae,Carbapenems,7.75193798,J01D
2019,NL,Netherlands,Klebsiella pneumoniae,Carbapenems,0.20935101,J01D
2019,NO,Norway,Klebsiella pneumoniae,Carbapenems,0.24213075,J01D
2019,PL,Poland,Klebsiella pneumoniae,Carbapenems,7.7056277,J01D
2019,PT,Portugal,Klebsiella pneumoniae,Carbapenems,10.85501858,J01D
2019,RO,Romania,Klebsiella pneumoniae,Carbapenems,32.34042553,J01D
2019,SE,Sweden,Klebsiella pneumoniae,Carbapenems,0.11154489,J01D
2019,SI,Slovenia,Klebsiella pneumoniae,Carbapenems,0.330033,J01D
2019,SK,Slovakia,Klebsiella pneumoniae,Carbapenems,4.55840455,J01D
2019,UK,United Kingdom,Klebsiella pneumoniae,Carbapenems,0.6635071,J01D
2020,AT,Austria,Klebsiella pneumoniae,Carbapenems,0.94786729,J01D
2020,BE,Belgium,Klebsiella pneumoniae,Carbapenems,1.13507377,J01D
2020,BG,Bulgaria,Klebsiella pneumoniae,Carbapenems,28.11244979,J01D
2020,CY,Cyprus,Klebsiella pneumoniae,Carbapenems,19.76744186,J01D
2020,CZ,Czechia,Klebsiella pneumoniae,Carbapenems,0.48701298,J01D
2020,DE,Germany,Klebsiella pneumoniae,Carbapenems,0.48405942,J01D
2020,DK,Denmark,Klebsiella pneumoniae,Carbapenems,0.77848549,J01D
2020,EE,Estonia,Klebsiella pneumoniae,Carbapenems,0.0,J01D
2020,EL,Greece,Klebsiella pneumoniae,Carbapenems,66.25344352,J01D
2020,ES,Spain,Klebsiella pneumoniae,Carbapenems,4.66786355,J01D
2020,FI,Finland,Klebsiella pneumoniae,Carbapenems,0.11098779,J01D
2020,FR,France,Klebsiella pneumoniae,Carbapenems,0.54211843,J01D
2020,HR,Croatia,Klebsiella pneumoniae,Carbapenems,19.10112359,J01D
2020,HU,Hungary,Klebsiella pneumoniae,Carbapenems,0.69348127,J01D
2020,IE,Ireland,Klebsiella pneumoniae,Carbapenems,0.41928721,J01D
2020,IS,Iceland,Klebsiella pneumoniae,Carbapenems,0.0,J01D
2020,IT,Italy,Klebsiella pneumoniae,Carbapenems,29.50681297,J01D
2020,LT,Lithuania,Klebsiella pneumoniae,Carbapenems,2.905569,J01D
2020,LU,Luxembourg,Klebsiella pneumoniae,Carbapenems,1.14942528,J01D
2020,LV,Latvia,Klebsiella pneumoniae,Carbapenems,1.05820105,J01D
2020,MT,Malta,Klebsiella pneumoniae,Carbapenems,7.57575757,J01D
2020,NL,Netherlands,Klebsiella pneumoniae,Carbapenems,0.07163323,J01D
2020,NO,Norway,Klebsiella pneumoniae,Carbapenems,0.1455604,J01D
2020,PL,Poland,Klebsiella pneumoniae,Carbapenems,8.19366852,J01D
2020,PT,Portugal,Klebsiella pneumoniae,Carbapenems,11.58273381,J01D
2020,RO,Romania,Klebsiella pneumoniae,Carbapenems,48.31223628,J01D
2020,SE,Sweden,Klebsiella pneumoniae,Carbapenems,0.27129679,J01D
2020,SI,Slovenia,Klebsiella pneumoniae,Carbapenems,0.0,J01D
2020,SK,Slovakia,Klebsiella pneumoniae,Carbapenems,8.1632653,J01D
2021,AT,Austria,Klebsiella pneumoniae,Carbapenems,0.97640358,J01D
2021,BE,Belgium,Klebsiella pneumoniae,Carbapenems,1.40388768,J01D
2021,BG,Bulgaria,Klebsiella pneumoniae,Carbapenems,46.28099173,J01D
2021,CY,Cyprus,Klebsiella pneumoniae,Carbapenems,26.24113475,J01D
2021,CZ,Czechia,Klebsiella pneumoniae,Carbapenems,1.03857566,J01D
2021,DE,Germany,Klebsiella pneumoniae,Carbapenems,0.79535026,J01D
2021,DK,Denmark,Klebsiella pneumoniae,Carbapenems,0.4531722,J01D
2021,EE,Estonia,Klebsiella pneumoniae,Carbapenems,0.91743119,J01D
2021,EL,Greece,Klebsiella pneumoniae,Carbapenems,73.69534555,J01D
2021,ES,Spain,Klebsiella pneumoniae,Carbapenems,5.73903627,J01D
2021,FI,Finland,Klebsiella pneumoniae,Carbapenems,0.0,J01D
2021,FR,France,Klebsiella pneumoniae,Carbapenems,0.76158239,J01D
2021,HR,Croatia,Klebsiella pneumoniae,Carbapenems,32.8611898,J01D
2021,HU,Hungary,Klebsiella pneumoniae,Carbapenems,0.91575091,J01D
2021,IE,Ireland,Klebsiella pneumoniae,Carbapenems,0.60362173,J01D
2021,IS,Iceland,Klebsiella pneumoniae,Carbapenems,0.0,J01D
2021,IT,Italy,Klebsiella pneumoniae,Carbapenems,27.19534532,J01D
2021,LT,Lithuania,Klebsiella pneumoniae,Carbapenems,0.97847358,J01D
2021,LU,Luxembourg,Klebsiella pneumoniae,Carbapenems,0.990099,J01D
2021,LV,Latvia,Klebsiella pneumoniae,Carbapenems,1.58102766,J01D
2021,MT,Malta,Klebsiella pneumoniae,Carbapenems,6.66666666,J01D
2021,NL,Netherlands,Klebsiella pneumoniae,Carbapenems,0.23622047,J01D
2021,NO,Norway,Klebsiella pneumoniae,Carbapenems,0.25542784,J01D
2021,PL,Poland,Klebsiella pneumoniae,Carbapenems,19.52414275,J01D
2021,PT,Portugal,Klebsiella pneumoniae,Carbapenems,11.58730158,J01D
2021,RO,Romania,Klebsiella pneumoniae,Carbapenems,54.46096654,J01D
2021,SE,Sweden,Klebsiella pneumoniae,Carbapenems,0.15022533,J01D
2021,SI,Slovenia,Klebsiella pneumoniae,Carbapenems,0.85470085,J01D
2021,SK,Slovakia,Klebsiella pneumoniae,Carbapenems,11.65048543,J01D
2022,AT,Austria,Klebsiella pneumoniae,Carbapenems,0.88211708,J01D
2022,BE,Belgium,Klebsiella pneumoniae,Carbapenems,1.43712574,J01D
2022,BG,Bulgaria,Klebsiella pneumoniae,Carbapenems,47.3076923,J01D
2022,CY,Cyprus,Klebsiella pneumoniae,Carbapenems,36.41304347,J01D
2022,CZ,Czechia,Klebsiella pneumoniae,Carbapenems,1.50829562,J01D
2022,DE,Germany,Klebsiella pneumoniae,Carbapenems,1.07454667,J01D
2022,DK,Denmark,Klebsiella pneumoniae,Carbapenems,0.45731707,J01D
2022,EE,Estonia,Klebsiella pneumoniae,Carbapenems,1.47058823,J01D
2022,EL,Greece,Klebsiella pneumoniae,Carbapenems,72.04658901,J01D
2022,ES,Spain,Klebsiella pneumoniae,Carbapenems,5.24511484,J01D
2022,FI,Finland,Klebsiella pneumoniae,Carbapenems,0.0,J01D
2022,FR,France,Klebsiella pneumoniae,Carbapenems,0.96676737,J01D
2022,HR,Croatia,Klebsiella pneumoniae,Carbapenems,23.97820163,J01D
2022,HU,Hungary,Klebsiella pneumoniae,Carbapenems,5.2742616,J01D
2022,IE,Ireland,Klebsiella pneumoniae,Carbapenems,0.64102564,J01D
2022,IS,Iceland,Klebsiella pneumoniae,Carbapenems,0.0,J01D
2022,IT,Italy,Klebsiella pneumoniae,Carbapenems,24.89755923,J01D
2022,LT,Lithuania,Klebsiella pneumoniae,Carbapenems,0.58027079,J01D
2022,LU,Luxembourg,Klebsiella pneumoniae,Carbapenems,1.7094017,J01D
2022,LV,Latvia,Klebsiella pneumoniae,Carbapenems,2.77777777,J01D
2022,MT,Malta,Klebsiella pneumoniae,Carbapenems,5.0,J01D
2022,NL,Netherlands,Klebsiella pneumoniae,Carbapenems,0.43352601,J01D
2022,NO,Norway,Klebsiella pneumoniae,Carbapenems,0.26007802,J01D
2022,PL,Poland,Klebsiella pneumoniae,Carbapenems,16.81681681,J01D
2022,PT,Portugal,Klebsiella pneumoniae,Carbapenems,10.28960817,J01D
2022,RO,Romania,Klebsiella pneumoniae,Carbapenems,47.84688995,J01D
2022,SE,Sweden,Klebsiella pneumoniae,Carbapenems,0.18501387,J01D
2022,SI,Slovenia,Klebsiella pneumoniae,Carbapenems,1.88172043,J01D
2022,SK,Slovakia,Klebsiella pneumoniae,Carbapenems,15.03957783,J01D
2023,AT,Austria,Klebsiella pneumoniae,Carbapenems,1.7977528,J01D
2023,BE,Belgium,Klebsiella pneumoniae,Carbapenems,2.34933605,J01D
2023,BG,Bulgaria,Klebsiella pneumoniae,Carbapenems,56.79012345,J01D
2023,CY,Cyprus,Klebsiella pneumoniae,Carbapenems,33.63636363,J01D
2023,CZ,Czechia,Klebsiella pneumoniae,Carbapenems,1.45772594,J01D
2023,DE,Germany,Klebsiella pneumoniae,Carbapenems,1.07063746,J01D
2023,DK,Denmark,Klebsiella pneumoniae,Carbapenems,0.3770739,J01D
2023,EE,Estonia,Klebsiella pneumoniae,Carbapenems,2.28136882,J01D
2023,EL,Greece,Klebsiella pneumoniae,Carbapenems,69.66498393,J01D
2023,ES,Spain,Klebsiella pneumoniae,Carbapenems,4.29570429,J01D
2023,FI,Finland,Klebsiella pneumoniae,Carbapenems,0.13755158,J01D
2023,HR,Croatia,Klebsiella pneumoniae,Carbapenems,27.68959435,J01D
2023,HU,Hungary,Klebsiella pneumoniae,Carbapenems,5.80985915,J01D
2023,IE,Ireland,Klebsiella pneumoniae,Carbapenems,0.35523978,J01D
2023,IS,Iceland,Klebsiella pneumoniae,Carbapenems,0.0,J01D
2023,IT,Italy,Klebsiella pneumoniae,Carbapenems,26.48308188,J01D
2023,LI,Liechtenstein,Klebsiella pneumoniae,Carbapenems,,J01D
2023,LT,Lithuania,Klebsiella pneumoniae,Carbapenems,3.88170055,J01D
2023,LU,Luxembourg,Klebsiella pneumoniae,Carbapenems,2.38095238,J01D
2023,LV,Latvia,Klebsiella pneumoniae,Carbapenems,6.32911392,J01D
2023,MT,Malta,Klebsiella pneumoniae,Carbapenems,3.40136054,J01D
2023,NL,Netherlands,Klebsiella pneumoniae,Carbapenems,0.4045853,J01D
2023,NO,Norway,Klebsiella pneumoniae,Carbapenems,0.50825921,J01D
2023,PL,Poland,Klebsiella pneumoniae,Carbapenems,18.12977099,J01D
2023,PT,Portugal,Klebsiella pneumoniae,Carbapenems,13.10975609,J01D
2023,RO,Romania,Klebsiella pneumoniae,Carbapenems,52.76595744,J01D
2023,SE,Sweden,Klebsiella pneumoniae,Carbapenems,0.50831792,J01D
2023,SI,Slovenia,Klebsiella pneumoniae,Carbapenems,3.83480825,J01D
2023,SK,Slovakia,Klebsiella pneumoniae,Carbapenems,12.58064516,J01D
2024,AT,Austria,Klebsiella pneumoniae,Carbapenems,1.47783251,J01D
2024,BE,Belgium,Klebsiella pneumoniae,Carbapenems,1.88172043,J01D
2024,BG,Bulgaria,Klebsiella pneumoniae,Carbapenems,67.59656652,J01D
2024,CY,Cyprus,Klebsiella pneumoniae,Carbapenems,48.45679012,J01D
2024,CZ,Czechia,Klebsiella pneumoniae,Carbapenems,2.15727209,J01D
2024,DE,Germany,Klebsiella pneumoniae,Carbapenems,1.24450951,J01D
2024,DK,Denmark,Klebsiella pneumoniae,Carbapenems,0.44085231,J01D
2024,EE,Estonia,Klebsiella pneumoniae,Carbapenems,1.70212765,J01D
2024,EL,Greece,Klebsiella pneumoniae,Carbapenems,60.24027459,J01D
2024,ES,Spain,Klebsiella pneumoniae,Carbapenems,5.34302877,J01D
2024,FI,Finland,Klebsiella pneumoniae,Carbapenems,0.23041474,J01D
2024,FR,France,Klebsiella pneumoniae,Carbapenems,1.20641216,J01D
2024,HR,Croatia,Klebsiella pneumoniae,Carbapenems,31.3253012,J01D
2024,HU,Hungary,Klebsiella pneumoniae,Carbapenems,6.7253803,J01D
2024,IE,Ireland,Klebsiella pneumoniae,Carbapenems,0.20283975,J01D
2024,IS,Iceland,Klebsiella pneumoniae,Carbapenems,0.0,J01D
2024,IT,Italy,Klebsiella pneumoniae,Carbapenems,23.95901318,J01D
2024,LI,Liechtenstein,Klebsiella pneumoniae,Carbapenems,,J01D
2024,LT,Lithuania,Klebsiella pneumoniae,Carbapenems,9.51724137,J01D
2024,LU,Luxembourg,Klebsiella pneumoniae,Carbapenems,0.73529411,J01D
2024,LV,Latvia,Klebsiella pneumoniae,Carbapenems,9.94318181,J01D
2024,MT,Malta,Klebsiella pneumoniae,Carbapenems,2.84090909,J01D
2024,NL,Netherlands,Klebsiella pneumoniae,Carbapenems,0.77151335,J01D
2024,NO,Norway,Klebsiella pneumoniae,Carbapenems,0.77605321,J01D
2024,PL,Poland,Klebsiella pneumoniae,Carbapenems,18.85,J01D
2024,PT,Portugal,Klebsiella pneumoniae,Carbapenems,12.52490748,J01D
2024,RO,Romania,Klebsiella pneumoniae,Carbapenems,50.25951557,J01D
2024,SE,Sweden,Klebsiella pneumoniae,Carbapenems,0.5235602,J01D
2024,SI,Slovenia,Klebsiella pneumoniae,Carbapenems,3.69318181,J01D
2024,SK,Slovakia,Klebsiella pneumoniae,Carbapenems,13.12335958,J01D
2005,AT,Austria,Klebsiella pneumoniae,Third-generation cephalosporins,5.68181818,J01D
2005,BG,Bulgaria,Klebsiella pneumoniae,Third-generation cephalosporins,50.0,J01D
2005,CY,Cyprus,Klebsiella pneumoniae,Third-generation cephalosporins,,J01D
2005,CZ,Czechia,Klebsiella pneumoniae,Third-generation cephalosporins,32.42677824,J01D
2005,DE,Germany,Klebsiella pneumoniae,Third-generation cephalosporins,6.73076923,J01D
2005,EE,Estonia,Klebsiella pneumoniae,Third-generation cephalosporins,8.1081081,J01D
2005,EL,Greece,Klebsiella pneumoniae,Third-generation cephalosporins,60.59431524,J01D
2005,ES,Spain,Klebsiella pneumoniae,Third-generation cephalosporins,7.14285714,J01D
2005,FI,Finland,Klebsiella pneumoniae,Third-generation cephalosporins,2.28571428,J01D
2005,FR,France,Klebsiella pneumoniae,Third-generation cephalosporins,4.12621359,J01D
2005,HR,Croatia,Klebsiella pneumoniae,Third-generation cephalosporins,45.53571428,J01D
2005,HU,Hungary,Klebsiella pneumoniae,Third-generation cephalosporins,27.65273311,J01D
2005,IE,Ireland,Klebsiella pneumoniae,Third-generation cephalosporins,7.14285714,J01D
2005,IS,Iceland,Klebsiella pneumoniae,Third-generation cephalosporins,0.0,J01D
2005,IT,Italy,Klebsiella pneumoniae,Third-generation cephalosporins,19.53352769,J01D
2005,MT,Malta,Klebsiella pneumoniae,Third-generation cephalosporins,,J01D
2005,NL,Netherlands,Klebsiella pneumoniae,Third-generation cephalosporins,3.90625,J01D
2005,NO,Norway,Klebsiella pneumoniae,Third-generation cephalosporins,2.07253886,J01D
2005,PL,Poland,Klebsiella pneumoniae,Third-generation cephalosporins,66.03773584,J01D
2005,RO,Romania,Klebsiella pneumoniae,Third-generation cephalosporins,,J01D
2005,SE,Sweden,Klebsiella pneumoniae,Third-generation cephalosporins,1.41843971,J01D
2005,SI,Slovenia,Klebsiella pneumoniae,Third-generation cephalosporins,19.23076923,J01D
2005,UK,United Kingdom,Klebsiella pneumoniae,Third-generation cephalosporins,12.33333333,J01D
2006,AT,Austria,Klebsiella pneumoniae,Third-generation cephalosporins,6.03248259,J01D
2006,BG,Bulgaria,Klebsiella pneumoniae,Third-generation cephalosporins,60.0,J01D
2006,CY,Cyprus,Klebsiella pneumoniae,Third-generation cephalosporins,26.92307692,J01D
2006,CZ,Czechia,Klebsiella pneumoniae,Third-generation cephalosporins,34.77876106,J01D
2006,DE,Germany,Klebsiella pneumoniae,Third-generation cephalosporins,13.60544217,J01D
2006,DK,Denmark,Klebsiella pneumoniae,Third-generation cephalosporins,3.72093023,J01D
2006,EE,Estonia,Klebsiella pneumoniae,Third-generation cephalosporins,8.51063829,J01D
2006,EL,Greece,Klebsiella pneumoniae,Third-generation cephalosporins,57.90725326,J01D
2006,ES,Spain,Klebsiella pneumoniae,Third-generation cephalosporins,9.43060498,J01D
2006,FI,Finland,Klebsiella pneumoniae,Third-generation cephalosporins,0.87719298,J01D
2006,FR,France,Klebsiella pneumoniae,Third-generation cephalosporins,6.12668743,J01D
2006,HR,Croatia,Klebsiella pneumoniae,Third-generation cephalosporins,34.14634146,J01D
2006,HU,Hungary,Klebsiella pneumoniae,Third-generation cephalosporins,20.26578073,J01D
2006,IE,Ireland,Klebsiella pneumoniae,Third-generation cephalosporins,8.54271356,J01D
2006,IS,Iceland,Klebsiella pneumoniae,Third-generation cephalosporins,,J01D
2006,IT,Italy,Klebsiella pneumoniae,Third-generation cephalosporins,32.8125,J01D
2006,LT,Lithuania,Klebsiella pneumoniae,Third-generation cephalosporins,22.85714285,J01D
2006,LU,Luxembourg,Klebsiella pneumoniae,Third-generation cephalosporins,9.52380952,J01D
2006,LV,Latvia,Klebsiella pneumoniae,Third-generation cephalosporins,35.71428571,J01D
2006,MT,Malta,Klebsiella pneumoniae,Third-generation cephalosporins,6.25,J01D
2006,NL,Netherlands,Klebsiella pneumoniae,Third-generation cephalosporins,3.52644836,J01D
2006,NO,Norway,Klebsiella pneumoniae,Third-generation cephalosporins,1.52091254,J01D
2006,PL,Poland,Klebsiella pneumoniae,Third-generation cephalosporins,38.09523809,J01D
2006,PT,Portugal,Klebsiella pneumoniae,Third-generation cephalosporins,20.7920792,J01D
2006,RO,Romania,Klebsiella pneumoniae,Third-generation cephalosporins,93.75,J01D
2006,SE,Sweden,Klebsiella pneumoniae,Third-generation cephalosporins,1.44927536,J01D
2006,SI,Slovenia,Klebsiella pneumoniae,Third-generation cephalosporins,24.13793103,J01D
2006,UK,United Kingdom,Klebsiella pneumoniae,Third-generation cephalosporins,11.14864864,J01D
2007,AT,Austria,Klebsiella pneumoniae,Third-generation cephalosporins,8.18181818,J01D
2007,BG,Bulgaria,Klebsiella pneumoniae,Third-generation cephalosporins,55.17241379,J01D
2007,CY,Cyprus,Klebsiella pneumoniae,Third-generation cephalosporins,30.76923076,J01D
2007,CZ,Czechia,Klebsiella pneumoniae,Third-generation cephalosporins,45.69105691,J01D
2007,DE,Germany,Klebsiella pneumoniae,Third-generation cephalosporins,6.3583815,J01D
2007,DK,Denmark,Klebsiella pneumoniae,Third-generation cephalosporins,10.36585365,J01D
2007,EE,Estonia,Klebsiella pneumoniae,Third-generation cephalosporins,3.17460317,J01D
2007,EL,Greece,Klebsiella pneumoniae,Third-generation cephalosporins,61.83127572,J01D
2007,ES,Spain,Klebsiella pneumoniae,Third-generation cephalosporins,9.62479608,J01D
2007,FI,Finland,Klebsiella pneumoniae,Third-generation cephalosporins,1.47058823,J01D
2007,FR,France,Klebsiella pneumoniae,Third-generation cephalosporins,10.07751937,J01D
2007,HR,Croatia,Klebsiella pneumoniae,Third-generation cephalosporins,40.35714285,J01D
2007,HU,Hungary,Klebsiella pneumoniae,Third-generation cephalosporins,25.23659305,J01D
2007,IE,Ireland,Klebsiella pneumoniae,Third-generation cephalosporins,7.62711864,J01D
2007,IS,Iceland,Klebsiella pneumoniae,Third-generation cephalosporins,0.0,J01D
2007,IT,Italy,Klebsiella pneumoniae,Third-generation cephalosporins,34.87738419,J01D
2007,LT,Lithuania,Klebsiella pneumoniae,Third-generation cephalosporins,26.82926829,J01D
2007,LU,Luxembourg,Klebsiella pneumoniae,Third-generation cephalosporins,1.96078431,J01D
2007,LV,Latvia,Klebsiella pneumoniae,Third-generation cephalosporins,44.44444444,J01D
2007,MT,Malta,Klebsiella pneumoniae,Third-generation cephalosporins,7.14285714,J01D
2007,NL,Netherlands,Klebsiella pneumoniae,Third-generation cephalosporins,6.87203791,J01D
2007,NO,Norway,Klebsiella pneumoniae,Third-generation cephalosporins,1.5625,J01D
2007,PL,Poland,Klebsiella pneumoniae,Third-generation cephalosporins,34.375,J01D
2007,PT,Portugal,Klebsiella pneumoniae,Third-generation cephalosporins,16.52173913,J01D
2007,RO,Romania,Klebsiella pneumoniae,Third-generation cephalosporins,80.0,J01D
2007,SE,Sweden,Klebsiella pneumoniae,Third-generation cephalosporins,1.38674884,J01D
2007,SI,Slovenia,Klebsiella pneumoniae,Third-generation cephalosporins,27.64705882,J01D
2007,UK,United Kingdom,Klebsiella pneumoniae,Third-generation cephalosporins,12.53822629,J01D
2008,AT,Austria,Klebsiella pneumoniae,Third-generation cephalosporins,7.94473229,J01D
2008,BG,Bulgaria,Klebsiella pneumoniae,Third-generation cephalosporins,73.46938775,J01D
2008,CY,Cyprus,Klebsiella pneumoniae,Third-generation cephalosporins,35.48387096,J01D
2008,CZ,Czechia,Klebsiella pneumoniae,Third-generation cephalosporins,47.68921634,J01D
2008,DE,Germany,Klebsiella pneumoniae,Third-generation cephalosporins,11.4893617,J01D
2008,DK,Denmark,Klebsiella pneumoniae,Third-generation cephalosporins,9.19354838,J01D
2008,EE,Estonia,Klebsiella pneumoniae,Third-generation cephalosporins,11.59420289,J01D
2008,EL,Greece,Klebsiella pneumoniae,Third-generation cephalosporins,65.74074074,J01D
2008,ES,Spain,Klebsiella pneumoniae,Third-generation cephalosporins,11.89358372,J01D
2008,FI,Finland,Klebsiella pneumoniae,Third-generation cephalosporins,1.73611111,J01D
2008,FR,France,Klebsiella pneumoniae,Third-generation cephalosporins,15.20210896,J01D
2008,HR,Croatia,Klebsiella pneumoniae,Third-generation cephalosporins,54.38066465,J01D
2008,HU,Hungary,Klebsiella pneumoniae,Third-generation cephalosporins,34.95934959,J01D
2008,IE,Ireland,Klebsiella pneumoniae,Third-generation cephalosporins,10.81967213,J01D
2008,IS,Iceland,Klebsiella pneumoniae,Third-generation cephalosporins,4.16666666,J01D
2008,IT,Italy,Klebsiella pneumoniae,Third-generation cephalosporins,38.92857142,J01D
2008,LT,Lithuania,Klebsiella pneumoniae,Third-generation cephalosporins,35.8490566,J01D
2008,LU,Luxembourg,Klebsiella pneumoniae,Third-generation cephalosporins,19.23076923,J01D
2008,LV,Latvia,Klebsiella pneumoniae,Third-generation cephalosporins,57.5,J01D
2008,MT,Malta,Klebsiella pneumoniae,Third-generation cephalosporins,0.0,J01D
2008,NL,Netherlands,Klebsiella pneumoniae,Third-generation cephalosporins,7.57575757,J01D
2008,NO,Norway,Klebsiella pneumoniae,Third-generation cephalosporins,1.7191977,J01D
2008,PL,Poland,Klebsiella pneumoniae,Third-generation cephalosporins,,J01D
2008,PT,Portugal,Klebsiella pneumoniae,Third-generation cephalosporins,25.70356472,J01D
2008,RO,Romania,Klebsiella pneumoniae,Third-generation cephalosporins,,J01D
2008,SE,Sweden,Klebsiella pneumoniae,Third-generation cephalosporins,2.3030303,J01D
2008,SI,Slovenia,Klebsiella pneumoniae,Third-generation cephalosporins,26.11464968,J01D
2008,UK,United Kingdom,Klebsiella pneumoniae,Third-generation cephalosporins,6.71140939,J01D
2009,AT,Austria,Klebsiella pneumoniae,Third-generation cephalosporins,7.64227642,J01D
2009,BE,Belgium,Klebsiella pneumoniae,Third-generation cephalosporins,14.78873239,J01D
2009,BG,Bulgaria,Klebsiella pneumoniae,Third-generation cephalosporins,69.47368421,J01D
2009,CY,Cyprus,Klebsiella pneumoniae,Third-generation cephalosporins,41.50943396,J01D
2009,CZ,Czechia,Klebsiella pneumoniae,Third-generation cephalosporins,52.08480565,J01D
2009,DE,Germany,Klebsiella pneumoniae,Third-generation cephalosporins,13.16348195,J01D
2009,DK,Denmark,Klebsiella pneumoniae,Third-generation cephalosporins,11.23595505,J01D
2009,EE,Estonia,Klebsiella pneumoniae,Third-generation cephalosporins,17.24137931,J01D
2009,EL,Greece,Klebsiella pneumoniae,Third-generation cephalosporins,68.66585067,J01D
2009,ES,Spain,Klebsiella pneumoniae,Third-generation cephalosporins,11.14649681,J01D
2009,FI,Finland,Klebsiella pneumoniae,Third-generation cephalosporins,1.36239782,J01D
2009,FR,France,Klebsiella pneumoniae,Third-generation cephalosporins,18.6502177,J01D
2009,HU,Hungary,Klebsiella pneumoniae,Third-generation cephalosporins,38.44011142,J01D
2009,IE,Ireland,Klebsiella pneumoniae,Third-generation cephalosporins,11.14649681,J01D
2009,IS,Iceland,Klebsiella pneumoniae,Third-generation cephalosporins,0.0,J01D
2009,IT,Italy,Klebsiella pneumoniae,Third-generation cephalosporins,37.13235294,J01D
2009,LT,Lithuania,Klebsiella pneumoniae,Third-generation cephalosporins,56.71641791,J01D
2009,LU,Luxembourg,Klebsiella pneumoniae,Third-generation cephalosporins,25.0,J01D
2009,LV,Latvia,Klebsiella pneumoniae,Third-generation cephalosporins,54.54545454,J01D
2009,MT,Malta,Klebsiella pneumoniae,Third-generation cephalosporins,0.0,J01D
2009,NL,Netherlands,Klebsiella pneumoniae,Third-generation cephalosporins,5.5,J01D
2009,NO,Norway,Klebsiella pneumoniae,Third-generation cephalosporins,2.77777777,J01D
2009,PL,Poland,Klebsiella pneumoniae,Third-generation cephalosporins,48.95104895,J01D
2009,PT,Portugal,Klebsiella pneumoniae,Third-generation cephalosporins,27.51798561,J01D
2009,RO,Romania,Klebsiella pneumoniae,Third-generation cephalosporins,,J01D
2009,SE,Sweden,Klebsiella pneumoniae,Third-generation cephalosporins,,J01D
2009,SI,Slovenia,Klebsiella pneumoniae,Third-generation cephalosporins,31.21693121,J01D
2009,UK,United Kingdom,Klebsiella pneumoniae,Third-generation cephalosporins,7.17557251,J01D
2010,AT,Austria,Klebsiella pneumoniae,Third-generation cephalosporins,12.63888888,J01D
2010,BE,Belgium,Klebsiella pneumoniae,Third-generation cephalosporins,12.58741258,J01D
2010,BG,Bulgaria,Klebsiella pneumoniae,Third-generation cephalosporins,75.59055118,J01D
2010,CY,Cyprus,Klebsiella pneumoniae,Third-generation cephalosporins,34.3283582,J01D
2010,CZ,Czechia,Klebsiella pneumoniae,Third-generation cephalosporins,48.21852731,J01D
2010,DE,Germany,Klebsiella pneumoniae,Third-generation cephalosporins,12.76150627,J01D
2010,DK,Denmark,Klebsiella pneumoniae,Third-generation cephalosporins,10.55456171,J01D
2010,EE,Estonia,Klebsiella pneumoniae,Third-generation cephalosporins,17.28395061,J01D
2010,EL,Greece,Klebsiella pneumoniae,Third-generation cephalosporins,74.61447212,J01D
2010,ES,Spain,Klebsiella pneumoniae,Third-generation cephalosporins,10.24978466,J01D
2010,FI,Finland,Klebsiella pneumoniae,Third-generation cephalosporins,4.0302267,J01D
2010,FR,France,Klebsiella pneumoniae,Third-generation cephalosporins,17.83398184,J01D
2010,HR,Croatia,Klebsiella pneumoniae,Third-generation cephalosporins,55.51601423,J01D
2010,HU,Hungary,Klebsiella pneumoniae,Third-generation cephalosporins,45.8984375,J01D
2010,IE,Ireland,Klebsiella pneumoniae,Third-generation cephalosporins,8.49056603,J01D
2010,IS,Iceland,Klebsiella pneumoniae,Third-generation cephalosporins,3.7037037,J01D
2010,IT,Italy,Klebsiella pneumoniae,Third-generation cephalosporins,46.50499286,J01D
2010,LT,Lithuania,Klebsiella pneumoniae,Third-generation cephalosporins,50.61728395,J01D
2010,LU,Luxembourg,Klebsiella pneumoniae,Third-generation cephalosporins,5.08474576,J01D
2010,LV,Latvia,Klebsiella pneumoniae,Third-generation cephalosporins,54.6875,J01D
2010,MT,Malta,Klebsiella pneumoniae,Third-generation cephalosporins,12.28070175,J01D
2010,NL,Netherlands,Klebsiella pneumoniae,Third-generation cephalosporins,7.17488789,J01D
2010,NO,Norway,Klebsiella pneumoniae,Third-generation cephalosporins,2.08768267,J01D
2010,PL,Poland,Klebsiella pneumoniae,Third-generation cephalosporins,39.65517241,J01D
2010,PT,Portugal,Klebsiella pneumoniae,Third-generation cephalosporins,28.27586206,J01D
2010,RO,Romania,Klebsiella pneumoniae,Third-generation cephalosporins,,J01D
2010,SE,Sweden,Klebsiella pneumoniae,Third-generation cephalosporins,2.37529691,J01D
2010,SI,Slovenia,Klebsiella pneumoniae,Third-generation cephalosporins,22.44897959,J01D
2010,UK,United Kingdom,Klebsiella pneumoniae,Third-generation cephalosporins,9.69044414,J01D
2011,AT,Austria,Klebsiella pneumoniae,Third-generation cephalosporins,13.33333333,J01D
2011,BE,Belgium,Klebsiella pneumoniae,Third-generation cephalosporins,13.62275449,J01D
2011,BG,Bulgaria,Klebsiella pneumoniae,Third-generation cephalosporins,80.99173553,J01D
2011,CY,Cyprus,Klebsiella pneumoniae,Third-generation cephalosporins,40.96385542,J01D
2011,CZ,Czechia,Klebsiella pneumoniae,Third-generation cephalosporins,48.25174825,J01D
2011,DE,Germany,Klebsiella pneumoniae,Third-generation cephalosporins,12.52408477,J01D
2011,DK,Denmark,Klebsiella pneumoniae,Third-generation cephalosporins,11.14599686,J01D
2011,EE,Estonia,Klebsiella pneumoniae,Third-generation cephalosporins,39.53488372,J01D
2011,EL,Greece,Klebsiella pneumoniae,Third-generation cephalosporins,75.79579579,J01D
2011,ES,Spain,Klebsiella pneumoniae,Third-generation cephalosporins,13.36244541,J01D
2011,FI,Finland,Klebsiella pneumoniae,Third-generation cephalosporins,2.47524752,J01D
2011,FR,France,Klebsiella pneumoniae,Third-generation cephalosporins,25.3325272,J01D
2011,HR,Croatia,Klebsiella pneumoniae,Third-generation cephalosporins,48.16053511,J01D
2011,HU,Hungary,Klebsiella pneumoniae,Third-generation cephalosporins,53.13225058,J01D
2011,IE,Ireland,Klebsiella pneumoniae,Third-generation cephalosporins,7.56578947,J01D
2011,IS,Iceland,Klebsiella pneumoniae,Third-generation cephalosporins,7.69230769,J01D
2011,IT,Italy,Klebsiella pneumoniae,Third-generation cephalosporins,45.93301435,J01D
2011,LT,Lithuania,Klebsiella pneumoniae,Third-generation cephalosporins,60.5839416,J01D
2011,LU,Luxembourg,Klebsiella pneumoniae,Third-generation cephalosporins,35.41666666,J01D
2011,LV,Latvia,Klebsiella pneumoniae,Third-generation cephalosporins,38.46153846,J01D
2011,MT,Malta,Klebsiella pneumoniae,Third-generation cephalosporins,13.46153846,J01D
2011,NL,Netherlands,Klebsiella pneumoniae,Third-generation cephalosporins,6.80507497,J01D
2011,NO,Norway,Klebsiella pneumoniae,Third-generation cephalosporins,2.85035629,J01D
2011,PL,Poland,Klebsiella pneumoniae,Third-generation cephalosporins,59.71223021,J01D
2011,PT,Portugal,Klebsiella pneumoniae,Third-generation cephalosporins,35.38961038,J01D
2011,RO,Romania,Klebsiella pneumoniae,Third-generation cephalosporins,44.0,J01D
2011,SE,Sweden,Klebsiella pneumoniae,Third-generation cephalosporins,2.33297985,J01D
2011,SI,Slovenia,Klebsiella pneumoniae,Third-generation cephalosporins,30.17241379,J01D
2011,SK,Slovakia,Klebsiella pneumoniae,Third-generation cephalosporins,68.24034334,J01D
2011,UK,United Kingdom,Klebsiella pneumoniae,Third-generation cephalosporins,5.34759358,J01D
2012,AT,Austria,Klebsiella pneumoniae,Third-generation cephalosporins,11.75785797,J01D
2012,BE,Belgium,Klebsiella pneumoniae,Third-generation cephalosporins,16.48148148,J01D
2012,BG,Bulgaria,Klebsiella pneumoniae,Third-generation cephalosporins,74.8031496,J01D
2012,CY,Cyprus,Klebsiella pneumoniae,Third-generation cephalosporins,23.07692307,J01D
2012,CZ,Czechia,Klebsiella pneumoniae,Third-generation cephalosporins,51.17941386,J01D
2012,DE,Germany,Klebsiella pneumoniae,Third-generation cephalosporins,12.95180722,J01D
2012,DK,Denmark,Klebsiella pneumoniae,Third-generation cephalosporins,10.46698872,J01D
2012,EE,Estonia,Klebsiella pneumoniae,Third-generation cephalosporins,17.77777777,J01D
2012,EL,Greece,Klebsiella pneumoniae,Third-generation cephalosporins,70.87045921,J01D
2012,ES,Spain,Klebsiella pneumoniae,Third-generation cephalosporins,16.73894189,J01D
2012,FI,Finland,Klebsiella pneumoniae,Third-generation cephalosporins,1.67910447,J01D
2012,FR,France,Klebsiella pneumoniae,Third-generation cephalosporins,22.61835184,J01D
2012,HR,Croatia,Klebsiella pneumoniae,Third-generation cephalosporins,52.10843373,J01D
2012,HU,Hungary,Klebsiella pneumoniae,Third-generation cephalosporins,43.0,J01D
2012,IE,Ireland,Klebsiella pneumoniae,Third-generation cephalosporins,9.50920245,J01D
2012,IS,Iceland,Klebsiella pneumoniae,Third-generation cephalosporins,,J01D
2012,IT,Italy,Klebsiella pneumoniae,Third-generation cephalosporins,47.88732394,J01D
2012,LT,Lithuania,Klebsiella pneumoniae,Third-generation cephalosporins,63.97849462,J01D
2012,LU,Luxembourg,Klebsiella pneumoniae,Third-generation cephalosporins,34.0,J01D
2012,LV,Latvia,Klebsiella pneumoniae,Third-generation cephalosporins,62.82051282,J01D
2012,MT,Malta,Klebsiella pneumoniae,Third-generation cephalosporins,26.78571428,J01D
2012,NL,Netherlands,Klebsiella pneumoniae,Third-generation cephalosporins,7.50528541,J01D
2012,NO,Norway,Klebsiella pneumoniae,Third-generation cephalosporins,3.22061191,J01D
2012,PL,Poland,Klebsiella pneumoniae,Third-generation cephalosporins,60.49723756,J01D
2012,PT,Portugal,Klebsiella pneumoniae,Third-generation cephalosporins,38.66837387,J01D
2012,RO,Romania,Klebsiella pneumoniae,Third-generation cephalosporins,60.78431372,J01D
2012,SE,Sweden,Klebsiella pneumoniae,Third-generation cephalosporins,2.86591606,J01D
2012,SI,Slovenia,Klebsiella pneumoniae,Third-generation cephalosporins,28.34645669,J01D
2012,SK,Slovakia,Klebsiella pneumoniae,Third-generation cephalosporins,62.69841269,J01D
2012,UK,United Kingdom,Klebsiella pneumoniae,Third-generation cephalosporins,11.81525241,J01D
2013,AT,Austria,Klebsiella pneumoniae,Third-generation cephalosporins,10.73326248,J01D
2013,BE,Belgium,Klebsiella pneumoniae,Third-generation cephalosporins,15.31986531,J01D
2013,BG,Bulgaria,Klebsiella pneumoniae,Third-generation cephalosporins,69.56521739,J01D
2013,CY,Cyprus,Klebsiella pneumoniae,Third-generation cephalosporins,30.88235294,J01D
2013,CZ,Czechia,Klebsiella pneumoniae,Third-generation cephalosporins,51.97521301,J01D
2013,DE,Germany,Klebsiella pneumoniae,Third-generation cephalosporins,16.05744125,J01D
2013,DK,Denmark,Klebsiella pneumoniae,Third-generation cephalosporins,11.53119092,J01D
2013,EE,Estonia,Klebsiella pneumoniae,Third-generation cephalosporins,23.33333333,J01D
2013,EL,Greece,Klebsiella pneumoniae,Third-generation cephalosporins,70.11589403,J01D
2013,ES,Spain,Klebsiella pneumoniae,Third-generation cephalosporins,19.8227236,J01D
2013,FI,Finland,Klebsiella pneumoniae,Third-generation cephalosporins,2.18181818,J01D
2013,FR,France,Klebsiella pneumoniae,Third-generation cephalosporins,28.01857585,J01D
2013,HR,Croatia,Klebsiella pneumoniae,Third-generation cephalosporins,50.0,J01D
2013,HU,Hungary,Klebsiella pneumoniae,Third-generation cephalosporins,37.34290843,J01D
2013,IE,Ireland,Klebsiella pneumoniae,Third-generation cephalosporins,19.30379746,J01D
2013,IS,Iceland,Klebsiella pneumoniae,Third-generation cephalosporins,0.0,J01D
2013,IT,Italy,Klebsiella pneumoniae,Third-generation cephalosporins,55.10062456,J01D
2013,LT,Lithuania,Klebsiella pneumoniae,Third-generation cephalosporins,44.13793103,J01D
2013,LU,Luxembourg,Klebsiella pneumoniae,Third-generation cephalosporins,33.96226415,J01D
2013,LV,Latvia,Klebsiella pneumoniae,Third-generation cephalosporins,66.30434782,J01D
2013,MT,Malta,Klebsiella pneumoniae,Third-generation cephalosporins,28.35820895,J01D
2013,NL,Netherlands,Klebsiella pneumoniae,Third-generation cephalosporins,7.56859035,J01D
2013,NO,Norway,Klebsiella pneumoniae,Third-generation cephalosporins,4.03100775,J01D
2013,PL,Poland,Klebsiella pneumoniae,Third-generation cephalosporins,65.15957446,J01D
2013,PT,Portugal,Klebsiella pneumoniae,Third-generation cephalosporins,36.99231613,J01D
2013,RO,Romania,Klebsiella pneumoniae,Third-generation cephalosporins,67.28971962,J01D
2013,SE,Sweden,Klebsiella pneumoniae,Third-generation cephalosporins,3.61538461,J01D
2013,SI,Slovenia,Klebsiella pneumoniae,Third-generation cephalosporins,28.97959183,J01D
2013,SK,Slovakia,Klebsiella pneumoniae,Third-generation cephalosporins,66.39344262,J01D
2013,UK,United Kingdom,Klebsiella pneumoniae,Third-generation cephalosporins,13.64902506,J01D
2014,AT,Austria,Klebsiella pneumoniae,Third-generation cephalosporins,8.23293172,J01D
2014,BE,Belgium,Klebsiella pneumoniae,Third-generation cephalosporins,16.28865979,J01D
2014,BG,Bulgaria,Klebsiella pneumoniae,Third-generation cephalosporins,74.83443708,J01D
2014,CY,Cyprus,Klebsiella pneumoniae,Third-generation cephalosporins,32.5,J01D
2014,CZ,Czechia,Klebsiella pneumoniae,Third-generation cephalosporins,52.92841648,J01D
2014,DE,Germany,Klebsiella pneumoniae,Third-generation cephalosporins,12.72365805,J01D
2014,DK,Denmark,Klebsiella pneumoniae,Third-generation cephalosporins,7.56756756,J01D
2014,EE,Estonia,Klebsiella pneumoniae,Third-generation cephalosporins,20.74074074,J01D
2014,EL,Greece,Klebsiella pneumoniae,Third-generation cephalosporins,72.52747252,J01D
2014,ES,Spain,Klebsiella pneumoniae,Third-generation cephalosporins,18.02371541,J01D
2014,FI,Finland,Klebsiella pneumoniae,Third-generation cephalosporins,2.40549828,J01D
2014,FR,France,Klebsiella pneumoniae,Third-generation cephalosporins,29.56204379,J01D
2014,HR,Croatia,Klebsiella pneumoniae,Third-generation cephalosporins,47.90419161,J01D
2014,HU,Hungary,Klebsiella pneumoniae,Third-generation cephalosporins,35.55900621,J01D
2014,IE,Ireland,Klebsiella pneumoniae,Third-generation cephalosporins,11.5819209,J01D
2014,IS,Iceland,Klebsiella pneumoniae,Third-generation cephalosporins,0.0,J01D
2014,IT,Italy,Klebsiella pneumoniae,Third-generation cephalosporins,56.48218347,J01D
2014,LT,Lithuania,Klebsiella pneumoniae,Third-generation cephalosporins,52.59740259,J01D
2014,LU,Luxembourg,Klebsiella pneumoniae,Third-generation cephalosporins,34.84848484,J01D
2014,LV,Latvia,Klebsiella pneumoniae,Third-generation cephalosporins,52.88461538,J01D
2014,MT,Malta,Klebsiella pneumoniae,Third-generation cephalosporins,28.28282828,J01D
2014,NL,Netherlands,Klebsiella pneumoniae,Third-generation cephalosporins,5.87711487,J01D
2014,NO,Norway,Klebsiella pneumoniae,Third-generation cephalosporins,5.89812332,J01D
2014,PL,Poland,Klebsiella pneumoniae,Third-generation cephalosporins,68.17204301,J01D
2014,PT,Portugal,Klebsiella pneumoniae,Third-generation cephalosporins,40.88785046,J01D
2014,RO,Romania,Klebsiella pneumoniae,Third-generation cephalosporins,73.828125,J01D
2014,SE,Sweden,Klebsiella pneumoniae,Third-generation cephalosporins,4.5,J01D
2014,SI,Slovenia,Klebsiella pneumoniae,Third-generation cephalosporins,26.60944206,J01D
2014,SK,Slovakia,Klebsiella pneumoniae,Third-generation cephalosporins,69.37119675,J01D
2014,UK,United Kingdom,Klebsiella pneumoniae,Third-generation cephalosporins,9.30470347,J01D
2015,AT,Austria,Klebsiella pneumoniae,Third-generation cephalosporins,8.38095238,J01D
2015,BE,Belgium,Klebsiella pneumoniae,Third-generation cephalosporins,19.70443349,J01D
2015,BG,Bulgaria,Klebsiella pneumoniae,Third-generation cephalosporins,75.0,J01D
2015,CY,Cyprus,Klebsiella pneumoniae,Third-generation cephalosporins,43.54838709,J01D
2015,CZ,Czechia,Klebsiella pneumoniae,Third-generation cephalosporins,54.12844036,J01D
2015,DE,Germany,Klebsiella pneumoniae,Third-generation cephalosporins,10.24667931,J01D
2015,DK,Denmark,Klebsiella pneumoniae,Third-generation cephalosporins,7.7502691,J01D
2015,EE,Estonia,Klebsiella pneumoniae,Third-generation cephalosporins,23.65591397,J01D
2015,EL,Greece,Klebsiella pneumoniae,Third-generation cephalosporins,69.53586497,J01D
2015,ES,Spain,Klebsiella pneumoniae,Third-generation cephalosporins,20.32193158,J01D
2015,FI,Finland,Klebsiella pneumoniae,Third-generation cephalosporins,2.95031055,J01D
2015,FR,France,Klebsiella pneumoniae,Third-generation cephalosporins,30.53892215,J01D
2015,HR,Croatia,Klebsiella pneumoniae,Third-generation cephalosporins,46.84210526,J01D
2015,HU,Hungary,Klebsiella pneumoniae,Third-generation cephalosporins,37.21590909,J01D
2015,IE,Ireland,Klebsiella pneumoniae,Third-generation cephalosporins,14.72868217,J01D
2015,IS,Iceland,Klebsiella pneumoniae,Third-generation cephalosporins,0.0,J01D
2015,IT,Italy,Klebsiella pneumoniae,Third-generation cephalosporins,55.87793896,J01D
2015,LT,Lithuania,Klebsiella pneumoniae,Third-generation cephalosporins,51.68539325,J01D
2015,LU,Luxembourg,Klebsiella pneumoniae,Third-generation cephalosporins,28.33333333,J01D
2015,LV,Latvia,Klebsiella pneumoniae,Third-generation cephalosporins,46.95652173,J01D
2015,MT,Malta,Klebsiella pneumoniae,Third-generation cephalosporins,15.9090909,J01D
2015,NL,Netherlands,Klebsiella pneumoniae,Third-generation cephalosporins,9.43238731,J01D
2015,NO,Norway,Klebsiella pneumoniae,Third-generation cephalosporins,4.99286733,J01D
2015,PL,Poland,Klebsiella pneumoniae,Third-generation cephalosporins,64.20118343,J01D
2015,PT,Portugal,Klebsiella pneumoniae,Third-generation cephalosporins,40.40114613,J01D
2015,RO,Romania,Klebsiella pneumoniae,Third-generation cephalosporins,70.74074074,J01D
2015,SE,Sweden,Klebsiella pneumoniae,Third-generation cephalosporins,3.29670329,J01D
2015,SI,Slovenia,Klebsiella pneumoniae,Third-generation cephalosporins,22.78481012,J01D
2015,SK,Slovakia,Klebsiella pneumoniae,Third-generation cephalosporins,67.1641791,J01D
2015,UK,United Kingdom,Klebsiella pneumoniae,Third-generation cephalosporins,10.48034934,J01D
2016,AT,Austria,Klebsiella pneumoniae,Third-generation cephalosporins,9.55823293,J01D
2016,BE,Belgium,Klebsiella pneumoniae,Third-generation cephalosporins,22.86995515,J01D
2016,BG,Bulgaria,Klebsiella pneumoniae,Third-generation cephalosporins,72.5,J01D
2016,CY,Cyprus,Klebsiella pneumoniae,Third-generation cephalosporins,30.66666666,J01D
2016,CZ,Czechia,Klebsiella pneumoniae,Third-generation cephalosporins,51.80635838,J01D
2016,DE,Germany,Klebsiella pneumoniae,Third-generation cephalosporins,13.62451108,J01D
2016,DK,Denmark,Klebsiella pneumoniae,Third-generation cephalosporins,7.51341681,J01D
2016,EE,Estonia,Klebsiella pneumoniae,Third-generation cephalosporins,32.78688524,J01D
2016,EL,Greece,Klebsiella pneumoniae,Third-generation cephalosporins,72.48094834,J01D
2016,ES,Spain,Klebsiella pneumoniae,Third-generation cephalosporins,22.36135957,J01D
2016,FI,Finland,Klebsiella pneumoniae,Third-generation cephalosporins,4.07894736,J01D
2016,FR,France,Klebsiella pneumoniae,Third-generation cephalosporins,28.87947631,J01D
2016,HR,Croatia,Klebsiella pneumoniae,Third-generation cephalosporins,48.59813084,J01D
2016,HU,Hungary,Klebsiella pneumoniae,Third-generation cephalosporins,37.53462603,J01D
2016,IE,Ireland,Klebsiella pneumoniae,Third-generation cephalosporins,13.49557522,J01D
2016,IS,Iceland,Klebsiella pneumoniae,Third-generation cephalosporins,0.0,J01D
2016,IT,Italy,Klebsiella pneumoniae,Third-generation cephalosporins,55.83259127,J01D
2016,LT,Lithuania,Klebsiella pneumoniae,Third-generation cephalosporins,56.74846625,J01D
2016,LU,Luxembourg,Klebsiella pneumoniae,Third-generation cephalosporins,35.89743589,J01D
2016,LV,Latvia,Klebsiella pneumoniae,Third-generation cephalosporins,47.36842105,J01D
2016,MT,Malta,Klebsiella pneumoniae,Third-generation cephalosporins,21.56862745,J01D
2016,NL,Netherlands,Klebsiella pneumoniae,Third-generation cephalosporins,10.53030303,J01D
2016,NO,Norway,Klebsiella pneumoniae,Third-generation cephalosporins,5.79531442,J01D
2016,PL,Poland,Klebsiella pneumoniae,Third-generation cephalosporins,64.44833625,J01D
2016,PT,Portugal,Klebsiella pneumoniae,Third-generation cephalosporins,46.70072371,J01D
2016,RO,Romania,Klebsiella pneumoniae,Third-generation cephalosporins,68.02325581,J01D
2016,SE,Sweden,Klebsiella pneumoniae,Third-generation cephalosporins,4.87963565,J01D
2016,SI,Slovenia,Klebsiella pneumoniae,Third-generation cephalosporins,22.84644194,J01D
2016,SK,Slovakia,Klebsiella pneumoniae,Third-generation cephalosporins,61.29032258,J01D
2016,UK,United Kingdom,Klebsiella pneumoniae,Third-generation cephalosporins,8.86561062,J01D
2017,AT,Austria,Klebsiella pneumoniae,Third-generation cephalosporins,8.58208955,J01D
2017,BE,Belgium,Klebsiella pneumoniae,Third-generation cephalosporins,19.30261519,J01D
2017,BG,Bulgaria,Klebsiella pneumoniae,Third-generation cephalosporins,76.33136094,J01D
2017,CY,Cyprus,Klebsiella pneumoniae,Third-generation cephalosporins,46.47887323,J01D
2017,CZ,Czechia,Klebsiella pneumoniae,Third-generation cephalosporins,53.19789315,J01D
2017,DE,Germany,Klebsiella pneumoniae,Third-generation cephalosporins,14.60819927,J01D
2017,DK,Denmark,Klebsiella pneumoniae,Third-generation cephalosporins,7.28888888,J01D
2017,EE,Estonia,Klebsiella pneumoniae,Third-generation cephalosporins,21.11801242,J01D
2017,EL,Greece,Klebsiella pneumoniae,Third-generation cephalosporins,69.16299559,J01D
2017,ES,Spain,Klebsiella pneumoniae,Third-generation cephalosporins,21.28222075,J01D
2017,FI,Finland,Klebsiella pneumoniae,Third-generation cephalosporins,4.56989247,J01D
2017,FR,France,Klebsiella pneumoniae,Third-generation cephalosporins,28.83817427,J01D
2017,HR,Croatia,Klebsiella pneumoniae,Third-generation cephalosporins,41.74757281,J01D
2017,HU,Hungary,Klebsiella pneumoniae,Third-generation cephalosporins,41.12554112,J01D
2017,IE,Ireland,Klebsiella pneumoniae,Third-generation cephalosporins,14.64435146,J01D
2017,IS,Iceland,Klebsiella pneumoniae,Third-generation cephalosporins,,J01D
2017,IT,Italy,Klebsiella pneumoniae,Third-generation cephalosporins,54.59544383,J01D
2017,LT,Lithuania,Klebsiella pneumoniae,Third-generation cephalosporins,63.19018404,J01D
2017,LU,Luxembourg,Klebsiella pneumoniae,Third-generation cephalosporins,27.27272727,J01D
2017,LV,Latvia,Klebsiella pneumoniae,Third-generation cephalosporins,33.62068965,J01D
2017,MT,Malta,Klebsiella pneumoniae,Third-generation cephalosporins,35.04273504,J01D
2017,NL,Netherlands,Klebsiella pneumoniae,Third-generation cephalosporins,10.91045899,J01D
2017,NO,Norway,Klebsiella pneumoniae,Third-generation cephalosporins,5.76184379,J01D
2017,PL,Poland,Klebsiella pneumoniae,Third-generation cephalosporins,63.0091438,J01D
2017,PT,Portugal,Klebsiella pneumoniae,Third-generation cephalosporins,44.91432737,J01D
2017,RO,Romania,Klebsiella pneumoniae,Third-generation cephalosporins,62.53687315,J01D
2017,SE,Sweden,Klebsiella pneumoniae,Third-generation cephalosporins,5.60928433,J01D
2017,SI,Slovenia,Klebsiella pneumoniae,Third-generation cephalosporins,23.71794871,J01D
2017,SK,Slovakia,Klebsiella pneumoniae,Third-generation cephalosporins,63.18082788,J01D
2017,UK,United Kingdom,Klebsiella pneumoniae,Third-generation cephalosporins,11.36135129,J01D
2018,AT,Austria,Klebsiella pneumoniae,Third-generation cephalosporins,8.35380835,J01D
2018,BE,Belgium,Klebsiella pneumoniae,Third-generation cephalosporins,21.39037433,J01D
2018,BG,Bulgaria,Klebsiella pneumoniae,Third-generation cephalosporins,77.72020725,J01D
2018,CY,Cyprus,Klebsiella pneumoniae,Third-generation cephalosporins,48.27586206,J01D
2018,CZ,Czechia,Klebsiella pneumoniae,Third-generation cephalosporins,50.06747638,J01D
2018,DE,Germany,Klebsiella pneumoniae,Third-generation cephalosporins,12.93732695,J01D
2018,DK,Denmark,Klebsiella pneumoniae,Third-generation cephalosporins,6.47109577,J01D
2018,EE,Estonia,Klebsiella pneumoniae,Third-generation cephalosporins,13.592233,J01D
2018,EL,Greece,Klebsiella pneumoniae,Third-generation cephalosporins,70.73333333,J01D
2018,ES,Spain,Klebsiella pneumoniae,Third-generation cephalosporins,25.47642928,J01D
2018,FI,Finland,Klebsiella pneumoniae,Third-generation cephalosporins,4.47204968,J01D
2018,FR,France,Klebsiella pneumoniae,Third-generation cephalosporins,30.76162215,J01D
2018,HR,Croatia,Klebsiella pneumoniae,Third-generation cephalosporins,44.33962264,J01D
2018,HU,Hungary,Klebsiella pneumoniae,Third-generation cephalosporins,40.21226415,J01D
2018,IE,Ireland,Klebsiella pneumoniae,Third-generation cephalosporins,14.49275362,J01D
2018,IS,Iceland,Klebsiella pneumoniae,Third-generation cephalosporins,,J01D
2018,IT,Italy,Klebsiella pneumoniae,Third-generation cephalosporins,53.58367626,J01D
2018,LT,Lithuania,Klebsiella pneumoniae,Third-generation cephalosporins,55.79514824,J01D
2018,LU,Luxembourg,Klebsiella pneumoniae,Third-generation cephalosporins,29.4117647,J01D
2018,LV,Latvia,Klebsiella pneumoniae,Third-generation cephalosporins,37.74509803,J01D
2018,MT,Malta,Klebsiella pneumoniae,Third-generation cephalosporins,53.28467153,J01D
2018,NL,Netherlands,Klebsiella pneumoniae,Third-generation cephalosporins,10.72368421,J01D
2018,NO,Norway,Klebsiella pneumoniae,Third-generation cephalosporins,7.46268656,J01D
2018,PL,Poland,Klebsiella pneumoniae,Third-generation cephalosporins,64.64315012,J01D
2018,PT,Portugal,Klebsiella pneumoniae,Third-generation cephalosporins,49.98061264,J01D
2018,RO,Romania,Klebsiella pneumoniae,Third-generation cephalosporins,61.39954853,J01D
2018,SE,Sweden,Klebsiella pneumoniae,Third-generation cephalosporins,5.50964187,J01D
2018,SI,Slovenia,Klebsiella pneumoniae,Third-generation cephalosporins,14.87889273,J01D
2018,SK,Slovakia,Klebsiella pneumoniae,Third-generation cephalosporins,55.93561368,J01D
2018,UK,United Kingdom,Klebsiella pneumoniae,Third-generation cephalosporins,12.98977031,J01D
2019,AT,Austria,Klebsiella pneumoniae,Third-generation cephalosporins,10.33182503,J01D
2019,BE,Belgium,Klebsiella pneumoniae,Third-generation cephalosporins,19.49934123,J01D
2019,BG,Bulgaria,Klebsiella pneumoniae,Third-generation cephalosporins,75.65543071,J01D
2019,CY,Cyprus,Klebsiella pneumoniae,Third-generation cephalosporins,48.33333333,J01D
2019,CZ,Czechia,Klebsiella pneumoniae,Third-generation cephalosporins,50.67178502,J01D
2019,DE,Germany,Klebsiella pneumoniae,Third-generation cephalosporins,12.22716677,J01D
2019,DK,Denmark,Klebsiella pneumoniae,Third-generation cephalosporins,6.65064102,J01D
2019,EE,Estonia,Klebsiella pneumoniae,Third-generation cephalosporins,10.61452513,J01D
2019,EL,Greece,Klebsiella pneumoniae,Third-generation cephalosporins,66.4516129,J01D
2019,ES,Spain,Klebsiella pneumoniae,Third-generation cephalosporins,25.25041736,J01D
2019,FI,Finland,Klebsiella pneumoniae,Third-generation cephalosporins,6.33640552,J01D
2019,FR,France,Klebsiella pneumoniae,Third-generation cephalosporins,30.17886178,J01D
2019,HR,Croatia,Klebsiella pneumoniae,Third-generation cephalosporins,52.99684542,J01D
2019,HU,Hungary,Klebsiella pneumoniae,Third-generation cephalosporins,36.66300768,J01D
2019,IE,Ireland,Klebsiella pneumoniae,Third-generation cephalosporins,17.64705882,J01D
2019,IS,Iceland,Klebsiella pneumoniae,Third-generation cephalosporins,4.34782608,J01D
2019,IT,Italy,Klebsiella pneumoniae,Third-generation cephalosporins,57.59189505,J01D
2019,LT,Lithuania,Klebsiella pneumoniae,Third-generation cephalosporins,55.0,J01D
2019,LU,Luxembourg,Klebsiella pneumoniae,Third-generation cephalosporins,25.24271844,J01D
2019,LV,Latvia,Klebsiella pneumoniae,Third-generation cephalosporins,36.86868686,J01D
2019,MT,Malta,Klebsiella pneumoniae,Third-generation cephalosporins,37.20930232,J01D
2019,NL,Netherlands,Klebsiella pneumoniae,Third-generation cephalosporins,9.62343096,J01D
2019,NO,Norway,Klebsiella pneumoniae,Third-generation cephalosporins,7.69230769,J01D
2019,PL,Poland,Klebsiella pneumoniae,Third-generation cephalosporins,58.31903945,J01D
2019,PT,Portugal,Klebsiella pneumoniae,Third-generation cephalosporins,47.64553207,J01D
2019,RO,Romania,Klebsiella pneumoniae,Third-generation cephalosporins,64.09185803,J01D
2019,SE,Sweden,Klebsiella pneumoniae,Third-generation cephalosporins,8.30083565,J01D
2019,SI,Slovenia,Klebsiella pneumoniae,Third-generation cephalosporins,16.50165016,J01D
2019,SK,Slovakia,Klebsiella pneumoniae,Third-generation cephalosporins,57.49318801,J01D
2019,UK,United Kingdom,Klebsiella pneumoniae,Third-generation cephalosporins,13.21142387,J01D
2020,AT,Austria,Klebsiella pneumoniae,Third-generation cephalosporins,7.82918149,J01D
2020,BE,Belgium,Klebsiella pneumoniae,Third-generation cephalosporins,19.7368421,J01D
2020,BG,Bulgaria,Klebsiella pneumoniae,Third-generation cephalosporins,79.11646586,J01D
2020,CY,Cyprus,Klebsiella pneumoniae,Third-generation cephalosporins,54.65116279,J01D
2020,CZ,Czechia,Klebsiella pneumoniae,Third-generation cephalosporins,45.86160108,J01D
2020,DE,Germany,Klebsiella pneumoniae,Third-generation cephalosporins,10.92184368,J01D
2020,DK,Denmark,Klebsiella pneumoniae,Third-generation cephalosporins,6.01265822,J01D
2020,EE,Estonia,Klebsiella pneumoniae,Third-generation cephalosporins,11.55778894,J01D
2020,EL,Greece,Klebsiella pneumoniae,Third-generation cephalosporins,74.51790633,J01D
2020,ES,Spain,Klebsiella pneumoniae,Third-generation cephalosporins,26.6361556,J01D
2020,FI,Finland,Klebsiella pneumoniae,Third-generation cephalosporins,7.21420643,J01D
2020,FR,France,Klebsiella pneumoniae,Third-generation cephalosporins,27.84935579,J01D
2020,HR,Croatia,Klebsiella pneumoniae,Third-generation cephalosporins,52.22222222,J01D
2020,HU,Hungary,Klebsiella pneumoniae,Third-generation cephalosporins,40.38461538,J01D
2020,IE,Ireland,Klebsiella pneumoniae,Third-generation cephalosporins,18.68583162,J01D
2020,IS,Iceland,Klebsiella pneumoniae,Third-generation cephalosporins,0.0,J01D
2020,IT,Italy,Klebsiella pneumoniae,Third-generation cephalosporins,54.33333333,J01D
2020,LT,Lithuania,Klebsiella pneumoniae,Third-generation cephalosporins,42.6150121,J01D
2020,LU,Luxembourg,Klebsiella pneumoniae,Third-generation cephalosporins,26.4367816,J01D
2020,LV,Latvia,Klebsiella pneumoniae,Third-generation cephalosporins,48.40425531,J01D
2020,MT,Malta,Klebsiella pneumoniae,Third-generation cephalosporins,38.63636363,J01D
2020,NL,Netherlands,Klebsiella pneumoniae,Third-generation cephalosporins,11.16678596,J01D
2020,NO,Norway,Klebsiella pneumoniae,Third-generation cephalosporins,10.11396011,J01D
2020,PL,Poland,Klebsiella pneumoniae,Third-generation cephalosporins,62.95955882,J01D
2020,PT,Portugal,Klebsiella pneumoniae,Third-generation cephalosporins,47.57422157,J01D
2020,RO,Romania,Klebsiella pneumoniae,Third-generation cephalosporins,67.9245283,J01D
2020,SE,Sweden,Klebsiella pneumoniae,Third-generation cephalosporins,8.08903365,J01D
2020,SI,Slovenia,Klebsiella pneumoniae,Third-generation cephalosporins,15.80756013,J01D
2020,SK,Slovakia,Klebsiella pneumoniae,Third-generation cephalosporins,54.38596491,J01D
2021,AT,Austria,Klebsiella pneumoniae,Third-generation cephalosporins,9.80842911,J01D
2021,BE,Belgium,Klebsiella pneumoniae,Third-generation cephalosporins,18.89848812,J01D
2021,BG,Bulgaria,Klebsiella pneumoniae,Third-generation cephalosporins,81.40495867,J01D
2021,CY,Cyprus,Klebsiella pneumoniae,Third-generation cephalosporins,54.60992907,J01D
2021,CZ,Czechia,Klebsiella pneumoniae,Third-generation cephalosporins,49.69097651,J01D
2021,DE,Germany,Klebsiella pneumoniae,Third-generation cephalosporins,10.37014377,J01D
2021,DK,Denmark,Klebsiella pneumoniae,Third-generation cephalosporins,5.13029315,J01D
2021,EE,Estonia,Klebsiella pneumoniae,Third-generation cephalosporins,12.76595744,J01D
2021,EL,Greece,Klebsiella pneumoniae,Third-generation cephalosporins,80.36723163,J01D
2021,ES,Spain,Klebsiella pneumoniae,Third-generation cephalosporins,27.55054066,J01D
2021,FI,Finland,Klebsiella pneumoniae,Third-generation cephalosporins,5.56127703,J01D
2021,FR,France,Klebsiella pneumoniae,Third-generation cephalosporins,25.41725316,J01D
2021,HR,Croatia,Klebsiella pneumoniae,Third-generation cephalosporins,62.04986149,J01D
2021,HU,Hungary,Klebsiella pneumoniae,Third-generation cephalosporins,38.64864864,J01D
2021,IE,Ireland,Klebsiella pneumoniae,Third-generation cephalosporins,15.5378486,J01D
2021,IS,Iceland,Klebsiella pneumoniae,Third-generation cephalosporins,3.44827586,J01D
2021,IT,Italy,Klebsiella pneumoniae,Third-generation cephalosporins,53.62936772,J01D
2021,LT,Lithuania,Klebsiella pneumoniae,Third-generation cephalosporins,42.96875,J01D
2021,LU,Luxembourg,Klebsiella pneumoniae,Third-generation cephalosporins,25.74257425,J01D
2021,LV,Latvia,Klebsiella pneumoniae,Third-generation cephalosporins,35.96837944,J01D
2021,MT,Malta,Klebsiella pneumoniae,Third-generation cephalosporins,28.88888888,J01D
2021,NL,Netherlands,Klebsiella pneumoniae,Third-generation cephalosporins,10.07874015,J01D
2021,NO,Norway,Klebsiella pneumoniae,Third-generation cephalosporins,7.36975857,J01D
2021,PL,Poland,Klebsiella pneumoniae,Third-generation cephalosporins,69.97206703,J01D
2021,PT,Portugal,Klebsiella pneumoniae,Third-generation cephalosporins,45.02130956,J01D
2021,RO,Romania,Klebsiella pneumoniae,Third-generation cephalosporins,70.78651685,J01D
2021,SE,Sweden,Klebsiella pneumoniae,Third-generation cephalosporins,6.95,J01D
2021,SI,Slovenia,Klebsiella pneumoniae,Third-generation cephalosporins,21.65242165,J01D
2021,SK,Slovakia,Klebsiella pneumoniae,Third-generation cephalosporins,68.44036697,J01D
2022,AT,Austria,Klebsiella pneumoniae,Third-generation cephalosporins,9.57015409,J01D
2022,BE,Belgium,Klebsiella pneumoniae,Third-generation cephalosporins,18.31626848,J01D
2022,BG,Bulgaria,Klebsiella pneumoniae,Third-generation cephalosporins,78.46153846,J01D
2022,CY,Cyprus,Klebsiella pneumoniae,Third-generation cephalosporins,63.81909547,J01D
2022,CZ,Czechia,Klebsiella pneumoniae,Third-generation cephalosporins,49.57264957,J01D
2022,DE,Germany,Klebsiella pneumoniae,Third-generation cephalosporins,10.61114842,J01D
2022,DK,Denmark,Klebsiella pneumoniae,Third-generation cephalosporins,5.22508038,J01D
2022,EE,Estonia,Klebsiella pneumoniae,Third-generation cephalosporins,14.89361702,J01D
2022,EL,Greece,Klebsiella pneumoniae,Third-generation cephalosporins,78.24639289,J01D
2022,ES,Spain,Klebsiella pneumoniae,Third-generation cephalosporins,26.6848196,J01D
2022,FI,Finland,Klebsiella pneumoniae,Third-generation cephalosporins,4.7858942,J01D
2022,FR,France,Klebsiella pneumoniae,Third-generation cephalosporins,25.03433392,J01D
2022,HR,Croatia,Klebsiella pneumoniae,Third-generation cephalosporins,54.200542,J01D
2022,HU,Hungary,Klebsiella pneumoniae,Third-generation cephalosporins,40.74074074,J01D
2022,IE,Ireland,Klebsiella pneumoniae,Third-generation cephalosporins,12.57995735,J01D
2022,IS,Iceland,Klebsiella pneumoniae,Third-generation cephalosporins,3.125,J01D
2022,IT,Italy,Klebsiella pneumoniae,Third-generation cephalosporins,53.2955229,J01D
2022,LT,Lithuania,Klebsiella pneumoniae,Third-generation cephalosporins,39.84526112,J01D
2022,LU,Luxembourg,Klebsiella pneumoniae,Third-generation cephalosporins,18.8034188,J01D
2022,LV,Latvia,Klebsiella pneumoniae,Third-generation cephalosporins,38.67595818,J01D
2022,MT,Malta,Klebsiella pneumoniae,Third-generation cephalosporins,27.5,J01D
2022,NL,Netherlands,Klebsiella pneumoniae,Third-generation cephalosporins,9.81949458,J01D
2022,NO,Norway,Klebsiella pneumoniae,Third-generation cephalosporins,6.63198959,J01D
2022,PL,Poland,Klebsiella pneumoniae,Third-generation cephalosporins,61.9330855,J01D
2022,PT,Portugal,Klebsiella pneumoniae,Third-generation cephalosporins,45.20411549,J01D
2022,RO,Romania,Klebsiella pneumoniae,Third-generation cephalosporins,63.5179153,J01D
2022,SE,Sweden,Klebsiella pneumoniae,Third-generation cephalosporins,7.82045349,J01D
2022,SI,Slovenia,Klebsiella pneumoniae,Third-generation cephalosporins,20.69892473,J01D
2022,SK,Slovakia,Klebsiella pneumoniae,Third-generation cephalosporins,56.14035087,J01D
2023,AT,Austria,Klebsiella pneumoniae,Third-generation cephalosporins,14.01734104,J01D
2023,BE,Belgium,Klebsiella pneumoniae,Third-generation cephalosporins,19.91828396,J01D
2023,BG,Bulgaria,Klebsiella pneumoniae,Third-generation cephalosporins,81.48148148,J01D
2023,CY,Cyprus,Klebsiella pneumoniae,Third-generation cephalosporins,60.45454545,J01D
2023,CZ,Czechia,Klebsiella pneumoniae,Third-generation cephalosporins,46.25524266,J01D
2023,DE,Germany,Klebsiella pneumoniae,Third-generation cephalosporins,10.03076923,J01D
2023,DK,Denmark,Klebsiella pneumoniae,Third-generation cephalosporins,5.70975416,J01D
2023,EE,Estonia,Klebsiella pneumoniae,Third-generation cephalosporins,12.95681063,J01D
2023,EL,Greece,Klebsiella pneumoniae,Third-generation cephalosporins,75.60153994,J01D
2023,ES,Spain,Klebsiella pneumoniae,Third-generation cephalosporins,25.25552258,J01D
2023,FI,Finland,Klebsiella pneumoniae,Third-generation cephalosporins,8.66574965,J01D
2023,HR,Croatia,Klebsiella pneumoniae,Third-generation cephalosporins,55.39823008,J01D
2023,HU,Hungary,Klebsiella pneumoniae,Third-generation cephalosporins,42.03655352,J01D
2023,IE,Ireland,Klebsiella pneumoniae,Third-generation cephalosporins,15.96491228,J01D
2023,IS,Iceland,Klebsiella pneumoniae,Third-generation cephalosporins,6.81818181,J01D
2023,IT,Italy,Klebsiella pneumoniae,Third-generation cephalosporins,55.17441018,J01D
2023,LI,Liechtenstein,Klebsiella pneumoniae,Third-generation cephalosporins,,J01D
2023,LT,Lithuania,Klebsiella pneumoniae,Third-generation cephalosporins,43.43807763,J01D
2023,LU,Luxembourg,Klebsiella pneumoniae,Third-generation cephalosporins,21.17647058,J01D
2023,LV,Latvia,Klebsiella pneumoniae,Third-generation cephalosporins,41.59663865,J01D
2023,MT,Malta,Klebsiella pneumoniae,Third-generation cephalosporins,25.17006802,J01D
2023,NL,Netherlands,Klebsiella pneumoniae,Third-generation cephalosporins,10.17287234,J01D
2023,NO,Norway,Klebsiella pneumoniae,Third-generation cephalosporins,5.84498094,J01D
2023,PL,Poland,Klebsiella pneumoniae,Third-generation cephalosporins,64.33566433,J01D
2023,PT,Portugal,Klebsiella pneumoniae,Third-generation cephalosporins,50.69056714,J01D
2023,RO,Romania,Klebsiella pneumoniae,Third-generation cephalosporins,69.44444444,J01D
2023,SE,Sweden,Klebsiella pneumoniae,Third-generation cephalosporins,9.93071593,J01D
2023,SI,Slovenia,Klebsiella pneumoniae,Third-generation cephalosporins,23.00884955,J01D
2023,SK,Slovakia,Klebsiella pneumoniae,Third-generation cephalosporins,52.58064516,J01D
2024,AT,Austria,Klebsiella pneumoniae,Third-generation cephalosporins,14.55509723,J01D
2024,BE,Belgium,Klebsiella pneumoniae,Third-generation cephalosporins,20.99400171,J01D
2024,BG,Bulgaria,Klebsiella pneumoniae,Third-generation cephalosporins,84.33476394,J01D
2024,CY,Cyprus,Klebsiella pneumoniae,Third-generation cephalosporins,68.0981595,J01D
2024,CZ,Czechia,Klebsiella pneumoniae,Third-generation cephalosporins,44.1426146,J01D
2024,DE,Germany,Klebsiella pneumoniae,Third-generation cephalosporins,10.71918121,J01D
2024,DK,Denmark,Klebsiella pneumoniae,Third-generation cephalosporins,5.88690937,J01D
2024,EE,Estonia,Klebsiella pneumoniae,Third-generation cephalosporins,14.28571428,J01D
2024,EL,Greece,Klebsiella pneumoniae,Third-generation cephalosporins,70.08443908,J01D
2024,ES,Spain,Klebsiella pneumoniae,Third-generation cephalosporins,23.50272232,J01D
2024,FI,Finland,Klebsiella pneumoniae,Third-generation cephalosporins,10.82949308,J01D
2024,FR,France,Klebsiella pneumoniae,Third-generation cephalosporins,27.05733691,J01D
2024,HR,Croatia,Klebsiella pneumoniae,Third-generation cephalosporins,62.44979919,J01D
2024,HU,Hungary,Klebsiella pneumoniae,Third-generation cephalosporins,39.79430379,J01D
2024,IE,Ireland,Klebsiella pneumoniae,Third-generation cephalosporins,15.0406504,J01D
2024,IS,Iceland,Klebsiella pneumoniae,Third-generation cephalosporins,4.87804878,J01D
2024,IT,Italy,Klebsiella pneumoniae,Third-generation cephalosporins,52.9297002,J01D
2024,LI,Liechtenstein,Klebsiella pneumoniae,Third-generation cephalosporins,,J01D
2024,LT,Lithuania,Klebsiella pneumoniae,Third-generation cephalosporins,47.72413793,J01D
2024,LU,Luxembourg,Klebsiella pneumoniae,Third-generation cephalosporins,20.0,J01D
2024,LV,Latvia,Klebsiella pneumoniae,Third-generation cephalosporins,47.29344729,J01D
2024,MT,Malta,Klebsiella pneumoniae,Third-generation cephalosporins,27.84090909,J01D
2024,NL,Netherlands,Klebsiella pneumoniae,Third-generation cephalosporins,12.91946308,J01D
2024,NO,Norway,Klebsiella pneumoniae,Third-generation cephalosporins,6.96902654,J01D
2024,PL,Poland,Klebsiella pneumoniae,Third-generation cephalosporins,60.62683643,J01D
2024,PT,Portugal,Klebsiella pneumoniae,Third-generation cephalosporins,46.28387442,J01D
2024,RO,Romania,Klebsiella pneumoniae,Third-generation cephalosporins,67.00942587,J01D
2024,SE,Sweden,Klebsiella pneumoniae,Third-generation cephalosporins,9.62545308,J01D
2024,SI,Slovenia,Klebsiella pneumoniae,Third-generation cephalosporins,19.60227272,J01D
2024,SK,Slovakia,Klebsiella pneumoniae,Third-generation cephalosporins,55.90551181,J01D
2005,AT,Austria,Klebsiella pneumoniae,Fluoroquinolones,11.36363636,J01M
2005,BG,Bulgaria,Klebsiella pneumoniae,Fluoroquinolones,26.47058823,J01M
2005,CY,Cyprus,Klebsiella pneumoniae,Fluoroquinolones,,J01M
2005,CZ,Czechia,Klebsiella pneumoniae,Fluoroquinolones,38.0753138,J01M
2005,DE,Germany,Klebsiella pneumoniae,Fluoroquinolones,5.71428571,J01M
2005,EE,Estonia,Klebsiella pneumoniae,Fluoroquinolones,0.0,J01M
2005,EL,Greece,Klebsiella pneumoniae,Fluoroquinolones,54.40414507,J01M
2005,ES,Spain,Klebsiella pneumoniae,Fluoroquinolones,10.71428571,J01M
2005,FI,Finland,Klebsiella pneumoniae,Fluoroquinolones,3.22580645,J01M
2005,FR,France,Klebsiella pneumoniae,Fluoroquinolones,7.15990453,J01M
2005,HR,Croatia,Klebsiella pneumoniae,Fluoroquinolones,18.18181818,J01M
2005,HU,Hungary,Klebsiella pneumoniae,Fluoroquinolones,20.70175438,J01M
2005,IE,Ireland,Klebsiella pneumoniae,Fluoroquinolones,2.5,J01M
2005,IS,Iceland,Klebsiella pneumoniae,Fluoroquinolones,0.0,J01M
2005,IT,Italy,Klebsiella pneumoniae,Fluoroquinolones,11.32075471,J01M
2005,MT,Malta,Klebsiella pneumoniae,Fluoroquinolones,,J01M
2005,NL,Netherlands,Klebsiella pneumoniae,Fluoroquinolones,5.86206896,J01M
2005,NO,Norway,Klebsiella pneumoniae,Fluoroquinolones,1.16279069,J01M
2005,PL,Poland,Klebsiella pneumoniae,Fluoroquinolones,33.96226415,J01M
2005,PT,Portugal,Klebsiella pneumoniae,Fluoroquinolones,,J01M
2005,RO,Romania,Klebsiella pneumoniae,Fluoroquinolones,,J01M
2005,SE,Sweden,Klebsiella pneumoniae,Fluoroquinolones,4.90566037,J01M
2005,SI,Slovenia,Klebsiella pneumoniae,Fluoroquinolones,14.1025641,J01M
2005,UK,United Kingdom,Klebsiella pneumoniae,Fluoroquinolones,12.09677419,J01M
2006,AT,Austria,Klebsiella pneumoniae,Fluoroquinolones,8.10185185,J01M
2006,BG,Bulgaria,Klebsiella pneumoniae,Fluoroquinolones,23.63636363,J01M
2006,CY,Cyprus,Klebsiella pneumoniae,Fluoroquinolones,11.53846153,J01M
2006,CZ,Czechia,Klebsiella pneumoniae,Fluoroquinolones,47.3870682,J01M
2006,DE,Germany,Klebsiella pneumoniae,Fluoroquinolones,12.24489795,J01M
2006,DK,Denmark,Klebsiella pneumoniae,Fluoroquinolones,6.07210626,J01M
2006,EE,Estonia,Klebsiella pneumoniae,Fluoroquinolones,4.87804878,J01M
2006,EL,Greece,Klebsiella pneumoniae,Fluoroquinolones,49.64285714,J01M
2006,ES,Spain,Klebsiella pneumoniae,Fluoroquinolones,8.34813499,J01M
2006,FI,Finland,Klebsiella pneumoniae,Fluoroquinolones,3.94736842,J01M
2006,FR,France,Klebsiella pneumoniae,Fluoroquinolones,8.52878464,J01M
2006,HR,Croatia,Klebsiella pneumoniae,Fluoroquinolones,23.41463414,J01M
2006,HU,Hungary,Klebsiella pneumoniae,Fluoroquinolones,13.18681318,J01M
2006,IE,Ireland,Klebsiella pneumoniae,Fluoroquinolones,15.76354679,J01M
2006,IS,Iceland,Klebsiella pneumoniae,Fluoroquinolones,,J01M
2006,IT,Italy,Klebsiella pneumoniae,Fluoroquinolones,23.05194805,J01M
2006,LT,Lithuania,Klebsiella pneumoniae,Fluoroquinolones,2.85714285,J01M
2006,LU,Luxembourg,Klebsiella pneumoniae,Fluoroquinolones,,J01M
2006,LV,Latvia,Klebsiella pneumoniae,Fluoroquinolones,25.92592592,J01M
2006,MT,Malta,Klebsiella pneumoniae,Fluoroquinolones,6.25,J01M
2006,NL,Netherlands,Klebsiella pneumoniae,Fluoroquinolones,4.30839002,J01M
2006,NO,Norway,Klebsiella pneumoniae,Fluoroquinolones,6.8548387,J01M
2006,PL,Poland,Klebsiella pneumoniae,Fluoroquinolones,28.57142857,J01M
2006,PT,Portugal,Klebsiella pneumoniae,Fluoroquinolones,19.67741935,J01M
2006,RO,Romania,Klebsiella pneumoniae,Fluoroquinolones,34.48275862,J01M
2006,SE,Sweden,Klebsiella pneumoniae,Fluoroquinolones,5.19713261,J01M
2006,SI,Slovenia,Klebsiella pneumoniae,Fluoroquinolones,21.37931034,J01M
2006,UK,United Kingdom,Klebsiella pneumoniae,Fluoroquinolones,12.59842519,J01M
2007,AT,Austria,Klebsiella pneumoniae,Fluoroquinolones,12.58426966,J01M
2007,BG,Bulgaria,Klebsiella pneumoniae,Fluoroquinolones,41.37931034,J01M
2007,CY,Cyprus,Klebsiella pneumoniae,Fluoroquinolones,23.07692307,J01M
2007,CZ,Czechia,Klebsiella pneumoniae,Fluoroquinolones,48.45528455,J01M
2007,DE,Germany,Klebsiella pneumoniae,Fluoroquinolones,9.24855491,J01M
2007,DK,Denmark,Klebsiella pneumoniae,Fluoroquinolones,13.3697135,J01M
2007,EE,Estonia,Klebsiella pneumoniae,Fluoroquinolones,1.78571428,J01M
2007,EL,Greece,Klebsiella pneumoniae,Fluoroquinolones,55.06198347,J01M
2007,ES,Spain,Klebsiella pneumoniae,Fluoroquinolones,16.69367909,J01M
2007,FI,Finland,Klebsiella pneumoniae,Fluoroquinolones,0.73260073,J01M
2007,FR,France,Klebsiella pneumoniae,Fluoroquinolones,14.04255319,J01M
2007,HR,Croatia,Klebsiella pneumoniae,Fluoroquinolones,33.81818181,J01M
2007,HU,Hungary,Klebsiella pneumoniae,Fluoroquinolones,22.1875,J01M
2007,IE,Ireland,Klebsiella pneumoniae,Fluoroquinolones,16.52173913,J01M
2007,IS,Iceland,Klebsiella pneumoniae,Fluoroquinolones,0.0,J01M
2007,IT,Italy,Klebsiella pneumoniae,Fluoroquinolones,27.29729729,J01M
2007,LT,Lithuania,Klebsiella pneumoniae,Fluoroquinolones,7.69230769,J01M
2007,LU,Luxembourg,Klebsiella pneumoniae,Fluoroquinolones,11.53846153,J01M
2007,LV,Latvia,Klebsiella pneumoniae,Fluoroquinolones,26.92307692,J01M
2007,MT,Malta,Klebsiella pneumoniae,Fluoroquinolones,10.71428571,J01M
2007,NL,Netherlands,Klebsiella pneumoniae,Fluoroquinolones,4.39330543,J01M
2007,NO,Norway,Klebsiella pneumoniae,Fluoroquinolones,4.54545454,J01M
2007,PL,Poland,Klebsiella pneumoniae,Fluoroquinolones,3.125,J01M
2007,PT,Portugal,Klebsiella pneumoniae,Fluoroquinolones,18.30601092,J01M
2007,RO,Romania,Klebsiella pneumoniae,Fluoroquinolones,23.33333333,J01M
2007,SE,Sweden,Klebsiella pneumoniae,Fluoroquinolones,6.5116279,J01M
2007,SI,Slovenia,Klebsiella pneumoniae,Fluoroquinolones,26.47058823,J01M
2007,UK,United Kingdom,Klebsiella pneumoniae,Fluoroquinolones,11.84971098,J01M
2008,AT,Austria,Klebsiella pneumoniae,Fluoroquinolones,11.70395869,J01M
2008,BG,Bulgaria,Klebsiella pneumoniae,Fluoroquinolones,52.08333333,J01M
2008,CY,Cyprus,Klebsiella pneumoniae,Fluoroquinolones,22.58064516,J01M
2008,CZ,Czechia,Klebsiella pneumoniae,Fluoroquinolones,51.54155495,J01M
2008,DE,Germany,Klebsiella pneumoniae,Fluoroquinolones,15.31914893,J01M
2008,DK,Denmark,Klebsiella pneumoniae,Fluoroquinolones,15.96752368,J01M
2008,EE,Estonia,Klebsiella pneumoniae,Fluoroquinolones,6.55737704,J01M
2008,EL,Greece,Klebsiella pneumoniae,Fluoroquinolones,64.29240862,J01M
2008,ES,Spain,Klebsiella pneumoniae,Fluoroquinolones,14.86697965,J01M
2008,FI,Finland,Klebsiella pneumoniae,Fluoroquinolones,2.09059233,J01M
2008,FR,France,Klebsiella pneumoniae,Fluoroquinolones,20.57416267,J01M
2008,HR,Croatia,Klebsiella pneumoniae,Fluoroquinolones,43.51851851,J01M
2008,HU,Hungary,Klebsiella pneumoniae,Fluoroquinolones,32.87671232,J01M
2008,IE,Ireland,Klebsiella pneumoniae,Fluoroquinolones,10.59602649,J01M
2008,IS,Iceland,Klebsiella pneumoniae,Fluoroquinolones,8.33333333,J01M
2008,IT,Italy,Klebsiella pneumoniae,Fluoroquinolones,27.50809061,J01M
2008,LT,Lithuania,Klebsiella pneumoniae,Fluoroquinolones,23.07692307,J01M
2008,LU,Luxembourg,Klebsiella pneumoniae,Fluoroquinolones,11.76470588,J01M
2008,LV,Latvia,Klebsiella pneumoniae,Fluoroquinolones,45.0,J01M
2008,MT,Malta,Klebsiella pneumoniae,Fluoroquinolones,8.33333333,J01M
2008,NL,Netherlands,Klebsiella pneumoniae,Fluoroquinolones,6.53594771,J01M
2008,NO,Norway,Klebsiella pneumoniae,Fluoroquinolones,3.74639769,J01M
2008,PL,Poland,Klebsiella pneumoniae,Fluoroquinolones,,J01M
2008,PT,Portugal,Klebsiella pneumoniae,Fluoroquinolones,21.78030303,J01M
2008,RO,Romania,Klebsiella pneumoniae,Fluoroquinolones,,J01M
2008,SE,Sweden,Klebsiella pneumoniae,Fluoroquinolones,7.02479338,J01M
2008,SI,Slovenia,Klebsiella pneumoniae,Fluoroquinolones,25.477707,J01M
2008,UK,United Kingdom,Klebsiella pneumoniae,Fluoroquinolones,7.01219512,J01M
2009,AT,Austria,Klebsiella pneumoniae,Fluoroquinolones,8.4437086,J01M
2009,BE,Belgium,Klebsiella pneumoniae,Fluoroquinolones,13.38028169,J01M
2009,BG,Bulgaria,Klebsiella pneumoniae,Fluoroquinolones,48.42105263,J01M
2009,CY,Cyprus,Klebsiella pneumoniae,Fluoroquinolones,43.39622641,J01M
2009,CZ,Czechia,Klebsiella pneumoniae,Fluoroquinolones,54.27561837,J01M
2009,DE,Germany,Klebsiella pneumoniae,Fluoroquinolones,14.82254697,J01M
2009,DK,Denmark,Klebsiella pneumoniae,Fluoroquinolones,16.18204804,J01M
2009,EE,Estonia,Klebsiella pneumoniae,Fluoroquinolones,18.96551724,J01M
2009,EL,Greece,Klebsiella pneumoniae,Fluoroquinolones,65.62115621,J01M
2009,ES,Spain,Klebsiella pneumoniae,Fluoroquinolones,15.78947368,J01M
2009,FI,Finland,Klebsiella pneumoniae,Fluoroquinolones,3.2,J01M
2009,FR,France,Klebsiella pneumoniae,Fluoroquinolones,24.03846153,J01M
2009,HU,Hungary,Klebsiella pneumoniae,Fluoroquinolones,33.23943661,J01M
2009,IE,Ireland,Klebsiella pneumoniae,Fluoroquinolones,10.79365079,J01M
2009,IS,Iceland,Klebsiella pneumoniae,Fluoroquinolones,0.0,J01M
2009,IT,Italy,Klebsiella pneumoniae,Fluoroquinolones,20.40133779,J01M
2009,LT,Lithuania,Klebsiella pneumoniae,Fluoroquinolones,37.31343283,J01M
2009,LU,Luxembourg,Klebsiella pneumoniae,Fluoroquinolones,21.42857142,J01M
2009,LV,Latvia,Klebsiella pneumoniae,Fluoroquinolones,34.09090909,J01M
2009,MT,Malta,Klebsiella pneumoniae,Fluoroquinolones,2.63157894,J01M
2009,NL,Netherlands,Klebsiella pneumoniae,Fluoroquinolones,4.07124681,J01M
2009,NO,Norway,Klebsiella pneumoniae,Fluoroquinolones,5.61224489,J01M
2009,PL,Poland,Klebsiella pneumoniae,Fluoroquinolones,32.37410071,J01M
2009,PT,Portugal,Klebsiella pneumoniae,Fluoroquinolones,27.56052141,J01M
2009,RO,Romania,Klebsiella pneumoniae,Fluoroquinolones,,J01M
2009,SE,Sweden,Klebsiella pneumoniae,Fluoroquinolones,,J01M
2009,SI,Slovenia,Klebsiella pneumoniae,Fluoroquinolones,26.98412698,J01M
2009,UK,United Kingdom,Klebsiella pneumoniae,Fluoroquinolones,5.75757575,J01M
2010,AT,Austria,Klebsiella pneumoniae,Fluoroquinolones,18.19444444,J01M
2010,BE,Belgium,Klebsiella pneumoniae,Fluoroquinolones,12.5,J01M
2010,BG,Bulgaria,Klebsiella pneumoniae,Fluoroquinolones,52.38095238,J01M
2010,CY,Cyprus,Klebsiella pneumoniae,Fluoroquinolones,38.80597014,J01M
2010,CZ,Czechia,Klebsiella pneumoniae,Fluoroquinolones,55.10688836,J01M
2010,DE,Germany,Klebsiella pneumoniae,Fluoroquinolones,14.85355648,J01M
2010,DK,Denmark,Klebsiella pneumoniae,Fluoroquinolones,11.29271916,J01M
2010,EE,Estonia,Klebsiella pneumoniae,Fluoroquinolones,25.0,J01M
2010,EL,Greece,Klebsiella pneumoniae,Fluoroquinolones,70.88305489,J01M
2010,ES,Spain,Klebsiella pneumoniae,Fluoroquinolones,13.60895779,J01M
2010,FI,Finland,Klebsiella pneumoniae,Fluoroquinolones,2.49376558,J01M
2010,FR,France,Klebsiella pneumoniae,Fluoroquinolones,21.80746561,J01M
2010,HR,Croatia,Klebsiella pneumoniae,Fluoroquinolones,47.48201438,J01M
2010,HU,Hungary,Klebsiella pneumoniae,Fluoroquinolones,42.85714285,J01M
2010,IE,Ireland,Klebsiella pneumoniae,Fluoroquinolones,8.17610062,J01M
2010,IS,Iceland,Klebsiella pneumoniae,Fluoroquinolones,0.0,J01M
2010,IT,Italy,Klebsiella pneumoniae,Fluoroquinolones,38.50574712,J01M
2010,LT,Lithuania,Klebsiella pneumoniae,Fluoroquinolones,36.25,J01M
2010,LU,Luxembourg,Klebsiella pneumoniae,Fluoroquinolones,6.77966101,J01M
2010,LV,Latvia,Klebsiella pneumoniae,Fluoroquinolones,52.38095238,J01M
2010,MT,Malta,Klebsiella pneumoniae,Fluoroquinolones,15.78947368,J01M
2010,NL,Netherlands,Klebsiella pneumoniae,Fluoroquinolones,6.52418447,J01M
2010,NO,Norway,Klebsiella pneumoniae,Fluoroquinolones,7.35294117,J01M
2010,PL,Poland,Klebsiella pneumoniae,Fluoroquinolones,33.0316742,J01M
2010,PT,Portugal,Klebsiella pneumoniae,Fluoroquinolones,31.35888501,J01M
2010,RO,Romania,Klebsiella pneumoniae,Fluoroquinolones,,J01M
2010,SE,Sweden,Klebsiella pneumoniae,Fluoroquinolones,5.79514824,J01M
2010,SI,Slovenia,Klebsiella pneumoniae,Fluoroquinolones,25.0,J01M
2010,UK,United Kingdom,Klebsiella pneumoniae,Fluoroquinolones,7.421875,J01M
2011,AT,Austria,Klebsiella pneumoniae,Fluoroquinolones,16.5621079,J01M
2011,BE,Belgium,Klebsiella pneumoniae,Fluoroquinolones,14.93212669,J01M
2011,BG,Bulgaria,Klebsiella pneumoniae,Fluoroquinolones,51.23966942,J01M
2011,CY,Cyprus,Klebsiella pneumoniae,Fluoroquinolones,36.14457831,J01M
2011,CZ,Czechia,Klebsiella pneumoniae,Fluoroquinolones,52.83605283,J01M
2011,DE,Germany,Klebsiella pneumoniae,Fluoroquinolones,14.06551059,J01M
2011,DK,Denmark,Klebsiella pneumoniae,Fluoroquinolones,11.59909909,J01M
2011,EE,Estonia,Klebsiella pneumoniae,Fluoroquinolones,21.97802197,J01M
2011,EL,Greece,Klebsiella pneumoniae,Fluoroquinolones,72.2324159,J01M
2011,ES,Spain,Klebsiella pneumoniae,Fluoroquinolones,17.03056768,J01M
2011,FI,Finland,Klebsiella pneumoniae,Fluoroquinolones,2.72277227,J01M
2011,FR,France,Klebsiella pneumoniae,Fluoroquinolones,27.98573975,J01M
2011,HR,Croatia,Klebsiella pneumoniae,Fluoroquinolones,42.46575342,J01M
2011,HU,Hungary,Klebsiella pneumoniae,Fluoroquinolones,50.95238095,J01M
2011,IE,Ireland,Klebsiella pneumoniae,Fluoroquinolones,8.91089108,J01M
2011,IS,Iceland,Klebsiella pneumoniae,Fluoroquinolones,4.16666666,J01M
2011,IT,Italy,Klebsiella pneumoniae,Fluoroquinolones,45.72864321,J01M
2011,LT,Lithuania,Klebsiella pneumoniae,Fluoroquinolones,54.74452554,J01M
2011,LU,Luxembourg,Klebsiella pneumoniae,Fluoroquinolones,33.33333333,J01M
2011,LV,Latvia,Klebsiella pneumoniae,Fluoroquinolones,38.09523809,J01M
2011,MT,Malta,Klebsiella pneumoniae,Fluoroquinolones,13.46153846,J01M
2011,NL,Netherlands,Klebsiella pneumoniae,Fluoroquinolones,7.37327188,J01M
2011,NO,Norway,Klebsiella pneumoniae,Fluoroquinolones,3.51288056,J01M
2011,PL,Poland,Klebsiella pneumoniae,Fluoroquinolones,57.72357723,J01M
2011,PT,Portugal,Klebsiella pneumoniae,Fluoroquinolones,36.30470016,J01M
2011,RO,Romania,Klebsiella pneumoniae,Fluoroquinolones,,J01M
2011,SE,Sweden,Klebsiella pneumoniae,Fluoroquinolones,3.81760339,J01M
2011,SI,Slovenia,Klebsiella pneumoniae,Fluoroquinolones,35.34482758,J01M
2011,SK,Slovakia,Klebsiella pneumoniae,Fluoroquinolones,70.75268817,J01M
2011,UK,United Kingdom,Klebsiella pneumoniae,Fluoroquinolones,4.56852791,J01M
2012,AT,Austria,Klebsiella pneumoniae,Fluoroquinolones,15.4402895,J01M
2012,BE,Belgium,Klebsiella pneumoniae,Fluoroquinolones,17.29323308,J01M
2012,BG,Bulgaria,Klebsiella pneumoniae,Fluoroquinolones,47.24409448,J01M
2012,CY,Cyprus,Klebsiella pneumoniae,Fluoroquinolones,21.53846153,J01M
2012,CZ,Czechia,Klebsiella pneumoniae,Fluoroquinolones,50.39313795,J01M
2012,DE,Germany,Klebsiella pneumoniae,Fluoroquinolones,13.72549019,J01M
2012,DK,Denmark,Klebsiella pneumoniae,Fluoroquinolones,8.82040382,J01M
2012,EE,Estonia,Klebsiella pneumoniae,Fluoroquinolones,17.24137931,J01M
2012,EL,Greece,Klebsiella pneumoniae,Fluoroquinolones,69.67787114,J01M
2012,ES,Spain,Klebsiella pneumoniae,Fluoroquinolones,16.52173913,J01M
2012,FI,Finland,Klebsiella pneumoniae,Fluoroquinolones,2.0522388,J01M
2012,FR,France,Klebsiella pneumoniae,Fluoroquinolones,24.42341809,J01M
2012,HR,Croatia,Klebsiella pneumoniae,Fluoroquinolones,42.90030211,J01M
2012,HU,Hungary,Klebsiella pneumoniae,Fluoroquinolones,41.64948453,J01M
2012,IE,Ireland,Klebsiella pneumoniae,Fluoroquinolones,7.3964497,J01M
2012,IS,Iceland,Klebsiella pneumoniae,Fluoroquinolones,,J01M
2012,IT,Italy,Klebsiella pneumoniae,Fluoroquinolones,49.94011976,J01M
2012,LT,Lithuania,Klebsiella pneumoniae,Fluoroquinolones,55.4347826,J01M
2012,LU,Luxembourg,Klebsiella pneumoniae,Fluoroquinolones,32.0,J01M
2012,LV,Latvia,Klebsiella pneumoniae,Fluoroquinolones,46.15384615,J01M
2012,MT,Malta,Klebsiella pneumoniae,Fluoroquinolones,26.78571428,J01M
2012,NL,Netherlands,Klebsiella pneumoniae,Fluoroquinolones,6.65961945,J01M
2012,NO,Norway,Klebsiella pneumoniae,Fluoroquinolones,4.02684563,J01M
2012,PL,Poland,Klebsiella pneumoniae,Fluoroquinolones,60.16713091,J01M
2012,PT,Portugal,Klebsiella pneumoniae,Fluoroquinolones,35.77863577,J01M
2012,RO,Romania,Klebsiella pneumoniae,Fluoroquinolones,50.0,J01M
2012,SE,Sweden,Klebsiella pneumoniae,Fluoroquinolones,3.68474923,J01M
2012,SI,Slovenia,Klebsiella pneumoniae,Fluoroquinolones,33.07086614,J01M
2012,SK,Slovakia,Klebsiella pneumoniae,Fluoroquinolones,66.75531914,J01M
2012,UK,United Kingdom,Klebsiella pneumoniae,Fluoroquinolones,7.43243243,J01M
2013,AT,Austria,Klebsiella pneumoniae,Fluoroquinolones,15.78378378,J01M
2013,BE,Belgium,Klebsiella pneumoniae,Fluoroquinolones,22.22222222,J01M
2013,BG,Bulgaria,Klebsiella pneumoniae,Fluoroquinolones,45.65217391,J01M
2013,CY,Cyprus,Klebsiella pneumoniae,Fluoroquinolones,23.52941176,J01M
2013,CZ,Czechia,Klebsiella pneumoniae,Fluoroquinolones,47.71494965,J01M
2013,DE,Germany,Klebsiella pneumoniae,Fluoroquinolones,15.07936507,J01M
2013,DK,Denmark,Klebsiella pneumoniae,Fluoroquinolones,8.92448512,J01M
2013,EE,Estonia,Klebsiella pneumoniae,Fluoroquinolones,26.66666666,J01M
2013,EL,Greece,Klebsiella pneumoniae,Fluoroquinolones,67.5767918,J01M
2013,ES,Spain,Klebsiella pneumoniae,Fluoroquinolones,21.83722804,J01M
2013,FI,Finland,Klebsiella pneumoniae,Fluoroquinolones,2.60707635,J01M
2013,FR,France,Klebsiella pneumoniae,Fluoroquinolones,29.43632567,J01M
2013,HR,Croatia,Klebsiella pneumoniae,Fluoroquinolones,43.16353887,J01M
2013,HU,Hungary,Klebsiella pneumoniae,Fluoroquinolones,37.65765765,J01M
2013,IE,Ireland,Klebsiella pneumoniae,Fluoroquinolones,14.55696202,J01M
2013,IS,Iceland,Klebsiella pneumoniae,Fluoroquinolones,0.0,J01M
2013,IT,Italy,Klebsiella pneumoniae,Fluoroquinolones,54.4117647,J01M
2013,LT,Lithuania,Klebsiella pneumoniae,Fluoroquinolones,45.13888888,J01M
2013,LU,Luxembourg,Klebsiella pneumoniae,Fluoroquinolones,22.64150943,J01M
2013,LV,Latvia,Klebsiella pneumoniae,Fluoroquinolones,43.18181818,J01M
2013,MT,Malta,Klebsiella pneumoniae,Fluoroquinolones,28.35820895,J01M
2013,NL,Netherlands,Klebsiella pneumoniae,Fluoroquinolones,7.37937559,J01M
2013,NO,Norway,Klebsiella pneumoniae,Fluoroquinolones,4.87012987,J01M
2013,PL,Poland,Klebsiella pneumoniae,Fluoroquinolones,70.05347593,J01M
2013,PT,Portugal,Klebsiella pneumoniae,Fluoroquinolones,35.67508232,J01M
2013,RO,Romania,Klebsiella pneumoniae,Fluoroquinolones,51.64319248,J01M
2013,SE,Sweden,Klebsiella pneumoniae,Fluoroquinolones,3.93700787,J01M
2013,SI,Slovenia,Klebsiella pneumoniae,Fluoroquinolones,32.65306122,J01M
2013,SK,Slovakia,Klebsiella pneumoniae,Fluoroquinolones,66.87116564,J01M
2013,UK,United Kingdom,Klebsiella pneumoniae,Fluoroquinolones,8.65800865,J01M
2014,AT,Austria,Klebsiella pneumoniae,Fluoroquinolones,10.40164778,J01M
2014,BE,Belgium,Klebsiella pneumoniae,Fluoroquinolones,18.18181818,J01M
2014,BG,Bulgaria,Klebsiella pneumoniae,Fluoroquinolones,50.33112582,J01M
2014,CY,Cyprus,Klebsiella pneumoniae,Fluoroquinolones,26.25,J01M
2014,CZ,Czechia,Klebsiella pneumoniae,Fluoroquinolones,47.97395079,J01M
2014,DE,Germany,Klebsiella pneumoniae,Fluoroquinolones,12.65306122,J01M
2014,DK,Denmark,Klebsiella pneumoniae,Fluoroquinolones,6.89289501,J01M
2014,EE,Estonia,Klebsiella pneumoniae,Fluoroquinolones,21.80451127,J01M
2014,EL,Greece,Klebsiella pneumoniae,Fluoroquinolones,67.63875823,J01M
2014,ES,Spain,Klebsiella pneumoniae,Fluoroquinolones,18.6413902,J01M
2014,FI,Finland,Klebsiella pneumoniae,Fluoroquinolones,4.64716006,J01M
2014,FR,France,Klebsiella pneumoniae,Fluoroquinolones,30.98850574,J01M
2014,HR,Croatia,Klebsiella pneumoniae,Fluoroquinolones,44.84848484,J01M
2014,HU,Hungary,Klebsiella pneumoniae,Fluoroquinolones,34.94539781,J01M
2014,IE,Ireland,Klebsiella pneumoniae,Fluoroquinolones,13.52112676,J01M
2014,IS,Iceland,Klebsiella pneumoniae,Fluoroquinolones,3.57142857,J01M
2014,IT,Italy,Klebsiella pneumoniae,Fluoroquinolones,55.67567567,J01M
2014,LT,Lithuania,Klebsiella pneumoniae,Fluoroquinolones,45.45454545,J01M
2014,LU,Luxembourg,Klebsiella pneumoniae,Fluoroquinolones,31.81818181,J01M
2014,LV,Latvia,Klebsiella pneumoniae,Fluoroquinolones,44.8275862,J01M
2014,MT,Malta,Klebsiella pneumoniae,Fluoroquinolones,32.32323232,J01M
2014,NL,Netherlands,Klebsiella pneumoniae,Fluoroquinolones,4.98664292,J01M
2014,NO,Norway,Klebsiella pneumoniae,Fluoroquinolones,6.16621983,J01M
2014,PL,Poland,Klebsiella pneumoniae,Fluoroquinolones,67.91208791,J01M
2014,PT,Portugal,Klebsiella pneumoniae,Fluoroquinolones,36.50700934,J01M
2014,RO,Romania,Klebsiella pneumoniae,Fluoroquinolones,66.53696498,J01M
2014,SE,Sweden,Klebsiella pneumoniae,Fluoroquinolones,4.06290956,J01M
2014,SI,Slovenia,Klebsiella pneumoniae,Fluoroquinolones,32.61802575,J01M
2014,SK,Slovakia,Klebsiella pneumoniae,Fluoroquinolones,70.79107505,J01M
2014,UK,United Kingdom,Klebsiella pneumoniae,Fluoroquinolones,7.69911504,J01M
2015,AT,Austria,Klebsiella pneumoniae,Fluoroquinolones,11.66180758,J01M
2015,BE,Belgium,Klebsiella pneumoniae,Fluoroquinolones,22.69129287,J01M
2015,BG,Bulgaria,Klebsiella pneumoniae,Fluoroquinolones,37.5,J01M
2015,CY,Cyprus,Klebsiella pneumoniae,Fluoroquinolones,37.09677419,J01M
2015,CZ,Czechia,Klebsiella pneumoniae,Fluoroquinolones,48.87005649,J01M
2015,DE,Germany,Klebsiella pneumoniae,Fluoroquinolones,9.55696202,J01M
2015,DK,Denmark,Klebsiella pneumoniae,Fluoroquinolones,5.34759358,J01M
2015,EE,Estonia,Klebsiella pneumoniae,Fluoroquinolones,33.87096774,J01M
2015,EL,Greece,Klebsiella pneumoniae,Fluoroquinolones,66.40826873,J01M
2015,ES,Spain,Klebsiella pneumoniae,Fluoroquinolones,21.55172413,J01M
2015,FI,Finland,Klebsiella pneumoniae,Fluoroquinolones,3.34346504,J01M
2015,FR,France,Klebsiella pneumoniae,Fluoroquinolones,30.66037735,J01M
2015,HR,Croatia,Klebsiella pneumoniae,Fluoroquinolones,48.68421052,J01M
2015,HU,Hungary,Klebsiella pneumoniae,Fluoroquinolones,36.71428571,J01M
2015,IE,Ireland,Klebsiella pneumoniae,Fluoroquinolones,17.01030927,J01M
2015,IS,Iceland,Klebsiella pneumoniae,Fluoroquinolones,2.85714285,J01M
2015,IT,Italy,Klebsiella pneumoniae,Fluoroquinolones,53.65,J01M
2015,LT,Lithuania,Klebsiella pneumoniae,Fluoroquinolones,45.81005586,J01M
2015,LU,Luxembourg,Klebsiella pneumoniae,Fluoroquinolones,20.0,J01M
2015,LV,Latvia,Klebsiella pneumoniae,Fluoroquinolones,41.96428571,J01M
2015,MT,Malta,Klebsiella pneumoniae,Fluoroquinolones,26.13636363,J01M
2015,NL,Netherlands,Klebsiella pneumoniae,Fluoroquinolones,7.34557595,J01M
2015,NO,Norway,Klebsiella pneumoniae,Fluoroquinolones,5.0,J01M
2015,PL,Poland,Klebsiella pneumoniae,Fluoroquinolones,63.88467374,J01M
2015,PT,Portugal,Klebsiella pneumoniae,Fluoroquinolones,38.58643744,J01M
2015,RO,Romania,Klebsiella pneumoniae,Fluoroquinolones,61.42322097,J01M
2015,SE,Sweden,Klebsiella pneumoniae,Fluoroquinolones,4.52039691,J01M
2015,SI,Slovenia,Klebsiella pneumoniae,Fluoroquinolones,24.47257383,J01M
2015,SK,Slovakia,Klebsiella pneumoniae,Fluoroquinolones,70.04219409,J01M
2015,UK,United Kingdom,Klebsiella pneumoniae,Fluoroquinolones,13.25420375,J01M
2016,AT,Austria,Klebsiella pneumoniae,Fluoroquinolones,9.79133226,J01M
2016,BE,Belgium,Klebsiella pneumoniae,Fluoroquinolones,23.61733931,J01M
2016,BG,Bulgaria,Klebsiella pneumoniae,Fluoroquinolones,55.625,J01M
2016,CY,Cyprus,Klebsiella pneumoniae,Fluoroquinolones,32.0,J01M
2016,CZ,Czechia,Klebsiella pneumoniae,Fluoroquinolones,50.50578034,J01M
2016,DE,Germany,Klebsiella pneumoniae,Fluoroquinolones,12.64667535,J01M
2016,DK,Denmark,Klebsiella pneumoniae,Fluoroquinolones,5.29513888,J01M
2016,EE,Estonia,Klebsiella pneumoniae,Fluoroquinolones,29.50819672,J01M
2016,EL,Greece,Klebsiella pneumoniae,Fluoroquinolones,68.64406779,J01M
2016,ES,Spain,Klebsiella pneumoniae,Fluoroquinolones,22.73269689,J01M
2016,FI,Finland,Klebsiella pneumoniae,Fluoroquinolones,2.73081924,J01M
2016,FR,France,Klebsiella pneumoniae,Fluoroquinolones,27.65546543,J01M
2016,HR,Croatia,Klebsiella pneumoniae,Fluoroquinolones,43.39622641,J01M
2016,HU,Hungary,Klebsiella pneumoniae,Fluoroquinolones,35.20336605,J01M
2016,IE,Ireland,Klebsiella pneumoniae,Fluoroquinolones,11.25827814,J01M
2016,IS,Iceland,Klebsiella pneumoniae,Fluoroquinolones,0.0,J01M
2016,IT,Italy,Klebsiella pneumoniae,Fluoroquinolones,56.04982206,J01M
2016,LT,Lithuania,Klebsiella pneumoniae,Fluoroquinolones,54.62962962,J01M
2016,LU,Luxembourg,Klebsiella pneumoniae,Fluoroquinolones,35.89743589,J01M
2016,LV,Latvia,Klebsiella pneumoniae,Fluoroquinolones,41.75824175,J01M
2016,MT,Malta,Klebsiella pneumoniae,Fluoroquinolones,33.33333333,J01M
2016,NL,Netherlands,Klebsiella pneumoniae,Fluoroquinolones,7.12121212,J01M
2016,NO,Norway,Klebsiella pneumoniae,Fluoroquinolones,4.33168316,J01M
2016,PL,Poland,Klebsiella pneumoniae,Fluoroquinolones,66.84539767,J01M
2016,PT,Portugal,Klebsiella pneumoniae,Fluoroquinolones,41.70212765,J01M
2016,RO,Romania,Klebsiella pneumoniae,Fluoroquinolones,60.81871345,J01M
2016,SE,Sweden,Klebsiella pneumoniae,Fluoroquinolones,5.41422048,J01M
2016,SI,Slovenia,Klebsiella pneumoniae,Fluoroquinolones,29.58801498,J01M
2016,SK,Slovakia,Klebsiella pneumoniae,Fluoroquinolones,66.30901287,J01M
2016,UK,United Kingdom,Klebsiella pneumoniae,Fluoroquinolones,7.47847478,J01M
2017,AT,Austria,Klebsiella pneumoniae,Fluoroquinolones,14.21098517,J01M
2017,BE,Belgium,Klebsiella pneumoniae,Fluoroquinolones,23.66127023,J01M
2017,BG,Bulgaria,Klebsiella pneumoniae,Fluoroquinolones,59.7633136,J01M
2017,CY,Cyprus,Klebsiella pneumoniae,Fluoroquinolones,35.2112676,J01M
2017,CZ,Czechia,Klebsiella pneumoniae,Fluoroquinolones,49.20993227,J01M
2017,DE,Germany,Klebsiella pneumoniae,Fluoroquinolones,15.32278973,J01M
2017,DK,Denmark,Klebsiella pneumoniae,Fluoroquinolones,9.1293322,J01M
2017,EE,Estonia,Klebsiella pneumoniae,Fluoroquinolones,24.84472049,J01M
2017,EL,Greece,Klebsiella pneumoniae,Fluoroquinolones,66.93907875,J01M
2017,ES,Spain,Klebsiella pneumoniae,Fluoroquinolones,22.54374158,J01M
2017,FI,Finland,Klebsiella pneumoniae,Fluoroquinolones,7.93650793,J01M
2017,FR,France,Klebsiella pneumoniae,Fluoroquinolones,26.78447678,J01M
2017,HR,Croatia,Klebsiella pneumoniae,Fluoroquinolones,40.77669902,J01M
2017,HU,Hungary,Klebsiella pneumoniae,Fluoroquinolones,41.45985401,J01M
2017,IE,Ireland,Klebsiella pneumoniae,Fluoroquinolones,14.85355648,J01M
2017,IS,Iceland,Klebsiella pneumoniae,Fluoroquinolones,,J01M
2017,IT,Italy,Klebsiella pneumoniae,Fluoroquinolones,55.73770491,J01M
2017,LT,Lithuania,Klebsiella pneumoniae,Fluoroquinolones,64.72392638,J01M
2017,LU,Luxembourg,Klebsiella pneumoniae,Fluoroquinolones,28.28282828,J01M
2017,LV,Latvia,Klebsiella pneumoniae,Fluoroquinolones,32.75862068,J01M
2017,MT,Malta,Klebsiella pneumoniae,Fluoroquinolones,39.31623931,J01M
2017,NL,Netherlands,Klebsiella pneumoniae,Fluoroquinolones,11.7293233,J01M
2017,NO,Norway,Klebsiella pneumoniae,Fluoroquinolones,10.24327784,J01M
2017,PL,Poland,Klebsiella pneumoniae,Fluoroquinolones,66.30581867,J01M
2017,PT,Portugal,Klebsiella pneumoniae,Fluoroquinolones,45.6871345,J01M
2017,RO,Romania,Klebsiella pneumoniae,Fluoroquinolones,64.09495548,J01M
2017,SE,Sweden,Klebsiella pneumoniae,Fluoroquinolones,9.76789168,J01M
2017,SI,Slovenia,Klebsiella pneumoniae,Fluoroquinolones,30.39215686,J01M
2017,SK,Slovakia,Klebsiella pneumoniae,Fluoroquinolones,66.73819742,J01M
2017,UK,United Kingdom,Klebsiella pneumoniae,Fluoroquinolones,9.27640279,J01M
2018,AT,Austria,Klebsiella pneumoniae,Fluoroquinolones,13.18591318,J01M
2018,BE,Belgium,Klebsiella pneumoniae,Fluoroquinolones,22.63948497,J01M
2018,BG,Bulgaria,Klebsiella pneumoniae,Fluoroquinolones,62.69430051,J01M
2018,CY,Cyprus,Klebsiella pneumoniae,Fluoroquinolones,49.42528735,J01M
2018,CZ,Czechia,Klebsiella pneumoniae,Fluoroquinolones,47.23346828,J01M
2018,DE,Germany,Klebsiella pneumoniae,Fluoroquinolones,13.35012594,J01M
2018,DK,Denmark,Klebsiella pneumoniae,Fluoroquinolones,8.52228303,J01M
2018,EE,Estonia,Klebsiella pneumoniae,Fluoroquinolones,20.97560975,J01M
2018,EL,Greece,Klebsiella pneumoniae,Fluoroquinolones,68.07795698,J01M
2018,ES,Spain,Klebsiella pneumoniae,Fluoroquinolones,23.76751427,J01M
2018,FI,Finland,Klebsiella pneumoniae,Fluoroquinolones,6.31188118,J01M
2018,FR,France,Klebsiella pneumoniae,Fluoroquinolones,30.43043043,J01M
2018,HR,Croatia,Klebsiella pneumoniae,Fluoroquinolones,48.62385321,J01M
2018,HU,Hungary,Klebsiella pneumoniae,Fluoroquinolones,38.00475059,J01M
2018,IE,Ireland,Klebsiella pneumoniae,Fluoroquinolones,18.01242236,J01M
2018,IS,Iceland,Klebsiella pneumoniae,Fluoroquinolones,,J01M
2018,IT,Italy,Klebsiella pneumoniae,Fluoroquinolones,52.67732962,J01M
2018,LT,Lithuania,Klebsiella pneumoniae,Fluoroquinolones,56.75675675,J01M
2018,LU,Luxembourg,Klebsiella pneumoniae,Fluoroquinolones,24.70588235,J01M
2018,LV,Latvia,Klebsiella pneumoniae,Fluoroquinolones,38.5,J01M
2018,MT,Malta,Klebsiella pneumoniae,Fluoroquinolones,55.47445255,J01M
2018,NL,Netherlands,Klebsiella pneumoniae,Fluoroquinolones,11.63708086,J01M
2018,NO,Norway,Klebsiella pneumoniae,Fluoroquinolones,13.06122448,J01M
2018,PL,Poland,Klebsiella pneumoniae,Fluoroquinolones,68.18558409,J01M
2018,PT,Portugal,Klebsiella pneumoniae,Fluoroquinolones,43.78858024,J01M
2018,RO,Romania,Klebsiella pneumoniae,Fluoroquinolones,57.36961451,J01M
2018,SE,Sweden,Klebsiella pneumoniae,Fluoroquinolones,10.11959521,J01M
2018,SI,Slovenia,Klebsiella pneumoniae,Fluoroquinolones,27.33564013,J01M
2018,SK,Slovakia,Klebsiella pneumoniae,Fluoroquinolones,60.96579476,J01M
2018,UK,United Kingdom,Klebsiella pneumoniae,Fluoroquinolones,13.08928571,J01M
2019,AT,Austria,Klebsiella pneumoniae,Fluoroquinolones,15.67445365,J01M
2019,BE,Belgium,Klebsiella pneumoniae,Fluoroquinolones,19.81505944,J01M
2019,BG,Bulgaria,Klebsiella pneumoniae,Fluoroquinolones,60.6741573,J01M
2019,CY,Cyprus,Klebsiella pneumoniae,Fluoroquinolones,31.66666666,J01M
2019,CZ,Czechia,Klebsiella pneumoniae,Fluoroquinolones,48.71959026,J01M
2019,DE,Germany,Klebsiella pneumoniae,Fluoroquinolones,13.12831389,J01M
2019,DK,Denmark,Klebsiella pneumoniae,Fluoroquinolones,9.55180014,J01M
2019,EE,Estonia,Klebsiella pneumoniae,Fluoroquinolones,16.20111731,J01M
2019,EL,Greece,Klebsiella pneumoniae,Fluoroquinolones,66.88102893,J01M
2019,ES,Spain,Klebsiella pneumoniae,Fluoroquinolones,23.95789473,J01M
2019,FI,Finland,Klebsiella pneumoniae,Fluoroquinolones,7.28323699,J01M
2019,FR,France,Klebsiella pneumoniae,Fluoroquinolones,30.89405027,J01M
2019,HR,Croatia,Klebsiella pneumoniae,Fluoroquinolones,57.86163522,J01M
2019,HU,Hungary,Klebsiella pneumoniae,Fluoroquinolones,36.74367436,J01M
2019,IE,Ireland,Klebsiella pneumoniae,Fluoroquinolones,17.30038022,J01M
2019,IS,Iceland,Klebsiella pneumoniae,Fluoroquinolones,4.34782608,J01M
2019,IT,Italy,Klebsiella pneumoniae,Fluoroquinolones,54.69318772,J01M
2019,LT,Lithuania,Klebsiella pneumoniae,Fluoroquinolones,52.05479452,J01M
2019,LU,Luxembourg,Klebsiella pneumoniae,Fluoroquinolones,27.18446601,J01M
2019,LV,Latvia,Klebsiella pneumoniae,Fluoroquinolones,36.86868686,J01M
2019,MT,Malta,Klebsiella pneumoniae,Fluoroquinolones,44.18604651,J01M
2019,NL,Netherlands,Klebsiella pneumoniae,Fluoroquinolones,11.10335195,J01M
2019,NO,Norway,Klebsiella pneumoniae,Fluoroquinolones,8.77403846,J01M
2019,PL,Poland,Klebsiella pneumoniae,Fluoroquinolones,61.25970664,J01M
2019,PT,Portugal,Klebsiella pneumoniae,Fluoroquinolones,45.78402366,J01M
2019,RO,Romania,Klebsiella pneumoniae,Fluoroquinolones,61.99575371,J01M
2019,SE,Sweden,Klebsiella pneumoniae,Fluoroquinolones,10.50866405,J01M
2019,SI,Slovenia,Klebsiella pneumoniae,Fluoroquinolones,19.47194719,J01M
2019,SK,Slovakia,Klebsiella pneumoniae,Fluoroquinolones,56.94822888,J01M
2019,UK,United Kingdom,Klebsiella pneumoniae,Fluoroquinolones,12.7687665,J01M
2020,AT,Austria,Klebsiella pneumoniae,Fluoroquinolones,11.95748449,J01M
2020,BE,Belgium,Klebsiella pneumoniae,Fluoroquinolones,22.83205268,J01M
2020,BG,Bulgaria,Klebsiella pneumoniae,Fluoroquinolones,67.06827309,J01M
2020,CY,Cyprus,Klebsiella pneumoniae,Fluoroquinolones,50.0,J01M
2020,CZ,Czechia,Klebsiella pneumoniae,Fluoroquinolones,44.23337856,J01M
2020,DE,Germany,Klebsiella pneumoniae,Fluoroquinolones,11.65080954,J01M
2020,DK,Denmark,Klebsiella pneumoniae,Fluoroquinolones,7.56718528,J01M
2020,EE,Estonia,Klebsiella pneumoniae,Fluoroquinolones,17.25888324,J01M
2020,EL,Greece,Klebsiella pneumoniae,Fluoroquinolones,74.38016528,J01M
2020,ES,Spain,Klebsiella pneumoniae,Fluoroquinolones,25.69756975,J01M
2020,FI,Finland,Klebsiella pneumoniae,Fluoroquinolones,7.39081746,J01M
2020,FR,France,Klebsiella pneumoniae,Fluoroquinolones,28.05438912,J01M
2020,HR,Croatia,Klebsiella pneumoniae,Fluoroquinolones,54.10447761,J01M
2020,HU,Hungary,Klebsiella pneumoniae,Fluoroquinolones,40.79670329,J01M
2020,IE,Ireland,Klebsiella pneumoniae,Fluoroquinolones,17.0781893,J01M
2020,IS,Iceland,Klebsiella pneumoniae,Fluoroquinolones,0.0,J01M
2020,IT,Italy,Klebsiella pneumoniae,Fluoroquinolones,52.42752769,J01M
2020,LT,Lithuania,Klebsiella pneumoniae,Fluoroquinolones,45.27845036,J01M
2020,LU,Luxembourg,Klebsiella pneumoniae,Fluoroquinolones,31.03448275,J01M
2020,LV,Latvia,Klebsiella pneumoniae,Fluoroquinolones,41.4893617,J01M
2020,MT,Malta,Klebsiella pneumoniae,Fluoroquinolones,37.12121212,J01M
2020,NL,Netherlands,Klebsiella pneumoniae,Fluoroquinolones,13.11827956,J01M
2020,NO,Norway,Klebsiella pneumoniae,Fluoroquinolones,11.20689655,J01M
2020,PL,Poland,Klebsiella pneumoniae,Fluoroquinolones,65.16129032,J01M
2020,PT,Portugal,Klebsiella pneumoniae,Fluoroquinolones,42.67722202,J01M
2020,RO,Romania,Klebsiella pneumoniae,Fluoroquinolones,66.24472573,J01M
2020,SE,Sweden,Klebsiella pneumoniae,Fluoroquinolones,10.16393442,J01M
2020,SI,Slovenia,Klebsiella pneumoniae,Fluoroquinolones,24.74226804,J01M
2020,SK,Slovakia,Klebsiella pneumoniae,Fluoroquinolones,53.84615384,J01M
2021,AT,Austria,Klebsiella pneumoniae,Fluoroquinolones,12.04911742,J01M
2021,BE,Belgium,Klebsiella pneumoniae,Fluoroquinolones,19.00647948,J01M
2021,BG,Bulgaria,Klebsiella pneumoniae,Fluoroquinolones,71.07438016,J01M
2021,CY,Cyprus,Klebsiella pneumoniae,Fluoroquinolones,49.64539007,J01M
2021,CZ,Czechia,Klebsiella pneumoniae,Fluoroquinolones,42.76885043,J01M
2021,DE,Germany,Klebsiella pneumoniae,Fluoroquinolones,10.91560261,J01M
2021,DK,Denmark,Klebsiella pneumoniae,Fluoroquinolones,7.13224368,J01M
2021,EE,Estonia,Klebsiella pneumoniae,Fluoroquinolones,16.59574468,J01M
2021,EL,Greece,Klebsiella pneumoniae,Fluoroquinolones,79.97179125,J01M
2021,ES,Spain,Klebsiella pneumoniae,Fluoroquinolones,27.72140221,J01M
2021,FI,Finland,Klebsiella pneumoniae,Fluoroquinolones,5.45829042,J01M
2021,FR,France,Klebsiella pneumoniae,Fluoroquinolones,25.03579464,J01M
2021,HR,Croatia,Klebsiella pneumoniae,Fluoroquinolones,63.88888888,J01M
2021,HU,Hungary,Klebsiella pneumoniae,Fluoroquinolones,37.77372262,J01M
2021,IE,Ireland,Klebsiella pneumoniae,Fluoroquinolones,16.2,J01M
2021,IS,Iceland,Klebsiella pneumoniae,Fluoroquinolones,0.0,J01M
2021,IT,Italy,Klebsiella pneumoniae,Fluoroquinolones,50.74312216,J01M
2021,LT,Lithuania,Klebsiella pneumoniae,Fluoroquinolones,38.23529411,J01M
2021,LU,Luxembourg,Klebsiella pneumoniae,Fluoroquinolones,23.76237623,J01M
2021,LV,Latvia,Klebsiella pneumoniae,Fluoroquinolones,30.95238095,J01M
2021,MT,Malta,Klebsiella pneumoniae,Fluoroquinolones,34.81481481,J01M
2021,NL,Netherlands,Klebsiella pneumoniae,Fluoroquinolones,10.23622047,J01M
2021,NO,Norway,Klebsiella pneumoniae,Fluoroquinolones,11.76470588,J01M
2021,PL,Poland,Klebsiella pneumoniae,Fluoroquinolones,70.37815126,J01M
2021,PT,Portugal,Klebsiella pneumoniae,Fluoroquinolones,41.60246533,J01M
2021,RO,Romania,Klebsiella pneumoniae,Fluoroquinolones,67.1641791,J01M
2021,SE,Sweden,Klebsiella pneumoniae,Fluoroquinolones,11.06083459,J01M
2021,SI,Slovenia,Klebsiella pneumoniae,Fluoroquinolones,24.21652421,J01M
2021,SK,Slovakia,Klebsiella pneumoniae,Fluoroquinolones,64.9090909,J01M
2022,AT,Austria,Klebsiella pneumoniae,Fluoroquinolones,9.97464074,J01M
2022,BE,Belgium,Klebsiella pneumoniae,Fluoroquinolones,20.18038331,J01M
2022,BG,Bulgaria,Klebsiella pneumoniae,Fluoroquinolones,65.38461538,J01M
2022,CY,Cyprus,Klebsiella pneumoniae,Fluoroquinolones,53.92670157,J01M
2022,CZ,Czechia,Klebsiella pneumoniae,Fluoroquinolones,43.16239316,J01M
2022,DE,Germany,Klebsiella pneumoniae,Fluoroquinolones,11.91723767,J01M
2022,DK,Denmark,Klebsiella pneumoniae,Fluoroquinolones,7.58364312,J01M
2022,EE,Estonia,Klebsiella pneumoniae,Fluoroquinolones,16.17021276,J01M
2022,EL,Greece,Klebsiella pneumoniae,Fluoroquinolones,78.69034406,J01M
2022,ES,Spain,Klebsiella pneumoniae,Fluoroquinolones,28.83522727,J01M
2022,FI,Finland,Klebsiella pneumoniae,Fluoroquinolones,5.66750629,J01M
2022,FR,France,Klebsiella pneumoniae,Fluoroquinolones,24.58333333,J01M
2022,HR,Croatia,Klebsiella pneumoniae,Fluoroquinolones,53.71900826,J01M
2022,HU,Hungary,Klebsiella pneumoniae,Fluoroquinolones,39.55928646,J01M
2022,IE,Ireland,Klebsiella pneumoniae,Fluoroquinolones,9.87124463,J01M
2022,IS,Iceland,Klebsiella pneumoniae,Fluoroquinolones,9.375,J01M
2022,IT,Italy,Klebsiella pneumoniae,Fluoroquinolones,48.71015373,J01M
2022,LT,Lithuania,Klebsiella pneumoniae,Fluoroquinolones,39.88326848,J01M
2022,LU,Luxembourg,Klebsiella pneumoniae,Fluoroquinolones,21.36752136,J01M
2022,LV,Latvia,Klebsiella pneumoniae,Fluoroquinolones,33.10104529,J01M
2022,MT,Malta,Klebsiella pneumoniae,Fluoroquinolones,31.66666666,J01M
2022,NL,Netherlands,Klebsiella pneumoniae,Fluoroquinolones,12.63537906,J01M
2022,NO,Norway,Klebsiella pneumoniae,Fluoroquinolones,10.06535947,J01M
2022,PL,Poland,Klebsiella pneumoniae,Fluoroquinolones,60.55182699,J01M
2022,PT,Portugal,Klebsiella pneumoniae,Fluoroquinolones,40.6930693,J01M
2022,RO,Romania,Klebsiella pneumoniae,Fluoroquinolones,60.35598705,J01M
2022,SE,Sweden,Klebsiella pneumoniae,Fluoroquinolones,12.34280391,J01M
2022,SI,Slovenia,Klebsiella pneumoniae,Fluoroquinolones,22.04301075,J01M
2022,SK,Slovakia,Klebsiella pneumoniae,Fluoroquinolones,47.92176039,J01M
2023,AT,Austria,Klebsiella pneumoniae,Fluoroquinolones,13.89102072,J01M
2023,BE,Belgium,Klebsiella pneumoniae,Fluoroquinolones,21.88139059,J01M
2023,BG,Bulgaria,Klebsiella pneumoniae,Fluoroquinolones,73.33333333,J01M
2023,CY,Cyprus,Klebsiella pneumoniae,Fluoroquinolones,55.0,J01M
2023,CZ,Czechia,Klebsiella pneumoniae,Fluoroquinolones,37.86698621,J01M
2023,DE,Germany,Klebsiella pneumoniae,Fluoroquinolones,11.70016027,J01M
2023,DK,Denmark,Klebsiella pneumoniae,Fluoroquinolones,7.09169054,J01M
2023,EE,Estonia,Klebsiella pneumoniae,Fluoroquinolones,16.83501683,J01M
2023,EL,Greece,Klebsiella pneumoniae,Fluoroquinolones,76.91597414,J01M
2023,ES,Spain,Klebsiella pneumoniae,Fluoroquinolones,25.91765081,J01M
2023,FI,Finland,Klebsiella pneumoniae,Fluoroquinolones,8.94085281,J01M
2023,HR,Croatia,Klebsiella pneumoniae,Fluoroquinolones,56.63716814,J01M
2023,HU,Hungary,Klebsiella pneumoniae,Fluoroquinolones,38.01580333,J01M
2023,IE,Ireland,Klebsiella pneumoniae,Fluoroquinolones,15.50802139,J01M
2023,IS,Iceland,Klebsiella pneumoniae,Fluoroquinolones,11.36363636,J01M
2023,IT,Italy,Klebsiella pneumoniae,Fluoroquinolones,50.07750793,J01M
2023,LI,Liechtenstein,Klebsiella pneumoniae,Fluoroquinolones,,J01M
2023,LT,Lithuania,Klebsiella pneumoniae,Fluoroquinolones,42.10526315,J01M
2023,LU,Luxembourg,Klebsiella pneumoniae,Fluoroquinolones,18.82352941,J01M
2023,LV,Latvia,Klebsiella pneumoniae,Fluoroquinolones,36.59574468,J01M
2023,MT,Malta,Klebsiella pneumoniae,Fluoroquinolones,29.25170068,J01M
2023,NL,Netherlands,Klebsiella pneumoniae,Fluoroquinolones,11.30319148,J01M
2023,NO,Norway,Klebsiella pneumoniae,Fluoroquinolones,11.74968071,J01M
2023,PL,Poland,Klebsiella pneumoniae,Fluoroquinolones,63.64795918,J01M
2023,PT,Portugal,Klebsiella pneumoniae,Fluoroquinolones,44.18740849,J01M
2023,RO,Romania,Klebsiella pneumoniae,Fluoroquinolones,63.95721925,J01M
2023,SE,Sweden,Klebsiella pneumoniae,Fluoroquinolones,12.66821345,J01M
2023,SI,Slovenia,Klebsiella pneumoniae,Fluoroquinolones,27.13864306,J01M
2023,SK,Slovakia,Klebsiella pneumoniae,Fluoroquinolones,45.48387096,J01M
2024,AT,Austria,Klebsiella pneumoniae,Fluoroquinolones,12.53101736,J01M
2024,BE,Belgium,Klebsiella pneumoniae,Fluoroquinolones,23.15608919,J01M
2024,BG,Bulgaria,Klebsiella pneumoniae,Fluoroquinolones,80.25751072,J01M
2024,CY,Cyprus,Klebsiella pneumoniae,Fluoroquinolones,69.9386503,J01M
2024,CZ,Czechia,Klebsiella pneumoniae,Fluoroquinolones,35.0311262,J01M
2024,DE,Germany,Klebsiella pneumoniae,Fluoroquinolones,11.23317769,J01M
2024,DK,Denmark,Klebsiella pneumoniae,Fluoroquinolones,8.16181689,J01M
2024,EE,Estonia,Klebsiella pneumoniae,Fluoroquinolones,13.19444444,J01M
2024,EL,Greece,Klebsiella pneumoniae,Fluoroquinolones,69.85125858,J01M
2024,ES,Spain,Klebsiella pneumoniae,Fluoroquinolones,28.25221916,J01M
2024,FI,Finland,Klebsiella pneumoniae,Fluoroquinolones,7.14285714,J01M
2024,FR,France,Klebsiella pneumoniae,Fluoroquinolones,22.63910969,J01M
2024,HR,Croatia,Klebsiella pneumoniae,Fluoroquinolones,62.37424547,J01M
2024,HU,Hungary,Klebsiella pneumoniae,Fluoroquinolones,36.48,J01M
2024,IE,Ireland,Klebsiella pneumoniae,Fluoroquinolones,9.69072164,J01M
2024,IS,Iceland,Klebsiella pneumoniae,Fluoroquinolones,0.0,J01M
2024,IT,Italy,Klebsiella pneumoniae,Fluoroquinolones,47.68478763,J01M
2024,LI,Liechtenstein,Klebsiella pneumoniae,Fluoroquinolones,,J01M
2024,LT,Lithuania,Klebsiella pneumoniae,Fluoroquinolones,44.38280166,J01M
2024,LU,Luxembourg,Klebsiella pneumoniae,Fluoroquinolones,15.55555555,J01M
2024,LV,Latvia,Klebsiella pneumoniae,Fluoroquinolones,45.58404558,J01M
2024,MT,Malta,Klebsiella pneumoniae,Fluoroquinolones,31.25,J01M
2024,NL,Netherlands,Klebsiella pneumoniae,Fluoroquinolones,14.51612903,J01M
2024,NO,Norway,Klebsiella pneumoniae,Fluoroquinolones,11.33333333,J01M
2024,PL,Poland,Klebsiella pneumoniae,Fluoroquinolones,57.37623762,J01M
2024,PT,Portugal,Klebsiella pneumoniae,Fluoroquinolones,39.5669824,J01M
2024,RO,Romania,Klebsiella pneumoniae,Fluoroquinolones,64.51335055,J01M
2024,SE,Sweden,Klebsiella pneumoniae,Fluoroquinolones,13.55177993,J01M
2024,SI,Slovenia,Klebsiella pneumoniae,Fluoroquinolones,20.73863636,J01M
2024,SK,Slovakia,Klebsiella pneumoniae,Fluoroquinolones,50.13192612,J01M
