Country,Year,Bacteria,Antibiotic group,Resistance,Consumption
Bulgaria,2012,Acinetobacter spp.,Aminoglucósidos,58.46153846,0.2826
Cyprus,2012,Acinetobacter spp.,Aminoglucósidos,52.17391304,0.0776
Germany,2012,Acinetobacter spp.,Aminoglucósidos,5.88235294,
Denmark,2012,Acinetobacter spp.,Aminoglucósidos,10.38961038,0.0585
Greece,2012,Acinetobacter spp.,Aminoglucósidos,78.11993517,0.1423
France,2012,Acinetobacter spp.,Aminoglucósidos,12.94964028,0.0908
Hungary,2012,Acinetobacter spp.,Aminoglucósidos,68.79606879,0.0425
Iceland,2012,Acinetobacter spp.,Aminoglucósidos,,0.0238
Italy,2012,Acinetobacter spp.,Aminoglucósidos,83.33333333,0.09
Luxembourg,2012,Acinetobacter spp.,Aminoglucósidos,,0.0705
Malta,2012,Acinetobacter spp.,Aminoglucósidos,,0.0637
Netherlands,2012,Acinetobacter spp.,Aminoglucósidos,4.54545454,0.0796
Norway,2012,Acinetobacter spp.,Aminoglucósidos,4.0,0.0733
Poland,2012,Acinetobacter spp.,Aminoglucósidos,70.14218009,
Portugal,2012,Acinetobacter spp.,Aminoglucósidos,65.08875739,0.0772
Romania,2012,Acinetobacter spp.,Aminoglucósidos,57.4074074,0.418
Slovenia,2012,Acinetobacter spp.,Aminoglucósidos,20.0,0.0559
United Kingdom,2012,Acinetobacter spp.,Aminoglucósidos,2.77777777,
Austria,2013,Acinetobacter spp.,Aminoglucósidos,9.80392156,
Belgium,2013,Acinetobacter spp.,Aminoglucósidos,,0.0503
Bulgaria,2013,Acinetobacter spp.,Aminoglucósidos,58.24175824,0.2665
Cyprus,2013,Acinetobacter spp.,Aminoglucósidos,60.6060606,0.0645
Czechia,2013,Acinetobacter spp.,Aminoglucósidos,15.38461538,
Germany,2013,Acinetobacter spp.,Aminoglucósidos,6.11111111,
Denmark,2013,Acinetobacter spp.,Aminoglucósidos,1.33333333,0.0534
Greece,2013,Acinetobacter spp.,Aminoglucósidos,82.04182041,0.1231
Spain,2013,Acinetobacter spp.,Aminoglucósidos,68.83116883,
Finland,2013,Acinetobacter spp.,Aminoglucósidos,0.0,0.0084
France,2013,Acinetobacter spp.,Aminoglucósidos,11.24694376,0.0885
Croatia,2013,Acinetobacter spp.,Aminoglucósidos,84.07079646,0.1009
Hungary,2013,Acinetobacter spp.,Aminoglucósidos,63.21353065,0.0419
Ireland,2013,Acinetobacter spp.,Aminoglucósidos,1.13636363,0.0705
Italy,2013,Acinetobacter spp.,Aminoglucósidos,81.79824561,0.0741
Luxembourg,2013,Acinetobacter spp.,Aminoglucósidos,,0.0573
Malta,2013,Acinetobacter spp.,Aminoglucósidos,,0.0859
Netherlands,2013,Acinetobacter spp.,Aminoglucósidos,2.94117647,0.0794
Norway,2013,Acinetobacter spp.,Aminoglucósidos,2.77777777,0.0697
Poland,2013,Acinetobacter spp.,Aminoglucósidos,73.29842931,
Portugal,2013,Acinetobacter spp.,Aminoglucósidos,56.27705627,0.0756
Romania,2013,Acinetobacter spp.,Aminoglucósidos,80.2919708,0.3865
Sweden,2013,Acinetobacter spp.,Aminoglucósidos,8.1081081,0.027
Slovenia,2013,Acinetobacter spp.,Aminoglucósidos,16.0,0.0522
Slovakia,2013,Acinetobacter spp.,Aminoglucósidos,42.78074866,0.0817
United Kingdom,2013,Acinetobacter spp.,Aminoglucósidos,2.45398773,0.1258
Austria,2014,Acinetobacter spp.,Aminoglucósidos,8.86075949,
Belgium,2014,Acinetobacter spp.,Aminoglucósidos,,0.0425
Bulgaria,2014,Acinetobacter spp.,Aminoglucósidos,60.91954022,0.2865
Cyprus,2014,Acinetobacter spp.,Aminoglucósidos,73.68421052,0.0567
Czechia,2014,Acinetobacter spp.,Aminoglucósidos,10.16949152,
Germany,2014,Acinetobacter spp.,Aminoglucósidos,4.0609137,
Denmark,2014,Acinetobacter spp.,Aminoglucósidos,1.66666666,0.0401
Greece,2014,Acinetobacter spp.,Aminoglucósidos,83.875,0.1358
Spain,2014,Acinetobacter spp.,Aminoglucósidos,58.75,
Finland,2014,Acinetobacter spp.,Aminoglucósidos,3.22580645,0.0055
France,2014,Acinetobacter spp.,Aminoglucósidos,8.31295843,0.0929
Croatia,2014,Acinetobacter spp.,Aminoglucósidos,82.53012048,0.1366
Hungary,2014,Acinetobacter spp.,Aminoglucósidos,59.45945945,0.0416
Ireland,2014,Acinetobacter spp.,Aminoglucósidos,2.24719101,0.0614
Iceland,2014,Acinetobacter spp.,Aminoglucósidos,,
Italy,2014,Acinetobacter spp.,Aminoglucósidos,88.28828828,0.0712
Lithuania,2014,Acinetobacter spp.,Aminoglucósidos,80.0,0.1002
Luxembourg,2014,Acinetobacter spp.,Aminoglucósidos,,0.0786
Latvia,2014,Acinetobacter spp.,Aminoglucósidos,69.23076923,0.0934
Malta,2014,Acinetobacter spp.,Aminoglucósidos,,0.1063
Netherlands,2014,Acinetobacter spp.,Aminoglucósidos,7.60869565,0.0736
Norway,2014,Acinetobacter spp.,Aminoglucósidos,3.03030303,0.0712
Poland,2014,Acinetobacter spp.,Aminoglucósidos,58.51063829,0.0934
Portugal,2014,Acinetobacter spp.,Aminoglucósidos,42.26415094,0.0695
Romania,2014,Acinetobacter spp.,Aminoglucósidos,77.86885245,0.4008
Sweden,2014,Acinetobacter spp.,Aminoglucósidos,2.77777777,0.0267
Slovenia,2014,Acinetobacter spp.,Aminoglucósidos,32.35294117,0.062
Slovakia,2014,Acinetobacter spp.,Aminoglucósidos,40.58823529,0.0835
United Kingdom,2014,Acinetobacter spp.,Aminoglucósidos,10.07751937,0.128
Austria,2015,Acinetobacter spp.,Aminoglucósidos,6.34920634,
Belgium,2015,Acinetobacter spp.,Aminoglucósidos,,0.04
Bulgaria,2015,Acinetobacter spp.,Aminoglucósidos,74.13793103,0.2841
Cyprus,2015,Acinetobacter spp.,Aminoglucósidos,74.57627118,0.0634
Czechia,2015,Acinetobacter spp.,Aminoglucósidos,15.0,
Germany,2015,Acinetobacter spp.,Aminoglucósidos,5.43806646,
Denmark,2015,Acinetobacter spp.,Aminoglucósidos,4.76190476,0.0405
Estonia,2015,Acinetobacter spp.,Aminoglucósidos,,0.0436
Greece,2015,Acinetobacter spp.,Aminoglucósidos,83.7037037,0.1182
Spain,2015,Acinetobacter spp.,Aminoglucósidos,48.95833333,
Finland,2015,Acinetobacter spp.,Aminoglucósidos,2.38095238,0.0155
France,2015,Acinetobacter spp.,Aminoglucósidos,11.13689095,0.0915
Croatia,2015,Acinetobacter spp.,Aminoglucósidos,88.32487309,0.1013
Hungary,2015,Acinetobacter spp.,Aminoglucósidos,60.64516129,0.0403
Ireland,2015,Acinetobacter spp.,Aminoglucósidos,3.75,0.0877
Iceland,2015,Acinetobacter spp.,Aminoglucósidos,,
Italy,2015,Acinetobacter spp.,Aminoglucósidos,74.69512195,0.285
Lithuania,2015,Acinetobacter spp.,Aminoglucósidos,90.4109589,0.1047
Luxembourg,2015,Acinetobacter spp.,Aminoglucósidos,,0.0563
Latvia,2015,Acinetobacter spp.,Aminoglucósidos,59.01639344,0.09
Malta,2015,Acinetobacter spp.,Aminoglucósidos,,0.1123
Netherlands,2015,Acinetobacter spp.,Aminoglucósidos,9.375,0.0731
Norway,2015,Acinetobacter spp.,Aminoglucósidos,9.375,0.0733
Poland,2015,Acinetobacter spp.,Aminoglucósidos,70.20408163,0.0858
Portugal,2015,Acinetobacter spp.,Aminoglucósidos,46.4516129,0.0689
Romania,2015,Acinetobacter spp.,Aminoglucósidos,80.85106382,0.3635
Sweden,2015,Acinetobacter spp.,Aminoglucósidos,3.84615384,0.0152
Slovenia,2015,Acinetobacter spp.,Aminoglucósidos,41.93548387,0.0614
Slovakia,2015,Acinetobacter spp.,Aminoglucósidos,42.85714285,0.0919
United Kingdom,2015,Acinetobacter spp.,Aminoglucósidos,1.96078431,0.1228
Austria,2016,Acinetobacter spp.,Aminoglucósidos,16.04938271,
Belgium,2016,Acinetobacter spp.,Aminoglucósidos,1.51515151,0.0371
Bulgaria,2016,Acinetobacter spp.,Aminoglucósidos,81.01265822,0.2646
Cyprus,2016,Acinetobacter spp.,Aminoglucósidos,57.14285714,0.0691
Czechia,2016,Acinetobacter spp.,Aminoglucósidos,8.77192982,
Germany,2016,Acinetobacter spp.,Aminoglucósidos,2.98165137,
Denmark,2016,Acinetobacter spp.,Aminoglucósidos,0.0,0.0526
Estonia,2016,Acinetobacter spp.,Aminoglucósidos,,0.0327
Greece,2016,Acinetobacter spp.,Aminoglucósidos,84.96583143,0.1382
Spain,2016,Acinetobacter spp.,Aminoglucósidos,50.94339622,0.0867
Finland,2016,Acinetobacter spp.,Aminoglucósidos,3.57142857,0.0161
France,2016,Acinetobacter spp.,Aminoglucósidos,12.2494432,0.0889
Croatia,2016,Acinetobacter spp.,Aminoglucósidos,82.96703296,0.0973
Hungary,2016,Acinetobacter spp.,Aminoglucósidos,59.10224438,0.0393
Ireland,2016,Acinetobacter spp.,Aminoglucósidos,1.58730158,0.0885
Iceland,2016,Acinetobacter spp.,Aminoglucósidos,,
Italy,2016,Acinetobacter spp.,Aminoglucósidos,76.42045454,0.4862
Lithuania,2016,Acinetobacter spp.,Aminoglucósidos,82.75862068,0.0848
Luxembourg,2016,Acinetobacter spp.,Aminoglucósidos,,0.0564
Latvia,2016,Acinetobacter spp.,Aminoglucósidos,77.77777777,0.0819
Malta,2016,Acinetobacter spp.,Aminoglucósidos,,0.0873
Netherlands,2016,Acinetobacter spp.,Aminoglucósidos,3.05343511,0.0645
Norway,2016,Acinetobacter spp.,Aminoglucósidos,3.125,0.0725
Poland,2016,Acinetobacter spp.,Aminoglucósidos,72.60981912,0.0466
Portugal,2016,Acinetobacter spp.,Aminoglucósidos,39.32038834,0.066
Romania,2016,Acinetobacter spp.,Aminoglucósidos,89.47368421,0.2933
Sweden,2016,Acinetobacter spp.,Aminoglucósidos,5.88235294,0.0275
Slovenia,2016,Acinetobacter spp.,Aminoglucósidos,43.33333333,0.0637
Slovakia,2016,Acinetobacter spp.,Aminoglucósidos,40.86956521,0.0784
United Kingdom,2016,Acinetobacter spp.,Aminoglucósidos,3.3444816,0.12
Austria,2017,Acinetobacter spp.,Aminoglucósidos,9.33333333,
Belgium,2017,Acinetobacter spp.,Aminoglucósidos,13.13131313,0.0354
Bulgaria,2017,Acinetobacter spp.,Aminoglucósidos,89.13043478,0.2594
Cyprus,2017,Acinetobacter spp.,Aminoglucósidos,76.0,0.0732
Czechia,2017,Acinetobacter spp.,Aminoglucósidos,12.72727272,
Germany,2017,Acinetobacter spp.,Aminoglucósidos,3.41365461,
Denmark,2017,Acinetobacter spp.,Aminoglucósidos,0.0,0.0591
Estonia,2017,Acinetobacter spp.,Aminoglucósidos,,0.0416
Greece,2017,Acinetobacter spp.,Aminoglucósidos,85.62030075,0.1366
Spain,2017,Acinetobacter spp.,Aminoglucósidos,52.17391304,0.0808
Finland,2017,Acinetobacter spp.,Aminoglucósidos,0.0,0.014
France,2017,Acinetobacter spp.,Aminoglucósidos,9.07172995,0.0804
Croatia,2017,Acinetobacter spp.,Aminoglucósidos,83.98058252,0.0951
Hungary,2017,Acinetobacter spp.,Aminoglucósidos,56.14525139,0.0391
Ireland,2017,Acinetobacter spp.,Aminoglucósidos,3.22580645,0.1013
Iceland,2017,Acinetobacter spp.,Aminoglucósidos,,0.0254
Italy,2017,Acinetobacter spp.,Aminoglucósidos,76.07655502,0.0683
Lithuania,2017,Acinetobacter spp.,Aminoglucósidos,81.39534883,0.0741
Luxembourg,2017,Acinetobacter spp.,Aminoglucósidos,,0.0601
Latvia,2017,Acinetobacter spp.,Aminoglucósidos,78.78787878,0.0792
Malta,2017,Acinetobacter spp.,Aminoglucósidos,,0.0804
Netherlands,2017,Acinetobacter spp.,Aminoglucósidos,3.07692307,0.0557
Norway,2017,Acinetobacter spp.,Aminoglucósidos,0.0,0.0838
Poland,2017,Acinetobacter spp.,Aminoglucósidos,72.6744186,0.0788
Portugal,2017,Acinetobacter spp.,Aminoglucósidos,28.57142857,0.0613
Romania,2017,Acinetobacter spp.,Aminoglucósidos,83.60655737,0.2131
Sweden,2017,Acinetobacter spp.,Aminoglucósidos,0.0,0.0269
Slovenia,2017,Acinetobacter spp.,Aminoglucósidos,41.66666666,0.0624
Slovakia,2017,Acinetobacter spp.,Aminoglucósidos,40.0,0.0859
United Kingdom,2017,Acinetobacter spp.,Aminoglucósidos,4.55696202,0.1298
Austria,2018,Acinetobacter spp.,Aminoglucósidos,8.69565217,
Belgium,2018,Acinetobacter spp.,Aminoglucósidos,7.37704918,0.0332
Bulgaria,2018,Acinetobacter spp.,Aminoglucósidos,73.63636363,0.2683
Cyprus,2018,Acinetobacter spp.,Aminoglucósidos,75.43859649,0.0825
Czechia,2018,Acinetobacter spp.,Aminoglucósidos,21.97802197,
Germany,2018,Acinetobacter spp.,Aminoglucósidos,3.41365461,
Denmark,2018,Acinetobacter spp.,Aminoglucósidos,7.54716981,0.0538
Estonia,2018,Acinetobacter spp.,Aminoglucósidos,,0.0315
Greece,2018,Acinetobacter spp.,Aminoglucósidos,81.55533399,0.1421
Spain,2018,Acinetobacter spp.,Aminoglucósidos,49.38271604,0.0814
Finland,2018,Acinetobacter spp.,Aminoglucósidos,7.4074074,0.016
France,2018,Acinetobacter spp.,Aminoglucósidos,8.92116182,0.0718
Croatia,2018,Acinetobacter spp.,Aminoglucósidos,91.50326797,0.1
Hungary,2018,Acinetobacter spp.,Aminoglucósidos,48.68804664,0.0253
Ireland,2018,Acinetobacter spp.,Aminoglucósidos,3.57142857,0.1004
Iceland,2018,Acinetobacter spp.,Aminoglucósidos,,0.0265
Italy,2018,Acinetobacter spp.,Aminoglucósidos,76.99050401,0.0673
Lithuania,2018,Acinetobacter spp.,Aminoglucósidos,85.05747126,0.0645
Luxembourg,2018,Acinetobacter spp.,Aminoglucósidos,,0.0453
Latvia,2018,Acinetobacter spp.,Aminoglucósidos,60.41666666,0.0737
Malta,2018,Acinetobacter spp.,Aminoglucósidos,,0.0808
Netherlands,2018,Acinetobacter spp.,Aminoglucósidos,4.72972972,0.0546
Norway,2018,Acinetobacter spp.,Aminoglucósidos,0.0,0.0896
Poland,2018,Acinetobacter spp.,Aminoglucósidos,67.36842105,0.0765
Portugal,2018,Acinetobacter spp.,Aminoglucósidos,25.39682539,0.0595
Romania,2018,Acinetobacter spp.,Aminoglucósidos,80.0,0.1954
Sweden,2018,Acinetobacter spp.,Aminoglucósidos,5.45454545,0.0248
Slovenia,2018,Acinetobacter spp.,Aminoglucósidos,20.51282051,0.0597
Slovakia,2018,Acinetobacter spp.,Aminoglucósidos,44.44444444,0.121
United Kingdom,2018,Acinetobacter spp.,Aminoglucósidos,5.09641873,0.1312
Austria,2019,Acinetobacter spp.,Aminoglucósidos,7.31707317,0.0299
Belgium,2019,Acinetobacter spp.,Aminoglucósidos,3.52941176,0.0337
Bulgaria,2019,Acinetobacter spp.,Aminoglucósidos,78.03030303,0.2665
Cyprus,2019,Acinetobacter spp.,Aminoglucósidos,84.375,0.0764
Czechia,2019,Acinetobacter spp.,Aminoglucósidos,33.68421052,0.0869
Germany,2019,Acinetobacter spp.,Aminoglucósidos,4.18604651,
Denmark,2019,Acinetobacter spp.,Aminoglucósidos,2.77777777,0.0608
Estonia,2019,Acinetobacter spp.,Aminoglucósidos,,0.0241
Greece,2019,Acinetobacter spp.,Aminoglucósidos,88.65979381,0.1416
Spain,2019,Acinetobacter spp.,Aminoglucósidos,46.9879518,0.0767
Finland,2019,Acinetobacter spp.,Aminoglucósidos,0.0,0.0166
France,2019,Acinetobacter spp.,Aminoglucósidos,14.58773784,0.0687
Croatia,2019,Acinetobacter spp.,Aminoglucósidos,92.14285714,0.0904
Hungary,2019,Acinetobacter spp.,Aminoglucósidos,50.59665871,0.0295
Ireland,2019,Acinetobacter spp.,Aminoglucósidos,1.75438596,0.1048
Iceland,2019,Acinetobacter spp.,Aminoglucósidos,,0.0254
Italy,2019,Acinetobacter spp.,Aminoglucósidos,78.80268784,0.0579
Lithuania,2019,Acinetobacter spp.,Aminoglucósidos,83.17757009,0.0645
Luxembourg,2019,Acinetobacter spp.,Aminoglucósidos,,0.0431
Latvia,2019,Acinetobacter spp.,Aminoglucósidos,68.18181818,0.0648
Malta,2019,Acinetobacter spp.,Aminoglucósidos,,0.0972
Netherlands,2019,Acinetobacter spp.,Aminoglucósidos,3.22580645,0.0499
Norway,2019,Acinetobacter spp.,Aminoglucósidos,4.34782608,0.0958
Poland,2019,Acinetobacter spp.,Aminoglucósidos,70.79365079,0.0713
Portugal,2019,Acinetobacter spp.,Aminoglucósidos,24.73118279,0.0573
Romania,2019,Acinetobacter spp.,Aminoglucósidos,83.81742738,0.186
Sweden,2019,Acinetobacter spp.,Aminoglucósidos,5.30973451,0.0236
Slovenia,2019,Acinetobacter spp.,Aminoglucósidos,25.0,0.0615
Slovakia,2019,Acinetobacter spp.,Aminoglucósidos,46.39175257,0.082
United Kingdom,2019,Acinetobacter spp.,Aminoglucósidos,5.13176144,0.132
Austria,2020,Acinetobacter spp.,Aminoglucósidos,7.57575757,0.0256
Belgium,2020,Acinetobacter spp.,Aminoglucósidos,2.7027027,0.0315
Bulgaria,2020,Acinetobacter spp.,Aminoglucósidos,75.96899224,0.2734
Cyprus,2020,Acinetobacter spp.,Aminoglucósidos,77.58620689,0.0924
Czechia,2020,Acinetobacter spp.,Aminoglucósidos,34.14634146,0.0827
Germany,2020,Acinetobacter spp.,Aminoglucósidos,4.73588342,
Denmark,2020,Acinetobacter spp.,Aminoglucósidos,4.61538461,0.0458
Estonia,2020,Acinetobacter spp.,Aminoglucósidos,,0.024
Greece,2020,Acinetobacter spp.,Aminoglucósidos,90.37138927,0.1257
Spain,2020,Acinetobacter spp.,Aminoglucósidos,53.26086956,0.0771
Finland,2020,Acinetobacter spp.,Aminoglucósidos,2.7027027,0.0151
France,2020,Acinetobacter spp.,Aminoglucósidos,8.32072617,0.0599
Croatia,2020,Acinetobacter spp.,Aminoglucósidos,96.44444444,0.0719
Hungary,2020,Acinetobacter spp.,Aminoglucósidos,72.36842105,0.0361
Ireland,2020,Acinetobacter spp.,Aminoglucósidos,2.08333333,0.0779
Iceland,2020,Acinetobacter spp.,Aminoglucósidos,,0.0319
Italy,2020,Acinetobacter spp.,Aminoglucósidos,80.24839743,0.0563
Lithuania,2020,Acinetobacter spp.,Aminoglucósidos,86.2745098,0.0485
Luxembourg,2020,Acinetobacter spp.,Aminoglucósidos,,0.0219
Latvia,2020,Acinetobacter spp.,Aminoglucósidos,63.46153846,0.0602
Malta,2020,Acinetobacter spp.,Aminoglucósidos,,0.0541
Netherlands,2020,Acinetobacter spp.,Aminoglucósidos,1.34228187,0.0431
Norway,2020,Acinetobacter spp.,Aminoglucósidos,0.0,0.0846
Poland,2020,Acinetobacter spp.,Aminoglucósidos,70.79889807,0.0591
Portugal,2020,Acinetobacter spp.,Aminoglucósidos,12.5,0.0605
Romania,2020,Acinetobacter spp.,Aminoglucósidos,90.11857707,0.1589
Sweden,2020,Acinetobacter spp.,Aminoglucósidos,8.0,0.0224
Slovenia,2020,Acinetobacter spp.,Aminoglucósidos,25.0,0.0541
Slovakia,2020,Acinetobacter spp.,Aminoglucósidos,28.42105263,0.0716
Austria,2021,Acinetobacter spp.,Aminoglucósidos,10.66666666,0.0249
Belgium,2021,Acinetobacter spp.,Aminoglucósidos,5.22875816,0.0306
Bulgaria,2021,Acinetobacter spp.,Aminoglucósidos,81.56682027,0.2599
Cyprus,2021,Acinetobacter spp.,Aminoglucósidos,89.71962616,0.0865
Czechia,2021,Acinetobacter spp.,Aminoglucósidos,50.81967213,0.0762
Germany,2021,Acinetobacter spp.,Aminoglucósidos,4.18943533,
Denmark,2021,Acinetobacter spp.,Aminoglucósidos,7.0,0.0504
Estonia,2021,Acinetobacter spp.,Aminoglucósidos,,0.0218
Greece,2021,Acinetobacter spp.,Aminoglucósidos,91.41055949,0.1272
Spain,2021,Acinetobacter spp.,Aminoglucósidos,58.06451612,0.0774
Finland,2021,Acinetobacter spp.,Aminoglucósidos,2.12765957,0.0123
France,2021,Acinetobacter spp.,Aminoglucósidos,6.09212481,0.0549
Croatia,2021,Acinetobacter spp.,Aminoglucósidos,98.76543209,0.0878
Hungary,2021,Acinetobacter spp.,Aminoglucósidos,81.79916317,0.03
Ireland,2021,Acinetobacter spp.,Aminoglucósidos,3.125,0.0716
Iceland,2021,Acinetobacter spp.,Aminoglucósidos,,0.0219
Italy,2021,Acinetobacter spp.,Aminoglucósidos,86.41254226,0.0537
Lithuania,2021,Acinetobacter spp.,Aminoglucósidos,93.44729344,0.0487
Luxembourg,2021,Acinetobacter spp.,Aminoglucósidos,,0.023
Latvia,2021,Acinetobacter spp.,Aminoglucósidos,68.29268292,0.0438
Malta,2021,Acinetobacter spp.,Aminoglucósidos,,0.066
Netherlands,2021,Acinetobacter spp.,Aminoglucósidos,4.18848167,0.0434
Norway,2021,Acinetobacter spp.,Aminoglucósidos,2.38095238,0.0802
Poland,2021,Acinetobacter spp.,Aminoglucósidos,74.13793103,0.0586
Portugal,2021,Acinetobacter spp.,Aminoglucósidos,12.5,0.0603
Romania,2021,Acinetobacter spp.,Aminoglucósidos,91.07142857,0.1496
Sweden,2021,Acinetobacter spp.,Aminoglucósidos,5.07246376,0.0192
Slovenia,2021,Acinetobacter spp.,Aminoglucósidos,68.54838709,0.0542
Slovakia,2021,Acinetobacter spp.,Aminoglucósidos,61.9047619,0.0737
Austria,2022,Acinetobacter spp.,Aminoglucósidos,0.0,0.0209
Belgium,2022,Acinetobacter spp.,Aminoglucósidos,1.39860139,0.0289
Bulgaria,2022,Acinetobacter spp.,Aminoglucósidos,81.25,0.2358
Cyprus,2022,Acinetobacter spp.,Aminoglucósidos,82.17821782,0.0917
Czechia,2022,Acinetobacter spp.,Aminoglucósidos,37.64705882,0.0732
Germany,2022,Acinetobacter spp.,Aminoglucósidos,4.68521229,
Denmark,2022,Acinetobacter spp.,Aminoglucósidos,5.15463917,0.048
Estonia,2022,Acinetobacter spp.,Aminoglucósidos,,0.024
Greece,2022,Acinetobacter spp.,Aminoglucósidos,89.12901113,0.0832
Spain,2022,Acinetobacter spp.,Aminoglucósidos,32.96703296,0.0711
Finland,2022,Acinetobacter spp.,Aminoglucósidos,3.57142857,0.0108
France,2022,Acinetobacter spp.,Aminoglucósidos,7.001321,0.0507
Croatia,2022,Acinetobacter spp.,Aminoglucósidos,96.18055555,0.0909
Hungary,2022,Acinetobacter spp.,Aminoglucósidos,47.16636197,0.027
Ireland,2022,Acinetobacter spp.,Aminoglucósidos,1.49253731,0.0715
Iceland,2022,Acinetobacter spp.,Aminoglucósidos,,0.0204
Italy,2022,Acinetobacter spp.,Aminoglucósidos,85.00176865,0.0488
Lithuania,2022,Acinetobacter spp.,Aminoglucósidos,84.21052631,0.0597
Luxembourg,2022,Acinetobacter spp.,Aminoglucósidos,,0.0301
Latvia,2022,Acinetobacter spp.,Aminoglucósidos,57.53424657,0.044
Malta,2022,Acinetobacter spp.,Aminoglucósidos,,0.0488
Netherlands,2022,Acinetobacter spp.,Aminoglucósidos,2.01005025,0.0409
Norway,2022,Acinetobacter spp.,Aminoglucósidos,2.85714285,0.0866
Poland,2022,Acinetobacter spp.,Aminoglucósidos,61.33333333,0.0649
Portugal,2022,Acinetobacter spp.,Aminoglucósidos,21.18644067,0.0516
Romania,2022,Acinetobacter spp.,Aminoglucósidos,88.76404494,0.1646
Sweden,2022,Acinetobacter spp.,Aminoglucósidos,1.36054421,
Slovenia,2022,Acinetobacter spp.,Aminoglucósidos,43.33333333,0.0502
Slovakia,2022,Acinetobacter spp.,Aminoglucósidos,64.28571428,0.0642
Austria,2023,Acinetobacter spp.,Aminoglucósidos,8.45070422,0.0215
Belgium,2023,Acinetobacter spp.,Aminoglucósidos,4.69798657,0.0253
Bulgaria,2023,Acinetobacter spp.,Aminoglucósidos,86.33879781,0.2553
Cyprus,2023,Acinetobacter spp.,Aminoglucósidos,83.7037037,0.0
Czechia,2023,Acinetobacter spp.,Aminoglucósidos,35.16483516,0.0717
Germany,2023,Acinetobacter spp.,Aminoglucósidos,2.66836086,0.0209
Denmark,2023,Acinetobacter spp.,Aminoglucósidos,2.24719101,0.0499
Estonia,2023,Acinetobacter spp.,Aminoglucósidos,,0.0188
Greece,2023,Acinetobacter spp.,Aminoglucósidos,88.12580231,0.0827
Spain,2023,Acinetobacter spp.,Aminoglucósidos,32.89473684,0.0639
Finland,2023,Acinetobacter spp.,Aminoglucósidos,3.03030303,0.0103
Croatia,2023,Acinetobacter spp.,Aminoglucósidos,92.36641221,0.1136
Hungary,2023,Acinetobacter spp.,Aminoglucósidos,39.6713615,0.0353
Ireland,2023,Acinetobacter spp.,Aminoglucósidos,0.0,0.0702
Iceland,2023,Acinetobacter spp.,Aminoglucósidos,,0.0287
Italy,2023,Acinetobacter spp.,Aminoglucósidos,73.57072852,0.0508
Lithuania,2023,Acinetobacter spp.,Aminoglucósidos,82.5,0.0572
Luxembourg,2023,Acinetobacter spp.,Aminoglucósidos,,0.042
Latvia,2023,Acinetobacter spp.,Aminoglucósidos,50.64935064,0.04
Malta,2023,Acinetobacter spp.,Aminoglucósidos,0.0,0.0686
Netherlands,2023,Acinetobacter spp.,Aminoglucósidos,4.71698113,0.0409
Norway,2023,Acinetobacter spp.,Aminoglucósidos,2.5,0.0898
Poland,2023,Acinetobacter spp.,Aminoglucósidos,68.12933025,0.0638
Portugal,2023,Acinetobacter spp.,Aminoglucósidos,28.28947368,0.0492
Romania,2023,Acinetobacter spp.,Aminoglucósidos,82.45614035,0.1592
Sweden,2023,Acinetobacter spp.,Aminoglucósidos,1.30718954,
Slovenia,2023,Acinetobacter spp.,Aminoglucósidos,25.0,0.0478
Slovakia,2023,Acinetobacter spp.,Aminoglucósidos,47.36842105,0.0652
Austria,2024,Acinetobacter spp.,Aminoglucósidos,3.65853658,0.0199
Belgium,2024,Acinetobacter spp.,Aminoglucósidos,3.22580645,0.0239
Bulgaria,2024,Acinetobacter spp.,Aminoglucósidos,89.04761904,0.2679
Cyprus,2024,Acinetobacter spp.,Aminoglucósidos,80.99173553,0.0674
Czechia,2024,Acinetobacter spp.,Aminoglucósidos,20.58823529,0.0764
Germany,2024,Acinetobacter spp.,Aminoglucósidos,4.11111111,0.0201
Denmark,2024,Acinetobacter spp.,Aminoglucósidos,5.10204081,
Estonia,2024,Acinetobacter spp.,Aminoglucósidos,,0.0183
Greece,2024,Acinetobacter spp.,Aminoglucósidos,88.66599799,0.1191
Spain,2024,Acinetobacter spp.,Aminoglucósidos,21.25,0.0558
Finland,2024,Acinetobacter spp.,Aminoglucósidos,2.38095238,0.0081
France,2024,Acinetobacter spp.,Aminoglucósidos,3.8330494,0.0444
Croatia,2024,Acinetobacter spp.,Aminoglucósidos,89.6713615,0.0964
Hungary,2024,Acinetobacter spp.,Aminoglucósidos,44.13518886,0.0358
Ireland,2024,Acinetobacter spp.,Aminoglucósidos,1.75438596,0.0766
Iceland,2024,Acinetobacter spp.,Aminoglucósidos,,0.0286
Italy,2024,Acinetobacter spp.,Aminoglucósidos,69.1915977,0.0466
Lithuania,2024,Acinetobacter spp.,Aminoglucósidos,76.38888888,0.0517
Luxembourg,2024,Acinetobacter spp.,Aminoglucósidos,,0.0306
Latvia,2024,Acinetobacter spp.,Aminoglucósidos,65.0,0.0412
Malta,2024,Acinetobacter spp.,Aminoglucósidos,,0.0509
Netherlands,2024,Acinetobacter spp.,Aminoglucósidos,5.18867924,0.0433
Norway,2024,Acinetobacter spp.,Aminoglucósidos,1.75438596,0.0913
Poland,2024,Acinetobacter spp.,Aminoglucósidos,56.16740088,0.0602
Portugal,2024,Acinetobacter spp.,Aminoglucósidos,22.66666666,0.0491
Romania,2024,Acinetobacter spp.,Aminoglucósidos,89.87012987,0.1296
Sweden,2024,Acinetobacter spp.,Aminoglucósidos,3.28947368,
Slovenia,2024,Acinetobacter spp.,Aminoglucósidos,5.0,0.0518
Slovakia,2024,Acinetobacter spp.,Aminoglucósidos,37.23404255,0.0547
Bulgaria,2012,Acinetobacter spp.,β-lactámicos,60.34482758,3.2477
Cyprus,2012,Acinetobacter spp.,β-lactámicos,56.52173913,5.3563
Germany,2012,Acinetobacter spp.,β-lactámicos,6.61157024,
Denmark,2012,Acinetobacter spp.,β-lactámicos,9.375,0.3228
Greece,2012,Acinetobacter spp.,β-lactámicos,87.79904306,7.0922
France,2012,Acinetobacter spp.,β-lactámicos,3.34190231,2.6751
Hungary,2012,Acinetobacter spp.,β-lactámicos,48.0861244,2.0579
Iceland,2012,Acinetobacter spp.,β-lactámicos,,0.6883
Italy,2012,Acinetobacter spp.,β-lactámicos,83.11688311,2.7805
Luxembourg,2012,Acinetobacter spp.,β-lactámicos,,4.2558
Malta,2012,Acinetobacter spp.,β-lactámicos,,5.5131
Netherlands,2012,Acinetobacter spp.,β-lactámicos,5.81395348,0.2094
Norway,2012,Acinetobacter spp.,β-lactámicos,0.0,0.419
Poland,2012,Acinetobacter spp.,β-lactámicos,38.20754716,
Portugal,2012,Acinetobacter spp.,β-lactámicos,79.16666666,1.95
Romania,2012,Acinetobacter spp.,β-lactámicos,81.48148148,4.3611
Slovenia,2012,Acinetobacter spp.,β-lactámicos,24.0,0.6124
United Kingdom,2012,Acinetobacter spp.,β-lactámicos,2.5,
Austria,2013,Acinetobacter spp.,β-lactámicos,7.84313725,
Belgium,2013,Acinetobacter spp.,β-lactámicos,,1.9176
Bulgaria,2013,Acinetobacter spp.,β-lactámicos,59.55056179,3.5748
Cyprus,2013,Acinetobacter spp.,β-lactámicos,60.6060606,4.8523
Czechia,2013,Acinetobacter spp.,β-lactámicos,4.39560439,
Germany,2013,Acinetobacter spp.,β-lactámicos,8.88888888,
Denmark,2013,Acinetobacter spp.,β-lactámicos,1.63934426,0.3857
Greece,2013,Acinetobacter spp.,β-lactámicos,90.56603773,7.9211
Spain,2013,Acinetobacter spp.,β-lactámicos,75.78947368,
Finland,2013,Acinetobacter spp.,β-lactámicos,0.0,3.1894
France,2013,Acinetobacter spp.,β-lactámicos,5.91133004,2.5477
Croatia,2013,Acinetobacter spp.,β-lactámicos,89.47368421,3.4708
Hungary,2013,Acinetobacter spp.,β-lactámicos,50.1039501,2.1166
Ireland,2013,Acinetobacter spp.,β-lactámicos,2.35294117,1.5168
Italy,2013,Acinetobacter spp.,β-lactámicos,79.48717948,2.8955
Luxembourg,2013,Acinetobacter spp.,β-lactámicos,,4.4091
Malta,2013,Acinetobacter spp.,β-lactámicos,,5.7598
Netherlands,2013,Acinetobacter spp.,β-lactámicos,1.05263157,0.216
Norway,2013,Acinetobacter spp.,β-lactámicos,0.0,0.406
Poland,2013,Acinetobacter spp.,β-lactámicos,49.73544973,
Portugal,2013,Acinetobacter spp.,β-lactámicos,68.99563318,1.8339
Romania,2013,Acinetobacter spp.,β-lactámicos,85.40145985,4.8135
Sweden,2013,Acinetobacter spp.,β-lactámicos,5.55555555,0.3542
Slovenia,2013,Acinetobacter spp.,β-lactámicos,24.0,0.5946
Slovakia,2013,Acinetobacter spp.,β-lactámicos,45.77464788,5.1499
United Kingdom,2013,Acinetobacter spp.,β-lactámicos,2.01342281,0.4835
Austria,2014,Acinetobacter spp.,β-lactámicos,6.41025641,
Belgium,2014,Acinetobacter spp.,β-lactámicos,,1.8033
Bulgaria,2014,Acinetobacter spp.,β-lactámicos,59.09090909,4.1718
Cyprus,2014,Acinetobacter spp.,β-lactámicos,77.58620689,4.4708
Czechia,2014,Acinetobacter spp.,β-lactámicos,5.08474576,
Germany,2014,Acinetobacter spp.,β-lactámicos,5.47263681,
Denmark,2014,Acinetobacter spp.,β-lactámicos,1.61290322,0.42
Greece,2014,Acinetobacter spp.,β-lactámicos,93.22235434,7.793
Spain,2014,Acinetobacter spp.,β-lactámicos,65.38461538,
Finland,2014,Acinetobacter spp.,β-lactámicos,3.125,3.1434
France,2014,Acinetobacter spp.,β-lactámicos,2.49376558,2.3672
Croatia,2014,Acinetobacter spp.,β-lactámicos,87.34939759,3.3302
Hungary,2014,Acinetobacter spp.,β-lactámicos,44.46952595,2.1894
Ireland,2014,Acinetobacter spp.,β-lactámicos,1.26582278,1.2738
Iceland,2014,Acinetobacter spp.,β-lactámicos,,
Italy,2014,Acinetobacter spp.,β-lactámicos,89.93710691,2.7476
Lithuania,2014,Acinetobacter spp.,β-lactámicos,69.69696969,1.7069
Luxembourg,2014,Acinetobacter spp.,β-lactámicos,,3.9245
Latvia,2014,Acinetobacter spp.,β-lactámicos,78.84615384,1.1443
Malta,2014,Acinetobacter spp.,β-lactámicos,,4.8077
Netherlands,2014,Acinetobacter spp.,β-lactámicos,0.0,0.226
Norway,2014,Acinetobacter spp.,β-lactámicos,2.94117647,0.3758
Poland,2014,Acinetobacter spp.,β-lactámicos,53.43915343,2.7264
Portugal,2014,Acinetobacter spp.,β-lactámicos,53.05343511,1.8406
Romania,2014,Acinetobacter spp.,β-lactámicos,81.300813,5.3279
Sweden,2014,Acinetobacter spp.,β-lactámicos,3.84615384,0.3096
Slovenia,2014,Acinetobacter spp.,β-lactámicos,26.47058823,0.5828
Slovakia,2014,Acinetobacter spp.,β-lactámicos,32.91925465,5.0526
United Kingdom,2014,Acinetobacter spp.,β-lactámicos,1.66666666,0.4749
Austria,2015,Acinetobacter spp.,β-lactámicos,9.375,
Belgium,2015,Acinetobacter spp.,β-lactámicos,0.0,1.8261
Bulgaria,2015,Acinetobacter spp.,β-lactámicos,73.84615384,4.7507
Cyprus,2015,Acinetobacter spp.,β-lactámicos,83.05084745,5.2461
Czechia,2015,Acinetobacter spp.,β-lactámicos,6.66666666,
Germany,2015,Acinetobacter spp.,β-lactámicos,6.52818991,
Denmark,2015,Acinetobacter spp.,β-lactámicos,4.61538461,0.3237
Estonia,2015,Acinetobacter spp.,β-lactámicos,,1.7818
Greece,2015,Acinetobacter spp.,β-lactámicos,93.48931841,8.0391
Spain,2015,Acinetobacter spp.,β-lactámicos,53.68421052,
Finland,2015,Acinetobacter spp.,β-lactámicos,2.32558139,2.9905
France,2015,Acinetobacter spp.,β-lactámicos,5.60747663,2.4401
Croatia,2015,Acinetobacter spp.,β-lactámicos,89.0,3.2824
Hungary,2015,Acinetobacter spp.,β-lactámicos,55.24625267,2.3065
Ireland,2015,Acinetobacter spp.,β-lactámicos,5.95238095,1.3394
Iceland,2015,Acinetobacter spp.,β-lactámicos,,
Italy,2015,Acinetobacter spp.,β-lactámicos,78.31325301,2.6893
Lithuania,2015,Acinetobacter spp.,β-lactámicos,80.8219178,1.871
Luxembourg,2015,Acinetobacter spp.,β-lactámicos,,3.9899
Latvia,2015,Acinetobacter spp.,β-lactámicos,68.85245901,1.1852
Malta,2015,Acinetobacter spp.,β-lactámicos,,4.3403
Netherlands,2015,Acinetobacter spp.,β-lactámicos,4.25531914,0.2369
Norway,2015,Acinetobacter spp.,β-lactámicos,9.375,0.3534
Poland,2015,Acinetobacter spp.,β-lactámicos,65.57377049,3.2008
Portugal,2015,Acinetobacter spp.,β-lactámicos,57.65472312,1.9612
Romania,2015,Acinetobacter spp.,β-lactámicos,81.48148148,5.272
Sweden,2015,Acinetobacter spp.,β-lactámicos,2.94117647,0.3049
Slovenia,2015,Acinetobacter spp.,β-lactámicos,38.70967741,0.6132
Slovakia,2015,Acinetobacter spp.,β-lactámicos,28.16901408,5.4468
United Kingdom,2015,Acinetobacter spp.,β-lactámicos,0.75757575,0.4324
Austria,2016,Acinetobacter spp.,β-lactámicos,12.34567901,
Belgium,2016,Acinetobacter spp.,β-lactámicos,2.56410256,1.6934
Bulgaria,2016,Acinetobacter spp.,β-lactámicos,74.75728155,4.9631
Cyprus,2016,Acinetobacter spp.,β-lactámicos,71.42857142,5.1691
Czechia,2016,Acinetobacter spp.,β-lactámicos,1.75438596,
Germany,2016,Acinetobacter spp.,β-lactámicos,4.86725663,
Denmark,2016,Acinetobacter spp.,β-lactámicos,0.0,0.2938
Estonia,2016,Acinetobacter spp.,β-lactámicos,,1.7057
Greece,2016,Acinetobacter spp.,β-lactámicos,95.35423925,7.9505
Spain,2016,Acinetobacter spp.,β-lactámicos,62.26415094,2.6672
Finland,2016,Acinetobacter spp.,β-lactámicos,0.0,3.0142
France,2016,Acinetobacter spp.,β-lactámicos,7.11111111,2.2685
Croatia,2016,Acinetobacter spp.,β-lactámicos,94.47513812,2.9935
Hungary,2016,Acinetobacter spp.,β-lactámicos,58.60349127,2.3839
Ireland,2016,Acinetobacter spp.,β-lactámicos,0.0,1.3393
Iceland,2016,Acinetobacter spp.,β-lactámicos,,
Italy,2016,Acinetobacter spp.,β-lactámicos,78.49002849,2.5582
Lithuania,2016,Acinetobacter spp.,β-lactámicos,81.6091954,1.9721
Luxembourg,2016,Acinetobacter spp.,β-lactámicos,,3.9103
Latvia,2016,Acinetobacter spp.,β-lactámicos,73.1707317,1.209
Malta,2016,Acinetobacter spp.,β-lactámicos,,3.7945
Netherlands,2016,Acinetobacter spp.,β-lactámicos,0.0,0.2346
Norway,2016,Acinetobacter spp.,β-lactámicos,0.0,0.3347
Poland,2016,Acinetobacter spp.,β-lactámicos,65.98465473,3.1966
Portugal,2016,Acinetobacter spp.,β-lactámicos,51.94174757,1.9483
Romania,2016,Acinetobacter spp.,β-lactámicos,85.0,4.9421
Sweden,2016,Acinetobacter spp.,β-lactámicos,1.19047619,0.3027
Slovenia,2016,Acinetobacter spp.,β-lactámicos,43.33333333,0.6316
Slovakia,2016,Acinetobacter spp.,β-lactámicos,28.44036697,5.3712
United Kingdom,2016,Acinetobacter spp.,β-lactámicos,1.54109589,0.3954
Austria,2017,Acinetobacter spp.,β-lactámicos,6.66666666,
Belgium,2017,Acinetobacter spp.,β-lactámicos,6.870229,1.5439
Bulgaria,2017,Acinetobacter spp.,β-lactámicos,80.4347826,5.2069
Cyprus,2017,Acinetobacter spp.,β-lactámicos,76.0,5.8056
Czechia,2017,Acinetobacter spp.,β-lactámicos,12.72727272,
Germany,2017,Acinetobacter spp.,β-lactámicos,4.07407407,
Denmark,2017,Acinetobacter spp.,β-lactámicos,0.0,0.3292
Estonia,2017,Acinetobacter spp.,β-lactámicos,,1.7321
Greece,2017,Acinetobacter spp.,β-lactámicos,94.79452054,8.2038
Spain,2017,Acinetobacter spp.,β-lactámicos,66.30434782,2.673
Finland,2017,Acinetobacter spp.,β-lactámicos,2.7027027,2.778
France,2017,Acinetobacter spp.,β-lactámicos,6.18336886,1.9172
Croatia,2017,Acinetobacter spp.,β-lactámicos,96.15384615,3.0207
Hungary,2017,Acinetobacter spp.,β-lactámicos,52.51396648,2.4571
Ireland,2017,Acinetobacter spp.,β-lactámicos,6.34920634,1.2673
Iceland,2017,Acinetobacter spp.,β-lactámicos,,0.8906
Italy,2017,Acinetobacter spp.,β-lactámicos,78.68663594,2.3295
Lithuania,2017,Acinetobacter spp.,β-lactámicos,88.50574712,2.0706
Luxembourg,2017,Acinetobacter spp.,β-lactámicos,,2.8622
Latvia,2017,Acinetobacter spp.,β-lactámicos,79.4117647,1.3026
Malta,2017,Acinetobacter spp.,β-lactámicos,,3.3981
Netherlands,2017,Acinetobacter spp.,β-lactámicos,0.76923076,0.2437
Norway,2017,Acinetobacter spp.,β-lactámicos,0.0,0.3298
Poland,2017,Acinetobacter spp.,β-lactámicos,67.44186046,4.6313
Portugal,2017,Acinetobacter spp.,β-lactámicos,40.69767441,2.0369
Romania,2017,Acinetobacter spp.,β-lactámicos,87.36263736,4.9534
Sweden,2017,Acinetobacter spp.,β-lactámicos,0.0,0.2431
Slovenia,2017,Acinetobacter spp.,β-lactámicos,41.66666666,0.6829
Slovakia,2017,Acinetobacter spp.,β-lactámicos,31.66666666,5.0032
United Kingdom,2017,Acinetobacter spp.,β-lactámicos,2.81329923,0.398
Austria,2018,Acinetobacter spp.,β-lactámicos,4.39560439,
Belgium,2018,Acinetobacter spp.,β-lactámicos,3.78787878,1.6211
Bulgaria,2018,Acinetobacter spp.,β-lactámicos,74.54545454,5.6185
Cyprus,2018,Acinetobacter spp.,β-lactámicos,84.21052631,5.8835
Czechia,2018,Acinetobacter spp.,β-lactámicos,19.78021978,
Germany,2018,Acinetobacter spp.,β-lactámicos,4.36432637,
Denmark,2018,Acinetobacter spp.,β-lactámicos,6.38297872,0.2841
Estonia,2018,Acinetobacter spp.,β-lactámicos,,1.6866
Greece,2018,Acinetobacter spp.,β-lactámicos,92.39881539,8.421
Spain,2018,Acinetobacter spp.,β-lactámicos,54.32098765,2.7483
Finland,2018,Acinetobacter spp.,β-lactámicos,0.0,2.9027
France,2018,Acinetobacter spp.,β-lactámicos,6.53061224,1.7267
Croatia,2018,Acinetobacter spp.,β-lactámicos,95.48387096,3.0521
Hungary,2018,Acinetobacter spp.,β-lactámicos,55.18207282,2.4972
Ireland,2018,Acinetobacter spp.,β-lactámicos,1.66666666,1.3379
Iceland,2018,Acinetobacter spp.,β-lactámicos,,0.8615
Italy,2018,Acinetobacter spp.,β-lactámicos,79.24801156,2.5004
Lithuania,2018,Acinetobacter spp.,β-lactámicos,89.77272727,2.106
Luxembourg,2018,Acinetobacter spp.,β-lactámicos,,3.2871
Latvia,2018,Acinetobacter spp.,β-lactámicos,78.43137254,1.2226
Malta,2018,Acinetobacter spp.,β-lactámicos,,2.9381
Netherlands,2018,Acinetobacter spp.,β-lactámicos,4.72972972,0.2559
Norway,2018,Acinetobacter spp.,β-lactámicos,0.0,0.3234
Poland,2018,Acinetobacter spp.,β-lactámicos,67.26618705,3.4521
Portugal,2018,Acinetobacter spp.,β-lactámicos,30.70866141,2.0131
Romania,2018,Acinetobacter spp.,β-lactámicos,85.32110091,5.1711
Sweden,2018,Acinetobacter spp.,β-lactámicos,3.7037037,0.2363
Slovenia,2018,Acinetobacter spp.,β-lactámicos,17.94871794,0.626
Slovakia,2018,Acinetobacter spp.,β-lactámicos,43.9716312,6.701
United Kingdom,2018,Acinetobacter spp.,β-lactámicos,1.82072829,0.3823
Austria,2019,Acinetobacter spp.,β-lactámicos,7.4074074,1.9211
Belgium,2019,Acinetobacter spp.,β-lactámicos,0.0,1.5755
Bulgaria,2019,Acinetobacter spp.,β-lactámicos,71.96969696,5.4792
Cyprus,2019,Acinetobacter spp.,β-lactámicos,87.5,6.396
Czechia,2019,Acinetobacter spp.,β-lactámicos,30.52631578,2.5424
Germany,2019,Acinetobacter spp.,β-lactámicos,2.16450216,
Denmark,2019,Acinetobacter spp.,β-lactámicos,0.0,0.263
Estonia,2019,Acinetobacter spp.,β-lactámicos,,1.6934
Greece,2019,Acinetobacter spp.,β-lactámicos,92.34693877,8.1122
Spain,2019,Acinetobacter spp.,β-lactámicos,56.62650602,2.7597
Finland,2019,Acinetobacter spp.,β-lactámicos,0.0,2.6317
France,2019,Acinetobacter spp.,β-lactámicos,9.03490759,1.6074
Croatia,2019,Acinetobacter spp.,β-lactámicos,92.3076923,3.1098
Hungary,2019,Acinetobacter spp.,β-lactámicos,50.95693779,2.4429
Ireland,2019,Acinetobacter spp.,β-lactámicos,1.58730158,1.3766
Iceland,2019,Acinetobacter spp.,β-lactámicos,,0.7987
Italy,2019,Acinetobacter spp.,β-lactámicos,79.28211586,2.7281
Lithuania,2019,Acinetobacter spp.,β-lactámicos,85.18518518,2.1773
Luxembourg,2019,Acinetobacter spp.,β-lactámicos,,3.1866
Latvia,2019,Acinetobacter spp.,β-lactámicos,84.78260869,1.2716
Malta,2019,Acinetobacter spp.,β-lactámicos,,3.1156
Netherlands,2019,Acinetobacter spp.,β-lactámicos,0.80645161,0.2594
Norway,2019,Acinetobacter spp.,β-lactámicos,0.0,0.3082
Poland,2019,Acinetobacter spp.,β-lactámicos,70.97791798,4.0645
Portugal,2019,Acinetobacter spp.,β-lactámicos,31.11111111,2.039
Romania,2019,Acinetobacter spp.,β-lactámicos,88.25757575,5.3892
Sweden,2019,Acinetobacter spp.,β-lactámicos,3.57142857,0.2233
Slovenia,2019,Acinetobacter spp.,β-lactámicos,22.5,0.709
Slovakia,2019,Acinetobacter spp.,β-lactámicos,55.20833333,5.2639
United Kingdom,2019,Acinetobacter spp.,β-lactámicos,2.08913649,0.3728
Austria,2020,Acinetobacter spp.,β-lactámicos,7.24637681,1.4526
Belgium,2020,Acinetobacter spp.,β-lactámicos,1.25,1.1329
Bulgaria,2020,Acinetobacter spp.,β-lactámicos,82.94573643,5.2658
Cyprus,2020,Acinetobacter spp.,β-lactámicos,81.03448275,6.1889
Czechia,2020,Acinetobacter spp.,β-lactámicos,32.92682926,1.9058
Germany,2020,Acinetobacter spp.,β-lactámicos,3.13014827,
Denmark,2020,Acinetobacter spp.,β-lactámicos,4.6875,0.2401
Estonia,2020,Acinetobacter spp.,β-lactámicos,,1.534
Greece,2020,Acinetobacter spp.,β-lactámicos,94.59459459,6.3012
Spain,2020,Acinetobacter spp.,β-lactámicos,60.86956521,2.3285
Finland,2020,Acinetobacter spp.,β-lactámicos,5.4054054,2.2791
France,2020,Acinetobacter spp.,β-lactámicos,3.32369942,1.1989
Croatia,2020,Acinetobacter spp.,β-lactámicos,96.44444444,2.5925
Hungary,2020,Acinetobacter spp.,β-lactámicos,73.03370786,1.8031
Ireland,2020,Acinetobacter spp.,β-lactámicos,0.0,1.1626
Iceland,2020,Acinetobacter spp.,β-lactámicos,,0.7538
Italy,2020,Acinetobacter spp.,β-lactámicos,80.79937304,2.1316
Lithuania,2020,Acinetobacter spp.,β-lactámicos,91.08280254,1.9919
Luxembourg,2020,Acinetobacter spp.,β-lactámicos,,2.1552
Latvia,2020,Acinetobacter spp.,β-lactámicos,82.69230769,1.0926
Malta,2020,Acinetobacter spp.,β-lactámicos,,2.2521
Netherlands,2020,Acinetobacter spp.,β-lactámicos,0.67567567,0.2564
Norway,2020,Acinetobacter spp.,β-lactámicos,0.0,0.2823
Poland,2020,Acinetobacter spp.,β-lactámicos,78.22580645,2.8537
Portugal,2020,Acinetobacter spp.,β-lactámicos,15.38461538,1.7781
Romania,2020,Acinetobacter spp.,β-lactámicos,93.26599326,4.4948
Sweden,2020,Acinetobacter spp.,β-lactámicos,7.14285714,0.2093
Slovenia,2020,Acinetobacter spp.,β-lactámicos,19.44444444,0.6967
Slovakia,2020,Acinetobacter spp.,β-lactámicos,30.76923076,3.6893
Austria,2021,Acinetobacter spp.,β-lactámicos,10.0,1.5237
Belgium,2021,Acinetobacter spp.,β-lactámicos,1.19760479,1.143
Bulgaria,2021,Acinetobacter spp.,β-lactámicos,77.88018433,6.0953
Cyprus,2021,Acinetobacter spp.,β-lactámicos,92.12962962,5.1559
Czechia,2021,Acinetobacter spp.,β-lactámicos,53.27868852,2.0083
Germany,2021,Acinetobacter spp.,β-lactámicos,4.29752066,
Denmark,2021,Acinetobacter spp.,β-lactámicos,5.88235294,0.2308
Estonia,2021,Acinetobacter spp.,β-lactámicos,,1.3921
Greece,2021,Acinetobacter spp.,β-lactámicos,96.94989106,4.9554
Spain,2021,Acinetobacter spp.,β-lactámicos,56.98924731,2.3836
Finland,2021,Acinetobacter spp.,β-lactámicos,2.12765957,2.1943
France,2021,Acinetobacter spp.,β-lactámicos,3.05555555,1.2249
Croatia,2021,Acinetobacter spp.,β-lactámicos,99.5085995,2.9605
Hungary,2021,Acinetobacter spp.,β-lactámicos,82.97577854,1.7148
Ireland,2021,Acinetobacter spp.,β-lactámicos,1.51515151,1.159
Iceland,2021,Acinetobacter spp.,β-lactámicos,,0.8284
Italy,2021,Acinetobacter spp.,β-lactámicos,88.14949863,2.0059
Lithuania,2021,Acinetobacter spp.,β-lactámicos,96.11111111,1.93
Luxembourg,2021,Acinetobacter spp.,β-lactámicos,,2.0097
Latvia,2021,Acinetobacter spp.,β-lactámicos,79.26829268,0.9918
Malta,2021,Acinetobacter spp.,β-lactámicos,,1.6529
Netherlands,2021,Acinetobacter spp.,β-lactámicos,0.54054054,0.2608
Norway,2021,Acinetobacter spp.,β-lactámicos,0.0,0.2917
Poland,2021,Acinetobacter spp.,β-lactámicos,82.68765133,2.8589
Portugal,2021,Acinetobacter spp.,β-lactámicos,10.44776119,1.9226
Romania,2021,Acinetobacter spp.,β-lactámicos,93.52331606,4.6526
Sweden,2021,Acinetobacter spp.,β-lactámicos,0.72463768,0.218
Slovenia,2021,Acinetobacter spp.,β-lactámicos,66.93548387,0.7866
Slovakia,2021,Acinetobacter spp.,β-lactámicos,61.19402985,3.997
Austria,2022,Acinetobacter spp.,β-lactámicos,3.19148936,1.6071
Belgium,2022,Acinetobacter spp.,β-lactámicos,2.38095238,1.3028
Bulgaria,2022,Acinetobacter spp.,β-lactámicos,79.375,6.8561
Cyprus,2022,Acinetobacter spp.,β-lactámicos,94.55445544,6.4817
Czechia,2022,Acinetobacter spp.,β-lactámicos,38.82352941,2.5126
Germany,2022,Acinetobacter spp.,β-lactámicos,3.56200527,
Denmark,2022,Acinetobacter spp.,β-lactámicos,5.20833333,0.2316
Estonia,2022,Acinetobacter spp.,β-lactámicos,,1.6714
Greece,2022,Acinetobacter spp.,β-lactámicos,95.88504245,7.4593
Spain,2022,Acinetobacter spp.,β-lactámicos,35.86956521,2.7698
Finland,2022,Acinetobacter spp.,β-lactámicos,3.57142857,2.2219
France,2022,Acinetobacter spp.,β-lactámicos,3.50058343,1.419
Croatia,2022,Acinetobacter spp.,β-lactámicos,98.62542955,3.3279
Hungary,2022,Acinetobacter spp.,β-lactámicos,57.92349726,1.9151
Ireland,2022,Acinetobacter spp.,β-lactámicos,2.56410256,1.5488
Iceland,2022,Acinetobacter spp.,β-lactámicos,,1.0374
Italy,2022,Acinetobacter spp.,β-lactámicos,88.54850474,2.5994
Lithuania,2022,Acinetobacter spp.,β-lactámicos,88.65248226,2.3909
Luxembourg,2022,Acinetobacter spp.,β-lactámicos,,2.3815
Latvia,2022,Acinetobacter spp.,β-lactámicos,71.23287671,1.228
Malta,2022,Acinetobacter spp.,β-lactámicos,,2.9491
Netherlands,2022,Acinetobacter spp.,β-lactámicos,1.01010101,0.2581
Norway,2022,Acinetobacter spp.,β-lactámicos,2.94117647,0.3105
Poland,2022,Acinetobacter spp.,β-lactámicos,76.39484978,3.5353
Portugal,2022,Acinetobacter spp.,β-lactámicos,31.14754098,2.2571
Romania,2022,Acinetobacter spp.,β-lactámicos,89.3081761,5.0321
Sweden,2022,Acinetobacter spp.,β-lactámicos,2.68456375,
Slovenia,2022,Acinetobacter spp.,β-lactámicos,43.33333333,0.8486
Slovakia,2022,Acinetobacter spp.,β-lactámicos,61.33333333,5.3841
Austria,2023,Acinetobacter spp.,β-lactámicos,7.21649484,1.6169
Belgium,2023,Acinetobacter spp.,β-lactámicos,4.12371134,1.1753
Bulgaria,2023,Acinetobacter spp.,β-lactámicos,86.33879781,7.3742
Cyprus,2023,Acinetobacter spp.,β-lactámicos,86.56716417,0.0
Czechia,2023,Acinetobacter spp.,β-lactámicos,37.36263736,2.9589
Germany,2023,Acinetobacter spp.,β-lactámicos,3.04449648,2.7655
Denmark,2023,Acinetobacter spp.,β-lactámicos,2.22222222,0.2111
Estonia,2023,Acinetobacter spp.,β-lactámicos,,1.5879
Greece,2023,Acinetobacter spp.,β-lactámicos,95.29860228,6.6556
Spain,2023,Acinetobacter spp.,β-lactámicos,39.43661971,2.9034
Finland,2023,Acinetobacter spp.,β-lactámicos,0.0,2.1282
Croatia,2023,Acinetobacter spp.,β-lactámicos,95.8490566,3.5558
Hungary,2023,Acinetobacter spp.,β-lactámicos,46.15384615,2.1414
Ireland,2023,Acinetobacter spp.,β-lactámicos,0.0,0.7689
Iceland,2023,Acinetobacter spp.,β-lactámicos,,1.2379
Italy,2023,Acinetobacter spp.,β-lactámicos,75.88766946,2.9542
Lithuania,2023,Acinetobacter spp.,β-lactámicos,92.62295081,2.7711
Luxembourg,2023,Acinetobacter spp.,β-lactámicos,,2.3781
Latvia,2023,Acinetobacter spp.,β-lactámicos,70.12987012,1.3224
Malta,2023,Acinetobacter spp.,β-lactámicos,0.0,2.9924
Netherlands,2023,Acinetobacter spp.,β-lactámicos,1.42857142,0.2669
Norway,2023,Acinetobacter spp.,β-lactámicos,0.0,0.3024
Poland,2023,Acinetobacter spp.,β-lactámicos,79.77777777,3.4994
Portugal,2023,Acinetobacter spp.,β-lactámicos,43.22580645,2.1391
Romania,2023,Acinetobacter spp.,β-lactámicos,86.9047619,5.02
Sweden,2023,Acinetobacter spp.,β-lactámicos,1.92307692,
Slovenia,2023,Acinetobacter spp.,β-lactámicos,23.07692307,0.7047
Slovakia,2023,Acinetobacter spp.,β-lactámicos,47.36842105,4.7648
Austria,2024,Acinetobacter spp.,β-lactámicos,1.07526881,1.7557
Belgium,2024,Acinetobacter spp.,β-lactámicos,3.58744394,1.0946
Bulgaria,2024,Acinetobacter spp.,β-lactámicos,90.47619047,7.0756
Cyprus,2024,Acinetobacter spp.,β-lactámicos,84.12698412,5.6648
Czechia,2024,Acinetobacter spp.,β-lactámicos,25.49019607,2.3524
Germany,2024,Acinetobacter spp.,β-lactámicos,2.23255813,2.4619
Denmark,2024,Acinetobacter spp.,β-lactámicos,4.04040404,
Estonia,2024,Acinetobacter spp.,β-lactámicos,12.0,1.4337
Greece,2024,Acinetobacter spp.,β-lactámicos,94.07474931,7.0871
Spain,2024,Acinetobacter spp.,β-lactámicos,25.30120481,2.8573
Finland,2024,Acinetobacter spp.,β-lactámicos,0.0,2.0057
France,2024,Acinetobacter spp.,β-lactámicos,3.30305532,1.299
Croatia,2024,Acinetobacter spp.,β-lactámicos,92.95774647,3.5088
Hungary,2024,Acinetobacter spp.,β-lactámicos,48.21428571,2.2036
Ireland,2024,Acinetobacter spp.,β-lactámicos,0.0,1.1156
Iceland,2024,Acinetobacter spp.,β-lactámicos,,1.0417
Italy,2024,Acinetobacter spp.,β-lactámicos,74.25384383,2.7984
Lithuania,2024,Acinetobacter spp.,β-lactámicos,83.44827586,2.2005
Luxembourg,2024,Acinetobacter spp.,β-lactámicos,,2.3706
Latvia,2024,Acinetobacter spp.,β-lactámicos,67.79661016,1.3696
Malta,2024,Acinetobacter spp.,β-lactámicos,,2.522
Netherlands,2024,Acinetobacter spp.,β-lactámicos,1.44230769,0.3006
Norway,2024,Acinetobacter spp.,β-lactámicos,1.63934426,0.295
Poland,2024,Acinetobacter spp.,β-lactámicos,76.05042016,3.237
Portugal,2024,Acinetobacter spp.,β-lactámicos,25.64102564,2.265
Romania,2024,Acinetobacter spp.,β-lactámicos,92.69406392,5.5616
Sweden,2024,Acinetobacter spp.,β-lactámicos,1.71428571,
Slovenia,2024,Acinetobacter spp.,β-lactámicos,10.0,0.9779
Slovakia,2024,Acinetobacter spp.,β-lactámicos,38.29787234,5.1044
Bulgaria,2012,Acinetobacter spp.,Fluoroquinolonas,69.23076923,2.521
Cyprus,2012,Acinetobacter spp.,Fluoroquinolonas,56.52173913,3.5125
Germany,2012,Acinetobacter spp.,Fluoroquinolonas,8.2644628,
Denmark,2012,Acinetobacter spp.,Fluoroquinolonas,12.04819277,0.7404
Greece,2012,Acinetobacter spp.,Fluoroquinolonas,93.10631229,2.5753
France,2012,Acinetobacter spp.,Fluoroquinolonas,15.58441558,2.1818
Hungary,2012,Acinetobacter spp.,Fluoroquinolonas,78.02469135,2.1834
Iceland,2012,Acinetobacter spp.,Fluoroquinolonas,,1.0112
Italy,2012,Acinetobacter spp.,Fluoroquinolonas,86.01694915,3.9137
Luxembourg,2012,Acinetobacter spp.,Fluoroquinolonas,,3.0086
Malta,2012,Acinetobacter spp.,Fluoroquinolonas,,2.2161
Netherlands,2012,Acinetobacter spp.,Fluoroquinolonas,6.59340659,0.9222
Norway,2012,Acinetobacter spp.,Fluoroquinolonas,0.0,0.6366
Poland,2012,Acinetobacter spp.,Fluoroquinolonas,77.99043062,
Portugal,2012,Acinetobacter spp.,Fluoroquinolonas,77.38095238,2.5583
Romania,2012,Acinetobacter spp.,Fluoroquinolonas,88.88888888,3.3623
Slovenia,2012,Acinetobacter spp.,Fluoroquinolonas,28.0,1.2889
United Kingdom,2012,Acinetobacter spp.,Fluoroquinolonas,2.85714285,
Austria,2013,Acinetobacter spp.,Fluoroquinolonas,21.56862745,
Belgium,2013,Acinetobacter spp.,Fluoroquinolonas,,2.856
Bulgaria,2013,Acinetobacter spp.,Fluoroquinolonas,70.21276595,2.6338
Cyprus,2013,Acinetobacter spp.,Fluoroquinolonas,60.6060606,3.983
Czechia,2013,Acinetobacter spp.,Fluoroquinolonas,19.78021978,
Germany,2013,Acinetobacter spp.,Fluoroquinolonas,9.71428571,
Denmark,2013,Acinetobacter spp.,Fluoroquinolonas,6.32911392,0.7014
Greece,2013,Acinetobacter spp.,Fluoroquinolonas,94.95073891,2.2333
Spain,2013,Acinetobacter spp.,Fluoroquinolonas,72.36842105,
Finland,2013,Acinetobacter spp.,Fluoroquinolonas,2.77777777,1.131
France,2013,Acinetobacter spp.,Fluoroquinolonas,13.60201511,2.09
Croatia,2013,Acinetobacter spp.,Fluoroquinolonas,92.85714285,1.6614
Hungary,2013,Acinetobacter spp.,Fluoroquinolonas,73.51694915,2.3195
Ireland,2013,Acinetobacter spp.,Fluoroquinolonas,1.13636363,0.9794
Italy,2013,Acinetobacter spp.,Fluoroquinolonas,83.05084745,3.9751
Luxembourg,2013,Acinetobacter spp.,Fluoroquinolonas,,2.8779
Malta,2013,Acinetobacter spp.,Fluoroquinolonas,,3.1656
Netherlands,2013,Acinetobacter spp.,Fluoroquinolonas,2.88461538,0.8677
Norway,2013,Acinetobacter spp.,Fluoroquinolonas,0.0,0.6075
Poland,2013,Acinetobacter spp.,Fluoroquinolonas,81.38297872,
Portugal,2013,Acinetobacter spp.,Fluoroquinolonas,68.88888888,2.3421
Romania,2013,Acinetobacter spp.,Fluoroquinolonas,90.5109489,3.4686
Sweden,2013,Acinetobacter spp.,Fluoroquinolonas,5.4054054,0.8693
Slovenia,2013,Acinetobacter spp.,Fluoroquinolonas,28.0,1.3069
Slovakia,2013,Acinetobacter spp.,Fluoroquinolonas,58.51063829,2.4492
United Kingdom,2013,Acinetobacter spp.,Fluoroquinolonas,3.63636363,0.5815
Austria,2014,Acinetobacter spp.,Fluoroquinolonas,5.33333333,
Belgium,2014,Acinetobacter spp.,Fluoroquinolonas,,2.7606
Bulgaria,2014,Acinetobacter spp.,Fluoroquinolonas,73.91304347,3.0106
Cyprus,2014,Acinetobacter spp.,Fluoroquinolonas,77.58620689,3.2179
Czechia,2014,Acinetobacter spp.,Fluoroquinolonas,15.25423728,
Germany,2014,Acinetobacter spp.,Fluoroquinolonas,6.03015075,
Denmark,2014,Acinetobacter spp.,Fluoroquinolonas,2.89855072,0.6771
Greece,2014,Acinetobacter spp.,Fluoroquinolonas,95.2853598,2.7745
Spain,2014,Acinetobacter spp.,Fluoroquinolonas,67.08860759,
Finland,2014,Acinetobacter spp.,Fluoroquinolonas,6.4516129,1.1087
France,2014,Acinetobacter spp.,Fluoroquinolonas,11.89873417,1.9899
Croatia,2014,Acinetobacter spp.,Fluoroquinolonas,92.07317073,1.696
Hungary,2014,Acinetobacter spp.,Fluoroquinolonas,66.43990929,2.6365
Ireland,2014,Acinetobacter spp.,Fluoroquinolonas,4.65116279,0.9393
Iceland,2014,Acinetobacter spp.,Fluoroquinolonas,,
Italy,2014,Acinetobacter spp.,Fluoroquinolonas,92.1108742,3.8055
Lithuania,2014,Acinetobacter spp.,Fluoroquinolonas,84.84848484,1.074
Luxembourg,2014,Acinetobacter spp.,Fluoroquinolonas,,2.7778
Latvia,2014,Acinetobacter spp.,Fluoroquinolonas,88.46153846,1.3502
Malta,2014,Acinetobacter spp.,Fluoroquinolonas,,3.4206
Netherlands,2014,Acinetobacter spp.,Fluoroquinolonas,4.30107526,0.8924
Norway,2014,Acinetobacter spp.,Fluoroquinolonas,5.88235294,0.5698
Poland,2014,Acinetobacter spp.,Fluoroquinolonas,82.7027027,1.3515
Portugal,2014,Acinetobacter spp.,Fluoroquinolonas,52.65151515,2.2653
Romania,2014,Acinetobacter spp.,Fluoroquinolonas,83.73983739,3.7196
Sweden,2014,Acinetobacter spp.,Fluoroquinolonas,11.53846153,0.8484
Slovenia,2014,Acinetobacter spp.,Fluoroquinolonas,41.17647058,1.3213
Slovakia,2014,Acinetobacter spp.,Fluoroquinolonas,51.76470588,0.9214
United Kingdom,2014,Acinetobacter spp.,Fluoroquinolonas,11.38211382,0.5865
Austria,2015,Acinetobacter spp.,Fluoroquinolonas,16.39344262,
Belgium,2015,Acinetobacter spp.,Fluoroquinolonas,0.0,2.7807
Bulgaria,2015,Acinetobacter spp.,Fluoroquinolonas,78.62595419,3.0408
Cyprus,2015,Acinetobacter spp.,Fluoroquinolonas,83.33333333,4.5551
Czechia,2015,Acinetobacter spp.,Fluoroquinolonas,18.33333333,
Germany,2015,Acinetobacter spp.,Fluoroquinolonas,8.55457227,
Denmark,2015,Acinetobacter spp.,Fluoroquinolonas,5.88235294,0.6618
Estonia,2015,Acinetobacter spp.,Fluoroquinolonas,,1.0775
Greece,2015,Acinetobacter spp.,Fluoroquinolonas,94.92600422,2.8974
Spain,2015,Acinetobacter spp.,Fluoroquinolonas,64.21052631,
Finland,2015,Acinetobacter spp.,Fluoroquinolonas,2.32558139,0.9874
France,2015,Acinetobacter spp.,Fluoroquinolonas,13.48837209,1.8257
Croatia,2015,Acinetobacter spp.,Fluoroquinolonas,92.34693877,1.7049
Hungary,2015,Acinetobacter spp.,Fluoroquinolonas,68.10344827,2.9199
Ireland,2015,Acinetobacter spp.,Fluoroquinolonas,4.8192771,1.032
Iceland,2015,Acinetobacter spp.,Fluoroquinolonas,,
Italy,2015,Acinetobacter spp.,Fluoroquinolonas,81.62650602,3.8038
Lithuania,2015,Acinetobacter spp.,Fluoroquinolonas,93.15068493,1.1822
Luxembourg,2015,Acinetobacter spp.,Fluoroquinolonas,,2.6771
Latvia,2015,Acinetobacter spp.,Fluoroquinolonas,78.33333333,1.3199
Malta,2015,Acinetobacter spp.,Fluoroquinolonas,,3.112
Netherlands,2015,Acinetobacter spp.,Fluoroquinolonas,5.20833333,0.8704
Norway,2015,Acinetobacter spp.,Fluoroquinolonas,9.375,0.5133
Poland,2015,Acinetobacter spp.,Fluoroquinolonas,88.06584362,1.5419
Portugal,2015,Acinetobacter spp.,Fluoroquinolonas,55.84415584,2.1833
Romania,2015,Acinetobacter spp.,Fluoroquinolonas,82.53968253,3.5031
Sweden,2015,Acinetobacter spp.,Fluoroquinolonas,3.84615384,0.8431
Slovenia,2015,Acinetobacter spp.,Fluoroquinolonas,58.06451612,1.3765
Slovakia,2015,Acinetobacter spp.,Fluoroquinolonas,51.94805194,2.7089
United Kingdom,2015,Acinetobacter spp.,Fluoroquinolonas,7.1942446,0.5684
Austria,2016,Acinetobacter spp.,Fluoroquinolonas,16.04938271,
Belgium,2016,Acinetobacter spp.,Fluoroquinolonas,7.69230769,2.6038
Bulgaria,2016,Acinetobacter spp.,Fluoroquinolonas,67.9245283,3.017
Cyprus,2016,Acinetobacter spp.,Fluoroquinolonas,71.42857142,7.0182
Czechia,2016,Acinetobacter spp.,Fluoroquinolonas,17.54385964,
Germany,2016,Acinetobacter spp.,Fluoroquinolonas,5.65217391,
Denmark,2016,Acinetobacter spp.,Fluoroquinolonas,2.77777777,0.6259
Estonia,2016,Acinetobacter spp.,Fluoroquinolonas,,0.9893
Greece,2016,Acinetobacter spp.,Fluoroquinolonas,94.89559164,2.8204
Spain,2016,Acinetobacter spp.,Fluoroquinolonas,68.86792452,3.241
Finland,2016,Acinetobacter spp.,Fluoroquinolonas,0.0,0.9938
France,2016,Acinetobacter spp.,Fluoroquinolonas,15.04424778,1.7301
Croatia,2016,Acinetobacter spp.,Fluoroquinolonas,94.88636363,1.7002
Hungary,2016,Acinetobacter spp.,Fluoroquinolonas,68.01007556,2.584
Ireland,2016,Acinetobacter spp.,Fluoroquinolonas,1.47058823,0.9753
Iceland,2016,Acinetobacter spp.,Fluoroquinolonas,,
Italy,2016,Acinetobacter spp.,Fluoroquinolonas,79.91391678,3.6267
Lithuania,2016,Acinetobacter spp.,Fluoroquinolonas,87.35632183,1.1542
Luxembourg,2016,Acinetobacter spp.,Fluoroquinolonas,,2.6178
Latvia,2016,Acinetobacter spp.,Fluoroquinolonas,85.29411764,1.3076
Malta,2016,Acinetobacter spp.,Fluoroquinolonas,,2.6724
Netherlands,2016,Acinetobacter spp.,Fluoroquinolonas,2.23880597,0.8405
Norway,2016,Acinetobacter spp.,Fluoroquinolonas,3.03030303,0.463
Poland,2016,Acinetobacter spp.,Fluoroquinolonas,82.95165394,1.6201
Portugal,2016,Acinetobacter spp.,Fluoroquinolonas,50.48543689,2.0427
Romania,2016,Acinetobacter spp.,Fluoroquinolonas,91.08280254,2.8942
Sweden,2016,Acinetobacter spp.,Fluoroquinolonas,4.65116279,0.8196
Slovenia,2016,Acinetobacter spp.,Fluoroquinolonas,55.0,1.3493
Slovakia,2016,Acinetobacter spp.,Fluoroquinolonas,46.08695652,2.5506
United Kingdom,2016,Acinetobacter spp.,Fluoroquinolonas,4.41426146,0.553
Austria,2017,Acinetobacter spp.,Fluoroquinolonas,9.45945945,
Belgium,2017,Acinetobacter spp.,Fluoroquinolonas,10.76923076,2.3611
Bulgaria,2017,Acinetobacter spp.,Fluoroquinolonas,95.65217391,3.1091
Cyprus,2017,Acinetobacter spp.,Fluoroquinolonas,76.0,6.2056
Czechia,2017,Acinetobacter spp.,Fluoroquinolonas,20.0,
Germany,2017,Acinetobacter spp.,Fluoroquinolonas,6.52985074,
Denmark,2017,Acinetobacter spp.,Fluoroquinolonas,1.47058823,0.5834
Estonia,2017,Acinetobacter spp.,Fluoroquinolonas,,0.987
Greece,2017,Acinetobacter spp.,Fluoroquinolonas,96.03773584,2.8021
Spain,2017,Acinetobacter spp.,Fluoroquinolonas,68.47826086,3.1188
Finland,2017,Acinetobacter spp.,Fluoroquinolonas,2.7027027,0.8874
France,2017,Acinetobacter spp.,Fluoroquinolonas,12.26215644,1.5592
Croatia,2017,Acinetobacter spp.,Fluoroquinolonas,98.03921568,1.7304
Hungary,2017,Acinetobacter spp.,Fluoroquinolonas,67.04545454,2.6083
Ireland,2017,Acinetobacter spp.,Fluoroquinolonas,7.57575757,0.9043
Iceland,2017,Acinetobacter spp.,Fluoroquinolonas,,0.9123
Italy,2017,Acinetobacter spp.,Fluoroquinolonas,79.22885572,3.0724
Lithuania,2017,Acinetobacter spp.,Fluoroquinolonas,91.86046511,1.1074
Luxembourg,2017,Acinetobacter spp.,Fluoroquinolonas,,2.9601
Latvia,2017,Acinetobacter spp.,Fluoroquinolonas,81.81818181,1.2714
Malta,2017,Acinetobacter spp.,Fluoroquinolonas,,2.4808
Netherlands,2017,Acinetobacter spp.,Fluoroquinolonas,3.03030303,0.8198
Norway,2017,Acinetobacter spp.,Fluoroquinolonas,0.0,0.3995
Poland,2017,Acinetobacter spp.,Fluoroquinolonas,83.04597701,1.6613
Portugal,2017,Acinetobacter spp.,Fluoroquinolonas,38.37209302,1.8579
Romania,2017,Acinetobacter spp.,Fluoroquinolonas,89.07103825,3.249
Sweden,2017,Acinetobacter spp.,Fluoroquinolonas,0.0,0.7758
Slovenia,2017,Acinetobacter spp.,Fluoroquinolonas,47.22222222,1.3093
Slovakia,2017,Acinetobacter spp.,Fluoroquinolonas,52.38095238,2.3991
United Kingdom,2017,Acinetobacter spp.,Fluoroquinolonas,6.30517023,0.5698
Austria,2018,Acinetobacter spp.,Fluoroquinolonas,7.69230769,
Belgium,2018,Acinetobacter spp.,Fluoroquinolonas,12.68656716,1.3325
Bulgaria,2018,Acinetobacter spp.,Fluoroquinolonas,78.18181818,3.1226
Cyprus,2018,Acinetobacter spp.,Fluoroquinolonas,89.09090909,5.2969
Czechia,2018,Acinetobacter spp.,Fluoroquinolonas,24.17582417,
Germany,2018,Acinetobacter spp.,Fluoroquinolonas,6.73076923,
Denmark,2018,Acinetobacter spp.,Fluoroquinolonas,9.09090909,0.5463
Estonia,2018,Acinetobacter spp.,Fluoroquinolonas,,0.8607
Greece,2018,Acinetobacter spp.,Fluoroquinolonas,93.48697394,3.1559
Spain,2018,Acinetobacter spp.,Fluoroquinolonas,56.79012345,2.9655
Finland,2018,Acinetobacter spp.,Fluoroquinolonas,0.0,0.8208
France,2018,Acinetobacter spp.,Fluoroquinolonas,12.01629327,1.5275
Croatia,2018,Acinetobacter spp.,Fluoroquinolonas,96.12903225,1.7228
Hungary,2018,Acinetobacter spp.,Fluoroquinolonas,66.01123595,2.499
Ireland,2018,Acinetobacter spp.,Fluoroquinolonas,0.0,0.8632
Iceland,2018,Acinetobacter spp.,Fluoroquinolonas,,0.9062
Italy,2018,Acinetobacter spp.,Fluoroquinolonas,81.14035087,3.0127
Lithuania,2018,Acinetobacter spp.,Fluoroquinolonas,90.9090909,1.0648
Luxembourg,2018,Acinetobacter spp.,Fluoroquinolonas,,2.2104
Latvia,2018,Acinetobacter spp.,Fluoroquinolonas,80.85106382,1.2268
Malta,2018,Acinetobacter spp.,Fluoroquinolonas,,2.5983
Netherlands,2018,Acinetobacter spp.,Fluoroquinolonas,7.38255033,0.8129
Norway,2018,Acinetobacter spp.,Fluoroquinolonas,0.0,0.3602
Poland,2018,Acinetobacter spp.,Fluoroquinolonas,86.9402985,1.6592
Portugal,2018,Acinetobacter spp.,Fluoroquinolonas,34.14634146,1.8198
Romania,2018,Acinetobacter spp.,Fluoroquinolonas,88.07339449,3.2967
Sweden,2018,Acinetobacter spp.,Fluoroquinolonas,7.27272727,0.748
Slovenia,2018,Acinetobacter spp.,Fluoroquinolonas,28.2051282,1.3014
Slovakia,2018,Acinetobacter spp.,Fluoroquinolonas,56.02836879,2.3434
United Kingdom,2018,Acinetobacter spp.,Fluoroquinolonas,2.91666666,0.5701
Austria,2019,Acinetobacter spp.,Fluoroquinolonas,9.75609756,0.898
Belgium,2019,Acinetobacter spp.,Fluoroquinolonas,8.60215053,0.7304
Bulgaria,2019,Acinetobacter spp.,Fluoroquinolonas,74.24242424,3.0808
Cyprus,2019,Acinetobacter spp.,Fluoroquinolonas,90.625,5.8189
Czechia,2019,Acinetobacter spp.,Fluoroquinolonas,32.63157894,0.6852
Germany,2019,Acinetobacter spp.,Fluoroquinolonas,4.96613995,
Denmark,2019,Acinetobacter spp.,Fluoroquinolonas,6.94444444,0.4924
Estonia,2019,Acinetobacter spp.,Fluoroquinolonas,,0.774
Greece,2019,Acinetobacter spp.,Fluoroquinolonas,95.76719576,3.2378
Spain,2019,Acinetobacter spp.,Fluoroquinolonas,54.87804878,2.5264
Finland,2019,Acinetobacter spp.,Fluoroquinolonas,0.0,0.6194
France,2019,Acinetobacter spp.,Fluoroquinolonas,13.3056133,1.3773
Croatia,2019,Acinetobacter spp.,Fluoroquinolonas,93.66197183,1.601
Hungary,2019,Acinetobacter spp.,Fluoroquinolonas,63.34951456,2.07
Ireland,2019,Acinetobacter spp.,Fluoroquinolonas,7.8125,0.626
Iceland,2019,Acinetobacter spp.,Fluoroquinolonas,,0.6157
Italy,2019,Acinetobacter spp.,Fluoroquinolonas,82.45721271,2.2442
Lithuania,2019,Acinetobacter spp.,Fluoroquinolonas,91.66666666,1.0171
Luxembourg,2019,Acinetobacter spp.,Fluoroquinolonas,,1.7156
Latvia,2019,Acinetobacter spp.,Fluoroquinolonas,83.33333333,1.0699
Malta,2019,Acinetobacter spp.,Fluoroquinolonas,,2.1213
Netherlands,2019,Acinetobacter spp.,Fluoroquinolonas,7.87401574,0.7414
Norway,2019,Acinetobacter spp.,Fluoroquinolonas,0.0,0.3145
Poland,2019,Acinetobacter spp.,Fluoroquinolonas,85.52631578,1.5166
Portugal,2019,Acinetobacter spp.,Fluoroquinolonas,26.13636363,1.6374
Romania,2019,Acinetobacter spp.,Fluoroquinolonas,91.22137404,3.3207
Sweden,2019,Acinetobacter spp.,Fluoroquinolonas,7.96460176,0.6937
Slovenia,2019,Acinetobacter spp.,Fluoroquinolonas,27.5,1.167
Slovakia,2019,Acinetobacter spp.,Fluoroquinolonas,61.70212765,1.6627
United Kingdom,2019,Acinetobacter spp.,Fluoroquinolonas,7.07213578,0.5146
Austria,2020,Acinetobacter spp.,Fluoroquinolonas,10.14492753,0.6995
Belgium,2020,Acinetobacter spp.,Fluoroquinolonas,15.60283687,0.5942
Bulgaria,2020,Acinetobacter spp.,Fluoroquinolonas,82.94573643,3.8858
Cyprus,2020,Acinetobacter spp.,Fluoroquinolonas,82.75862068,7.3408
Czechia,2020,Acinetobacter spp.,Fluoroquinolonas,35.36585365,0.5959
Germany,2020,Acinetobacter spp.,Fluoroquinolonas,4.84949832,
Denmark,2020,Acinetobacter spp.,Fluoroquinolonas,13.84615384,0.4377
Estonia,2020,Acinetobacter spp.,Fluoroquinolonas,,0.8824
Greece,2020,Acinetobacter spp.,Fluoroquinolonas,95.74759945,2.799
Spain,2020,Acinetobacter spp.,Fluoroquinolonas,61.95652173,1.9731
Finland,2020,Acinetobacter spp.,Fluoroquinolonas,8.33333333,0.5482
France,2020,Acinetobacter spp.,Fluoroquinolonas,9.03522205,1.2457
Croatia,2020,Acinetobacter spp.,Fluoroquinolonas,98.21428571,1.4162
Hungary,2020,Acinetobacter spp.,Fluoroquinolonas,76.98113207,1.5469
Ireland,2020,Acinetobacter spp.,Fluoroquinolonas,7.31707317,0.4774
Iceland,2020,Acinetobacter spp.,Fluoroquinolonas,,0.5315
Italy,2020,Acinetobacter spp.,Fluoroquinolonas,83.42585249,1.8731
Lithuania,2020,Acinetobacter spp.,Fluoroquinolonas,92.85714285,0.9249
Luxembourg,2020,Acinetobacter spp.,Fluoroquinolonas,,1.3865
Latvia,2020,Acinetobacter spp.,Fluoroquinolonas,86.0,0.9259
Malta,2020,Acinetobacter spp.,Fluoroquinolonas,,1.6373
Netherlands,2020,Acinetobacter spp.,Fluoroquinolonas,4.08163265,0.7049
Norway,2020,Acinetobacter spp.,Fluoroquinolonas,0.0,0.2711
Poland,2020,Acinetobacter spp.,Fluoroquinolonas,88.25136612,1.2956
Portugal,2020,Acinetobacter spp.,Fluoroquinolonas,17.82178217,1.2955
Romania,2020,Acinetobacter spp.,Fluoroquinolonas,95.28619528,3.1247
Sweden,2020,Acinetobacter spp.,Fluoroquinolonas,7.14285714,0.624
Slovenia,2020,Acinetobacter spp.,Fluoroquinolonas,27.77777777,0.9712
Slovakia,2020,Acinetobacter spp.,Fluoroquinolonas,38.94736842,1.3167
Austria,2021,Acinetobacter spp.,Fluoroquinolonas,13.75,0.6327
Belgium,2021,Acinetobacter spp.,Fluoroquinolonas,12.32876712,0.5804
Bulgaria,2021,Acinetobacter spp.,Fluoroquinolonas,80.18433179,4.5122
Cyprus,2021,Acinetobacter spp.,Fluoroquinolonas,91.66666666,4.6942
Czechia,2021,Acinetobacter spp.,Fluoroquinolonas,53.27868852,0.597
Germany,2021,Acinetobacter spp.,Fluoroquinolonas,5.63847429,
Denmark,2021,Acinetobacter spp.,Fluoroquinolonas,15.53398058,0.4167
Estonia,2021,Acinetobacter spp.,Fluoroquinolonas,,0.7032
Greece,2021,Acinetobacter spp.,Fluoroquinolonas,97.15536105,2.3648
Spain,2021,Acinetobacter spp.,Fluoroquinolonas,58.06451612,1.8936
Finland,2021,Acinetobacter spp.,Fluoroquinolonas,2.12765957,0.4873
France,2021,Acinetobacter spp.,Fluoroquinolonas,7.14285714,1.1639
Croatia,2021,Acinetobacter spp.,Fluoroquinolonas,99.75308641,1.6774
Hungary,2021,Acinetobacter spp.,Fluoroquinolonas,85.56557945,1.5364
Ireland,2021,Acinetobacter spp.,Fluoroquinolonas,3.33333333,0.4263
Iceland,2021,Acinetobacter spp.,Fluoroquinolonas,,0.496
Italy,2021,Acinetobacter spp.,Fluoroquinolonas,89.287888,1.7703
Lithuania,2021,Acinetobacter spp.,Fluoroquinolonas,96.67590027,0.779
Luxembourg,2021,Acinetobacter spp.,Fluoroquinolonas,,1.3782
Latvia,2021,Acinetobacter spp.,Fluoroquinolonas,86.66666666,0.8139
Malta,2021,Acinetobacter spp.,Fluoroquinolonas,,1.4692
Netherlands,2021,Acinetobacter spp.,Fluoroquinolonas,3.76344086,0.6993
Norway,2021,Acinetobacter spp.,Fluoroquinolonas,4.76190476,0.2467
Poland,2021,Acinetobacter spp.,Fluoroquinolonas,92.64705882,1.4558
Portugal,2021,Acinetobacter spp.,Fluoroquinolonas,17.74193548,1.2575
Romania,2021,Acinetobacter spp.,Fluoroquinolonas,94.54545454,3.3309
Sweden,2021,Acinetobacter spp.,Fluoroquinolonas,1.45985401,0.6191
Slovenia,2021,Acinetobacter spp.,Fluoroquinolonas,73.38709677,0.9776
Slovakia,2021,Acinetobacter spp.,Fluoroquinolonas,68.24324324,1.3587
Austria,2022,Acinetobacter spp.,Fluoroquinolonas,1.06382978,0.6906
Belgium,2022,Acinetobacter spp.,Fluoroquinolonas,8.33333333,0.6132
Bulgaria,2022,Acinetobacter spp.,Fluoroquinolonas,80.625,3.7299
Cyprus,2022,Acinetobacter spp.,Fluoroquinolonas,95.54455445,4.5648
Czechia,2022,Acinetobacter spp.,Fluoroquinolonas,41.17647058,0.6276
Germany,2022,Acinetobacter spp.,Fluoroquinolonas,5.04648074,
Denmark,2022,Acinetobacter spp.,Fluoroquinolonas,16.66666666,0.4412
Estonia,2022,Acinetobacter spp.,Fluoroquinolonas,,0.7186
Greece,2022,Acinetobacter spp.,Fluoroquinolonas,96.46365422,3.3374
Spain,2022,Acinetobacter spp.,Fluoroquinolonas,39.13043478,2.1623
Finland,2022,Acinetobacter spp.,Fluoroquinolonas,3.57142857,0.5235
France,2022,Acinetobacter spp.,Fluoroquinolonas,6.44753476,1.3104
Croatia,2022,Acinetobacter spp.,Fluoroquinolonas,98.61591695,1.744
Hungary,2022,Acinetobacter spp.,Fluoroquinolonas,63.81818181,1.7732
Ireland,2022,Acinetobacter spp.,Fluoroquinolonas,1.53846153,0.4478
Iceland,2022,Acinetobacter spp.,Fluoroquinolonas,,0.5046
Italy,2022,Acinetobacter spp.,Fluoroquinolonas,89.14976876,1.9736
Lithuania,2022,Acinetobacter spp.,Fluoroquinolonas,89.20863309,0.8576
Luxembourg,2022,Acinetobacter spp.,Fluoroquinolonas,,1.4768
Latvia,2022,Acinetobacter spp.,Fluoroquinolonas,78.33333333,0.938
Malta,2022,Acinetobacter spp.,Fluoroquinolonas,,1.9034
Netherlands,2022,Acinetobacter spp.,Fluoroquinolonas,3.03030303,0.732
Norway,2022,Acinetobacter spp.,Fluoroquinolonas,0.0,0.2441
Poland,2022,Acinetobacter spp.,Fluoroquinolonas,84.29203539,1.5
Portugal,2022,Acinetobacter spp.,Fluoroquinolonas,32.5203252,1.3809
Romania,2022,Acinetobacter spp.,Fluoroquinolonas,91.11111111,3.4759
Sweden,2022,Acinetobacter spp.,Fluoroquinolonas,2.01342281,
Slovenia,2022,Acinetobacter spp.,Fluoroquinolonas,46.66666666,1.0127
Slovakia,2022,Acinetobacter spp.,Fluoroquinolonas,65.16129032,1.4324
Austria,2023,Acinetobacter spp.,Fluoroquinolonas,5.74712643,0.7952
Belgium,2023,Acinetobacter spp.,Fluoroquinolonas,8.67346938,0.6062
Bulgaria,2023,Acinetobacter spp.,Fluoroquinolonas,90.71038251,3.2753
Cyprus,2023,Acinetobacter spp.,Fluoroquinolonas,86.66666666,0.0
Czechia,2023,Acinetobacter spp.,Fluoroquinolonas,38.46153846,0.5101
Germany,2023,Acinetobacter spp.,Fluoroquinolonas,4.45486518,0.582
Denmark,2023,Acinetobacter spp.,Fluoroquinolonas,8.98876404,0.4249
Estonia,2023,Acinetobacter spp.,Fluoroquinolonas,,0.7017
Greece,2023,Acinetobacter spp.,Fluoroquinolonas,95.08301404,3.433
Spain,2023,Acinetobacter spp.,Fluoroquinolonas,43.03797468,2.2223
Finland,2023,Acinetobacter spp.,Fluoroquinolonas,0.0,0.5269
Croatia,2023,Acinetobacter spp.,Fluoroquinolonas,96.56488549,1.7605
Hungary,2023,Acinetobacter spp.,Fluoroquinolonas,48.95104895,1.6423
Ireland,2023,Acinetobacter spp.,Fluoroquinolonas,1.61290322,0.4305
Iceland,2023,Acinetobacter spp.,Fluoroquinolonas,,0.4703
Italy,2023,Acinetobacter spp.,Fluoroquinolonas,76.93066053,1.9316
Lithuania,2023,Acinetobacter spp.,Fluoroquinolonas,92.43697478,0.9443
Luxembourg,2023,Acinetobacter spp.,Fluoroquinolonas,,1.4612
Latvia,2023,Acinetobacter spp.,Fluoroquinolonas,83.67346938,0.8916
Malta,2023,Acinetobacter spp.,Fluoroquinolonas,4.76190476,1.7239
Netherlands,2023,Acinetobacter spp.,Fluoroquinolonas,5.21327014,0.7518
Norway,2023,Acinetobacter spp.,Fluoroquinolonas,0.0,0.2355
Poland,2023,Acinetobacter spp.,Fluoroquinolonas,85.71428571,1.4264
Portugal,2023,Acinetobacter spp.,Fluoroquinolonas,46.15384615,1.4022
Romania,2023,Acinetobacter spp.,Fluoroquinolonas,87.72455089,3.4379
Sweden,2023,Acinetobacter spp.,Fluoroquinolonas,2.56410256,
Slovenia,2023,Acinetobacter spp.,Fluoroquinolonas,25.0,1.1001
Slovakia,2023,Acinetobacter spp.,Fluoroquinolonas,48.68421052,1.4472
Austria,2024,Acinetobacter spp.,Fluoroquinolonas,1.2345679,0.682
Belgium,2024,Acinetobacter spp.,Fluoroquinolonas,6.19469026,0.5752
Bulgaria,2024,Acinetobacter spp.,Fluoroquinolonas,91.9047619,2.7345
Cyprus,2024,Acinetobacter spp.,Fluoroquinolonas,84.92063492,4.8307
Czechia,2024,Acinetobacter spp.,Fluoroquinolonas,27.45098039,0.5271
Germany,2024,Acinetobacter spp.,Fluoroquinolonas,4.01119402,0.5277
Denmark,2024,Acinetobacter spp.,Fluoroquinolonas,10.1010101,
Estonia,2024,Acinetobacter spp.,Fluoroquinolonas,,0.6399
Greece,2024,Acinetobacter spp.,Fluoroquinolonas,95.15331355,3.5137
Spain,2024,Acinetobacter spp.,Fluoroquinolonas,24.28571428,2.1524
Finland,2024,Acinetobacter spp.,Fluoroquinolonas,0.0,0.4905
France,2024,Acinetobacter spp.,Fluoroquinolonas,5.69514237,1.1277
Croatia,2024,Acinetobacter spp.,Fluoroquinolonas,93.45794392,1.7
Hungary,2024,Acinetobacter spp.,Fluoroquinolonas,50.4,1.3584
Ireland,2024,Acinetobacter spp.,Fluoroquinolonas,5.88235294,0.3945
Iceland,2024,Acinetobacter spp.,Fluoroquinolonas,,0.4436
Italy,2024,Acinetobacter spp.,Fluoroquinolonas,75.10809141,1.7812
Lithuania,2024,Acinetobacter spp.,Fluoroquinolonas,80.55555555,0.8766
Luxembourg,2024,Acinetobacter spp.,Fluoroquinolonas,,1.4648
Latvia,2024,Acinetobacter spp.,Fluoroquinolonas,70.49180327,0.8309
Malta,2024,Acinetobacter spp.,Fluoroquinolonas,,1.7481
Netherlands,2024,Acinetobacter spp.,Fluoroquinolonas,4.65116279,0.74
Norway,2024,Acinetobacter spp.,Fluoroquinolonas,1.63934426,0.2202
Poland,2024,Acinetobacter spp.,Fluoroquinolonas,80.64516129,1.3681
Portugal,2024,Acinetobacter spp.,Fluoroquinolonas,24.84076433,1.4223
Romania,2024,Acinetobacter spp.,Fluoroquinolonas,93.57798165,2.841
Sweden,2024,Acinetobacter spp.,Fluoroquinolonas,2.28571428,
Slovenia,2024,Acinetobacter spp.,Fluoroquinolonas,10.0,1.0563
Slovakia,2024,Acinetobacter spp.,Fluoroquinolonas,39.36170212,1.3743
Germany,2000,Escherichia coli,Aminoglucósidos,6.66666666,
Estonia,2000,Escherichia coli,Aminoglucósidos,,
Greece,2000,Escherichia coli,Aminoglucósidos,4.46927374,0.3182
Netherlands,2000,Escherichia coli,Aminoglucósidos,2.01288244,0.0274
Norway,2000,Escherichia coli,Aminoglucósidos,0.98591549,
Austria,2001,Escherichia coli,Aminoglucósidos,1.53846153,
Belgium,2001,Escherichia coli,Aminoglucósidos,4.25531914,0.0845
Bulgaria,2001,Escherichia coli,Aminoglucósidos,15.78947368,1.548
Czechia,2001,Escherichia coli,Aminoglucósidos,5.44217687,
Germany,2001,Escherichia coli,Aminoglucósidos,4.94023904,
Estonia,2001,Escherichia coli,Aminoglucósidos,7.84313725,0.3055
Greece,2001,Escherichia coli,Aminoglucósidos,4.74516695,0.263
Spain,2001,Escherichia coli,Aminoglucósidos,6.82779456,
Finland,2001,Escherichia coli,Aminoglucósidos,0.08920606,0.0346
Croatia,2001,Escherichia coli,Aminoglucósidos,6.04395604,0.1717
Hungary,2001,Escherichia coli,Aminoglucósidos,3.68852459,0.0496
Iceland,2001,Escherichia coli,Aminoglucósidos,3.52941176,0.0375
Luxembourg,2001,Escherichia coli,Aminoglucósidos,4.66321243,0.0911
Malta,2001,Escherichia coli,Aminoglucósidos,10.76923076,
Netherlands,2001,Escherichia coli,Aminoglucósidos,2.23463687,0.0284
Norway,2001,Escherichia coli,Aminoglucósidos,0.75662042,0.0532
Poland,2001,Escherichia coli,Aminoglucósidos,5.0,0.3493
Portugal,2001,Escherichia coli,Aminoglucósidos,5.98086124,
Sweden,2001,Escherichia coli,Aminoglucósidos,0.88781275,0.0162
Slovenia,2001,Escherichia coli,Aminoglucósidos,2.01005025,0.0806
Slovakia,2001,Escherichia coli,Aminoglucósidos,2.22222222,0.1895
United Kingdom,2001,Escherichia coli,Aminoglucósidos,2.7306273,
Austria,2002,Escherichia coli,Aminoglucósidos,3.57894736,
Belgium,2002,Escherichia coli,Aminoglucósidos,5.67375886,0.082
Bulgaria,2002,Escherichia coli,Aminoglucósidos,16.66666666,1.3607
Czechia,2002,Escherichia coli,Aminoglucósidos,5.92312539,
Germany,2002,Escherichia coli,Aminoglucósidos,5.07042253,0.0451
Estonia,2002,Escherichia coli,Aminoglucósidos,10.44776119,0.2769
Greece,2002,Escherichia coli,Aminoglucósidos,6.32911392,0.2771
Spain,2002,Escherichia coli,Aminoglucósidos,7.51515151,
Finland,2002,Escherichia coli,Aminoglucósidos,0.83752093,0.034
France,2002,Escherichia coli,Aminoglucósidos,4.24849699,0.1498
Croatia,2002,Escherichia coli,Aminoglucósidos,6.73469387,0.1954
Hungary,2002,Escherichia coli,Aminoglucósidos,6.06936416,0.0567
Ireland,2002,Escherichia coli,Aminoglucósidos,2.47933884,
Iceland,2002,Escherichia coli,Aminoglucósidos,1.21951219,0.0368
Italy,2002,Escherichia coli,Aminoglucósidos,5.89198036,
Luxembourg,2002,Escherichia coli,Aminoglucósidos,3.626943,0.1009
Malta,2002,Escherichia coli,Aminoglucósidos,6.75675675,
Netherlands,2002,Escherichia coli,Aminoglucósidos,2.36586396,0.0381
Norway,2002,Escherichia coli,Aminoglucósidos,0.7070707,0.0589
Poland,2002,Escherichia coli,Aminoglucósidos,10.52631578,0.2487
Portugal,2002,Escherichia coli,Aminoglucósidos,8.78378378,
Romania,2002,Escherichia coli,Aminoglucósidos,16.0,
Sweden,2002,Escherichia coli,Aminoglucósidos,0.44275774,0.0152
Slovenia,2002,Escherichia coli,Aminoglucósidos,3.42298288,0.0819
Slovakia,2002,Escherichia coli,Aminoglucósidos,3.25581395,0.1474
United Kingdom,2002,Escherichia coli,Aminoglucósidos,3.35781741,
Austria,2003,Escherichia coli,Aminoglucósidos,4.68431771,
Belgium,2003,Escherichia coli,Aminoglucósidos,4.66605672,0.0871
Bulgaria,2003,Escherichia coli,Aminoglucósidos,22.15189873,1.2065
Cyprus,2003,Escherichia coli,Aminoglucósidos,,
Czechia,2003,Escherichia coli,Aminoglucósidos,5.32577903,
Germany,2003,Escherichia coli,Aminoglucósidos,5.25252525,0.043
Estonia,2003,Escherichia coli,Aminoglucósidos,3.06122448,0.2516
Greece,2003,Escherichia coli,Aminoglucósidos,5.50284629,0.2925
Spain,2003,Escherichia coli,Aminoglucósidos,7.27548313,
Finland,2003,Escherichia coli,Aminoglucósidos,1.23152709,0.0284
France,2003,Escherichia coli,Aminoglucósidos,5.1214128,0.1208
Croatia,2003,Escherichia coli,Aminoglucósidos,7.19298245,0.1384
Hungary,2003,Escherichia coli,Aminoglucósidos,7.74731823,0.0473
Ireland,2003,Escherichia coli,Aminoglucósidos,3.71900826,
Iceland,2003,Escherichia coli,Aminoglucósidos,2.04081632,0.04
Italy,2003,Escherichia coli,Aminoglucósidos,9.85915492,
Luxembourg,2003,Escherichia coli,Aminoglucósidos,3.52422907,0.0935
Malta,2003,Escherichia coli,Aminoglucósidos,17.58241758,
Netherlands,2003,Escherichia coli,Aminoglucósidos,2.95378751,
Norway,2003,Escherichia coli,Aminoglucósidos,0.44642857,0.0601
Poland,2003,Escherichia coli,Aminoglucósidos,8.94308943,0.0
Portugal,2003,Escherichia coli,Aminoglucósidos,9.34343434,
Romania,2003,Escherichia coli,Aminoglucósidos,20.83333333,
Sweden,2003,Escherichia coli,Aminoglucósidos,1.02873359,0.0146
Slovenia,2003,Escherichia coli,Aminoglucósidos,2.24438902,0.0842
Slovakia,2003,Escherichia coli,Aminoglucósidos,5.90717299,0.0749
United Kingdom,2003,Escherichia coli,Aminoglucósidos,4.32801822,
Austria,2004,Escherichia coli,Aminoglucósidos,5.50708833,
Belgium,2004,Escherichia coli,Aminoglucósidos,4.53821656,0.0839
Bulgaria,2004,Escherichia coli,Aminoglucósidos,20.625,0.3911
Cyprus,2004,Escherichia coli,Aminoglucósidos,10.86956521,
Czechia,2004,Escherichia coli,Aminoglucósidos,4.98474059,
Germany,2004,Escherichia coli,Aminoglucósidos,4.28336079,0.0371
Estonia,2004,Escherichia coli,Aminoglucósidos,1.80722891,0.3188
Greece,2004,Escherichia coli,Aminoglucósidos,5.76241134,0.2809
Spain,2004,Escherichia coli,Aminoglucósidos,7.421311,
Finland,2004,Escherichia coli,Aminoglucósidos,2.25140712,0.0306
France,2004,Escherichia coli,Aminoglucósidos,4.28969359,0.1262
Croatia,2004,Escherichia coli,Aminoglucósidos,5.79439252,0.1172
Hungary,2004,Escherichia coli,Aminoglucósidos,9.52380952,0.0498
Ireland,2004,Escherichia coli,Aminoglucósidos,5.27182866,0.0385
Iceland,2004,Escherichia coli,Aminoglucósidos,0.84745762,0.0382
Italy,2004,Escherichia coli,Aminoglucósidos,8.73634945,
Luxembourg,2004,Escherichia coli,Aminoglucósidos,3.7037037,0.0858
Malta,2004,Escherichia coli,Aminoglucósidos,19.78021978,
Netherlands,2004,Escherichia coli,Aminoglucósidos,3.18930041,
Norway,2004,Escherichia coli,Aminoglucósidos,0.84104289,0.0581
Poland,2004,Escherichia coli,Aminoglucósidos,5.23560209,0.0547
Portugal,2004,Escherichia coli,Aminoglucósidos,12.77997364,
Romania,2004,Escherichia coli,Aminoglucósidos,27.27272727,
Sweden,2004,Escherichia coli,Aminoglucósidos,1.17682558,0.0198
Slovenia,2004,Escherichia coli,Aminoglucósidos,4.36300174,0.0926
Slovakia,2004,Escherichia coli,Aminoglucósidos,12.14285714,0.0782
United Kingdom,2004,Escherichia coli,Aminoglucósidos,6.14609571,
Austria,2005,Escherichia coli,Aminoglucósidos,5.41992187,
Belgium,2005,Escherichia coli,Aminoglucósidos,4.16012558,0.0761
Bulgaria,2005,Escherichia coli,Aminoglucósidos,22.87234042,0.3462
Cyprus,2005,Escherichia coli,Aminoglucósidos,12.0,
Czechia,2005,Escherichia coli,Aminoglucósidos,6.22202327,
Germany,2005,Escherichia coli,Aminoglucósidos,5.94369134,
Denmark,2005,Escherichia coli,Aminoglucósidos,1.94855806,0.0645
Estonia,2005,Escherichia coli,Aminoglucósidos,3.89610389,0.2046
Greece,2005,Escherichia coli,Aminoglucósidos,6.76031606,0.2761
Spain,2005,Escherichia coli,Aminoglucósidos,9.82948846,
Finland,2005,Escherichia coli,Aminoglucósidos,2.04545454,0.0295
France,2005,Escherichia coli,Aminoglucósidos,4.77212681,0.1295
Croatia,2005,Escherichia coli,Aminoglucósidos,4.23861852,0.1214
Hungary,2005,Escherichia coli,Aminoglucósidos,8.95091434,0.0549
Ireland,2005,Escherichia coli,Aminoglucósidos,7.45209368,0.0365
Iceland,2005,Escherichia coli,Aminoglucósidos,0.76923076,0.0481
Italy,2005,Escherichia coli,Aminoglucósidos,11.3865932,0.0578
Luxembourg,2005,Escherichia coli,Aminoglucósidos,7.44680851,0.0964
Malta,2005,Escherichia coli,Aminoglucósidos,7.05882352,
Netherlands,2005,Escherichia coli,Aminoglucósidos,3.73917008,
Norway,2005,Escherichia coli,Aminoglucósidos,1.73062452,0.0659
Poland,2005,Escherichia coli,Aminoglucósidos,7.42857142,
Portugal,2005,Escherichia coli,Aminoglucósidos,12.47863247,
Romania,2005,Escherichia coli,Aminoglucósidos,14.81481481,
Sweden,2005,Escherichia coli,Aminoglucósidos,1.34796238,0.0203
Slovenia,2005,Escherichia coli,Aminoglucósidos,3.80517503,0.0813
Slovakia,2005,Escherichia coli,Aminoglucósidos,10.30927835,0.0814
United Kingdom,2005,Escherichia coli,Aminoglucósidos,8.28460038,
Austria,2006,Escherichia coli,Aminoglucósidos,7.60517799,
Belgium,2006,Escherichia coli,Aminoglucósidos,5.84532374,0.0577
Bulgaria,2006,Escherichia coli,Aminoglucósidos,28.19148936,0.4126
Cyprus,2006,Escherichia coli,Aminoglucósidos,7.77777777,0.0958
Czechia,2006,Escherichia coli,Aminoglucósidos,6.17742684,
Germany,2006,Escherichia coli,Aminoglucósidos,9.88235294,
Denmark,2006,Escherichia coli,Aminoglucósidos,2.94009555,0.0567
Estonia,2006,Escherichia coli,Aminoglucósidos,2.34741784,0.0843
Greece,2006,Escherichia coli,Aminoglucósidos,6.8855084,3.3283
Spain,2006,Escherichia coli,Aminoglucósidos,9.19369235,
Finland,2006,Escherichia coli,Aminoglucósidos,2.17391304,0.0241
France,2006,Escherichia coli,Aminoglucósidos,5.95947556,0.1284
Croatia,2006,Escherichia coli,Aminoglucósidos,5.92020592,0.1196
Hungary,2006,Escherichia coli,Aminoglucósidos,12.17777777,0.0538
Ireland,2006,Escherichia coli,Aminoglucósidos,6.98957694,0.0778
Iceland,2006,Escherichia coli,Aminoglucósidos,6.92307692,
Italy,2006,Escherichia coli,Aminoglucósidos,7.50293083,
Lithuania,2006,Escherichia coli,Aminoglucósidos,14.61988304,1.5501
Luxembourg,2006,Escherichia coli,Aminoglucósidos,5.98802395,0.0897
Latvia,2006,Escherichia coli,Aminoglucósidos,4.83870967,0.4189
Malta,2006,Escherichia coli,Aminoglucósidos,14.89361702,
Netherlands,2006,Escherichia coli,Aminoglucósidos,3.48837209,
Norway,2006,Escherichia coli,Aminoglucósidos,1.91082802,0.0696
Poland,2006,Escherichia coli,Aminoglucósidos,10.73170731,
Portugal,2006,Escherichia coli,Aminoglucósidos,12.03007518,
Romania,2006,Escherichia coli,Aminoglucósidos,40.0,
Sweden,2006,Escherichia coli,Aminoglucósidos,1.56205623,0.022
Slovenia,2006,Escherichia coli,Aminoglucósidos,6.41562064,0.0821
United Kingdom,2006,Escherichia coli,Aminoglucósidos,6.50289017,
Austria,2007,Escherichia coli,Aminoglucósidos,7.0106341,
Belgium,2007,Escherichia coli,Aminoglucósidos,4.94958753,0.0661
Bulgaria,2007,Escherichia coli,Aminoglucósidos,18.4,0.4091
Cyprus,2007,Escherichia coli,Aminoglucósidos,11.00917431,0.4147
Czechia,2007,Escherichia coli,Aminoglucósidos,6.9796427,
Germany,2007,Escherichia coli,Aminoglucósidos,6.06995884,
Denmark,2007,Escherichia coli,Aminoglucósidos,3.47797283,0.0551
Estonia,2007,Escherichia coli,Aminoglucósidos,5.58139534,0.1298
Greece,2007,Escherichia coli,Aminoglucósidos,8.52272727,2.5112
Spain,2007,Escherichia coli,Aminoglucósidos,9.95106035,
Finland,2007,Escherichia coli,Aminoglucósidos,2.74341043,0.0213
France,2007,Escherichia coli,Aminoglucósidos,5.70685813,0.1287
Croatia,2007,Escherichia coli,Aminoglucósidos,5.93023255,0.1083
Hungary,2007,Escherichia coli,Aminoglucósidos,10.56218057,0.0443
Ireland,2007,Escherichia coli,Aminoglucósidos,9.40906483,0.0983
Iceland,2007,Escherichia coli,Aminoglucósidos,5.71428571,
Italy,2007,Escherichia coli,Aminoglucósidos,13.92016376,0.0807
Lithuania,2007,Escherichia coli,Aminoglucósidos,12.34042553,0.3594
Luxembourg,2007,Escherichia coli,Aminoglucósidos,5.14705882,0.0905
Latvia,2007,Escherichia coli,Aminoglucósidos,14.47368421,0.4495
Malta,2007,Escherichia coli,Aminoglucósidos,19.65811965,0.0548
Netherlands,2007,Escherichia coli,Aminoglucósidos,4.73568281,
Norway,2007,Escherichia coli,Aminoglucósidos,2.98071303,0.0673
Poland,2007,Escherichia coli,Aminoglucósidos,5.859375,
Portugal,2007,Escherichia coli,Aminoglucósidos,12.17634709,
Romania,2007,Escherichia coli,Aminoglucósidos,36.06557377,
Sweden,2007,Escherichia coli,Aminoglucósidos,2.24418915,0.0197
Slovenia,2007,Escherichia coli,Aminoglucósidos,6.81551116,0.0733
United Kingdom,2007,Escherichia coli,Aminoglucósidos,7.22358722,
Austria,2008,Escherichia coli,Aminoglucósidos,6.53923541,
Belgium,2008,Escherichia coli,Aminoglucósidos,4.3521266,0.0572
Bulgaria,2008,Escherichia coli,Aminoglucósidos,30.61224489,0.3928
Cyprus,2008,Escherichia coli,Aminoglucósidos,10.08403361,0.077
Czechia,2008,Escherichia coli,Aminoglucósidos,8.21767713,
Germany,2008,Escherichia coli,Aminoglucósidos,6.87306501,
Denmark,2008,Escherichia coli,Aminoglucósidos,4.08785845,0.0518
Estonia,2008,Escherichia coli,Aminoglucósidos,4.58015267,0.1151
Greece,2008,Escherichia coli,Aminoglucósidos,14.61061337,2.6053
Spain,2008,Escherichia coli,Aminoglucósidos,10.90858878,
Finland,2008,Escherichia coli,Aminoglucósidos,3.59922178,0.0221
France,2008,Escherichia coli,Aminoglucósidos,6.49231173,0.1241
Croatia,2008,Escherichia coli,Aminoglucósidos,5.14223194,0.1222
Hungary,2008,Escherichia coli,Aminoglucósidos,12.83269961,0.0443
Ireland,2008,Escherichia coli,Aminoglucósidos,9.10551687,0.123
Iceland,2008,Escherichia coli,Aminoglucósidos,6.50406504,
Italy,2008,Escherichia coli,Aminoglucósidos,13.66061899,0.1201
Lithuania,2008,Escherichia coli,Aminoglucósidos,12.25165562,0.3819
Luxembourg,2008,Escherichia coli,Aminoglucósidos,7.59075907,0.083
Latvia,2008,Escherichia coli,Aminoglucósidos,10.0,0.4272
Malta,2008,Escherichia coli,Aminoglucósidos,21.875,0.0564
Netherlands,2008,Escherichia coli,Aminoglucósidos,5.65789473,
Norway,2008,Escherichia coli,Aminoglucósidos,3.22760155,0.0716
Poland,2008,Escherichia coli,Aminoglucósidos,7.14285714,
Portugal,2008,Escherichia coli,Aminoglucósidos,13.54679802,
Romania,2008,Escherichia coli,Aminoglucósidos,23.52941176,
Sweden,2008,Escherichia coli,Aminoglucósidos,2.2597467,0.0243
Slovenia,2008,Escherichia coli,Aminoglucósidos,6.52173913,0.0706
United Kingdom,2008,Escherichia coli,Aminoglucósidos,7.02028081,
Austria,2009,Escherichia coli,Aminoglucósidos,5.93518156,
Belgium,2009,Escherichia coli,Aminoglucósidos,7.28033472,0.059
Bulgaria,2009,Escherichia coli,Aminoglucósidos,17.1875,0.3621
Cyprus,2009,Escherichia coli,Aminoglucósidos,9.55882352,0.0953
Czechia,2009,Escherichia coli,Aminoglucósidos,8.06863818,
Germany,2009,Escherichia coli,Aminoglucósidos,8.40787119,
Denmark,2009,Escherichia coli,Aminoglucósidos,4.41926345,0.0486
Estonia,2009,Escherichia coli,Aminoglucósidos,3.44827586,0.074
Greece,2009,Escherichia coli,Aminoglucósidos,14.33278418,0.2521
Spain,2009,Escherichia coli,Aminoglucósidos,12.96490309,
Finland,2009,Escherichia coli,Aminoglucósidos,2.80373831,0.0221
France,2009,Escherichia coli,Aminoglucósidos,7.82433712,0.123
Hungary,2009,Escherichia coli,Aminoglucósidos,15.87452471,0.0421
Ireland,2009,Escherichia coli,Aminoglucósidos,8.51169736,0.1144
Iceland,2009,Escherichia coli,Aminoglucósidos,7.27272727,
Italy,2009,Escherichia coli,Aminoglucósidos,14.07894736,
Lithuania,2009,Escherichia coli,Aminoglucósidos,15.15151515,0.243
Luxembourg,2009,Escherichia coli,Aminoglucósidos,8.97009966,0.0713
Latvia,2009,Escherichia coli,Aminoglucósidos,11.62790697,0.3174
Malta,2009,Escherichia coli,Aminoglucósidos,20.88607594,0.0458
Netherlands,2009,Escherichia coli,Aminoglucósidos,4.44258172,
Norway,2009,Escherichia coli,Aminoglucósidos,3.31341662,0.0672
Poland,2009,Escherichia coli,Aminoglucósidos,6.48648648,
Portugal,2009,Escherichia coli,Aminoglucósidos,10.57550418,0.0909
Romania,2009,Escherichia coli,Aminoglucósidos,15.78947368,0.2516
Sweden,2009,Escherichia coli,Aminoglucósidos,,0.0258
Slovenia,2009,Escherichia coli,Aminoglucósidos,9.85442329,0.0696
United Kingdom,2009,Escherichia coli,Aminoglucósidos,7.37647877,
Austria,2010,Escherichia coli,Aminoglucósidos,6.21993127,
Belgium,2010,Escherichia coli,Aminoglucósidos,5.61868686,0.054
Bulgaria,2010,Escherichia coli,Aminoglucósidos,14.66666666,0.3273
Cyprus,2010,Escherichia coli,Aminoglucósidos,15.94202898,0.0869
Czechia,2010,Escherichia coli,Aminoglucósidos,7.92807519,
Germany,2010,Escherichia coli,Aminoglucósidos,8.67262495,
Denmark,2010,Escherichia coli,Aminoglucósidos,5.83235638,0.0334
Estonia,2010,Escherichia coli,Aminoglucósidos,4.90566037,0.1353
Greece,2010,Escherichia coli,Aminoglucósidos,16.58986175,0.3133
Spain,2010,Escherichia coli,Aminoglucósidos,14.09761235,
Finland,2010,Escherichia coli,Aminoglucósidos,3.77758913,0.0164
France,2010,Escherichia coli,Aminoglucósidos,7.07003546,0.1069
Croatia,2010,Escherichia coli,Aminoglucósidos,6.37087599,0.1431
Hungary,2010,Escherichia coli,Aminoglucósidos,19.86947063,0.0426
Ireland,2010,Escherichia coli,Aminoglucósidos,9.68809073,0.1233
Iceland,2010,Escherichia coli,Aminoglucósidos,2.88461538,0.0
Italy,2010,Escherichia coli,Aminoglucósidos,16.24177631,0.1
Lithuania,2010,Escherichia coli,Aminoglucósidos,14.19939577,0.1495
Luxembourg,2010,Escherichia coli,Aminoglucósidos,6.49717514,0.0719
Latvia,2010,Escherichia coli,Aminoglucósidos,11.34020618,0.3249
Malta,2010,Escherichia coli,Aminoglucósidos,22.39583333,0.0786
Netherlands,2010,Escherichia coli,Aminoglucósidos,7.21479958,0.0911
Norway,2010,Escherichia coli,Aminoglucósidos,4.31878895,0.0696
Poland,2010,Escherichia coli,Aminoglucósidos,9.20245398,
Portugal,2010,Escherichia coli,Aminoglucósidos,12.02627589,0.086
Romania,2010,Escherichia coli,Aminoglucósidos,12.12121212,
Sweden,2010,Escherichia coli,Aminoglucósidos,3.44420853,0.0256
Slovenia,2010,Escherichia coli,Aminoglucósidos,8.82352941,0.0724
United Kingdom,2010,Escherichia coli,Aminoglucósidos,8.27754108,
Austria,2011,Escherichia coli,Aminoglucósidos,7.26809053,
Belgium,2011,Escherichia coli,Aminoglucósidos,7.11545169,0.051
Bulgaria,2011,Escherichia coli,Aminoglucósidos,17.61363636,0.3238
Cyprus,2011,Escherichia coli,Aminoglucósidos,23.18840579,0.0413
Czechia,2011,Escherichia coli,Aminoglucósidos,8.20224719,
Germany,2011,Escherichia coli,Aminoglucósidos,7.5994513,
Denmark,2011,Escherichia coli,Aminoglucósidos,6.40461792,0.0518
Estonia,2011,Escherichia coli,Aminoglucósidos,4.83870967,0.0634
Greece,2011,Escherichia coli,Aminoglucósidos,16.73640167,0.1818
Spain,2011,Escherichia coli,Aminoglucósidos,14.81349277,
Finland,2011,Escherichia coli,Aminoglucósidos,5.26490066,0.0222
France,2011,Escherichia coli,Aminoglucósidos,7.76710134,0.1028
Croatia,2011,Escherichia coli,Aminoglucósidos,7.10607621,0.1085
Hungary,2011,Escherichia coli,Aminoglucósidos,14.55437448,0.0418
Ireland,2011,Escherichia coli,Aminoglucósidos,10.11600928,0.1128
Iceland,2011,Escherichia coli,Aminoglucósidos,6.20155038,0.0177
Italy,2011,Escherichia coli,Aminoglucósidos,20.74592074,0.0788
Lithuania,2011,Escherichia coli,Aminoglucósidos,9.68586387,0.1466
Luxembourg,2011,Escherichia coli,Aminoglucósidos,7.90960451,0.0627
Latvia,2011,Escherichia coli,Aminoglucósidos,10.6870229,0.0724
Malta,2011,Escherichia coli,Aminoglucósidos,15.06849315,0.0969
Netherlands,2011,Escherichia coli,Aminoglucósidos,7.62430939,0.0858
Norway,2011,Escherichia coli,Aminoglucósidos,4.08906882,0.0709
Poland,2011,Escherichia coli,Aminoglucósidos,8.25852782,
Portugal,2011,Escherichia coli,Aminoglucósidos,13.81243628,0.0798
Romania,2011,Escherichia coli,Aminoglucósidos,18.0,0.4642
Sweden,2011,Escherichia coli,Aminoglucósidos,4.76289086,0.0266
Slovenia,2011,Escherichia coli,Aminoglucósidos,9.58083832,0.065
Slovakia,2011,Escherichia coli,Aminoglucósidos,17.7027027,0.17
United Kingdom,2011,Escherichia coli,Aminoglucósidos,8.09044338,
Austria,2012,Escherichia coli,Aminoglucósidos,6.26688276,
Belgium,2012,Escherichia coli,Aminoglucósidos,7.2757475,0.0478
Bulgaria,2012,Escherichia coli,Aminoglucósidos,26.48401826,0.2826
Cyprus,2012,Escherichia coli,Aminoglucósidos,21.02272727,0.0776
Czechia,2012,Escherichia coli,Aminoglucósidos,8.17923186,
Germany,2012,Escherichia coli,Aminoglucósidos,7.06443914,
Denmark,2012,Escherichia coli,Aminoglucósidos,7.29590452,0.0585
Estonia,2012,Escherichia coli,Aminoglucósidos,7.56578947,0.0765
Greece,2012,Escherichia coli,Aminoglucósidos,17.78425655,0.1423
Spain,2012,Escherichia coli,Aminoglucósidos,15.55947136,
Finland,2012,Escherichia coli,Aminoglucósidos,6.08085532,0.0222
France,2012,Escherichia coli,Aminoglucósidos,8.12315185,0.0908
Croatia,2012,Escherichia coli,Aminoglucósidos,6.99223085,0.1121
Hungary,2012,Escherichia coli,Aminoglucósidos,17.09401709,0.0425
Ireland,2012,Escherichia coli,Aminoglucósidos,10.69473684,0.0926
Iceland,2012,Escherichia coli,Aminoglucósidos,3.6231884,0.0238
Italy,2012,Escherichia coli,Aminoglucósidos,22.32510288,0.09
Lithuania,2012,Escherichia coli,Aminoglucósidos,9.56521739,0.1929
Luxembourg,2012,Escherichia coli,Aminoglucósidos,6.28742514,0.0705
Latvia,2012,Escherichia coli,Aminoglucósidos,11.68831168,0.118
Malta,2012,Escherichia coli,Aminoglucósidos,11.48325358,0.0637
Netherlands,2012,Escherichia coli,Aminoglucósidos,7.43117716,0.0796
Norway,2012,Escherichia coli,Aminoglucósidos,5.75587165,0.0733
Poland,2012,Escherichia coli,Aminoglucósidos,12.09756097,
Portugal,2012,Escherichia coli,Aminoglucósidos,16.24883936,0.0772
Romania,2012,Escherichia coli,Aminoglucósidos,24.32432432,0.418
Sweden,2012,Escherichia coli,Aminoglucósidos,5.81542351,0.0286
Slovenia,2012,Escherichia coli,Aminoglucósidos,8.39041095,0.0559
Slovakia,2012,Escherichia coli,Aminoglucósidos,20.74927953,0.0717
United Kingdom,2012,Escherichia coli,Aminoglucósidos,8.6228482,
Austria,2013,Escherichia coli,Aminoglucósidos,7.1673918,
Belgium,2013,Escherichia coli,Aminoglucósidos,7.34360834,0.0503
Bulgaria,2013,Escherichia coli,Aminoglucósidos,31.01604278,0.2665
Cyprus,2013,Escherichia coli,Aminoglucósidos,24.69135802,0.0645
Czechia,2013,Escherichia coli,Aminoglucósidos,9.06323977,
Germany,2013,Escherichia coli,Aminoglucósidos,6.9889451,
Denmark,2013,Escherichia coli,Aminoglucósidos,6.50887573,0.0534
Estonia,2013,Escherichia coli,Aminoglucósidos,7.33137829,0.0594
Greece,2013,Escherichia coli,Aminoglucósidos,16.94915254,0.1231
Spain,2013,Escherichia coli,Aminoglucósidos,15.33142182,
Finland,2013,Escherichia coli,Aminoglucósidos,6.48694187,0.0084
France,2013,Escherichia coli,Aminoglucósidos,7.76880661,0.0885
Croatia,2013,Escherichia coli,Aminoglucósidos,7.67716535,0.1009
Hungary,2013,Escherichia coli,Aminoglucósidos,16.95865451,0.0419
Ireland,2013,Escherichia coli,Aminoglucósidos,11.16485288,0.0705
Iceland,2013,Escherichia coli,Aminoglucósidos,4.1322314,0.0217
Italy,2013,Escherichia coli,Aminoglucósidos,18.96370331,0.0741
Lithuania,2013,Escherichia coli,Aminoglucósidos,10.72261072,0.1384
Luxembourg,2013,Escherichia coli,Aminoglucósidos,7.02341137,0.0573
Latvia,2013,Escherichia coli,Aminoglucósidos,5.22388059,0.1041
Malta,2013,Escherichia coli,Aminoglucósidos,9.09090909,0.0859
Netherlands,2013,Escherichia coli,Aminoglucósidos,6.50577124,0.0794
Norway,2013,Escherichia coli,Aminoglucósidos,6.39818122,0.0697
Poland,2013,Escherichia coli,Aminoglucósidos,10.67683508,
Portugal,2013,Escherichia coli,Aminoglucósidos,15.20119225,0.0756
Romania,2013,Escherichia coli,Aminoglucósidos,14.76510067,0.3865
Sweden,2013,Escherichia coli,Aminoglucósidos,6.04225352,0.027
Slovenia,2013,Escherichia coli,Aminoglucósidos,9.31372549,0.0522
Slovakia,2013,Escherichia coli,Aminoglucósidos,24.03965303,0.0817
United Kingdom,2013,Escherichia coli,Aminoglucósidos,9.04270164,0.1258
Austria,2014,Escherichia coli,Aminoglucósidos,7.08844688,
Belgium,2014,Escherichia coli,Aminoglucósidos,8.85085574,0.0425
Bulgaria,2014,Escherichia coli,Aminoglucósidos,29.1005291,0.2865
Cyprus,2014,Escherichia coli,Aminoglucósidos,17.64705882,0.0567
Czechia,2014,Escherichia coli,Aminoglucósidos,10.67472306,
Germany,2014,Escherichia coli,Aminoglucósidos,6.90262652,
Denmark,2014,Escherichia coli,Aminoglucósidos,7.27798798,0.0401
Estonia,2014,Escherichia coli,Aminoglucósidos,6.81265206,0.0724
Greece,2014,Escherichia coli,Aminoglucósidos,15.58558558,0.1358
Spain,2014,Escherichia coli,Aminoglucósidos,15.06872852,
Finland,2014,Escherichia coli,Aminoglucósidos,4.55855383,0.0055
France,2014,Escherichia coli,Aminoglucósidos,7.72652548,0.0929
Croatia,2014,Escherichia coli,Aminoglucósidos,10.86350974,0.1366
Hungary,2014,Escherichia coli,Aminoglucósidos,14.72049689,0.0416
Ireland,2014,Escherichia coli,Aminoglucósidos,12.08872458,0.0614
Iceland,2014,Escherichia coli,Aminoglucósidos,5.26315789,
Italy,2014,Escherichia coli,Aminoglucósidos,19.35299169,0.0712
Lithuania,2014,Escherichia coli,Aminoglucósidos,10.61643835,0.1002
Luxembourg,2014,Escherichia coli,Aminoglucósidos,7.90190735,0.0786
Latvia,2014,Escherichia coli,Aminoglucósidos,8.28729281,0.0934
Malta,2014,Escherichia coli,Aminoglucósidos,9.70149253,0.1063
Netherlands,2014,Escherichia coli,Aminoglucósidos,6.35611056,0.0736
Norway,2014,Escherichia coli,Aminoglucósidos,5.93740859,0.0712
Poland,2014,Escherichia coli,Aminoglucósidos,9.83146067,0.0934
Portugal,2014,Escherichia coli,Aminoglucósidos,15.10719294,0.0695
Romania,2014,Escherichia coli,Aminoglucósidos,17.16171617,0.4008
Sweden,2014,Escherichia coli,Aminoglucósidos,6.06493043,0.0267
Slovenia,2014,Escherichia coli,Aminoglucósidos,11.26644736,0.062
Slovakia,2014,Escherichia coli,Aminoglucósidos,22.74774774,0.0835
United Kingdom,2014,Escherichia coli,Aminoglucósidos,8.85345064,0.128
Austria,2015,Escherichia coli,Aminoglucósidos,6.98198198,
Belgium,2015,Escherichia coli,Aminoglucósidos,8.35520559,0.04
Bulgaria,2015,Escherichia coli,Aminoglucósidos,19.78021978,0.2841
Cyprus,2015,Escherichia coli,Aminoglucósidos,13.82113821,0.0634
Czechia,2015,Escherichia coli,Aminoglucósidos,11.34930643,
Germany,2015,Escherichia coli,Aminoglucósidos,7.11042197,
Denmark,2015,Escherichia coli,Aminoglucósidos,6.79590503,0.0405
Estonia,2015,Escherichia coli,Aminoglucósidos,9.3385214,0.0436
Greece,2015,Escherichia coli,Aminoglucósidos,16.08333333,0.1182
Spain,2015,Escherichia coli,Aminoglucósidos,14.70180305,
Finland,2015,Escherichia coli,Aminoglucósidos,5.41717049,0.0155
France,2015,Escherichia coli,Aminoglucósidos,8.15015829,0.0915
Croatia,2015,Escherichia coli,Aminoglucósidos,12.69841269,0.1013
Hungary,2015,Escherichia coli,Aminoglucósidos,13.56435643,0.0403
Ireland,2015,Escherichia coli,Aminoglucósidos,11.82917611,0.0877
Iceland,2015,Escherichia coli,Aminoglucósidos,2.89017341,
Italy,2015,Escherichia coli,Aminoglucósidos,20.17381656,0.285
Lithuania,2015,Escherichia coli,Aminoglucósidos,10.12006861,0.1047
Luxembourg,2015,Escherichia coli,Aminoglucósidos,8.93371757,0.0563
Latvia,2015,Escherichia coli,Aminoglucósidos,14.13612565,0.09
Malta,2015,Escherichia coli,Aminoglucósidos,12.18487394,0.1123
Netherlands,2015,Escherichia coli,Aminoglucósidos,6.07859768,0.0731
Norway,2015,Escherichia coli,Aminoglucósidos,5.99818236,0.0733
Poland,2015,Escherichia coli,Aminoglucósidos,11.19544592,0.0858
Portugal,2015,Escherichia coli,Aminoglucósidos,13.83097542,0.0689
Romania,2015,Escherichia coli,Aminoglucósidos,18.30601092,0.3635
Sweden,2015,Escherichia coli,Aminoglucósidos,6.42249609,0.0152
Slovenia,2015,Escherichia coli,Aminoglucósidos,12.8959276,0.0614
Slovakia,2015,Escherichia coli,Aminoglucósidos,24.21875,0.0919
United Kingdom,2015,Escherichia coli,Aminoglucósidos,9.94712491,0.1228
Austria,2016,Escherichia coli,Aminoglucósidos,7.8125,
Belgium,2016,Escherichia coli,Aminoglucósidos,8.40240068,0.0371
Bulgaria,2016,Escherichia coli,Aminoglucósidos,34.76190476,0.2646
Cyprus,2016,Escherichia coli,Aminoglucósidos,16.10738255,0.0691
Czechia,2016,Escherichia coli,Aminoglucósidos,12.15289121,
Germany,2016,Escherichia coli,Aminoglucósidos,6.95529577,
Denmark,2016,Escherichia coli,Aminoglucósidos,6.06685926,0.0526
Estonia,2016,Escherichia coli,Aminoglucósidos,7.4074074,0.0327
Greece,2016,Escherichia coli,Aminoglucósidos,16.83320522,0.1382
Spain,2016,Escherichia coli,Aminoglucósidos,14.52941176,0.0867
Finland,2016,Escherichia coli,Aminoglucósidos,4.93472007,0.0161
France,2016,Escherichia coli,Aminoglucósidos,7.91198922,0.0889
Croatia,2016,Escherichia coli,Aminoglucósidos,15.67672833,0.0973
Hungary,2016,Escherichia coli,Aminoglucósidos,13.25301204,0.0393
Ireland,2016,Escherichia coli,Aminoglucósidos,11.2337011,0.0885
Iceland,2016,Escherichia coli,Aminoglucósidos,3.64583333,
Italy,2016,Escherichia coli,Aminoglucósidos,18.98338542,0.4862
Lithuania,2016,Escherichia coli,Aminoglucósidos,7.96460176,0.0848
Luxembourg,2016,Escherichia coli,Aminoglucósidos,9.09090909,0.0564
Latvia,2016,Escherichia coli,Aminoglucósidos,12.70491803,0.0819
Malta,2016,Escherichia coli,Aminoglucósidos,10.36585365,0.0873
Netherlands,2016,Escherichia coli,Aminoglucósidos,6.19481236,0.0645
Norway,2016,Escherichia coli,Aminoglucósidos,5.50636413,0.0725
Poland,2016,Escherichia coli,Aminoglucósidos,13.28837762,0.0466
Portugal,2016,Escherichia coli,Aminoglucósidos,13.14830875,0.066
Romania,2016,Escherichia coli,Aminoglucósidos,14.97584541,0.2933
Sweden,2016,Escherichia coli,Aminoglucósidos,7.22406101,0.0275
Slovenia,2016,Escherichia coli,Aminoglucósidos,10.63380281,0.0637
Slovakia,2016,Escherichia coli,Aminoglucósidos,20.16908212,0.0784
United Kingdom,2016,Escherichia coli,Aminoglucósidos,9.85927652,0.12
Austria,2017,Escherichia coli,Aminoglucósidos,7.70966528,
Belgium,2017,Escherichia coli,Aminoglucósidos,8.09233218,0.0354
Bulgaria,2017,Escherichia coli,Aminoglucósidos,36.24454148,0.2594
Cyprus,2017,Escherichia coli,Aminoglucósidos,21.79487179,0.0732
Czechia,2017,Escherichia coli,Aminoglucósidos,10.69084088,
Germany,2017,Escherichia coli,Aminoglucósidos,7.00240234,
Denmark,2017,Escherichia coli,Aminoglucósidos,5.99375244,0.0591
Estonia,2017,Escherichia coli,Aminoglucósidos,5.72519083,0.0416
Greece,2017,Escherichia coli,Aminoglucósidos,16.97341513,0.1366
Spain,2017,Escherichia coli,Aminoglucósidos,13.70044783,0.0808
Finland,2017,Escherichia coli,Aminoglucósidos,4.95784825,0.014
France,2017,Escherichia coli,Aminoglucósidos,7.04418835,0.0804
Croatia,2017,Escherichia coli,Aminoglucósidos,16.63778162,0.0951
Hungary,2017,Escherichia coli,Aminoglucósidos,15.09708737,0.0391
Ireland,2017,Escherichia coli,Aminoglucósidos,11.94364393,0.1013
Iceland,2017,Escherichia coli,Aminoglucósidos,5.63380281,0.0254
Italy,2017,Escherichia coli,Aminoglucósidos,18.41883936,0.0683
Lithuania,2017,Escherichia coli,Aminoglucósidos,8.25471698,0.0741
Luxembourg,2017,Escherichia coli,Aminoglucósidos,10.39260969,0.0601
Latvia,2017,Escherichia coli,Aminoglucósidos,13.43283582,0.0792
Malta,2017,Escherichia coli,Aminoglucósidos,10.82802547,0.0804
Netherlands,2017,Escherichia coli,Aminoglucósidos,5.89723109,0.0557
Norway,2017,Escherichia coli,Aminoglucósidos,7.18113612,0.0838
Poland,2017,Escherichia coli,Aminoglucósidos,14.01250459,0.0788
Portugal,2017,Escherichia coli,Aminoglucósidos,11.93048379,0.0613
Romania,2017,Escherichia coli,Aminoglucósidos,15.20467836,0.2131
Sweden,2017,Escherichia coli,Aminoglucósidos,6.49531087,0.0269
Slovenia,2017,Escherichia coli,Aminoglucósidos,11.42857142,0.0624
Slovakia,2017,Escherichia coli,Aminoglucósidos,22.51428571,0.0859
United Kingdom,2017,Escherichia coli,Aminoglucósidos,9.95803376,0.1298
Austria,2018,Escherichia coli,Aminoglucósidos,8.22649572,
Belgium,2018,Escherichia coli,Aminoglucósidos,7.40450026,0.0332
Bulgaria,2018,Escherichia coli,Aminoglucósidos,28.36363636,0.2683
Cyprus,2018,Escherichia coli,Aminoglucósidos,19.86754966,0.0825
Czechia,2018,Escherichia coli,Aminoglucósidos,9.47021685,
Germany,2018,Escherichia coli,Aminoglucósidos,6.8780623,
Denmark,2018,Escherichia coli,Aminoglucósidos,5.7481921,0.0538
Estonia,2018,Escherichia coli,Aminoglucósidos,6.24263839,0.0315
Greece,2018,Escherichia coli,Aminoglucósidos,15.49295774,0.1421
Spain,2018,Escherichia coli,Aminoglucósidos,14.12165572,0.0814
Finland,2018,Escherichia coli,Aminoglucósidos,4.25752855,0.016
France,2018,Escherichia coli,Aminoglucósidos,7.39233086,0.0718
Croatia,2018,Escherichia coli,Aminoglucósidos,14.87603305,0.1
Hungary,2018,Escherichia coli,Aminoglucósidos,17.40282685,0.0253
Ireland,2018,Escherichia coli,Aminoglucósidos,11.73563928,0.1004
Iceland,2018,Escherichia coli,Aminoglucósidos,6.09137055,0.0265
Italy,2018,Escherichia coli,Aminoglucósidos,16.04301616,0.0673
Lithuania,2018,Escherichia coli,Aminoglucósidos,7.88757932,0.0645
Luxembourg,2018,Escherichia coli,Aminoglucósidos,7.3286052,0.0453
Latvia,2018,Escherichia coli,Aminoglucósidos,8.90804597,0.0737
Malta,2018,Escherichia coli,Aminoglucósidos,9.93975903,0.0808
Netherlands,2018,Escherichia coli,Aminoglucósidos,6.30815709,0.0546
Norway,2018,Escherichia coli,Aminoglucósidos,5.74742268,0.0896
Poland,2018,Escherichia coli,Aminoglucósidos,15.10820743,0.0765
Portugal,2018,Escherichia coli,Aminoglucósidos,12.15450643,0.0595
Romania,2018,Escherichia coli,Aminoglucósidos,12.788906,0.1954
Sweden,2018,Escherichia coli,Aminoglucósidos,7.73521755,0.0248
Slovenia,2018,Escherichia coli,Aminoglucósidos,9.41247002,0.0597
Slovakia,2018,Escherichia coli,Aminoglucósidos,21.56862745,0.121
United Kingdom,2018,Escherichia coli,Aminoglucósidos,10.47355148,0.1312
Austria,2019,Escherichia coli,Aminoglucósidos,6.94854146,0.0299
Belgium,2019,Escherichia coli,Aminoglucósidos,6.90973992,0.0337
Bulgaria,2019,Escherichia coli,Aminoglucósidos,24.43181818,0.2665
Cyprus,2019,Escherichia coli,Aminoglucósidos,10.86956521,0.0764
Czechia,2019,Escherichia coli,Aminoglucósidos,11.40769879,0.0869
Germany,2019,Escherichia coli,Aminoglucósidos,8.31665941,
Denmark,2019,Escherichia coli,Aminoglucósidos,5.46526165,0.0608
Estonia,2019,Escherichia coli,Aminoglucósidos,5.29217199,0.0241
Greece,2019,Escherichia coli,Aminoglucósidos,12.93532338,0.1416
Spain,2019,Escherichia coli,Aminoglucósidos,13.55973025,0.0767
Finland,2019,Escherichia coli,Aminoglucósidos,4.78774956,0.0166
France,2019,Escherichia coli,Aminoglucósidos,7.01286834,0.0687
Croatia,2019,Escherichia coli,Aminoglucósidos,14.83812949,0.0904
Hungary,2019,Escherichia coli,Aminoglucósidos,15.71961841,0.0295
Ireland,2019,Escherichia coli,Aminoglucósidos,11.75742574,0.1048
Iceland,2019,Escherichia coli,Aminoglucósidos,4.6875,0.0254
Italy,2019,Escherichia coli,Aminoglucósidos,15.90686541,0.0579
Lithuania,2019,Escherichia coli,Aminoglucósidos,7.61736049,0.0645
Luxembourg,2019,Escherichia coli,Aminoglucósidos,10.16260162,0.0431
Latvia,2019,Escherichia coli,Aminoglucósidos,11.59090909,0.0648
Malta,2019,Escherichia coli,Aminoglucósidos,9.93975903,0.0972
Netherlands,2019,Escherichia coli,Aminoglucósidos,6.98534447,0.0499
Norway,2019,Escherichia coli,Aminoglucósidos,5.59646539,0.0958
Poland,2019,Escherichia coli,Aminoglucósidos,12.62433052,0.0713
Portugal,2019,Escherichia coli,Aminoglucósidos,12.05662725,0.0573
Romania,2019,Escherichia coli,Aminoglucósidos,11.61616161,0.186
Sweden,2019,Escherichia coli,Aminoglucósidos,6.01487778,0.0236
Slovenia,2019,Escherichia coli,Aminoglucósidos,7.82608695,0.0615
Slovakia,2019,Escherichia coli,Aminoglucósidos,16.64698937,0.082
United Kingdom,2019,Escherichia coli,Aminoglucósidos,10.66408302,0.132
Austria,2020,Escherichia coli,Aminoglucósidos,6.24640735,0.0256
Belgium,2020,Escherichia coli,Aminoglucósidos,7.46753246,0.0315
Bulgaria,2020,Escherichia coli,Aminoglucósidos,34.24657534,0.2734
Cyprus,2020,Escherichia coli,Aminoglucósidos,21.05263157,0.0924
Czechia,2020,Escherichia coli,Aminoglucósidos,10.17005668,0.0827
Germany,2020,Escherichia coli,Aminoglucósidos,7.50258074,
Denmark,2020,Escherichia coli,Aminoglucósidos,5.53662691,0.0458
Estonia,2020,Escherichia coli,Aminoglucósidos,5.47520661,0.024
Greece,2020,Escherichia coli,Aminoglucósidos,18.68327402,0.1257
Spain,2020,Escherichia coli,Aminoglucósidos,13.61604291,0.0771
Finland,2020,Escherichia coli,Aminoglucósidos,5.71375395,0.0151
France,2020,Escherichia coli,Aminoglucósidos,6.66254357,0.0599
Croatia,2020,Escherichia coli,Aminoglucósidos,14.85507246,0.0719
Hungary,2020,Escherichia coli,Aminoglucósidos,16.68372569,0.0361
Ireland,2020,Escherichia coli,Aminoglucósidos,10.63531063,0.0779
Iceland,2020,Escherichia coli,Aminoglucósidos,7.75510204,0.0319
Italy,2020,Escherichia coli,Aminoglucósidos,14.94387017,0.0563
Lithuania,2020,Escherichia coli,Aminoglucósidos,10.25416301,0.0485
Luxembourg,2020,Escherichia coli,Aminoglucósidos,8.87850467,0.0219
Latvia,2020,Escherichia coli,Aminoglucósidos,11.40583554,0.0602
Malta,2020,Escherichia coli,Aminoglucósidos,12.63537906,0.0541
Netherlands,2020,Escherichia coli,Aminoglucósidos,6.41761174,0.0431
Norway,2020,Escherichia coli,Aminoglucósidos,5.66037735,0.0846
Poland,2020,Escherichia coli,Aminoglucósidos,14.5105755,0.0591
Portugal,2020,Escherichia coli,Aminoglucósidos,11.67933655,0.0605
Romania,2020,Escherichia coli,Aminoglucósidos,10.89918256,0.1589
Sweden,2020,Escherichia coli,Aminoglucósidos,5.88414634,0.0224
Slovenia,2020,Escherichia coli,Aminoglucósidos,6.80693069,0.0541
Slovakia,2020,Escherichia coli,Aminoglucósidos,18.46785225,0.0716
Austria,2021,Escherichia coli,Aminoglucósidos,5.75187969,0.0249
Belgium,2021,Escherichia coli,Aminoglucósidos,6.06983829,0.0306
Bulgaria,2021,Escherichia coli,Aminoglucósidos,26.99619771,0.2599
Cyprus,2021,Escherichia coli,Aminoglucósidos,19.79166666,0.0865
Czechia,2021,Escherichia coli,Aminoglucósidos,9.60817717,0.0762
Germany,2021,Escherichia coli,Aminoglucósidos,5.59624002,
Denmark,2021,Escherichia coli,Aminoglucósidos,4.3543294,0.0504
Estonia,2021,Escherichia coli,Aminoglucósidos,5.50755939,0.0218
Greece,2021,Escherichia coli,Aminoglucósidos,18.63699582,0.1272
Spain,2021,Escherichia coli,Aminoglucósidos,12.39592969,0.0774
Finland,2021,Escherichia coli,Aminoglucósidos,4.13650465,0.0123
France,2021,Escherichia coli,Aminoglucósidos,5.82337279,0.0549
Croatia,2021,Escherichia coli,Aminoglucósidos,11.72413793,0.0878
Hungary,2021,Escherichia coli,Aminoglucósidos,17.49696233,0.03
Ireland,2021,Escherichia coli,Aminoglucósidos,9.57300275,0.0716
Iceland,2021,Escherichia coli,Aminoglucósidos,9.35251798,0.0219
Italy,2021,Escherichia coli,Aminoglucósidos,13.49845491,0.0537
Lithuania,2021,Escherichia coli,Aminoglucósidos,8.32602979,0.0487
Luxembourg,2021,Escherichia coli,Aminoglucósidos,8.75706214,0.023
Latvia,2021,Escherichia coli,Aminoglucósidos,10.91370558,0.0438
Malta,2021,Escherichia coli,Aminoglucósidos,12.7090301,0.066
Netherlands,2021,Escherichia coli,Aminoglucósidos,5.99148418,0.0434
Norway,2021,Escherichia coli,Aminoglucósidos,5.39202917,0.0802
Poland,2021,Escherichia coli,Aminoglucósidos,13.72369624,0.0586
Portugal,2021,Escherichia coli,Aminoglucósidos,10.61552185,0.0603
Romania,2021,Escherichia coli,Aminoglucósidos,10.591133,0.1496
Sweden,2021,Escherichia coli,Aminoglucósidos,5.98116321,0.0192
Slovenia,2021,Escherichia coli,Aminoglucósidos,6.60321237,0.0542
Slovakia,2021,Escherichia coli,Aminoglucósidos,14.17797888,0.0737
Austria,2022,Escherichia coli,Aminoglucósidos,5.48033526,0.0209
Belgium,2022,Escherichia coli,Aminoglucósidos,6.40235735,0.0289
Bulgaria,2022,Escherichia coli,Aminoglucósidos,24.26778242,0.2358
Cyprus,2022,Escherichia coli,Aminoglucósidos,15.17857142,0.0917
Czechia,2022,Escherichia coli,Aminoglucósidos,9.4196804,0.0732
Germany,2022,Escherichia coli,Aminoglucósidos,5.13718803,
Denmark,2022,Escherichia coli,Aminoglucósidos,4.75545777,0.048
Estonia,2022,Escherichia coli,Aminoglucósidos,5.59440559,0.024
Greece,2022,Escherichia coli,Aminoglucósidos,19.04761904,0.0832
Spain,2022,Escherichia coli,Aminoglucósidos,12.47998291,0.0711
Finland,2022,Escherichia coli,Aminoglucósidos,4.44240897,0.0108
France,2022,Escherichia coli,Aminoglucósidos,6.15094339,0.0507
Croatia,2022,Escherichia coli,Aminoglucósidos,16.04060913,0.0909
Hungary,2022,Escherichia coli,Aminoglucósidos,16.32174931,0.027
Ireland,2022,Escherichia coli,Aminoglucósidos,8.65512649,0.0715
Iceland,2022,Escherichia coli,Aminoglucósidos,7.65957446,0.0204
Italy,2022,Escherichia coli,Aminoglucósidos,14.19757937,0.0488
Liechtenstein,2022,Escherichia coli,Aminoglucósidos,,
Lithuania,2022,Escherichia coli,Aminoglucósidos,8.33333333,0.0597
Luxembourg,2022,Escherichia coli,Aminoglucósidos,7.24946695,0.0301
Latvia,2022,Escherichia coli,Aminoglucósidos,11.80124223,0.044
Malta,2022,Escherichia coli,Aminoglucósidos,11.96319018,0.0488
Netherlands,2022,Escherichia coli,Aminoglucósidos,6.16685144,0.0409
Norway,2022,Escherichia coli,Aminoglucósidos,5.40328895,0.0866
Poland,2022,Escherichia coli,Aminoglucósidos,12.32578397,0.0649
Portugal,2022,Escherichia coli,Aminoglucósidos,11.7063492,0.0516
Romania,2022,Escherichia coli,Aminoglucósidos,11.96013289,0.1646
Sweden,2022,Escherichia coli,Aminoglucósidos,5.65930419,
Slovenia,2022,Escherichia coli,Aminoglucósidos,7.95180722,0.0502
Slovakia,2022,Escherichia coli,Aminoglucósidos,13.79310344,0.0642
Austria,2023,Escherichia coli,Aminoglucósidos,5.35600425,0.0215
Belgium,2023,Escherichia coli,Aminoglucósidos,7.5761327,0.0253
Bulgaria,2023,Escherichia coli,Aminoglucósidos,28.43137254,0.2553
Cyprus,2023,Escherichia coli,Aminoglucósidos,18.48484848,0.0
Czechia,2023,Escherichia coli,Aminoglucósidos,9.76361767,0.0717
Germany,2023,Escherichia coli,Aminoglucósidos,5.38582402,0.0209
Denmark,2023,Escherichia coli,Aminoglucósidos,4.4870697,0.0499
Estonia,2023,Escherichia coli,Aminoglucósidos,4.93482309,0.0188
Greece,2023,Escherichia coli,Aminoglucósidos,20.62363238,0.0827
Spain,2023,Escherichia coli,Aminoglucósidos,12.30096784,0.0639
Finland,2023,Escherichia coli,Aminoglucósidos,4.83376562,0.0103
Croatia,2023,Escherichia coli,Aminoglucósidos,17.76923076,0.1136
Hungary,2023,Escherichia coli,Aminoglucósidos,14.77850399,0.0353
Ireland,2023,Escherichia coli,Aminoglucósidos,8.74316939,0.0702
Iceland,2023,Escherichia coli,Aminoglucósidos,5.42635658,0.0287
Italy,2023,Escherichia coli,Aminoglucósidos,16.01035182,0.0508
Liechtenstein,2023,Escherichia coli,Aminoglucósidos,,
Lithuania,2023,Escherichia coli,Aminoglucósidos,11.33740665,0.0572
Luxembourg,2023,Escherichia coli,Aminoglucósidos,9.97830802,0.042
Latvia,2023,Escherichia coli,Aminoglucósidos,15.06550218,0.04
Malta,2023,Escherichia coli,Aminoglucósidos,10.33653846,0.0686
Netherlands,2023,Escherichia coli,Aminoglucósidos,5.19066445,0.0409
Norway,2023,Escherichia coli,Aminoglucósidos,5.52347476,0.0898
Poland,2023,Escherichia coli,Aminoglucósidos,14.13669064,0.0638
Portugal,2023,Escherichia coli,Aminoglucósidos,13.17309193,0.0492
Romania,2023,Escherichia coli,Aminoglucósidos,12.716763,0.1592
Sweden,2023,Escherichia coli,Aminoglucósidos,6.16016427,
Slovenia,2023,Escherichia coli,Aminoglucósidos,6.95546064,0.0478
Slovakia,2023,Escherichia coli,Aminoglucósidos,13.81294964,0.0652
Austria,2024,Escherichia coli,Aminoglucósidos,6.1315496,0.0199
Belgium,2024,Escherichia coli,Aminoglucósidos,8.24305228,0.0239
Bulgaria,2024,Escherichia coli,Aminoglucósidos,21.42857142,0.2679
Cyprus,2024,Escherichia coli,Aminoglucósidos,18.25,0.0674
Czechia,2024,Escherichia coli,Aminoglucósidos,9.58069805,0.0764
Germany,2024,Escherichia coli,Aminoglucósidos,5.52985751,0.0201
Denmark,2024,Escherichia coli,Aminoglucósidos,4.53096157,
Estonia,2024,Escherichia coli,Aminoglucósidos,5.12104283,0.0183
Greece,2024,Escherichia coli,Aminoglucósidos,18.87034659,0.1191
Spain,2024,Escherichia coli,Aminoglucósidos,12.80924634,0.0558
Finland,2024,Escherichia coli,Aminoglucósidos,4.54985479,0.0081
France,2024,Escherichia coli,Aminoglucósidos,7.03463203,0.0444
Croatia,2024,Escherichia coli,Aminoglucósidos,18.1042654,0.0964
Hungary,2024,Escherichia coli,Aminoglucósidos,13.11314584,0.0358
Ireland,2024,Escherichia coli,Aminoglucósidos,9.39667128,0.0766
Iceland,2024,Escherichia coli,Aminoglucósidos,8.96551724,0.0286
Italy,2024,Escherichia coli,Aminoglucósidos,16.75404385,0.0466
Liechtenstein,2024,Escherichia coli,Aminoglucósidos,,
Lithuania,2024,Escherichia coli,Aminoglucósidos,9.57876514,0.0517
Luxembourg,2024,Escherichia coli,Aminoglucósidos,6.48854961,0.0306
Latvia,2024,Escherichia coli,Aminoglucósidos,21.75273865,0.0412
Malta,2024,Escherichia coli,Aminoglucósidos,29.61460446,0.0509
Netherlands,2024,Escherichia coli,Aminoglucósidos,5.92477532,0.0433
Norway,2024,Escherichia coli,Aminoglucósidos,5.83501006,0.0913
Poland,2024,Escherichia coli,Aminoglucósidos,13.31369661,0.0602
Portugal,2024,Escherichia coli,Aminoglucósidos,13.64702635,0.0491
Romania,2024,Escherichia coli,Aminoglucósidos,12.28668941,0.1296
Sweden,2024,Escherichia coli,Aminoglucósidos,6.94976696,
Slovenia,2024,Escherichia coli,Aminoglucósidos,7.60678759,0.0518
Slovakia,2024,Escherichia coli,Aminoglucósidos,13.51351351,0.0547
Greece,2000,Escherichia coli,β-lactámicos,1.06382978,7.2854
Netherlands,2000,Escherichia coli,β-lactámicos,0.28901734,0.1503
Norway,2000,Escherichia coli,β-lactámicos,0.16181229,
Austria,2001,Escherichia coli,β-lactámicos,0.0,
Bulgaria,2001,Escherichia coli,β-lactámicos,0.0,2.5028
Czechia,2001,Escherichia coli,β-lactámicos,0.0,
Germany,2001,Escherichia coli,β-lactámicos,0.0,
Estonia,2001,Escherichia coli,β-lactámicos,0.0,0.6813
Greece,2001,Escherichia coli,β-lactámicos,1.01522842,7.2511
Spain,2001,Escherichia coli,β-lactámicos,0.09487666,
Finland,2001,Escherichia coli,β-lactámicos,0.0,3.1373
Croatia,2001,Escherichia coli,β-lactámicos,0.0,3.7528
Hungary,2001,Escherichia coli,β-lactámicos,0.0,2.5926
Iceland,2001,Escherichia coli,β-lactámicos,0.0,0.5258
Luxembourg,2001,Escherichia coli,β-lactámicos,0.0,5.8229
Malta,2001,Escherichia coli,β-lactámicos,0.0,
Netherlands,2001,Escherichia coli,β-lactámicos,0.10718113,0.1361
Norway,2001,Escherichia coli,β-lactámicos,0.0,0.523
Poland,2001,Escherichia coli,β-lactámicos,,2.7615
Austria,2002,Escherichia coli,β-lactámicos,0.0,
Bulgaria,2002,Escherichia coli,β-lactámicos,0.0,1.4259
Germany,2002,Escherichia coli,β-lactámicos,0.0,0.8933
Estonia,2002,Escherichia coli,β-lactámicos,0.0,0.8125
Greece,2002,Escherichia coli,β-lactámicos,0.35971223,7.4002
Spain,2002,Escherichia coli,β-lactámicos,0.0,
Finland,2002,Escherichia coli,β-lactámicos,0.0,3.1332
France,2002,Escherichia coli,β-lactámicos,0.0,3.9898
Croatia,2002,Escherichia coli,β-lactámicos,0.0,4.3518
Hungary,2002,Escherichia coli,β-lactámicos,0.0,2.4348
Ireland,2002,Escherichia coli,β-lactámicos,0.0,
Iceland,2002,Escherichia coli,β-lactámicos,0.0,0.5388
Luxembourg,2002,Escherichia coli,β-lactámicos,0.0,5.818
Malta,2002,Escherichia coli,β-lactámicos,0.0,
Netherlands,2002,Escherichia coli,β-lactámicos,0.0,0.1468
Norway,2002,Escherichia coli,β-lactámicos,0.13280212,0.5514
Poland,2002,Escherichia coli,β-lactámicos,,2.451
Romania,2002,Escherichia coli,β-lactámicos,0.0,
Slovenia,2002,Escherichia coli,β-lactámicos,0.0,1.0288
Slovakia,2002,Escherichia coli,β-lactámicos,0.67567567,2.7763
Austria,2003,Escherichia coli,β-lactámicos,0.15082956,
Bulgaria,2003,Escherichia coli,β-lactámicos,0.0,1.4323
Cyprus,2003,Escherichia coli,β-lactámicos,,
Germany,2003,Escherichia coli,β-lactámicos,0.0,1.2057
Estonia,2003,Escherichia coli,β-lactámicos,0.0,0.8412
Greece,2003,Escherichia coli,β-lactámicos,0.38095238,6.8647
Spain,2003,Escherichia coli,β-lactámicos,0.0,
Finland,2003,Escherichia coli,β-lactámicos,0.0,3.1277
France,2003,Escherichia coli,β-lactámicos,0.0,3.5584
Croatia,2003,Escherichia coli,β-lactámicos,0.0,4.6574
Hungary,2003,Escherichia coli,β-lactámicos,0.0,2.536
Ireland,2003,Escherichia coli,β-lactámicos,0.13422818,
Iceland,2003,Escherichia coli,β-lactámicos,0.0,0.495
Luxembourg,2003,Escherichia coli,β-lactámicos,0.0,6.122
Malta,2003,Escherichia coli,β-lactámicos,0.0,
Netherlands,2003,Escherichia coli,β-lactámicos,0.0,
Norway,2003,Escherichia coli,β-lactámicos,0.0,0.5436
Romania,2003,Escherichia coli,β-lactámicos,0.0,
Slovenia,2003,Escherichia coli,β-lactámicos,0.0,1.0633
Slovakia,2003,Escherichia coli,β-lactámicos,0.0,2.4863
Austria,2004,Escherichia coli,β-lactámicos,0.23809523,
Bulgaria,2004,Escherichia coli,β-lactámicos,0.0,1.6856
Cyprus,2004,Escherichia coli,β-lactámicos,0.0,
Germany,2004,Escherichia coli,β-lactámicos,0.69444444,1.2552
Estonia,2004,Escherichia coli,β-lactámicos,0.0,0.9655
Greece,2004,Escherichia coli,β-lactámicos,0.17905102,7.1438
Spain,2004,Escherichia coli,β-lactámicos,0.0,
Finland,2004,Escherichia coli,β-lactámicos,0.06583278,2.9744
France,2004,Escherichia coli,β-lactámicos,0.0,3.2924
Croatia,2004,Escherichia coli,β-lactámicos,0.0,4.0368
Hungary,2004,Escherichia coli,β-lactámicos,0.23529411,2.4563
Ireland,2004,Escherichia coli,β-lactámicos,0.0,1.9679
Iceland,2004,Escherichia coli,β-lactámicos,0.0,0.434
Luxembourg,2004,Escherichia coli,β-lactámicos,0.0,5.4393
Malta,2004,Escherichia coli,β-lactámicos,0.0,
Netherlands,2004,Escherichia coli,β-lactámicos,0.25531914,
Norway,2004,Escherichia coli,β-lactámicos,0.0,0.5153
Poland,2004,Escherichia coli,β-lactámicos,,2.53
Romania,2004,Escherichia coli,β-lactámicos,2.7027027,
Slovenia,2004,Escherichia coli,β-lactámicos,0.0,1.0728
Slovakia,2004,Escherichia coli,β-lactámicos,0.0,2.4854
Austria,2005,Escherichia coli,β-lactámicos,0.2108222,
Bulgaria,2005,Escherichia coli,β-lactámicos,0.0,2.0763
Cyprus,2005,Escherichia coli,β-lactámicos,0.0,
Czechia,2005,Escherichia coli,β-lactámicos,0.0,
Germany,2005,Escherichia coli,β-lactámicos,0.24752475,
Denmark,2005,Escherichia coli,β-lactámicos,0.0,0.274
Estonia,2005,Escherichia coli,β-lactámicos,0.0,1.0599
Greece,2005,Escherichia coli,β-lactámicos,0.35335689,7.8593
Spain,2005,Escherichia coli,β-lactámicos,0.03624501,
Finland,2005,Escherichia coli,β-lactámicos,0.0,3.1075
France,2005,Escherichia coli,β-lactámicos,0.0,3.4872
Croatia,2005,Escherichia coli,β-lactámicos,0.0,4.2437
Hungary,2005,Escherichia coli,β-lactámicos,0.10405827,2.5735
Ireland,2005,Escherichia coli,β-lactámicos,0.0,1.8734
Iceland,2005,Escherichia coli,β-lactámicos,0.0,0.5092
Luxembourg,2005,Escherichia coli,β-lactámicos,0.0,5.7981
Malta,2005,Escherichia coli,β-lactámicos,0.0,
Netherlands,2005,Escherichia coli,β-lactámicos,0.07168458,
Norway,2005,Escherichia coli,β-lactámicos,0.0,0.471
Poland,2005,Escherichia coli,β-lactámicos,,
Romania,2005,Escherichia coli,β-lactámicos,0.0,
Sweden,2005,Escherichia coli,β-lactámicos,0.0,0.6644
Slovenia,2005,Escherichia coli,β-lactámicos,0.0,1.0812
Slovakia,2005,Escherichia coli,β-lactámicos,0.0,3.9173
Austria,2006,Escherichia coli,β-lactámicos,0.28392958,
Bulgaria,2006,Escherichia coli,β-lactámicos,0.0,2.2447
Cyprus,2006,Escherichia coli,β-lactámicos,0.0,6.2485
Czechia,2006,Escherichia coli,β-lactámicos,0.0,
Germany,2006,Escherichia coli,β-lactámicos,0.1345895,
Denmark,2006,Escherichia coli,β-lactámicos,0.6060606,0.3035
Estonia,2006,Escherichia coli,β-lactámicos,0.0,1.1505
Greece,2006,Escherichia coli,β-lactámicos,0.40749796,7.7471
Spain,2006,Escherichia coli,β-lactámicos,0.03229974,
Finland,2006,Escherichia coli,β-lactámicos,0.0,3.1641
France,2006,Escherichia coli,β-lactámicos,0.0,3.0138
Croatia,2006,Escherichia coli,β-lactámicos,0.0,3.9171
Hungary,2006,Escherichia coli,β-lactámicos,0.19398642,2.3489
Ireland,2006,Escherichia coli,β-lactámicos,0.0,2.0281
Iceland,2006,Escherichia coli,β-lactámicos,0.0,
Lithuania,2006,Escherichia coli,β-lactámicos,0.0,0.8691
Luxembourg,2006,Escherichia coli,β-lactámicos,,4.9519
Latvia,2006,Escherichia coli,β-lactámicos,0.0,1.7087
Malta,2006,Escherichia coli,β-lactámicos,0.0,
Netherlands,2006,Escherichia coli,β-lactámicos,0.04730368,
Norway,2006,Escherichia coli,β-lactámicos,0.07230657,0.4814
Poland,2006,Escherichia coli,β-lactámicos,,
Romania,2006,Escherichia coli,β-lactámicos,3.03030303,
Sweden,2006,Escherichia coli,β-lactámicos,,0.6621
Slovenia,2006,Escherichia coli,β-lactámicos,0.0,0.8969
United Kingdom,2006,Escherichia coli,β-lactámicos,0.20422055,
Austria,2007,Escherichia coli,β-lactámicos,0.19389238,
Bulgaria,2007,Escherichia coli,β-lactámicos,0.0,2.4302
Cyprus,2007,Escherichia coli,β-lactámicos,1.85185185,7.0124
Czechia,2007,Escherichia coli,β-lactámicos,0.22547914,
Germany,2007,Escherichia coli,β-lactámicos,0.2096436,
Denmark,2007,Escherichia coli,β-lactámicos,0.0,0.3529
Estonia,2007,Escherichia coli,β-lactámicos,0.0,1.223
Greece,2007,Escherichia coli,β-lactámicos,0.08230452,8.9169
Spain,2007,Escherichia coli,β-lactámicos,0.0,
Finland,2007,Escherichia coli,β-lactámicos,0.0,3.2735
France,2007,Escherichia coli,β-lactámicos,0.0,3.1973
Croatia,2007,Escherichia coli,β-lactámicos,0.11709601,4.2017
Hungary,2007,Escherichia coli,β-lactámicos,0.0,1.871
Ireland,2007,Escherichia coli,β-lactámicos,0.0,2.0426
Iceland,2007,Escherichia coli,β-lactámicos,0.0,
Italy,2007,Escherichia coli,β-lactámicos,0.10224948,2.9451
Lithuania,2007,Escherichia coli,β-lactámicos,0.0,1.8046
Luxembourg,2007,Escherichia coli,β-lactámicos,0.0,5.1857
Latvia,2007,Escherichia coli,β-lactámicos,0.0,1.9387
Malta,2007,Escherichia coli,β-lactámicos,0.0,3.274
Netherlands,2007,Escherichia coli,β-lactámicos,0.05359056,
Norway,2007,Escherichia coli,β-lactámicos,0.0,0.4848
Poland,2007,Escherichia coli,β-lactámicos,,
Portugal,2007,Escherichia coli,β-lactámicos,0.41152263,
Romania,2007,Escherichia coli,β-lactámicos,0.0,
Sweden,2007,Escherichia coli,β-lactámicos,0.0,0.5776
Slovenia,2007,Escherichia coli,β-lactámicos,0.0,0.9183
United Kingdom,2007,Escherichia coli,β-lactámicos,0.06480881,
Austria,2008,Escherichia coli,β-lactámicos,0.166044,
Bulgaria,2008,Escherichia coli,β-lactámicos,0.0,2.76
Cyprus,2008,Escherichia coli,β-lactámicos,0.0,6.5772
Czechia,2008,Escherichia coli,β-lactámicos,0.04732607,
Germany,2008,Escherichia coli,β-lactámicos,0.0,
Denmark,2008,Escherichia coli,β-lactámicos,0.05151983,0.3676
Estonia,2008,Escherichia coli,β-lactámicos,0.88495575,1.3132
Greece,2008,Escherichia coli,β-lactámicos,0.34674063,9.5003
Spain,2008,Escherichia coli,β-lactámicos,0.0,
Finland,2008,Escherichia coli,β-lactámicos,0.04826254,3.2827
France,2008,Escherichia coli,β-lactámicos,0.01418238,2.7696
Croatia,2008,Escherichia coli,β-lactámicos,0.0,4.5448
Hungary,2008,Escherichia coli,β-lactámicos,0.10152284,2.1088
Ireland,2008,Escherichia coli,β-lactámicos,0.0,1.6847
Iceland,2008,Escherichia coli,β-lactámicos,0.0,
Italy,2008,Escherichia coli,β-lactámicos,0.0,3.1178
Lithuania,2008,Escherichia coli,β-lactámicos,0.0,3.2026
Luxembourg,2008,Escherichia coli,β-lactámicos,,4.9233
Latvia,2008,Escherichia coli,β-lactámicos,0.0,1.6347
Malta,2008,Escherichia coli,β-lactámicos,0.0,5.2409
Netherlands,2008,Escherichia coli,β-lactámicos,0.04508566,
Norway,2008,Escherichia coli,β-lactámicos,0.06476683,0.4694
Poland,2008,Escherichia coli,β-lactámicos,,
Portugal,2008,Escherichia coli,β-lactámicos,0.0,
Romania,2008,Escherichia coli,β-lactámicos,0.0,
Sweden,2008,Escherichia coli,β-lactámicos,0.0,0.5421
Slovenia,2008,Escherichia coli,β-lactámicos,0.0,0.8065
United Kingdom,2008,Escherichia coli,β-lactámicos,0.13927576,
Austria,2009,Escherichia coli,β-lactámicos,0.14251781,
Bulgaria,2009,Escherichia coli,β-lactámicos,0.66225165,3.0016
Cyprus,2009,Escherichia coli,β-lactámicos,0.0,6.4469
Czechia,2009,Escherichia coli,β-lactámicos,0.05966587,
Germany,2009,Escherichia coli,β-lactámicos,0.0,
Denmark,2009,Escherichia coli,β-lactámicos,0.0,0.3794
Estonia,2009,Escherichia coli,β-lactámicos,0.0,1.246
Greece,2009,Escherichia coli,β-lactámicos,0.71823204,9.3028
Spain,2009,Escherichia coli,β-lactámicos,0.0,
Finland,2009,Escherichia coli,β-lactámicos,0.0,3.2831
France,2009,Escherichia coli,β-lactámicos,0.02586987,3.182
Hungary,2009,Escherichia coli,β-lactámicos,0.0,2.2327
Ireland,2009,Escherichia coli,β-lactámicos,0.0,1.4361
Iceland,2009,Escherichia coli,β-lactámicos,0.0,
Italy,2009,Escherichia coli,β-lactámicos,0.0,
Lithuania,2009,Escherichia coli,β-lactámicos,0.0,1.2627
Luxembourg,2009,Escherichia coli,β-lactámicos,0.0,5.0017
Latvia,2009,Escherichia coli,β-lactámicos,2.35294117,1.1782
Malta,2009,Escherichia coli,β-lactámicos,1.26582278,5.8353
Netherlands,2009,Escherichia coli,β-lactámicos,0.0,
Norway,2009,Escherichia coli,β-lactámicos,0.0,0.4435
Poland,2009,Escherichia coli,β-lactámicos,0.0,
Portugal,2009,Escherichia coli,β-lactámicos,0.18007202,2.3439
Romania,2009,Escherichia coli,β-lactámicos,,2.962
Sweden,2009,Escherichia coli,β-lactámicos,,0.4372
Slovenia,2009,Escherichia coli,β-lactámicos,0.0,0.8072
United Kingdom,2009,Escherichia coli,β-lactámicos,0.02891008,
Austria,2010,Escherichia coli,β-lactámicos,0.04056795,
Belgium,2010,Escherichia coli,β-lactámicos,0.0,1.9615
Bulgaria,2010,Escherichia coli,β-lactámicos,0.0,3.1002
Cyprus,2010,Escherichia coli,β-lactámicos,0.72463768,5.4021
Czechia,2010,Escherichia coli,β-lactámicos,0.06071645,
Germany,2010,Escherichia coli,β-lactámicos,0.03411804,
Denmark,2010,Escherichia coli,β-lactámicos,0.0,0.374
Estonia,2010,Escherichia coli,β-lactámicos,0.0,1.3551
Greece,2010,Escherichia coli,β-lactámicos,0.3949967,9.0053
Spain,2010,Escherichia coli,β-lactámicos,0.01755617,
Finland,2010,Escherichia coli,β-lactámicos,0.0,3.2217
France,2010,Escherichia coli,β-lactámicos,0.0,2.9721
Croatia,2010,Escherichia coli,β-lactámicos,0.34403669,3.9408
Hungary,2010,Escherichia coli,β-lactámicos,0.1525553,2.2049
Ireland,2010,Escherichia coli,β-lactámicos,0.0,1.3553
Iceland,2010,Escherichia coli,β-lactámicos,0.0,0.6113
Italy,2010,Escherichia coli,β-lactámicos,0.1156961,2.9164
Lithuania,2010,Escherichia coli,β-lactámicos,0.0,1.0885
Luxembourg,2010,Escherichia coli,β-lactámicos,0.0,4.6933
Latvia,2010,Escherichia coli,β-lactámicos,0.0,1.7561
Malta,2010,Escherichia coli,β-lactámicos,0.0,5.4097
Netherlands,2010,Escherichia coli,β-lactámicos,0.08216926,0.1964
Norway,2010,Escherichia coli,β-lactámicos,0.0,0.4354
Poland,2010,Escherichia coli,β-lactámicos,0.14224751,
Portugal,2010,Escherichia coli,β-lactámicos,0.27720027,2.2013
Romania,2010,Escherichia coli,β-lactámicos,0.0,
Sweden,2010,Escherichia coli,β-lactámicos,0.02586652,0.3889
Slovenia,2010,Escherichia coli,β-lactámicos,0.0,0.746
United Kingdom,2010,Escherichia coli,β-lactámicos,0.02484472,
Austria,2011,Escherichia coli,β-lactámicos,0.03687315,
Belgium,2011,Escherichia coli,β-lactámicos,0.0,1.888
Bulgaria,2011,Escherichia coli,β-lactámicos,0.0,3.3826
Cyprus,2011,Escherichia coli,β-lactámicos,0.72463768,3.0697
Czechia,2011,Escherichia coli,β-lactámicos,0.0,
Germany,2011,Escherichia coli,β-lactámicos,0.02783189,
Denmark,2011,Escherichia coli,β-lactámicos,0.0,0.3712
Estonia,2011,Escherichia coli,β-lactámicos,0.0,1.5003
Greece,2011,Escherichia coli,β-lactámicos,0.88731144,8.2925
Spain,2011,Escherichia coli,β-lactámicos,0.01787949,
Finland,2011,Escherichia coli,β-lactámicos,0.0,3.3349
France,2011,Escherichia coli,β-lactámicos,0.02352111,2.8199
Croatia,2011,Escherichia coli,β-lactámicos,0.0,3.4731
Hungary,2011,Escherichia coli,β-lactámicos,0.08688097,2.1785
Ireland,2011,Escherichia coli,β-lactámicos,0.0,1.3509
Italy,2011,Escherichia coli,β-lactámicos,0.16181229,2.8901
Lithuania,2011,Escherichia coli,β-lactámicos,,1.3205
Luxembourg,2011,Escherichia coli,β-lactámicos,0.0,4.4414
Latvia,2011,Escherichia coli,β-lactámicos,0.0,0.5242
Malta,2011,Escherichia coli,β-lactámicos,0.0,6.0224
Netherlands,2011,Escherichia coli,β-lactámicos,0.12903225,0.1981
Norway,2011,Escherichia coli,β-lactámicos,0.03863987,0.4299
Poland,2011,Escherichia coli,β-lactámicos,0.09398496,
Portugal,2011,Escherichia coli,β-lactámicos,0.0,2.0434
Romania,2011,Escherichia coli,β-lactámicos,0.0,4.0612
Sweden,2011,Escherichia coli,β-lactámicos,0.0,0.3547
Slovenia,2011,Escherichia coli,β-lactámicos,0.0,0.6768
Slovakia,2011,Escherichia coli,β-lactámicos,0.0,3.8805
United Kingdom,2011,Escherichia coli,β-lactámicos,0.06465517,
Austria,2012,Escherichia coli,β-lactámicos,0.05988023,
Belgium,2012,Escherichia coli,β-lactámicos,0.02427773,1.9106
Bulgaria,2012,Escherichia coli,β-lactámicos,2.61780104,3.2477
Cyprus,2012,Escherichia coli,β-lactámicos,0.0,5.3563
Czechia,2012,Escherichia coli,β-lactámicos,0.05783689,
Germany,2012,Escherichia coli,β-lactámicos,0.02390057,
Denmark,2012,Escherichia coli,β-lactámicos,0.0,0.3228
Estonia,2012,Escherichia coli,β-lactámicos,0.0,1.5298
Greece,2012,Escherichia coli,β-lactámicos,1.43266475,7.0922
Spain,2012,Escherichia coli,β-lactámicos,0.05291005,
Finland,2012,Escherichia coli,β-lactámicos,0.0,3.2108
France,2012,Escherichia coli,β-lactámicos,0.0,2.6751
Croatia,2012,Escherichia coli,β-lactámicos,0.0,4.0686
Hungary,2012,Escherichia coli,β-lactámicos,0.0,2.0579
Ireland,2012,Escherichia coli,β-lactámicos,0.0,1.3831
Italy,2012,Escherichia coli,β-lactámicos,0.26481297,2.7805
Lithuania,2012,Escherichia coli,β-lactámicos,0.0,1.4884
Luxembourg,2012,Escherichia coli,β-lactámicos,0.0,4.2558
Latvia,2012,Escherichia coli,β-lactámicos,0.0,1.1129
Malta,2012,Escherichia coli,β-lactámicos,0.0,5.5131
Netherlands,2012,Escherichia coli,β-lactámicos,0.13538669,0.2094
Norway,2012,Escherichia coli,β-lactámicos,0.0,0.419
Poland,2012,Escherichia coli,β-lactámicos,0.0,
Portugal,2012,Escherichia coli,β-lactámicos,0.14698677,1.95
Romania,2012,Escherichia coli,β-lactámicos,0.0,4.3611
Sweden,2012,Escherichia coli,β-lactámicos,0.01808645,0.3526
Slovenia,2012,Escherichia coli,β-lactámicos,0.0,0.6124
Slovakia,2012,Escherichia coli,β-lactámicos,1.06221547,4.0128
United Kingdom,2012,Escherichia coli,β-lactámicos,0.21227325,
Austria,2013,Escherichia coli,β-lactámicos,0.02349072,
Belgium,2013,Escherichia coli,β-lactámicos,0.04710315,1.9176
Bulgaria,2013,Escherichia coli,β-lactámicos,2.84090909,3.5748
Cyprus,2013,Escherichia coli,β-lactámicos,0.0,4.8523
Czechia,2013,Escherichia coli,β-lactámicos,0.0,
Germany,2013,Escherichia coli,β-lactámicos,0.09375585,
Denmark,2013,Escherichia coli,β-lactámicos,0.03531073,0.3857
Estonia,2013,Escherichia coli,β-lactámicos,0.0,1.6409
Greece,2013,Escherichia coli,β-lactámicos,1.35350318,7.9211
Spain,2013,Escherichia coli,β-lactámicos,0.74311771,
Finland,2013,Escherichia coli,β-lactámicos,0.0,3.1894
France,2013,Escherichia coli,β-lactámicos,0.11476264,2.5477
Croatia,2013,Escherichia coli,β-lactámicos,0.0,3.4708
Hungary,2013,Escherichia coli,β-lactámicos,0.14760147,2.1166
Ireland,2013,Escherichia coli,β-lactámicos,0.04038772,1.5168
Iceland,2013,Escherichia coli,β-lactámicos,,0.7642
Italy,2013,Escherichia coli,β-lactámicos,0.62672348,2.8955
Lithuania,2013,Escherichia coli,β-lactámicos,0.0,1.8363
Luxembourg,2013,Escherichia coli,β-lactámicos,0.0,4.4091
Latvia,2013,Escherichia coli,β-lactámicos,0.0,1.1805
Malta,2013,Escherichia coli,β-lactámicos,0.0,5.7598
Netherlands,2013,Escherichia coli,β-lactámicos,0.0,0.216
Norway,2013,Escherichia coli,β-lactámicos,0.06495615,0.406
Poland,2013,Escherichia coli,β-lactámicos,0.0,
Portugal,2013,Escherichia coli,β-lactámicos,0.11244377,1.8339
Romania,2013,Escherichia coli,β-lactámicos,0.0,4.8135
Sweden,2013,Escherichia coli,β-lactámicos,0.02722199,0.3542
Slovenia,2013,Escherichia coli,β-lactámicos,0.08169934,0.5946
Slovakia,2013,Escherichia coli,β-lactámicos,0.0,5.1499
United Kingdom,2013,Escherichia coli,β-lactámicos,0.04799232,0.4835
Austria,2014,Escherichia coli,β-lactámicos,0.02173913,
Belgium,2014,Escherichia coli,β-lactámicos,0.03825554,1.8033
Bulgaria,2014,Escherichia coli,β-lactámicos,0.50761421,4.1718
Cyprus,2014,Escherichia coli,β-lactámicos,0.0,4.4708
Czechia,2014,Escherichia coli,β-lactámicos,0.0,
Germany,2014,Escherichia coli,β-lactámicos,0.06403073,
Denmark,2014,Escherichia coli,β-lactámicos,0.02534211,0.42
Estonia,2014,Escherichia coli,β-lactámicos,0.0,1.7022
Greece,2014,Escherichia coli,β-lactámicos,1.15864527,7.793
Spain,2014,Escherichia coli,β-lactámicos,0.05157297,
Finland,2014,Escherichia coli,β-lactámicos,0.0,3.1434
France,2014,Escherichia coli,β-lactámicos,0.01031672,2.3672
Croatia,2014,Escherichia coli,β-lactámicos,0.0,3.3302
Hungary,2014,Escherichia coli,β-lactámicos,0.0,2.1894
Ireland,2014,Escherichia coli,β-lactámicos,0.03707823,1.2738
Iceland,2014,Escherichia coli,β-lactámicos,,
Italy,2014,Escherichia coli,β-lactámicos,0.21645021,2.7476
Lithuania,2014,Escherichia coli,β-lactámicos,0.0,1.7069
Luxembourg,2014,Escherichia coli,β-lactámicos,0.27173913,3.9245
Latvia,2014,Escherichia coli,β-lactámicos,0.0,1.1443
Malta,2014,Escherichia coli,β-lactámicos,0.0,4.8077
Netherlands,2014,Escherichia coli,β-lactámicos,0.0,0.226
Norway,2014,Escherichia coli,β-lactámicos,0.0,0.3758
Poland,2014,Escherichia coli,β-lactámicos,0.20429009,2.7264
Portugal,2014,Escherichia coli,β-lactámicos,0.020008,1.8406
Romania,2014,Escherichia coli,β-lactámicos,0.6557377,5.3279
Sweden,2014,Escherichia coli,β-lactámicos,0.0,0.3096
Slovenia,2014,Escherichia coli,β-lactámicos,0.0,0.5828
Slovakia,2014,Escherichia coli,β-lactámicos,0.0,5.0526
United Kingdom,2014,Escherichia coli,β-lactámicos,0.14135385,0.4749
Austria,2015,Escherichia coli,β-lactámicos,0.0210084,
Belgium,2015,Escherichia coli,β-lactámicos,0.0,1.8261
Bulgaria,2015,Escherichia coli,β-lactámicos,0.0,4.7507
Cyprus,2015,Escherichia coli,β-lactámicos,0.0,5.2461
Czechia,2015,Escherichia coli,β-lactámicos,0.0,
Germany,2015,Escherichia coli,β-lactámicos,0.03321523,
Denmark,2015,Escherichia coli,β-lactámicos,0.02471576,0.3237
Estonia,2015,Escherichia coli,β-lactámicos,0.0,1.7818
Greece,2015,Escherichia coli,β-lactámicos,1.15226337,8.0391
Spain,2015,Escherichia coli,β-lactámicos,0.01562744,
Finland,2015,Escherichia coli,β-lactámicos,0.0,2.9905
France,2015,Escherichia coli,β-lactámicos,0.02862322,2.4401
Croatia,2015,Escherichia coli,β-lactámicos,0.0,3.2824
Hungary,2015,Escherichia coli,β-lactámicos,0.0,2.3065
Ireland,2015,Escherichia coli,β-lactámicos,0.03824091,1.3394
Italy,2015,Escherichia coli,β-lactámicos,0.19670958,2.6893
Lithuania,2015,Escherichia coli,β-lactámicos,0.0,1.871
Luxembourg,2015,Escherichia coli,β-lactámicos,0.0,3.9899
Latvia,2015,Escherichia coli,β-lactámicos,0.0,1.1852
Malta,2015,Escherichia coli,β-lactámicos,0.0,4.3403
Netherlands,2015,Escherichia coli,β-lactámicos,0.01414427,0.2369
Norway,2015,Escherichia coli,β-lactámicos,0.0303306,0.3534
Poland,2015,Escherichia coli,β-lactámicos,0.13342228,3.2008
Portugal,2015,Escherichia coli,β-lactámicos,0.09338812,1.9612
Romania,2015,Escherichia coli,β-lactámicos,1.90217391,5.272
Sweden,2015,Escherichia coli,β-lactámicos,0.07537214,0.3049
Slovenia,2015,Escherichia coli,β-lactámicos,0.0,0.6132
Slovakia,2015,Escherichia coli,β-lactámicos,0.0,5.4468
United Kingdom,2015,Escherichia coli,β-lactámicos,0.25468437,0.4324
Austria,2016,Escherichia coli,β-lactámicos,0.01947798,
Belgium,2016,Escherichia coli,β-lactámicos,0.0520156,1.6934
Bulgaria,2016,Escherichia coli,β-lactámicos,0.89285714,4.9631
Cyprus,2016,Escherichia coli,β-lactámicos,0.0,5.1691
Czechia,2016,Escherichia coli,β-lactámicos,0.0,
Germany,2016,Escherichia coli,β-lactámicos,0.0058153,
Denmark,2016,Escherichia coli,β-lactámicos,0.0,0.2938
Estonia,2016,Escherichia coli,β-lactámicos,0.0,1.7057
Greece,2016,Escherichia coli,β-lactámicos,0.92095165,7.9505
Spain,2016,Escherichia coli,β-lactámicos,0.05887547,2.6672
Finland,2016,Escherichia coli,β-lactámicos,0.02069536,3.0142
France,2016,Escherichia coli,β-lactámicos,0.00914996,2.2685
Croatia,2016,Escherichia coli,β-lactámicos,0.0,2.9935
Hungary,2016,Escherichia coli,β-lactámicos,0.0,2.3839
Ireland,2016,Escherichia coli,β-lactámicos,0.033456,1.3393
Iceland,2016,Escherichia coli,β-lactámicos,,
Italy,2016,Escherichia coli,β-lactámicos,0.26203734,2.5582
Lithuania,2016,Escherichia coli,β-lactámicos,0.0,1.9721
Luxembourg,2016,Escherichia coli,β-lactámicos,0.0,3.9103
Latvia,2016,Escherichia coli,β-lactámicos,0.0,1.209
Malta,2016,Escherichia coli,β-lactámicos,0.0,3.7945
Netherlands,2016,Escherichia coli,β-lactámicos,0.01380262,0.2346
Norway,2016,Escherichia coli,β-lactámicos,0.05530973,0.3347
Poland,2016,Escherichia coli,β-lactámicos,0.0391696,3.1966
Portugal,2016,Escherichia coli,β-lactámicos,0.01736111,1.9483
Romania,2016,Escherichia coli,β-lactámicos,0.973236,4.9421
Sweden,2016,Escherichia coli,β-lactámicos,0.08661758,0.3027
Slovenia,2016,Escherichia coli,β-lactámicos,0.0,0.6316
Slovakia,2016,Escherichia coli,β-lactámicos,0.0,5.3712
United Kingdom,2016,Escherichia coli,β-lactámicos,0.030753,0.3954
Austria,2017,Escherichia coli,β-lactámicos,0.01913143,
Belgium,2017,Escherichia coli,β-lactámicos,0.0214041,1.5439
Bulgaria,2017,Escherichia coli,β-lactámicos,0.0,5.2069
Cyprus,2017,Escherichia coli,β-lactámicos,1.28205128,5.8056
Czechia,2017,Escherichia coli,β-lactámicos,0.0,
Germany,2017,Escherichia coli,β-lactámicos,0.01307759,
Denmark,2017,Escherichia coli,β-lactámicos,0.0195427,0.3292
Estonia,2017,Escherichia coli,β-lactámicos,0.0,1.7321
Greece,2017,Escherichia coli,β-lactámicos,1.56782549,8.2038
Spain,2017,Escherichia coli,β-lactámicos,0.01659475,2.673
Finland,2017,Escherichia coli,β-lactámicos,0.0,2.778
France,2017,Escherichia coli,β-lactámicos,0.01557268,1.9172
Croatia,2017,Escherichia coli,β-lactámicos,0.0,3.0207
Hungary,2017,Escherichia coli,β-lactámicos,0.05032712,2.4571
Ireland,2017,Escherichia coli,β-lactámicos,0.03209242,1.2673
Iceland,2017,Escherichia coli,β-lactámicos,,0.8906
Italy,2017,Escherichia coli,β-lactámicos,0.28846153,2.3295
Lithuania,2017,Escherichia coli,β-lactámicos,0.0,2.0706
Luxembourg,2017,Escherichia coli,β-lactámicos,0.0,2.8622
Latvia,2017,Escherichia coli,β-lactámicos,0.0,1.3026
Malta,2017,Escherichia coli,β-lactámicos,0.0,3.3981
Netherlands,2017,Escherichia coli,β-lactámicos,0.01332267,0.2437
Norway,2017,Escherichia coli,β-lactámicos,0.08036431,0.3298
Poland,2017,Escherichia coli,β-lactámicos,0.03648303,4.6313
Portugal,2017,Escherichia coli,β-lactámicos,0.32894736,2.0369
Romania,2017,Escherichia coli,β-lactámicos,0.39215686,4.9534
Sweden,2017,Escherichia coli,β-lactámicos,0.01733402,0.2431
Slovenia,2017,Escherichia coli,β-lactámicos,0.0,0.6829
Slovakia,2017,Escherichia coli,β-lactámicos,0.0,5.0032
United Kingdom,2017,Escherichia coli,β-lactámicos,0.02327591,0.398
Austria,2018,Escherichia coli,β-lactámicos,0.07189072,
Belgium,2018,Escherichia coli,β-lactámicos,0.06464124,1.6211
Bulgaria,2018,Escherichia coli,β-lactámicos,1.36986301,5.6185
Cyprus,2018,Escherichia coli,β-lactámicos,2.0,5.8835
Czechia,2018,Escherichia coli,β-lactámicos,0.05707762,
Germany,2018,Escherichia coli,β-lactámicos,0.01821742,
Denmark,2018,Escherichia coli,β-lactámicos,0.0,0.2841
Estonia,2018,Escherichia coli,β-lactámicos,0.0,1.6866
Greece,2018,Escherichia coli,β-lactámicos,1.03658536,8.421
Spain,2018,Escherichia coli,β-lactámicos,0.03785966,2.7483
Finland,2018,Escherichia coli,β-lactámicos,0.01977456,2.9027
France,2018,Escherichia coli,β-lactámicos,0.04839099,1.7267
Croatia,2018,Escherichia coli,β-lactámicos,0.0,3.0521
Hungary,2018,Escherichia coli,β-lactámicos,0.0,2.4972
Ireland,2018,Escherichia coli,β-lactámicos,0.0,1.3379
Iceland,2018,Escherichia coli,β-lactámicos,,0.8615
Italy,2018,Escherichia coli,β-lactámicos,0.36888428,2.5004
Lithuania,2018,Escherichia coli,β-lactámicos,0.0,2.106
Luxembourg,2018,Escherichia coli,β-lactámicos,0.0,3.2871
Latvia,2018,Escherichia coli,β-lactámicos,0.0,1.2226
Malta,2018,Escherichia coli,β-lactámicos,0.0,2.9381
Netherlands,2018,Escherichia coli,β-lactámicos,0.01208897,0.2559
Norway,2018,Escherichia coli,β-lactámicos,0.02577984,0.3234
Poland,2018,Escherichia coli,β-lactámicos,0.12,3.4521
Portugal,2018,Escherichia coli,β-lactámicos,0.53475935,2.0131
Romania,2018,Escherichia coli,β-lactámicos,0.0,5.1711
Sweden,2018,Escherichia coli,β-lactámicos,0.01855976,0.2363
Slovenia,2018,Escherichia coli,β-lactámicos,0.0,0.626
Slovakia,2018,Escherichia coli,β-lactámicos,0.0,6.701
United Kingdom,2018,Escherichia coli,β-lactámicos,0.04162797,0.3823
Austria,2019,Escherichia coli,β-lactámicos,0.0,1.9211
Belgium,2019,Escherichia coli,β-lactámicos,0.05094243,1.5755
Bulgaria,2019,Escherichia coli,β-lactámicos,0.0,5.4792
Cyprus,2019,Escherichia coli,β-lactámicos,0.0,6.396
Czechia,2019,Escherichia coli,β-lactámicos,0.0,2.5424
Germany,2019,Escherichia coli,β-lactámicos,0.01282544,
Denmark,2019,Escherichia coli,β-lactámicos,0.07172314,0.263
Estonia,2019,Escherichia coli,β-lactámicos,0.0,1.6934
Greece,2019,Escherichia coli,β-lactámicos,0.98522167,8.1122
Spain,2019,Escherichia coli,β-lactámicos,1.9410496,2.7597
Finland,2019,Escherichia coli,β-lactámicos,0.0187582,2.6317
France,2019,Escherichia coli,β-lactámicos,0.04748338,1.6074
Croatia,2019,Escherichia coli,β-lactámicos,0.18348623,3.1098
Hungary,2019,Escherichia coli,β-lactámicos,0.0,2.4429
Ireland,2019,Escherichia coli,β-lactámicos,0.0,1.3766
Iceland,2019,Escherichia coli,β-lactámicos,,0.7987
Italy,2019,Escherichia coli,β-lactámicos,0.38042842,2.7281
Lithuania,2019,Escherichia coli,β-lactámicos,0.17825311,2.1773
Luxembourg,2019,Escherichia coli,β-lactámicos,0.60975609,3.1866
Latvia,2019,Escherichia coli,β-lactámicos,0.0,1.2716
Malta,2019,Escherichia coli,β-lactámicos,0.0,3.1156
Netherlands,2019,Escherichia coli,β-lactámicos,0.0,0.2594
Norway,2019,Escherichia coli,β-lactámicos,0.04950495,0.3082
Poland,2019,Escherichia coli,β-lactámicos,0.0,4.0645
Portugal,2019,Escherichia coli,β-lactámicos,0.06277463,2.039
Romania,2019,Escherichia coli,β-lactámicos,0.6006006,5.3892
Sweden,2019,Escherichia coli,β-lactámicos,0.02124721,0.2233
Slovenia,2019,Escherichia coli,β-lactámicos,0.0,0.709
Slovakia,2019,Escherichia coli,β-lactámicos,0.12738853,5.2639
United Kingdom,2019,Escherichia coli,β-lactámicos,0.04052821,0.3728
Austria,2020,Escherichia coli,β-lactámicos,0.09725734,1.4526
Belgium,2020,Escherichia coli,β-lactámicos,0.02423654,1.1329
Bulgaria,2020,Escherichia coli,β-lactámicos,0.76628352,5.2658
Cyprus,2020,Escherichia coli,β-lactámicos,0.0,6.1889
Czechia,2020,Escherichia coli,β-lactámicos,0.13333333,1.9058
Germany,2020,Escherichia coli,β-lactámicos,0.01756975,
Denmark,2020,Escherichia coli,β-lactámicos,0.15410958,0.2401
Estonia,2020,Escherichia coli,β-lactámicos,0.0,1.534
Greece,2020,Escherichia coli,β-lactámicos,0.53003533,6.3012
Spain,2020,Escherichia coli,β-lactámicos,0.36952089,2.3285
Finland,2020,Escherichia coli,β-lactámicos,0.01860465,2.2791
France,2020,Escherichia coli,β-lactámicos,0.03924206,1.1989
Croatia,2020,Escherichia coli,β-lactámicos,0.0,2.5925
Hungary,2020,Escherichia coli,β-lactámicos,0.0,1.8031
Ireland,2020,Escherichia coli,β-lactámicos,0.07092198,1.1626
Iceland,2020,Escherichia coli,β-lactámicos,0.0,0.7538
Italy,2020,Escherichia coli,β-lactámicos,0.47219598,2.1316
Lithuania,2020,Escherichia coli,β-lactámicos,0.0,1.9919
Luxembourg,2020,Escherichia coli,β-lactámicos,0.0,2.1552
Latvia,2020,Escherichia coli,β-lactámicos,0.0,1.0926
Malta,2020,Escherichia coli,β-lactámicos,0.0,2.2521
Netherlands,2020,Escherichia coli,β-lactámicos,0.04006945,0.2564
Norway,2020,Escherichia coli,β-lactámicos,0.02742731,0.2823
Poland,2020,Escherichia coli,β-lactámicos,0.04807692,2.8537
Portugal,2020,Escherichia coli,β-lactámicos,0.15429453,1.7781
Romania,2020,Escherichia coli,β-lactámicos,0.66079295,4.4948
Sweden,2020,Escherichia coli,β-lactámicos,0.0101564,0.2093
Slovenia,2020,Escherichia coli,β-lactámicos,0.0,0.6967
Slovakia,2020,Escherichia coli,β-lactámicos,0.14184397,3.6893
Austria,2021,Escherichia coli,β-lactámicos,0.0192086,1.5237
Belgium,2021,Escherichia coli,β-lactámicos,0.04235493,1.143
Bulgaria,2021,Escherichia coli,β-lactámicos,0.38022813,6.0953
Cyprus,2021,Escherichia coli,β-lactámicos,1.04166666,5.1559
Czechia,2021,Escherichia coli,β-lactámicos,0.0,2.0083
Germany,2021,Escherichia coli,β-lactámicos,0.04135791,
Denmark,2021,Escherichia coli,β-lactámicos,0.10265183,0.2308
Estonia,2021,Escherichia coli,β-lactámicos,0.0,1.3921
Greece,2021,Escherichia coli,β-lactámicos,1.09890109,4.9554
Spain,2021,Escherichia coli,β-lactámicos,0.14453187,2.3836
Finland,2021,Escherichia coli,β-lactámicos,0.0,2.1943
France,2021,Escherichia coli,β-lactámicos,0.05129374,1.2249
Croatia,2021,Escherichia coli,β-lactámicos,0.0,2.9605
Hungary,2021,Escherichia coli,β-lactámicos,0.0,1.7148
Ireland,2021,Escherichia coli,β-lactámicos,0.0,1.159
Iceland,2021,Escherichia coli,β-lactámicos,0.0,0.8284
Italy,2021,Escherichia coli,β-lactámicos,0.42625333,2.0059
Lithuania,2021,Escherichia coli,β-lactámicos,0.2610966,1.93
Luxembourg,2021,Escherichia coli,β-lactámicos,0.0,2.0097
Latvia,2021,Escherichia coli,β-lactámicos,0.0,0.9918
Malta,2021,Escherichia coli,β-lactámicos,0.0,1.6529
Netherlands,2021,Escherichia coli,β-lactámicos,0.04566905,0.2608
Norway,2021,Escherichia coli,β-lactámicos,0.0,0.2917
Poland,2021,Escherichia coli,β-lactámicos,0.13100436,2.8589
Portugal,2021,Escherichia coli,β-lactámicos,0.32930845,1.9226
Romania,2021,Escherichia coli,β-lactámicos,0.40160642,4.6526
Sweden,2021,Escherichia coli,β-lactámicos,0.05646527,0.218
Slovenia,2021,Escherichia coli,β-lactámicos,0.0,0.7866
Slovakia,2021,Escherichia coli,β-lactámicos,0.0,3.997
Austria,2022,Escherichia coli,β-lactámicos,0.12065151,1.6071
Belgium,2022,Escherichia coli,β-lactámicos,0.0698324,1.3028
Bulgaria,2022,Escherichia coli,β-lactámicos,0.0,6.8561
Cyprus,2022,Escherichia coli,β-lactámicos,0.94339622,6.4817
Czechia,2022,Escherichia coli,β-lactámicos,0.17804154,2.5126
Germany,2022,Escherichia coli,β-lactámicos,0.03532112,
Denmark,2022,Escherichia coli,β-lactámicos,0.01792114,0.2316
Estonia,2022,Escherichia coli,β-lactámicos,0.11709601,1.6714
Greece,2022,Escherichia coli,β-lactámicos,1.53225806,7.4593
Spain,2022,Escherichia coli,β-lactámicos,0.56550424,2.7698
Finland,2022,Escherichia coli,β-lactámicos,0.0,2.2219
France,2022,Escherichia coli,β-lactámicos,0.1059509,1.419
Croatia,2022,Escherichia coli,β-lactámicos,0.10204081,3.3279
Hungary,2022,Escherichia coli,β-lactámicos,0.19880715,1.9151
Ireland,2022,Escherichia coli,β-lactámicos,0.0,1.5488
Iceland,2022,Escherichia coli,β-lactámicos,0.0,1.0374
Italy,2022,Escherichia coli,β-lactámicos,0.2703602,2.5994
Liechtenstein,2022,Escherichia coli,β-lactámicos,,
Lithuania,2022,Escherichia coli,β-lactámicos,0.22918258,2.3909
Luxembourg,2022,Escherichia coli,β-lactámicos,0.0,2.3815
Latvia,2022,Escherichia coli,β-lactámicos,0.0,1.228
Malta,2022,Escherichia coli,β-lactámicos,0.0,2.9491
Netherlands,2022,Escherichia coli,β-lactámicos,0.04160887,0.2581
Norway,2022,Escherichia coli,β-lactámicos,0.02675227,0.3105
Poland,2022,Escherichia coli,β-lactámicos,0.08159934,3.5353
Portugal,2022,Escherichia coli,β-lactámicos,0.31704587,2.2571
Romania,2022,Escherichia coli,β-lactámicos,0.57388809,5.0321
Sweden,2022,Escherichia coli,β-lactámicos,0.03788596,
Slovenia,2022,Escherichia coli,β-lactámicos,0.0,0.8486
Slovakia,2022,Escherichia coli,β-lactámicos,0.0,5.3841
Austria,2023,Escherichia coli,β-lactámicos,0.13081666,1.6169
Belgium,2023,Escherichia coli,β-lactámicos,0.08067769,1.1753
Bulgaria,2023,Escherichia coli,β-lactámicos,0.32679738,7.3742
Cyprus,2023,Escherichia coli,β-lactámicos,0.90634441,0.0
Czechia,2023,Escherichia coli,β-lactámicos,0.0,2.9589
Germany,2023,Escherichia coli,β-lactámicos,0.04404922,2.7655
Denmark,2023,Escherichia coli,β-lactámicos,0.03683241,0.2111
Estonia,2023,Escherichia coli,β-lactámicos,0.0,1.5879
Greece,2023,Escherichia coli,β-lactámicos,1.55329405,6.6556
Spain,2023,Escherichia coli,β-lactámicos,0.05450779,2.9034
Finland,2023,Escherichia coli,β-lactámicos,0.02343017,2.1282
Croatia,2023,Escherichia coli,β-lactámicos,0.1537279,3.5558
Hungary,2023,Escherichia coli,β-lactámicos,0.22321428,2.1414
Ireland,2023,Escherichia coli,β-lactámicos,0.0651678,0.7689
Iceland,2023,Escherichia coli,β-lactámicos,0.0,1.2379
Italy,2023,Escherichia coli,β-lactámicos,0.43080041,2.9542
Liechtenstein,2023,Escherichia coli,β-lactámicos,,
Lithuania,2023,Escherichia coli,β-lactámicos,0.06765899,2.7711
Luxembourg,2023,Escherichia coli,β-lactámicos,0.21691973,2.3781
Latvia,2023,Escherichia coli,β-lactámicos,0.0,1.3224
Malta,2023,Escherichia coli,β-lactámicos,0.0,2.9924
Netherlands,2023,Escherichia coli,β-lactámicos,0.08997429,0.2669
Norway,2023,Escherichia coli,β-lactámicos,0.0502008,0.3024
Poland,2023,Escherichia coli,β-lactámicos,0.20229265,3.4994
Portugal,2023,Escherichia coli,β-lactámicos,0.53372149,2.1391
Romania,2023,Escherichia coli,β-lactámicos,1.82741116,5.02
Sweden,2023,Escherichia coli,β-lactámicos,0.03733432,
Slovenia,2023,Escherichia coli,β-lactámicos,0.06101281,0.7047
Slovakia,2023,Escherichia coli,β-lactámicos,0.14367816,4.7648
Austria,2024,Escherichia coli,β-lactámicos,0.06794632,1.7557
Belgium,2024,Escherichia coli,β-lactámicos,0.09697439,1.0946
Bulgaria,2024,Escherichia coli,β-lactámicos,0.59523809,7.0756
Cyprus,2024,Escherichia coli,β-lactámicos,2.5,5.6648
Czechia,2024,Escherichia coli,β-lactámicos,0.1001001,2.3524
Germany,2024,Escherichia coli,β-lactámicos,0.05953646,2.4619
Denmark,2024,Escherichia coli,β-lactámicos,0.05411255,
Estonia,2024,Escherichia coli,β-lactámicos,0.0,1.4337
Greece,2024,Escherichia coli,β-lactámicos,1.19421747,7.0871
Spain,2024,Escherichia coli,β-lactámicos,0.30815109,2.8573
Finland,2024,Escherichia coli,β-lactámicos,0.04840271,2.0057
France,2024,Escherichia coli,β-lactámicos,0.15183425,1.299
Croatia,2024,Escherichia coli,β-lactámicos,0.0,3.5088
Hungary,2024,Escherichia coli,β-lactámicos,0.09983361,2.2036
Ireland,2024,Escherichia coli,β-lactámicos,0.06937218,1.1156
Iceland,2024,Escherichia coli,β-lactámicos,0.34482758,1.0417
Italy,2024,Escherichia coli,β-lactámicos,0.44854461,2.7984
Liechtenstein,2024,Escherichia coli,β-lactámicos,,
Lithuania,2024,Escherichia coli,β-lactámicos,0.4032258,2.2005
Luxembourg,2024,Escherichia coli,β-lactámicos,0.0,2.3706
Latvia,2024,Escherichia coli,β-lactámicos,0.63291139,1.3696
Malta,2024,Escherichia coli,β-lactámicos,0.0,2.522
Netherlands,2024,Escherichia coli,β-lactámicos,0.09994447,0.3006
Norway,2024,Escherichia coli,β-lactámicos,0.02516989,0.295
Poland,2024,Escherichia coli,β-lactámicos,0.14204545,3.237
Portugal,2024,Escherichia coli,β-lactámicos,0.49047893,2.265
Romania,2024,Escherichia coli,β-lactámicos,0.91954022,5.5616
Sweden,2024,Escherichia coli,β-lactámicos,0.07621225,
Slovenia,2024,Escherichia coli,β-lactámicos,0.0,0.9779
Slovakia,2024,Escherichia coli,β-lactámicos,0.25740025,5.1044
Germany,2000,Escherichia coli,β-lactámicos,0.0,
Estonia,2000,Escherichia coli,β-lactámicos,,
Greece,2000,Escherichia coli,β-lactámicos,3.60110803,7.2854
Netherlands,2000,Escherichia coli,β-lactámicos,0.10235414,0.1503
Norway,2000,Escherichia coli,β-lactámicos,0.32679738,
Sweden,2000,Escherichia coli,β-lactámicos,,0.8078
Austria,2001,Escherichia coli,β-lactámicos,0.0,
Belgium,2001,Escherichia coli,β-lactámicos,1.8018018,3.6397
Bulgaria,2001,Escherichia coli,β-lactámicos,6.66666666,2.5028
Czechia,2001,Escherichia coli,β-lactámicos,2.31362467,
Germany,2001,Escherichia coli,β-lactámicos,0.7154213,
Estonia,2001,Escherichia coli,β-lactámicos,5.88235294,0.6813
Greece,2001,Escherichia coli,β-lactámicos,5.44815465,7.2511
Spain,2001,Escherichia coli,β-lactámicos,0.61898211,
Finland,2001,Escherichia coli,β-lactámicos,0.16570008,3.1373
Croatia,2001,Escherichia coli,β-lactámicos,1.64835164,3.7528
Hungary,2001,Escherichia coli,β-lactámicos,0.38167938,2.5926
Iceland,2001,Escherichia coli,β-lactámicos,0.0,0.5258
Luxembourg,2001,Escherichia coli,β-lactámicos,0.53475935,5.8229
Malta,2001,Escherichia coli,β-lactámicos,0.0,
Netherlands,2001,Escherichia coli,β-lactámicos,0.55325034,0.1361
Norway,2001,Escherichia coli,β-lactámicos,0.31120331,0.523
Poland,2001,Escherichia coli,β-lactámicos,7.07070707,2.7615
Portugal,2001,Escherichia coli,β-lactámicos,2.87081339,
Sweden,2001,Escherichia coli,β-lactámicos,0.34259611,0.7803
Slovenia,2001,Escherichia coli,β-lactámicos,0.25125628,0.8569
Slovakia,2001,Escherichia coli,β-lactámicos,6.66666666,3.01
United Kingdom,2001,Escherichia coli,β-lactámicos,1.21317157,
Austria,2002,Escherichia coli,β-lactámicos,1.25786163,
Belgium,2002,Escherichia coli,β-lactámicos,2.79424216,3.8291
Bulgaria,2002,Escherichia coli,β-lactámicos,13.33333333,1.4259
Czechia,2002,Escherichia coli,β-lactámicos,1.19873817,
Germany,2002,Escherichia coli,β-lactámicos,0.93984962,0.8933
Estonia,2002,Escherichia coli,β-lactámicos,1.53846153,0.8125
Greece,2002,Escherichia coli,β-lactámicos,6.36833046,7.4002
Spain,2002,Escherichia coli,β-lactámicos,1.57575757,
Finland,2002,Escherichia coli,β-lactámicos,0.62992125,3.1332
France,2002,Escherichia coli,β-lactámicos,0.76152304,3.9898
Croatia,2002,Escherichia coli,β-lactámicos,2.85714285,4.3518
Hungary,2002,Escherichia coli,β-lactámicos,2.0,2.4348
Ireland,2002,Escherichia coli,β-lactámicos,2.18579234,
Iceland,2002,Escherichia coli,β-lactámicos,0.0,0.5388
Italy,2002,Escherichia coli,β-lactámicos,2.93159609,
Luxembourg,2002,Escherichia coli,β-lactámicos,0.52083333,5.818
Malta,2002,Escherichia coli,β-lactámicos,2.7027027,
Netherlands,2002,Escherichia coli,β-lactámicos,1.00300902,0.1468
Norway,2002,Escherichia coli,β-lactámicos,0.17889087,0.5514
Poland,2002,Escherichia coli,β-lactámicos,6.15384615,2.451
Portugal,2002,Escherichia coli,β-lactámicos,5.65610859,
Romania,2002,Escherichia coli,β-lactámicos,17.85714285,
Sweden,2002,Escherichia coli,β-lactámicos,0.32658393,0.741
Slovenia,2002,Escherichia coli,β-lactámicos,1.22249388,1.0288
Slovakia,2002,Escherichia coli,β-lactámicos,1.86915887,2.7763
United Kingdom,2002,Escherichia coli,β-lactámicos,2.05519671,
Austria,2003,Escherichia coli,β-lactámicos,1.84237461,
Belgium,2003,Escherichia coli,β-lactámicos,3.49544072,3.7187
Bulgaria,2003,Escherichia coli,β-lactámicos,18.35443037,1.4323
Cyprus,2003,Escherichia coli,β-lactámicos,,
Czechia,2003,Escherichia coli,β-lactámicos,1.13700966,
Germany,2003,Escherichia coli,β-lactámicos,0.6060606,1.2057
Estonia,2003,Escherichia coli,β-lactámicos,1.03092783,0.8412
Greece,2003,Escherichia coli,β-lactámicos,5.60224089,6.8647
Spain,2003,Escherichia coli,β-lactámicos,4.22641509,
Finland,2003,Escherichia coli,β-lactámicos,1.03016924,3.1277
France,2003,Escherichia coli,β-lactámicos,0.97087378,3.5584
Croatia,2003,Escherichia coli,β-lactámicos,4.38596491,4.6574
Hungary,2003,Escherichia coli,β-lactámicos,0.95124851,2.536
Ireland,2003,Escherichia coli,β-lactámicos,2.18068535,
Iceland,2003,Escherichia coli,β-lactámicos,1.01010101,0.495
Italy,2003,Escherichia coli,β-lactámicos,6.17551462,
Luxembourg,2003,Escherichia coli,β-lactámicos,0.88105726,6.122
Malta,2003,Escherichia coli,β-lactámicos,2.19780219,
Netherlands,2003,Escherichia coli,β-lactámicos,1.45945945,
Norway,2003,Escherichia coli,β-lactámicos,0.2548853,0.5436
Poland,2003,Escherichia coli,β-lactámicos,4.06504065,0.0
Portugal,2003,Escherichia coli,β-lactámicos,7.12468193,
Romania,2003,Escherichia coli,β-lactámicos,18.75,
Sweden,2003,Escherichia coli,β-lactámicos,0.4241139,0.7129
Slovenia,2003,Escherichia coli,β-lactámicos,0.74812967,1.0633
Slovakia,2003,Escherichia coli,β-lactámicos,0.41841004,2.4863
United Kingdom,2003,Escherichia coli,β-lactámicos,3.27056491,
Austria,2004,Escherichia coli,β-lactámicos,2.53232758,
Belgium,2004,Escherichia coli,β-lactámicos,2.64650283,3.5382
Bulgaria,2004,Escherichia coli,β-lactámicos,21.55688622,1.6856
Cyprus,2004,Escherichia coli,β-lactámicos,8.69565217,
Czechia,2004,Escherichia coli,β-lactámicos,1.67938931,
Germany,2004,Escherichia coli,β-lactámicos,1.8961253,1.2552
Estonia,2004,Escherichia coli,β-lactámicos,3.61445783,0.9655
Greece,2004,Escherichia coli,β-lactámicos,6.03907637,7.1438
Spain,2004,Escherichia coli,β-lactámicos,6.5317919,
Finland,2004,Escherichia coli,β-lactámicos,1.52314001,2.9744
France,2004,Escherichia coli,β-lactámicos,0.95120662,3.2924
Croatia,2004,Escherichia coli,β-lactámicos,2.61682242,4.0368
Hungary,2004,Escherichia coli,β-lactámicos,3.22580645,2.4563
Ireland,2004,Escherichia coli,β-lactámicos,1.92629815,1.9679
Iceland,2004,Escherichia coli,β-lactámicos,0.0,0.434
Italy,2004,Escherichia coli,β-lactámicos,5.3291536,
Luxembourg,2004,Escherichia coli,β-lactámicos,0.46296296,5.4393
Malta,2004,Escherichia coli,β-lactámicos,4.39560439,
Netherlands,2004,Escherichia coli,β-lactámicos,1.42857142,
Norway,2004,Escherichia coli,β-lactámicos,0.66061106,0.5153
Poland,2004,Escherichia coli,β-lactámicos,5.23560209,2.53
Portugal,2004,Escherichia coli,β-lactámicos,8.07799442,
Romania,2004,Escherichia coli,β-lactámicos,22.91666666,
Sweden,2004,Escherichia coli,β-lactámicos,0.72926162,0.6727
Slovenia,2004,Escherichia coli,β-lactámicos,1.39616055,1.0728
Slovakia,2004,Escherichia coli,β-lactámicos,7.14285714,2.4854
United Kingdom,2004,Escherichia coli,β-lactámicos,3.20378151,
Austria,2005,Escherichia coli,β-lactámicos,4.20332355,
Belgium,2005,Escherichia coli,β-lactámicos,3.61445783,3.4394
Bulgaria,2005,Escherichia coli,β-lactámicos,28.07881773,2.0763
Cyprus,2005,Escherichia coli,β-lactámicos,16.0,
Czechia,2005,Escherichia coli,β-lactámicos,2.23914017,
Germany,2005,Escherichia coli,β-lactámicos,1.67189132,
Denmark,2005,Escherichia coli,β-lactámicos,1.14942528,0.274
Estonia,2005,Escherichia coli,β-lactámicos,1.29032258,1.0599
Greece,2005,Escherichia coli,β-lactámicos,7.023705,7.8593
Spain,2005,Escherichia coli,β-lactámicos,7.7410744,
Finland,2005,Escherichia coli,β-lactámicos,1.77267987,3.1075
France,2005,Escherichia coli,β-lactámicos,1.3881748,3.4872
Croatia,2005,Escherichia coli,β-lactámicos,0.78492935,4.2437
Hungary,2005,Escherichia coli,β-lactámicos,3.74639769,2.5735
Ireland,2005,Escherichia coli,β-lactámicos,3.56125356,1.8734
Iceland,2005,Escherichia coli,β-lactámicos,0.0,0.5092
Italy,2005,Escherichia coli,β-lactámicos,8.48026868,3.135
Luxembourg,2005,Escherichia coli,β-lactámicos,3.19148936,5.7981
Malta,2005,Escherichia coli,β-lactámicos,1.17647058,
Netherlands,2005,Escherichia coli,β-lactámicos,2.48021108,
Norway,2005,Escherichia coli,β-lactámicos,0.82831325,0.471
Poland,2005,Escherichia coli,β-lactámicos,4.54545454,
Portugal,2005,Escherichia coli,β-lactámicos,11.71003717,
Romania,2005,Escherichia coli,β-lactámicos,16.66666666,
Sweden,2005,Escherichia coli,β-lactámicos,1.28125,0.6644
Slovenia,2005,Escherichia coli,β-lactámicos,1.67427701,1.0812
Slovakia,2005,Escherichia coli,β-lactámicos,8.24742268,3.9173
United Kingdom,2005,Escherichia coli,β-lactámicos,6.28964059,
Austria,2006,Escherichia coli,β-lactámicos,6.59651962,
Belgium,2006,Escherichia coli,β-lactámicos,2.91021671,0.3761
Bulgaria,2006,Escherichia coli,β-lactámicos,28.57142857,2.2447
Cyprus,2006,Escherichia coli,β-lactámicos,15.55555555,6.2485
Czechia,2006,Escherichia coli,β-lactámicos,5.13888888,
Germany,2006,Escherichia coli,β-lactámicos,4.24528301,
Denmark,2006,Escherichia coli,β-lactámicos,2.44698205,0.3035
Estonia,2006,Escherichia coli,β-lactámicos,0.46948356,1.1505
Greece,2006,Escherichia coli,β-lactámicos,6.07513988,7.7471
Spain,2006,Escherichia coli,β-lactámicos,7.13860797,
Finland,2006,Escherichia coli,β-lactámicos,1.81526962,3.1641
France,2006,Escherichia coli,β-lactámicos,1.96516301,3.0138
Croatia,2006,Escherichia coli,β-lactámicos,1.41570141,3.9171
Hungary,2006,Escherichia coli,β-lactámicos,4.964539,2.3489
Ireland,2006,Escherichia coli,β-lactámicos,3.50338045,2.0281
Iceland,2006,Escherichia coli,β-lactámicos,0.0,
Italy,2006,Escherichia coli,β-lactámicos,7.36263736,
Lithuania,2006,Escherichia coli,β-lactámicos,4.67836257,0.8691
Luxembourg,2006,Escherichia coli,β-lactámicos,1.79640718,4.9519
Latvia,2006,Escherichia coli,β-lactámicos,6.4516129,1.7087
Malta,2006,Escherichia coli,β-lactámicos,4.25531914,
Netherlands,2006,Escherichia coli,β-lactámicos,3.28425821,
Norway,2006,Escherichia coli,β-lactámicos,1.39860139,0.4814
Poland,2006,Escherichia coli,β-lactámicos,4.36893203,
Portugal,2006,Escherichia coli,β-lactámicos,9.84908657,
Romania,2006,Escherichia coli,β-lactámicos,41.02564102,
Sweden,2006,Escherichia coli,β-lactámicos,1.52585476,0.6621
Slovenia,2006,Escherichia coli,β-lactámicos,1.67364016,0.8969
United Kingdom,2006,Escherichia coli,β-lactámicos,7.67494356,
Austria,2007,Escherichia coli,β-lactámicos,8.87128712,
Belgium,2007,Escherichia coli,β-lactámicos,3.92832529,2.7213
Bulgaria,2007,Escherichia coli,β-lactámicos,22.83464566,2.4302
Cyprus,2007,Escherichia coli,β-lactámicos,18.34862385,7.0124
Czechia,2007,Escherichia coli,β-lactámicos,7.39509763,
Germany,2007,Escherichia coli,β-lactámicos,7.70020533,
Denmark,2007,Escherichia coli,β-lactámicos,3.24601366,0.3529
Estonia,2007,Escherichia coli,β-lactámicos,1.38248847,1.223
Greece,2007,Escherichia coli,β-lactámicos,7.62987012,8.9169
Spain,2007,Escherichia coli,β-lactámicos,7.44884038,
Finland,2007,Escherichia coli,β-lactámicos,1.54004106,3.2735
France,2007,Escherichia coli,β-lactámicos,2.48724489,3.1973
Croatia,2007,Escherichia coli,β-lactámicos,2.6744186,4.2017
Hungary,2007,Escherichia coli,β-lactámicos,5.41012216,1.871
Ireland,2007,Escherichia coli,β-lactámicos,5.40229885,2.0426
Iceland,2007,Escherichia coli,β-lactámicos,1.9047619,
Italy,2007,Escherichia coli,β-lactámicos,11.45281018,2.9451
Lithuania,2007,Escherichia coli,β-lactámicos,6.80851063,1.8046
Luxembourg,2007,Escherichia coli,β-lactámicos,4.04411764,5.1857
Latvia,2007,Escherichia coli,β-lactámicos,14.47368421,1.9387
Malta,2007,Escherichia coli,β-lactámicos,12.82051282,3.274
Netherlands,2007,Escherichia coli,β-lactámicos,4.28122545,
Norway,2007,Escherichia coli,β-lactámicos,2.15995329,0.4848
Poland,2007,Escherichia coli,β-lactámicos,2.34375,
Portugal,2007,Escherichia coli,β-lactámicos,9.7037037,
Romania,2007,Escherichia coli,β-lactámicos,27.41935483,
Sweden,2007,Escherichia coli,β-lactámicos,2.26848145,0.5776
Slovenia,2007,Escherichia coli,β-lactámicos,4.23031727,0.9183
United Kingdom,2007,Escherichia coli,β-lactámicos,9.40919037,
Austria,2008,Escherichia coli,β-lactámicos,7.41239892,
Belgium,2008,Escherichia coli,β-lactámicos,4.18736692,2.3526
Bulgaria,2008,Escherichia coli,β-lactámicos,29.25170068,2.76
Cyprus,2008,Escherichia coli,β-lactámicos,19.32773109,6.5772
Czechia,2008,Escherichia coli,β-lactámicos,9.86121256,
Germany,2008,Escherichia coli,β-lactámicos,4.83570985,
Denmark,2008,Escherichia coli,β-lactámicos,4.05785456,0.3676
Estonia,2008,Escherichia coli,β-lactámicos,4.58015267,1.3132
Greece,2008,Escherichia coli,β-lactámicos,9.93150684,9.5003
Spain,2008,Escherichia coli,β-lactámicos,9.01820187,
Finland,2008,Escherichia coli,β-lactámicos,2.10828941,3.2827
France,2008,Escherichia coli,β-lactámicos,3.81727158,2.7696
Croatia,2008,Escherichia coli,β-lactámicos,3.82932166,4.5448
Hungary,2008,Escherichia coli,β-lactámicos,9.17691579,2.1088
Ireland,2008,Escherichia coli,β-lactámicos,5.91715976,1.6847
Iceland,2008,Escherichia coli,β-lactámicos,0.81300813,
Italy,2008,Escherichia coli,β-lactámicos,15.90612777,3.1178
Lithuania,2008,Escherichia coli,β-lactámicos,5.59210526,3.2026
Luxembourg,2008,Escherichia coli,β-lactámicos,6.29139072,4.9233
Latvia,2008,Escherichia coli,β-lactámicos,11.11111111,1.6347
Malta,2008,Escherichia coli,β-lactámicos,20.96774193,5.2409
Netherlands,2008,Escherichia coli,β-lactámicos,4.62147887,
Norway,2008,Escherichia coli,β-lactámicos,2.55697609,0.4694
Poland,2008,Escherichia coli,β-lactámicos,2.38095238,
Portugal,2008,Escherichia coli,β-lactámicos,10.1010101,
Romania,2008,Escherichia coli,β-lactámicos,23.63636363,
Sweden,2008,Escherichia coli,β-lactámicos,2.25806451,0.5421
Slovenia,2008,Escherichia coli,β-lactámicos,4.23340961,0.8065
United Kingdom,2008,Escherichia coli,β-lactámicos,6.93114455,
Austria,2009,Escherichia coli,β-lactámicos,7.54716981,
Belgium,2009,Escherichia coli,β-lactámicos,6.45363408,2.1908
Bulgaria,2009,Escherichia coli,β-lactámicos,19.17098445,3.0016
Cyprus,2009,Escherichia coli,β-lactámicos,13.97058823,6.4469
Czechia,2009,Escherichia coli,β-lactámicos,9.7861544,
Germany,2009,Escherichia coli,β-lactámicos,8.15512866,
Denmark,2009,Escherichia coli,β-lactámicos,6.17375231,0.3794
Estonia,2009,Escherichia coli,β-lactámicos,2.19435736,1.246
Greece,2009,Escherichia coli,β-lactámicos,10.13774104,9.3028
Spain,2009,Escherichia coli,β-lactámicos,11.30594085,
Finland,2009,Escherichia coli,β-lactámicos,2.80330882,3.2831
France,2009,Escherichia coli,β-lactámicos,6.72268907,3.182
Hungary,2009,Escherichia coli,β-lactámicos,12.92775665,2.2327
Ireland,2009,Escherichia coli,β-lactámicos,6.49546827,1.4361
Iceland,2009,Escherichia coli,β-lactámicos,1.81818181,
Italy,2009,Escherichia coli,β-lactámicos,17.03056768,
Lithuania,2009,Escherichia coli,β-lactámicos,7.84982935,1.2627
Luxembourg,2009,Escherichia coli,β-lactámicos,8.30564784,5.0017
Latvia,2009,Escherichia coli,β-lactámicos,11.62790697,1.1782
Malta,2009,Escherichia coli,β-lactámicos,14.55696202,5.8353
Netherlands,2009,Escherichia coli,β-lactámicos,4.2652027,
Norway,2009,Escherichia coli,β-lactámicos,2.27518959,0.4435
Poland,2009,Escherichia coli,β-lactámicos,9.07534246,
Portugal,2009,Escherichia coli,β-lactámicos,9.20502092,2.3439
Romania,2009,Escherichia coli,β-lactámicos,13.55932203,2.962
Sweden,2009,Escherichia coli,β-lactámicos,,0.4372
Slovenia,2009,Escherichia coli,β-lactámicos,4.59126539,0.8072
United Kingdom,2009,Escherichia coli,β-lactámicos,9.35835658,
Austria,2010,Escherichia coli,β-lactámicos,7.25530458,
Belgium,2010,Escherichia coli,β-lactámicos,5.17418032,1.9615
Bulgaria,2010,Escherichia coli,β-lactámicos,24.8366013,3.1002
Cyprus,2010,Escherichia coli,β-lactámicos,20.14388489,5.4021
Czechia,2010,Escherichia coli,β-lactámicos,10.35455278,
Germany,2010,Escherichia coli,β-lactámicos,8.35820895,
Denmark,2010,Escherichia coli,β-lactámicos,7.59966777,0.374
Estonia,2010,Escherichia coli,β-lactámicos,5.50161812,1.3551
Greece,2010,Escherichia coli,β-lactámicos,14.20039814,9.0053
Spain,2010,Escherichia coli,β-lactámicos,12.11376404,
Finland,2010,Escherichia coli,β-lactámicos,3.74651255,3.2217
France,2010,Escherichia coli,β-lactámicos,7.24894701,2.9721
Croatia,2010,Escherichia coli,β-lactámicos,8.73015873,3.9408
Hungary,2010,Escherichia coli,β-lactámicos,19.45046999,2.2049
Ireland,2010,Escherichia coli,β-lactámicos,7.69230769,1.3553
Iceland,2010,Escherichia coli,β-lactámicos,3.84615384,0.6113
Italy,2010,Escherichia coli,β-lactámicos,21.04175279,2.9164
Lithuania,2010,Escherichia coli,β-lactámicos,8.7087087,1.0885
Luxembourg,2010,Escherichia coli,β-lactámicos,9.32203389,4.6933
Latvia,2010,Escherichia coli,β-lactámicos,12.24489795,1.7561
Malta,2010,Escherichia coli,β-lactámicos,15.625,5.4097
Netherlands,2010,Escherichia coli,β-lactámicos,4.92711968,0.1964
Norway,2010,Escherichia coli,β-lactámicos,3.69230769,0.4354
Poland,2010,Escherichia coli,β-lactámicos,7.52688172,
Portugal,2010,Escherichia coli,β-lactámicos,10.4253112,2.2013
Romania,2010,Escherichia coli,β-lactámicos,20.58823529,
Sweden,2010,Escherichia coli,β-lactámicos,2.9082774,0.3889
Slovenia,2010,Escherichia coli,β-lactámicos,6.61764705,0.746
United Kingdom,2010,Escherichia coli,β-lactámicos,8.97294919,
Austria,2011,Escherichia coli,β-lactámicos,9.14556962,
Belgium,2011,Escherichia coli,β-lactámicos,6.04767879,1.888
Bulgaria,2011,Escherichia coli,β-lactámicos,22.90502793,3.3826
Cyprus,2011,Escherichia coli,β-lactámicos,36.23188405,3.0697
Czechia,2011,Escherichia coli,β-lactámicos,11.36363636,
Germany,2011,Escherichia coli,β-lactámicos,7.96265788,
Denmark,2011,Escherichia coli,β-lactámicos,8.49131121,0.3712
Estonia,2011,Escherichia coli,β-lactámicos,12.22222222,1.5003
Greece,2011,Escherichia coli,β-lactámicos,14.91289198,8.2925
Spain,2011,Escherichia coli,β-lactámicos,11.98214285,
Finland,2011,Escherichia coli,β-lactámicos,5.0,3.3349
France,2011,Escherichia coli,β-lactámicos,8.17313362,2.8199
Croatia,2011,Escherichia coli,β-lactámicos,9.56256358,3.4731
Hungary,2011,Escherichia coli,β-lactámicos,15.11437908,2.1785
Ireland,2011,Escherichia coli,β-lactámicos,8.95660203,1.3509
Iceland,2011,Escherichia coli,β-lactámicos,6.15384615,0.624
Italy,2011,Escherichia coli,β-lactámicos,19.83957219,2.8901
Lithuania,2011,Escherichia coli,β-lactámicos,7.01298701,1.3205
Luxembourg,2011,Escherichia coli,β-lactámicos,8.21529745,4.4414
Latvia,2011,Escherichia coli,β-lactámicos,15.9090909,0.5242
Malta,2011,Escherichia coli,β-lactámicos,12.78538812,6.0224
Netherlands,2011,Escherichia coli,β-lactámicos,5.83793738,0.1981
Norway,2011,Escherichia coli,β-lactámicos,3.64645263,0.4299
Poland,2011,Escherichia coli,β-lactámicos,11.72707889,
Portugal,2011,Escherichia coli,β-lactámicos,11.25723303,2.0434
Romania,2011,Escherichia coli,β-lactámicos,21.05263157,4.0612
Sweden,2011,Escherichia coli,β-lactámicos,3.64562916,0.3547
Slovenia,2011,Escherichia coli,β-lactámicos,8.78243512,0.6768
Slovakia,2011,Escherichia coli,β-lactámicos,30.94594594,3.8805
United Kingdom,2011,Escherichia coli,β-lactámicos,9.62948668,
Austria,2012,Escherichia coli,β-lactámicos,8.6522911,
Belgium,2012,Escherichia coli,β-lactámicos,6.88308518,1.9106
Bulgaria,2012,Escherichia coli,β-lactámicos,38.11659192,3.2477
Cyprus,2012,Escherichia coli,β-lactámicos,31.81818181,5.3563
Czechia,2012,Escherichia coli,β-lactámicos,11.4509246,
Germany,2012,Escherichia coli,β-lactámicos,8.83898709,
Denmark,2012,Escherichia coli,β-lactámicos,7.860262,0.3228
Estonia,2012,Escherichia coli,β-lactámicos,7.86885245,1.5298
Greece,2012,Escherichia coli,β-lactámicos,16.22397702,7.0922
Spain,2012,Escherichia coli,β-lactámicos,13.50493653,
Finland,2012,Escherichia coli,β-lactámicos,6.19860847,3.2108
France,2012,Escherichia coli,β-lactámicos,9.95503503,2.6751
Croatia,2012,Escherichia coli,β-lactámicos,7.61589403,4.0686
Hungary,2012,Escherichia coli,β-lactámicos,17.43444365,2.0579
Ireland,2012,Escherichia coli,β-lactámicos,9.17832167,1.3831
Iceland,2012,Escherichia coli,β-lactámicos,5.07246376,0.6883
Italy,2012,Escherichia coli,β-lactámicos,26.29295962,2.7805
Lithuania,2012,Escherichia coli,β-lactámicos,4.76190476,1.4884
Luxembourg,2012,Escherichia coli,β-lactámicos,11.3772455,4.2558
Latvia,2012,Escherichia coli,β-lactámicos,12.98701298,1.1129
Malta,2012,Escherichia coli,β-lactámicos,12.91866028,5.5131
Netherlands,2012,Escherichia coli,β-lactámicos,6.07753512,0.2094
Norway,2012,Escherichia coli,β-lactámicos,4.90228552,0.419
Poland,2012,Escherichia coli,β-lactámicos,12.92189006,
Portugal,2012,Escherichia coli,β-lactámicos,13.5097493,1.95
Romania,2012,Escherichia coli,β-lactámicos,25.13089005,4.3611
Sweden,2012,Escherichia coli,β-lactámicos,4.4608994,0.3526
Slovenia,2012,Escherichia coli,β-lactámicos,9.50342465,0.6124
Slovakia,2012,Escherichia coli,β-lactámicos,30.73593073,4.0128
United Kingdom,2012,Escherichia coli,β-lactámicos,13.13791276,
Austria,2013,Escherichia coli,β-lactámicos,9.84917733,
Belgium,2013,Escherichia coli,β-lactámicos,7.99802517,1.9176
Bulgaria,2013,Escherichia coli,β-lactámicos,39.57219251,3.5748
Cyprus,2013,Escherichia coli,β-lactámicos,38.88888888,4.8523
Czechia,2013,Escherichia coli,β-lactámicos,13.10088016,
Germany,2013,Escherichia coli,β-lactámicos,10.74039362,
Denmark,2013,Escherichia coli,β-lactámicos,8.07833537,0.3857
Estonia,2013,Escherichia coli,β-lactámicos,7.35294117,1.6409
Greece,2013,Escherichia coli,β-lactámicos,17.21115537,7.9211
Spain,2013,Escherichia coli,β-lactámicos,13.30074173,
Finland,2013,Escherichia coli,β-lactámicos,7.06989247,3.1894
France,2013,Escherichia coli,β-lactámicos,9.52334055,2.5477
Croatia,2013,Escherichia coli,β-lactámicos,8.75,3.4708
Hungary,2013,Escherichia coli,β-lactámicos,18.85873347,2.1166
Ireland,2013,Escherichia coli,β-lactámicos,10.64516129,1.5168
Iceland,2013,Escherichia coli,β-lactámicos,4.95867768,0.7642
Italy,2013,Escherichia coli,β-lactámicos,26.19047619,2.8955
Lithuania,2013,Escherichia coli,β-lactámicos,7.60368663,1.8363
Luxembourg,2013,Escherichia coli,β-lactámicos,10.63122923,4.4091
Latvia,2013,Escherichia coli,β-lactámicos,13.97058823,1.1805
Malta,2013,Escherichia coli,β-lactámicos,8.67768595,5.7598
Netherlands,2013,Escherichia coli,β-lactámicos,6.07651912,0.216
Norway,2013,Escherichia coli,β-lactámicos,5.52486187,0.406
Poland,2013,Escherichia coli,β-lactámicos,10.9073359,
Portugal,2013,Escherichia coli,β-lactámicos,14.93651979,1.8339
Romania,2013,Escherichia coli,β-lactámicos,22.81879194,4.8135
Sweden,2013,Escherichia coli,β-lactámicos,5.20446096,0.3542
Slovenia,2013,Escherichia coli,β-lactámicos,8.74183006,0.5946
Slovakia,2013,Escherichia coli,β-lactámicos,29.73977695,5.1499
United Kingdom,2013,Escherichia coli,β-lactámicos,14.71302763,0.4835
Austria,2014,Escherichia coli,β-lactámicos,9.3690652,
Belgium,2014,Escherichia coli,β-lactámicos,9.74304068,1.8033
Bulgaria,2014,Escherichia coli,β-lactámicos,40.36697247,4.1718
Cyprus,2014,Escherichia coli,β-lactámicos,28.75816993,4.4708
Czechia,2014,Escherichia coli,β-lactámicos,13.96910678,
Germany,2014,Escherichia coli,β-lactámicos,10.53474223,
Denmark,2014,Escherichia coli,β-lactámicos,7.00680272,0.42
Estonia,2014,Escherichia coli,β-lactámicos,9.26829268,1.7022
Greece,2014,Escherichia coli,β-lactámicos,21.03386809,7.793
Spain,2014,Escherichia coli,β-lactámicos,12.3346504,
Finland,2014,Escherichia coli,β-lactámicos,5.4627089,3.1434
France,2014,Escherichia coli,β-lactámicos,9.94298966,2.3672
Croatia,2014,Escherichia coli,β-lactámicos,10.84337349,3.3302
Hungary,2014,Escherichia coli,β-lactámicos,16.42989499,2.1894
Ireland,2014,Escherichia coli,β-lactámicos,10.73950204,1.2738
Iceland,2014,Escherichia coli,β-lactámicos,3.28947368,
Italy,2014,Escherichia coli,β-lactámicos,28.66811044,2.7476
Lithuania,2014,Escherichia coli,β-lactámicos,8.08080808,1.7069
Luxembourg,2014,Escherichia coli,β-lactámicos,11.95652173,3.9245
Latvia,2014,Escherichia coli,β-lactámicos,10.9090909,1.1443
Malta,2014,Escherichia coli,β-lactámicos,10.82089552,4.8077
Netherlands,2014,Escherichia coli,β-lactámicos,6.12015721,0.226
Norway,2014,Escherichia coli,β-lactámicos,5.78778135,0.3758
Poland,2014,Escherichia coli,β-lactámicos,10.50691244,2.7264
Portugal,2014,Escherichia coli,β-lactámicos,16.42117834,1.8406
Romania,2014,Escherichia coli,β-lactámicos,29.4117647,5.3279
Sweden,2014,Escherichia coli,β-lactámicos,5.56064772,0.3096
Slovenia,2014,Escherichia coli,β-lactámicos,12.74671052,0.5828
Slovakia,2014,Escherichia coli,β-lactámicos,31.8335208,5.0526
United Kingdom,2014,Escherichia coli,β-lactámicos,10.31988426,0.4749
Austria,2015,Escherichia coli,β-lactámicos,9.67346938,
Belgium,2015,Escherichia coli,β-lactámicos,9.67990744,1.8261
Bulgaria,2015,Escherichia coli,β-lactámicos,38.53658536,4.7507
Cyprus,2015,Escherichia coli,β-lactámicos,28.45528455,5.2461
Czechia,2015,Escherichia coli,β-lactámicos,14.50189155,
Germany,2015,Escherichia coli,β-lactámicos,10.29786291,
Denmark,2015,Escherichia coli,β-lactámicos,7.4764306,0.3237
Estonia,2015,Escherichia coli,β-lactámicos,11.38211382,1.7818
Greece,2015,Escherichia coli,β-lactámicos,19.83539094,8.0391
Spain,2015,Escherichia coli,β-lactámicos,11.62103298,
Finland,2015,Escherichia coli,β-lactámicos,6.05711653,2.9905
France,2015,Escherichia coli,β-lactámicos,10.97638222,2.4401
Croatia,2015,Escherichia coli,β-lactámicos,12.52390057,3.2824
Hungary,2015,Escherichia coli,β-lactámicos,16.73247778,2.3065
Ireland,2015,Escherichia coli,β-lactámicos,11.3722517,1.3394
Iceland,2015,Escherichia coli,β-lactámicos,1.73410404,
Italy,2015,Escherichia coli,β-lactámicos,30.07868383,2.6893
Lithuania,2015,Escherichia coli,β-lactámicos,16.00688468,1.871
Luxembourg,2015,Escherichia coli,β-lactámicos,12.68011527,3.9899
Latvia,2015,Escherichia coli,β-lactámicos,17.91044776,1.1852
Malta,2015,Escherichia coli,β-lactámicos,11.76470588,4.3403
Netherlands,2015,Escherichia coli,β-lactámicos,6.07859768,0.2369
Norway,2015,Escherichia coli,β-lactámicos,6.02847621,0.3534
Poland,2015,Escherichia coli,β-lactámicos,11.92546583,3.2008
Portugal,2015,Escherichia coli,β-lactámicos,16.09002976,1.9612
Romania,2015,Escherichia coli,β-lactámicos,26.82926829,5.272
Sweden,2015,Escherichia coli,β-lactámicos,6.23853211,0.3049
Slovenia,2015,Escherichia coli,β-lactámicos,13.65007541,0.6132
Slovakia,2015,Escherichia coli,β-lactámicos,30.0111982,5.4468
United Kingdom,2015,Escherichia coli,β-lactámicos,11.25943122,0.4324
Austria,2016,Escherichia coli,β-lactámicos,10.00569584,
Belgium,2016,Escherichia coli,β-lactámicos,10.48969761,1.6934
Bulgaria,2016,Escherichia coli,β-lactámicos,41.59663865,4.9631
Cyprus,2016,Escherichia coli,β-lactámicos,30.20134228,5.1691
Czechia,2016,Escherichia coli,β-lactámicos,15.06043776,
Germany,2016,Escherichia coli,β-lactámicos,11.09947643,
Denmark,2016,Escherichia coli,β-lactámicos,6.56793303,0.2938
Estonia,2016,Escherichia coli,β-lactámicos,8.98716119,1.7057
Greece,2016,Escherichia coli,β-lactámicos,17.6380368,7.9505
Spain,2016,Escherichia coli,β-lactámicos,14.97058823,2.6672
Finland,2016,Escherichia coli,β-lactámicos,6.89582454,3.0142
France,2016,Escherichia coli,β-lactámicos,11.22602315,2.2685
Croatia,2016,Escherichia coli,β-lactámicos,14.7368421,2.9935
Hungary,2016,Escherichia coli,β-lactámicos,16.70847967,2.3839
Ireland,2016,Escherichia coli,β-lactámicos,11.39028475,1.3393
Iceland,2016,Escherichia coli,β-lactámicos,4.16666666,
Italy,2016,Escherichia coli,β-lactámicos,29.77433479,2.5582
Lithuania,2016,Escherichia coli,β-lactámicos,14.71698113,1.9721
Luxembourg,2016,Escherichia coli,β-lactámicos,13.63636363,3.9103
Latvia,2016,Escherichia coli,β-lactámicos,24.11067193,1.209
Malta,2016,Escherichia coli,β-lactámicos,14.63414634,3.7945
Netherlands,2016,Escherichia coli,β-lactámicos,6.59310344,0.2346
Norway,2016,Escherichia coli,β-lactámicos,5.55709151,0.3347
Poland,2016,Escherichia coli,β-lactámicos,13.71827877,3.1966
Portugal,2016,Escherichia coli,β-lactámicos,16.0615491,1.9483
Romania,2016,Escherichia coli,β-lactámicos,23.44497607,4.9421
Sweden,2016,Escherichia coli,β-lactámicos,8.26386892,0.3027
Slovenia,2016,Escherichia coli,β-lactámicos,12.53521126,0.6316
Slovakia,2016,Escherichia coli,β-lactámicos,29.7330097,5.3712
United Kingdom,2016,Escherichia coli,β-lactámicos,9.23738899,0.3954
Austria,2017,Escherichia coli,β-lactámicos,9.63150711,
Belgium,2017,Escherichia coli,β-lactámicos,9.73886986,1.5439
Bulgaria,2017,Escherichia coli,β-lactámicos,41.29554655,5.2069
Cyprus,2017,Escherichia coli,β-lactámicos,30.76923076,5.8056
Czechia,2017,Escherichia coli,β-lactámicos,14.22319474,
Germany,2017,Escherichia coli,β-lactámicos,12.28139037,
Denmark,2017,Escherichia coli,β-lactámicos,6.90149498,0.3292
Estonia,2017,Escherichia coli,β-lactámicos,8.75634517,1.7321
Greece,2017,Escherichia coli,β-lactámicos,18.29931972,8.2038
Spain,2017,Escherichia coli,β-lactámicos,12.80902604,2.673
Finland,2017,Escherichia coli,β-lactámicos,6.85429829,2.778
France,2017,Escherichia coli,β-lactámicos,10.22318753,1.9172
Croatia,2017,Escherichia coli,β-lactámicos,16.46341463,3.0207
Hungary,2017,Escherichia coli,β-lactámicos,20.11661807,2.4571
Ireland,2017,Escherichia coli,β-lactámicos,11.98333867,1.2673
Iceland,2017,Escherichia coli,β-lactámicos,6.10328638,0.8906
Italy,2017,Escherichia coli,β-lactámicos,29.48989684,2.3295
Lithuania,2017,Escherichia coli,β-lactámicos,16.78403755,2.0706
Luxembourg,2017,Escherichia coli,β-lactámicos,9.69976905,2.8622
Latvia,2017,Escherichia coli,β-lactámicos,21.95121951,1.3026
Malta,2017,Escherichia coli,β-lactámicos,15.60509554,3.3981
Netherlands,2017,Escherichia coli,β-lactámicos,6.36569449,0.2437
Norway,2017,Escherichia coli,β-lactámicos,5.8650241,0.3298
Poland,2017,Escherichia coli,β-lactámicos,16.67829727,4.6313
Portugal,2017,Escherichia coli,β-lactámicos,15.58764167,2.0369
Romania,2017,Escherichia coli,β-lactámicos,18.72586872,4.9534
Sweden,2017,Escherichia coli,β-lactámicos,7.35751295,0.2431
Slovenia,2017,Escherichia coli,β-lactámicos,12.47386759,0.6829
Slovakia,2017,Escherichia coli,β-lactámicos,30.91954022,5.0032
United Kingdom,2017,Escherichia coli,β-lactámicos,10.25604297,0.398
Austria,2018,Escherichia coli,β-lactámicos,10.20803949,
Belgium,2018,Escherichia coli,β-lactámicos,9.02239448,1.6211
Bulgaria,2018,Escherichia coli,β-lactámicos,38.69863013,5.6185
Cyprus,2018,Escherichia coli,β-lactámicos,37.08609271,5.8835
Czechia,2018,Escherichia coli,β-lactámicos,15.2156001,
Germany,2018,Escherichia coli,β-lactámicos,12.19700759,
Denmark,2018,Escherichia coli,β-lactámicos,7.65570039,0.2841
Estonia,2018,Escherichia coli,β-lactámicos,9.76470588,1.6866
Greece,2018,Escherichia coli,β-lactámicos,19.32926829,8.421
Spain,2018,Escherichia coli,β-lactámicos,13.75741512,2.7483
Finland,2018,Escherichia coli,β-lactámicos,7.60956175,2.9027
France,2018,Escherichia coli,β-lactámicos,9.59251625,1.7267
Croatia,2018,Escherichia coli,β-lactámicos,14.81164383,3.0521
Hungary,2018,Escherichia coli,β-lactámicos,22.61603375,2.4972
Ireland,2018,Escherichia coli,β-lactámicos,12.88229842,1.3379
Iceland,2018,Escherichia coli,β-lactámicos,8.08080808,0.8615
Italy,2018,Escherichia coli,β-lactámicos,28.69624069,2.5004
Lithuania,2018,Escherichia coli,β-lactámicos,15.32912533,2.106
Luxembourg,2018,Escherichia coli,β-lactámicos,12.5,3.2871
Latvia,2018,Escherichia coli,β-lactámicos,20.40229885,1.2226
Malta,2018,Escherichia coli,β-lactámicos,15.36144578,2.9381
Netherlands,2018,Escherichia coli,β-lactámicos,7.31559854,0.2559
Norway,2018,Escherichia coli,β-lactámicos,6.75431812,0.3234
Poland,2018,Escherichia coli,β-lactámicos,17.59541984,3.4521
Portugal,2018,Escherichia coli,β-lactámicos,14.70838292,2.0131
Romania,2018,Escherichia coli,β-lactámicos,20.18348623,5.1711
Sweden,2018,Escherichia coli,β-lactámicos,8.33024118,0.2363
Slovenia,2018,Escherichia coli,β-lactámicos,11.33093525,0.626
Slovakia,2018,Escherichia coli,β-lactámicos,30.11305241,6.701
United Kingdom,2018,Escherichia coli,β-lactámicos,10.96697701,0.3823
Austria,2019,Escherichia coli,β-lactámicos,9.31870291,1.9211
Belgium,2019,Escherichia coli,β-lactámicos,9.98221996,1.5755
Bulgaria,2019,Escherichia coli,β-lactámicos,38.63636363,5.4792
Cyprus,2019,Escherichia coli,β-lactámicos,20.65217391,6.396
Czechia,2019,Escherichia coli,β-lactámicos,15.91228563,2.5424
Germany,2019,Escherichia coli,β-lactámicos,11.50642805,
Denmark,2019,Escherichia coli,β-lactámicos,7.54272245,0.263
Estonia,2019,Escherichia coli,β-lactámicos,11.53846153,1.6934
Greece,2019,Escherichia coli,β-lactámicos,18.94736842,8.1122
Spain,2019,Escherichia coli,β-lactámicos,14.11623726,2.7597
Finland,2019,Escherichia coli,β-lactámicos,7.85146868,2.6317
France,2019,Escherichia coli,β-lactámicos,8.84860588,1.6074
Croatia,2019,Escherichia coli,β-lactámicos,15.94470046,3.1098
Hungary,2019,Escherichia coli,β-lactámicos,20.5967675,2.4429
Ireland,2019,Escherichia coli,β-lactámicos,12.07056638,1.3766
Iceland,2019,Escherichia coli,β-lactámicos,7.00389105,0.7987
Italy,2019,Escherichia coli,β-lactámicos,30.8653376,2.7281
Lithuania,2019,Escherichia coli,β-lactámicos,13.86925795,2.1773
Luxembourg,2019,Escherichia coli,β-lactámicos,12.60162601,3.1866
Latvia,2019,Escherichia coli,β-lactámicos,19.68325791,1.2716
Malta,2019,Escherichia coli,β-lactámicos,17.46987951,3.1156
Netherlands,2019,Escherichia coli,β-lactámicos,7.52054794,0.2594
Norway,2019,Escherichia coli,β-lactámicos,6.18404907,0.3082
Poland,2019,Escherichia coli,β-lactámicos,17.12450945,4.0645
Portugal,2019,Escherichia coli,β-lactámicos,16.10328638,2.039
Romania,2019,Escherichia coli,β-lactámicos,20.3313253,5.3892
Sweden,2019,Escherichia coli,β-lactámicos,7.82460983,0.2233
Slovenia,2019,Escherichia coli,β-lactámicos,9.81366459,0.709
Slovakia,2019,Escherichia coli,β-lactámicos,23.04964539,5.2639
United Kingdom,2019,Escherichia coli,β-lactámicos,11.51430827,0.3728
Austria,2020,Escherichia coli,β-lactámicos,9.46800595,1.4526
Belgium,2020,Escherichia coli,β-lactámicos,9.88425925,1.1329
Bulgaria,2020,Escherichia coli,β-lactámicos,41.37931034,5.2658
Cyprus,2020,Escherichia coli,β-lactámicos,29.8245614,6.1889
Czechia,2020,Escherichia coli,β-lactámicos,13.27994661,1.9058
Germany,2020,Escherichia coli,β-lactámicos,10.3580338,
Denmark,2020,Escherichia coli,β-lactámicos,6.6969353,0.2401
Estonia,2020,Escherichia coli,β-lactámicos,8.27374872,1.534
Greece,2020,Escherichia coli,β-lactámicos,21.86948853,6.3012
Spain,2020,Escherichia coli,β-lactámicos,14.07541322,2.3285
Finland,2020,Escherichia coli,β-lactámicos,7.17346748,2.2791
France,2020,Escherichia coli,β-lactámicos,9.4659808,1.1989
Croatia,2020,Escherichia coli,β-lactámicos,16.56590084,2.5925
Hungary,2020,Escherichia coli,β-lactámicos,20.13251783,1.8031
Ireland,2020,Escherichia coli,β-lactámicos,11.8245614,1.1626
Iceland,2020,Escherichia coli,β-lactámicos,11.02040816,0.7538
Italy,2020,Escherichia coli,β-lactámicos,26.41066666,2.1316
Lithuania,2020,Escherichia coli,β-lactámicos,15.93695271,1.9919
Luxembourg,2020,Escherichia coli,β-lactámicos,11.44859813,2.1552
Latvia,2020,Escherichia coli,β-lactámicos,24.07407407,1.0926
Malta,2020,Escherichia coli,β-lactámicos,12.27436823,2.2521
Netherlands,2020,Escherichia coli,β-lactámicos,6.64531625,0.2564
Norway,2020,Escherichia coli,β-lactámicos,5.79479,0.2823
Poland,2020,Escherichia coli,β-lactámicos,17.44935543,2.8537
Portugal,2020,Escherichia coli,β-lactámicos,14.44847229,1.7781
Romania,2020,Escherichia coli,β-lactámicos,19.69026548,4.4948
Sweden,2020,Escherichia coli,β-lactámicos,7.86642306,0.2093
Slovenia,2020,Escherichia coli,β-lactámicos,10.57513914,0.6967
Slovakia,2020,Escherichia coli,β-lactámicos,27.09766162,3.6893
Austria,2021,Escherichia coli,β-lactámicos,8.28968755,1.5237
Belgium,2021,Escherichia coli,β-lactámicos,8.26096166,1.143
Bulgaria,2021,Escherichia coli,β-lactámicos,37.26235741,6.0953
Cyprus,2021,Escherichia coli,β-lactámicos,32.8125,5.1559
Czechia,2021,Escherichia coli,β-lactámicos,14.41717791,2.0083
Germany,2021,Escherichia coli,β-lactámicos,9.09686089,
Denmark,2021,Escherichia coli,β-lactámicos,6.16691285,0.2308
Estonia,2021,Escherichia coli,β-lactámicos,8.07319698,1.3921
Greece,2021,Escherichia coli,β-lactámicos,21.73314993,4.9554
Spain,2021,Escherichia coli,β-lactámicos,13.15824915,2.3836
Finland,2021,Escherichia coli,β-lactámicos,6.60458699,2.1943
France,2021,Escherichia coli,β-lactámicos,8.34267413,1.2249
Croatia,2021,Escherichia coli,β-lactámicos,18.59504132,2.9605
Hungary,2021,Escherichia coli,β-lactámicos,20.40485829,1.7148
Ireland,2021,Escherichia coli,β-lactámicos,9.95521873,1.159
Iceland,2021,Escherichia coli,β-lactámicos,10.43165467,0.8284
Italy,2021,Escherichia coli,β-lactámicos,24.37776864,2.0059
Lithuania,2021,Escherichia coli,β-lactámicos,13.61665221,1.93
Luxembourg,2021,Escherichia coli,β-lactámicos,11.29943502,2.0097
Latvia,2021,Escherichia coli,β-lactámicos,18.32061068,0.9918
Malta,2021,Escherichia coli,β-lactámicos,13.71237458,1.6529
Netherlands,2021,Escherichia coli,β-lactámicos,6.64638783,0.2608
Norway,2021,Escherichia coli,β-lactámicos,5.49622297,0.2917
Poland,2021,Escherichia coli,β-lactámicos,18.72627583,2.8589
Portugal,2021,Escherichia coli,β-lactámicos,13.08993766,1.9226
Romania,2021,Escherichia coli,β-lactámicos,18.78787878,4.6526
Sweden,2021,Escherichia coli,β-lactámicos,7.11934543,0.218
Slovenia,2021,Escherichia coli,β-lactámicos,9.28019036,0.7866
Slovakia,2021,Escherichia coli,β-lactámicos,23.11248073,3.997
Austria,2022,Escherichia coli,β-lactámicos,8.32025117,1.6071
Belgium,2022,Escherichia coli,β-lactámicos,8.75555555,1.3028
Bulgaria,2022,Escherichia coli,β-lactámicos,40.16736401,6.8561
Cyprus,2022,Escherichia coli,β-lactámicos,32.44444444,6.4817
Czechia,2022,Escherichia coli,β-lactámicos,14.75042063,2.5126
Germany,2022,Escherichia coli,β-lactámicos,9.41785861,
Denmark,2022,Escherichia coli,β-lactámicos,6.62786331,0.2316
Estonia,2022,Escherichia coli,β-lactámicos,11.76470588,1.6714
Greece,2022,Escherichia coli,β-lactámicos,23.31983805,7.4593
Spain,2022,Escherichia coli,β-lactámicos,14.87741262,2.7698
Finland,2022,Escherichia coli,β-lactámicos,6.10770577,2.2219
France,2022,Escherichia coli,β-lactámicos,8.44148515,1.419
Croatia,2022,Escherichia coli,β-lactámicos,17.42654508,3.3279
Hungary,2022,Escherichia coli,β-lactámicos,22.57309941,1.9151
Ireland,2022,Escherichia coli,β-lactámicos,9.67741935,1.5488
Iceland,2022,Escherichia coli,β-lactámicos,9.78723404,1.0374
Italy,2022,Escherichia coli,β-lactámicos,24.24384159,2.5994
Liechtenstein,2022,Escherichia coli,β-lactámicos,,
Lithuania,2022,Escherichia coli,β-lactámicos,15.43162719,2.3909
Luxembourg,2022,Escherichia coli,β-lactámicos,10.44776119,2.3815
Latvia,2022,Escherichia coli,β-lactámicos,20.04132231,1.228
Malta,2022,Escherichia coli,β-lactámicos,11.34969325,2.9491
Netherlands,2022,Escherichia coli,β-lactámicos,7.74774774,0.2581
Norway,2022,Escherichia coli,β-lactámicos,5.83043594,0.3105
Poland,2022,Escherichia coli,β-lactámicos,18.6882655,3.5353
Portugal,2022,Escherichia coli,β-lactámicos,14.09699601,2.2571
Romania,2022,Escherichia coli,β-lactámicos,17.82608695,5.0321
Sweden,2022,Escherichia coli,β-lactámicos,7.50733693,
Slovenia,2022,Escherichia coli,β-lactámicos,9.33734939,0.8486
Slovakia,2022,Escherichia coli,β-lactámicos,23.69791666,5.3841
Austria,2023,Escherichia coli,β-lactámicos,9.85248588,1.6169
Belgium,2023,Escherichia coli,β-lactámicos,10.08878127,1.1753
Bulgaria,2023,Escherichia coli,β-lactámicos,37.25490196,7.3742
Cyprus,2023,Escherichia coli,β-lactámicos,34.74320241,0.0
Czechia,2023,Escherichia coli,β-lactámicos,15.87872559,2.9589
Germany,2023,Escherichia coli,β-lactámicos,9.73319749,2.7655
Denmark,2023,Escherichia coli,β-lactámicos,6.31638846,0.2111
Estonia,2023,Escherichia coli,β-lactámicos,11.43911439,1.5879
Greece,2023,Escherichia coli,β-lactámicos,22.82921219,6.6556
Spain,2023,Escherichia coli,β-lactámicos,16.21534146,2.9034
Finland,2023,Escherichia coli,β-lactámicos,7.08587517,2.1282
Croatia,2023,Escherichia coli,β-lactámicos,20.01527883,3.5558
Hungary,2023,Escherichia coli,β-lactámicos,21.3352685,2.1414
Ireland,2023,Escherichia coli,β-lactámicos,10.4233483,0.7689
Iceland,2023,Escherichia coli,β-lactámicos,12.01550387,1.2379
Italy,2023,Escherichia coli,β-lactámicos,26.67647161,2.9542
Liechtenstein,2023,Escherichia coli,β-lactámicos,,
Lithuania,2023,Escherichia coli,β-lactámicos,16.95945945,2.7711
Luxembourg,2023,Escherichia coli,β-lactámicos,11.71366594,2.3781
Latvia,2023,Escherichia coli,β-lactámicos,25.54112554,1.3224
Malta,2023,Escherichia coli,β-lactámicos,11.29807692,2.9924
Netherlands,2023,Escherichia coli,β-lactámicos,7.97193877,0.2669
Norway,2023,Escherichia coli,β-lactámicos,5.62248995,0.3024
Poland,2023,Escherichia coli,β-lactámicos,19.56309096,3.4994
Portugal,2023,Escherichia coli,β-lactámicos,17.19506481,2.1391
Romania,2023,Escherichia coli,β-lactámicos,19.09090909,5.02
Sweden,2023,Escherichia coli,β-lactámicos,7.92540792,
Slovenia,2023,Escherichia coli,β-lactámicos,8.6638194,0.7047
Slovakia,2023,Escherichia coli,β-lactámicos,21.55172413,4.7648
Austria,2024,Escherichia coli,β-lactámicos,10.55105348,1.7557
Belgium,2024,Escherichia coli,β-lactámicos,11.91865938,1.0946
Bulgaria,2024,Escherichia coli,β-lactámicos,34.52380952,7.0756
Cyprus,2024,Escherichia coli,β-lactámicos,38.75,5.6648
Czechia,2024,Escherichia coli,β-lactámicos,15.7882408,2.3524
Germany,2024,Escherichia coli,β-lactámicos,10.60872886,2.4619
Denmark,2024,Escherichia coli,β-lactámicos,6.76103557,
Estonia,2024,Escherichia coli,β-lactámicos,9.94623655,1.4337
Greece,2024,Escherichia coli,β-lactámicos,25.50066755,7.0871
Spain,2024,Escherichia coli,β-lactámicos,16.83130334,2.8573
Finland,2024,Escherichia coli,β-lactámicos,7.45401742,2.0057
France,2024,Escherichia coli,β-lactámicos,10.46973591,1.299
Croatia,2024,Escherichia coli,β-lactámicos,19.39451277,3.5088
Hungary,2024,Escherichia coli,β-lactámicos,20.73687642,2.2036
Ireland,2024,Escherichia coli,β-lactámicos,11.91385897,1.1156
Iceland,2024,Escherichia coli,β-lactámicos,14.13793103,1.0417
Italy,2024,Escherichia coli,β-lactámicos,27.73332489,2.7984
Liechtenstein,2024,Escherichia coli,β-lactámicos,,
Lithuania,2024,Escherichia coli,β-lactámicos,15.82278481,2.2005
Luxembourg,2024,Escherichia coli,β-lactámicos,12.97709923,2.3706
Latvia,2024,Escherichia coli,β-lactámicos,28.86115444,1.3696
Malta,2024,Escherichia coli,β-lactámicos,24.7464503,2.522
Netherlands,2024,Escherichia coli,β-lactámicos,9.09698251,0.3006
Norway,2024,Escherichia coli,β-lactámicos,6.79074446,0.295
Poland,2024,Escherichia coli,β-lactámicos,18.81295943,3.237
Portugal,2024,Escherichia coli,β-lactámicos,18.71056241,2.265
Romania,2024,Escherichia coli,β-lactámicos,20.67164179,5.5616
Sweden,2024,Escherichia coli,β-lactámicos,9.4353994,
Slovenia,2024,Escherichia coli,β-lactámicos,9.06963136,0.9779
Slovakia,2024,Escherichia coli,β-lactámicos,24.58172458,5.1044
Germany,2000,Escherichia coli,Fluoroquinolonas,7.77777777,
Estonia,2000,Escherichia coli,Fluoroquinolonas,,
Greece,2000,Escherichia coli,Fluoroquinolonas,4.28571428,1.9119
Netherlands,2000,Escherichia coli,Fluoroquinolonas,3.36065573,0.8945
Norway,2000,Escherichia coli,Fluoroquinolonas,1.65605095,
Sweden,2000,Escherichia coli,Fluoroquinolonas,,1.2201
Austria,2001,Escherichia coli,Fluoroquinolonas,7.03517587,
Belgium,2001,Escherichia coli,Fluoroquinolonas,8.90052356,2.8803
Bulgaria,2001,Escherichia coli,Fluoroquinolonas,7.86516853,1.6028
Czechia,2001,Escherichia coli,Fluoroquinolonas,8.09199318,
Germany,2001,Escherichia coli,Fluoroquinolonas,11.24694376,
Estonia,2001,Escherichia coli,Fluoroquinolonas,0.0,0.823
Greece,2001,Escherichia coli,Fluoroquinolonas,9.4619666,2.2854
Spain,2001,Escherichia coli,Fluoroquinolonas,17.25181598,
Finland,2001,Escherichia coli,Fluoroquinolonas,5.40315876,1.4494
Croatia,2001,Escherichia coli,Fluoroquinolonas,4.51977401,1.5324
Hungary,2001,Escherichia coli,Fluoroquinolonas,5.05836575,1.2807
Iceland,2001,Escherichia coli,Fluoroquinolonas,3.7037037,0.71
Luxembourg,2001,Escherichia coli,Fluoroquinolonas,4.23280423,2.8146
Malta,2001,Escherichia coli,Fluoroquinolonas,15.38461538,
Netherlands,2001,Escherichia coli,Fluoroquinolonas,5.41989279,0.8844
Norway,2001,Escherichia coli,Fluoroquinolonas,1.3064133,0.3878
Poland,2001,Escherichia coli,Fluoroquinolonas,8.60215053,1.1658
Portugal,2001,Escherichia coli,Fluoroquinolonas,17.52577319,
Sweden,2001,Escherichia coli,Fluoroquinolonas,3.73955125,1.2712
Slovenia,2001,Escherichia coli,Fluoroquinolonas,8.040201,1.5477
Slovakia,2001,Escherichia coli,Fluoroquinolonas,15.55555555,1.937
United Kingdom,2001,Escherichia coli,Fluoroquinolonas,6.20408163,
Austria,2002,Escherichia coli,Fluoroquinolonas,10.16949152,
Belgium,2002,Escherichia coli,Fluoroquinolonas,13.23529411,2.9531
Bulgaria,2002,Escherichia coli,Fluoroquinolonas,14.07407407,1.3467
Czechia,2002,Escherichia coli,Fluoroquinolonas,10.40353089,
Germany,2002,Escherichia coli,Fluoroquinolonas,14.51310861,1.1249
Estonia,2002,Escherichia coli,Fluoroquinolonas,4.91803278,0.7119
Greece,2002,Escherichia coli,Fluoroquinolonas,13.13993174,2.6206
Spain,2002,Escherichia coli,Fluoroquinolonas,19.28974979,
Finland,2002,Escherichia coli,Fluoroquinolonas,6.34184068,1.5338
France,2002,Escherichia coli,Fluoroquinolonas,8.18948213,2.4029
Croatia,2002,Escherichia coli,Fluoroquinolonas,5.30612244,1.7681
Hungary,2002,Escherichia coli,Fluoroquinolonas,10.36585365,1.5778
Ireland,2002,Escherichia coli,Fluoroquinolonas,5.13176144,
Iceland,2002,Escherichia coli,Fluoroquinolonas,2.7027027,0.7143
Italy,2002,Escherichia coli,Fluoroquinolonas,21.06969205,
Luxembourg,2002,Escherichia coli,Fluoroquinolonas,9.43396226,2.6949
Malta,2002,Escherichia coli,Fluoroquinolonas,12.16216216,
Netherlands,2002,Escherichia coli,Fluoroquinolonas,5.42844324,0.872
Norway,2002,Escherichia coli,Fluoroquinolonas,1.71026156,0.4324
Poland,2002,Escherichia coli,Fluoroquinolonas,10.52631578,1.2096
Portugal,2002,Escherichia coli,Fluoroquinolonas,23.48484848,
Romania,2002,Escherichia coli,Fluoroquinolonas,20.0,
Sweden,2002,Escherichia coli,Fluoroquinolonas,5.09527754,1.17
Slovenia,2002,Escherichia coli,Fluoroquinolonas,11.98044009,1.6393
Slovakia,2002,Escherichia coli,Fluoroquinolonas,14.4859813,1.8622
United Kingdom,2002,Escherichia coli,Fluoroquinolonas,7.34528629,
Austria,2003,Escherichia coli,Fluoroquinolonas,14.12487205,
Belgium,2003,Escherichia coli,Fluoroquinolonas,11.56685808,3.0086
Bulgaria,2003,Escherichia coli,Fluoroquinolonas,19.3548387,0.4381
Cyprus,2003,Escherichia coli,Fluoroquinolonas,,
Czechia,2003,Escherichia coli,Fluoroquinolonas,13.20861678,
Germany,2003,Escherichia coli,Fluoroquinolonas,13.9607032,1.0537
Estonia,2003,Escherichia coli,Fluoroquinolonas,4.59770114,0.7923
Greece,2003,Escherichia coli,Fluoroquinolonas,12.2659176,2.0076
Spain,2003,Escherichia coli,Fluoroquinolonas,20.9928003,
Finland,2003,Escherichia coli,Fluoroquinolonas,5.10204081,1.2717
France,2003,Escherichia coli,Fluoroquinolonas,9.32390631,2.3802
Croatia,2003,Escherichia coli,Fluoroquinolonas,7.1297989,1.7823
Hungary,2003,Escherichia coli,Fluoroquinolonas,14.90147783,1.7486
Ireland,2003,Escherichia coli,Fluoroquinolonas,9.55882352,
Iceland,2003,Escherichia coli,Fluoroquinolonas,5.55555555,0.7126
Italy,2003,Escherichia coli,Fluoroquinolonas,24.81040086,
Luxembourg,2003,Escherichia coli,Fluoroquinolonas,11.94690265,3.0211
Malta,2003,Escherichia coli,Fluoroquinolonas,24.44444444,
Netherlands,2003,Escherichia coli,Fluoroquinolonas,7.21951219,
Norway,2003,Escherichia coli,Fluoroquinolonas,1.87265917,0.4677
Poland,2003,Escherichia coli,Fluoroquinolonas,6.61157024,0.0
Portugal,2003,Escherichia coli,Fluoroquinolonas,25.84118438,
Romania,2003,Escherichia coli,Fluoroquinolonas,14.0,
Sweden,2003,Escherichia coli,Fluoroquinolonas,6.56840756,1.1668
Slovenia,2003,Escherichia coli,Fluoroquinolonas,11.22194513,1.4234
Slovakia,2003,Escherichia coli,Fluoroquinolonas,20.16806722,1.5822
United Kingdom,2003,Escherichia coli,Fluoroquinolonas,11.27783155,
Austria,2004,Escherichia coli,Fluoroquinolonas,16.72060409,
Belgium,2004,Escherichia coli,Fluoroquinolonas,15.37884471,2.7179
Bulgaria,2004,Escherichia coli,Fluoroquinolonas,23.92638036,1.6054
Cyprus,2004,Escherichia coli,Fluoroquinolonas,21.73913043,
Czechia,2004,Escherichia coli,Fluoroquinolonas,15.92875318,
Germany,2004,Escherichia coli,Fluoroquinolonas,24.34928631,1.1508
Estonia,2004,Escherichia coli,Fluoroquinolonas,6.41025641,0.9293
Greece,2004,Escherichia coli,Fluoroquinolonas,11.61751563,1.8298
Spain,2004,Escherichia coli,Fluoroquinolonas,25.38949798,
Finland,2004,Escherichia coli,Fluoroquinolonas,7.25952813,1.2478
France,2004,Escherichia coli,Fluoroquinolonas,8.22695035,2.4079
Croatia,2004,Escherichia coli,Fluoroquinolonas,8.23970037,1.6592
Hungary,2004,Escherichia coli,Fluoroquinolonas,19.42286348,1.8613
Ireland,2004,Escherichia coli,Fluoroquinolonas,12.11871393,0.8022
Iceland,2004,Escherichia coli,Fluoroquinolonas,1.7699115,0.6443
Italy,2004,Escherichia coli,Fluoroquinolonas,27.83825816,
Luxembourg,2004,Escherichia coli,Fluoroquinolonas,17.59259259,2.7184
Malta,2004,Escherichia coli,Fluoroquinolonas,35.55555555,
Netherlands,2004,Escherichia coli,Fluoroquinolonas,6.59871244,
Norway,2004,Escherichia coli,Fluoroquinolonas,4.36760691,0.5102
Poland,2004,Escherichia coli,Fluoroquinolonas,8.55614973,1.0042
Portugal,2004,Escherichia coli,Fluoroquinolonas,26.70375521,
Romania,2004,Escherichia coli,Fluoroquinolonas,20.93023255,
Sweden,2004,Escherichia coli,Fluoroquinolonas,7.58166017,1.1501
Slovenia,2004,Escherichia coli,Fluoroquinolonas,12.39092495,1.3534
Slovakia,2004,Escherichia coli,Fluoroquinolonas,24.02597402,1.5457
United Kingdom,2004,Escherichia coli,Fluoroquinolonas,14.16962925,
Austria,2005,Escherichia coli,Fluoroquinolonas,19.37530502,
Belgium,2005,Escherichia coli,Fluoroquinolonas,16.83778234,2.7237
Bulgaria,2005,Escherichia coli,Fluoroquinolonas,28.57142857,2.2795
Cyprus,2005,Escherichia coli,Fluoroquinolonas,28.76712328,
Czechia,2005,Escherichia coli,Fluoroquinolonas,20.24182713,
Germany,2005,Escherichia coli,Fluoroquinolonas,23.40647857,
Denmark,2005,Escherichia coli,Fluoroquinolonas,4.74934036,0.4636
Estonia,2005,Escherichia coli,Fluoroquinolonas,5.29801324,1.0109
Greece,2005,Escherichia coli,Fluoroquinolonas,12.32394366,1.8428
Spain,2005,Escherichia coli,Fluoroquinolonas,28.16572001,
Finland,2005,Escherichia coli,Fluoroquinolonas,7.4010327,1.2408
France,2005,Escherichia coli,Fluoroquinolonas,11.01526211,2.5139
Croatia,2005,Escherichia coli,Fluoroquinolonas,8.79120879,1.7678
Hungary,2005,Escherichia coli,Fluoroquinolonas,21.92347466,2.1566
Ireland,2005,Escherichia coli,Fluoroquinolonas,16.86746987,0.9086
Iceland,2005,Escherichia coli,Fluoroquinolonas,3.41880341,0.7859
Italy,2005,Escherichia coli,Fluoroquinolonas,28.24497257,3.33
Luxembourg,2005,Escherichia coli,Fluoroquinolonas,18.61702127,2.9194
Malta,2005,Escherichia coli,Fluoroquinolonas,30.58823529,
Netherlands,2005,Escherichia coli,Fluoroquinolonas,9.93470149,
Norway,2005,Escherichia coli,Fluoroquinolonas,4.68364831,0.5559
Poland,2005,Escherichia coli,Fluoroquinolonas,19.88636363,
Portugal,2005,Escherichia coli,Fluoroquinolonas,29.28176795,
Romania,2005,Escherichia coli,Fluoroquinolonas,8.86075949,
Sweden,2005,Escherichia coli,Fluoroquinolonas,6.32202831,1.1647
Slovenia,2005,Escherichia coli,Fluoroquinolonas,12.02435312,1.4093
Slovakia,2005,Escherichia coli,Fluoroquinolonas,14.39393939,1.9378
United Kingdom,2005,Escherichia coli,Fluoroquinolonas,16.83121767,
Austria,2006,Escherichia coli,Fluoroquinolonas,22.08688591,
Belgium,2006,Escherichia coli,Fluoroquinolonas,19.36936936,0.2536
Bulgaria,2006,Escherichia coli,Fluoroquinolonas,26.17801047,1.9156
Cyprus,2006,Escherichia coli,Fluoroquinolonas,34.83146067,3.8294
Czechia,2006,Escherichia coli,Fluoroquinolonas,23.22761194,
Germany,2006,Escherichia coli,Fluoroquinolonas,29.27981109,
Denmark,2006,Escherichia coli,Fluoroquinolonas,6.62447257,0.5274
Estonia,2006,Escherichia coli,Fluoroquinolonas,6.56565656,1.044
Greece,2006,Escherichia coli,Fluoroquinolonas,14.48,2.1209
Spain,2006,Escherichia coli,Fluoroquinolonas,28.00595238,
Finland,2006,Escherichia coli,Fluoroquinolonas,8.21333333,1.2398
France,2006,Escherichia coli,Fluoroquinolonas,13.82224234,2.5142
Croatia,2006,Escherichia coli,Fluoroquinolonas,15.46391752,1.7784
Hungary,2006,Escherichia coli,Fluoroquinolonas,26.61064425,2.051
Ireland,2006,Escherichia coli,Fluoroquinolonas,20.97470697,1.1371
Iceland,2006,Escherichia coli,Fluoroquinolonas,11.57024793,
Italy,2006,Escherichia coli,Fluoroquinolonas,26.87793427,
Lithuania,2006,Escherichia coli,Fluoroquinolonas,12.28070175,0.8337
Luxembourg,2006,Escherichia coli,Fluoroquinolonas,19.76047904,2.8281
Latvia,2006,Escherichia coli,Fluoroquinolonas,10.0,1.3748
Malta,2006,Escherichia coli,Fluoroquinolonas,31.91489361,
Netherlands,2006,Escherichia coli,Fluoroquinolonas,11.20507399,
Norway,2006,Escherichia coli,Fluoroquinolonas,4.86815415,0.5324
Poland,2006,Escherichia coli,Fluoroquinolonas,20.38834951,
Portugal,2006,Escherichia coli,Fluoroquinolonas,27.6744186,
Romania,2006,Escherichia coli,Fluoroquinolonas,41.02564102,
Sweden,2006,Escherichia coli,Fluoroquinolonas,7.95314426,1.1571
Slovenia,2006,Escherichia coli,Fluoroquinolonas,15.20223152,1.3318
United Kingdom,2006,Escherichia coli,Fluoroquinolonas,19.90719257,
Austria,2007,Escherichia coli,Fluoroquinolonas,25.68154879,
Belgium,2007,Escherichia coli,Fluoroquinolonas,19.16726489,2.5115
Bulgaria,2007,Escherichia coli,Fluoroquinolonas,34.64566929,2.0517
Cyprus,2007,Escherichia coli,Fluoroquinolonas,39.44954128,3.7679
Czechia,2007,Escherichia coli,Fluoroquinolonas,24.14796342,
Germany,2007,Escherichia coli,Fluoroquinolonas,29.73251028,
Denmark,2007,Escherichia coli,Fluoroquinolonas,9.29737402,0.6263
Estonia,2007,Escherichia coli,Fluoroquinolonas,6.73076923,1.0665
Greece,2007,Escherichia coli,Fluoroquinolonas,19.15240423,2.9282
Spain,2007,Escherichia coli,Fluoroquinolonas,30.4454769,
Finland,2007,Escherichia coli,Fluoroquinolonas,7.69625448,1.2765
France,2007,Escherichia coli,Fluoroquinolonas,14.79208416,2.6019
Croatia,2007,Escherichia coli,Fluoroquinolonas,13.13953488,1.6232
Hungary,2007,Escherichia coli,Fluoroquinolonas,26.30676949,1.7282
Ireland,2007,Escherichia coli,Fluoroquinolonas,21.30959218,1.1609
Iceland,2007,Escherichia coli,Fluoroquinolonas,16.66666666,
Italy,2007,Escherichia coli,Fluoroquinolonas,31.52507676,3.7804
Lithuania,2007,Escherichia coli,Fluoroquinolonas,9.48275862,1.4567
Luxembourg,2007,Escherichia coli,Fluoroquinolonas,21.45454545,3.0669
Latvia,2007,Escherichia coli,Fluoroquinolonas,17.10526315,1.3966
Malta,2007,Escherichia coli,Fluoroquinolonas,35.04273504,1.8207
Netherlands,2007,Escherichia coli,Fluoroquinolonas,12.58715596,
Norway,2007,Escherichia coli,Fluoroquinolonas,7.08661417,0.5735
Poland,2007,Escherichia coli,Fluoroquinolonas,12.890625,
Portugal,2007,Escherichia coli,Fluoroquinolonas,29.84859408,
Romania,2007,Escherichia coli,Fluoroquinolonas,26.66666666,
Sweden,2007,Escherichia coli,Fluoroquinolonas,10.32258064,1.0667
Slovenia,2007,Escherichia coli,Fluoroquinolonas,17.15628672,1.3682
United Kingdom,2007,Escherichia coli,Fluoroquinolonas,17.89719626,
Austria,2008,Escherichia coli,Fluoroquinolonas,22.92436974,
Belgium,2008,Escherichia coli,Fluoroquinolonas,16.8429003,2.6312
Bulgaria,2008,Escherichia coli,Fluoroquinolonas,31.50684931,2.1887
Cyprus,2008,Escherichia coli,Fluoroquinolonas,45.37815126,4.2837
Czechia,2008,Escherichia coli,Fluoroquinolonas,26.02339181,
Germany,2008,Escherichia coli,Fluoroquinolonas,23.41614906,
Denmark,2008,Escherichia coli,Fluoroquinolonas,10.17229953,0.7241
Estonia,2008,Escherichia coli,Fluoroquinolonas,6.74603174,1.2006
Greece,2008,Escherichia coli,Fluoroquinolonas,22.406639,2.9723
Spain,2008,Escherichia coli,Fluoroquinolonas,32.52077562,
Finland,2008,Escherichia coli,Fluoroquinolonas,8.72451398,1.1721
France,2008,Escherichia coli,Fluoroquinolonas,15.69806279,2.3959
Croatia,2008,Escherichia coli,Fluoroquinolonas,14.98905908,1.6729
Hungary,2008,Escherichia coli,Fluoroquinolonas,26.12440191,2.0026
Ireland,2008,Escherichia coli,Fluoroquinolonas,22.62931034,1.1941
Iceland,2008,Escherichia coli,Fluoroquinolonas,6.08695652,
Italy,2008,Escherichia coli,Fluoroquinolonas,37.59647188,3.9083
Lithuania,2008,Escherichia coli,Fluoroquinolonas,13.81578947,1.5527
Luxembourg,2008,Escherichia coli,Fluoroquinolonas,22.11221122,3.0246
Latvia,2008,Escherichia coli,Fluoroquinolonas,14.44444444,1.3476
Malta,2008,Escherichia coli,Fluoroquinolonas,33.59375,1.9242
Netherlands,2008,Escherichia coli,Fluoroquinolonas,14.39427805,
Norway,2008,Escherichia coli,Fluoroquinolonas,7.39081746,0.6089
Poland,2008,Escherichia coli,Fluoroquinolonas,20.23809523,
Portugal,2008,Escherichia coli,Fluoroquinolonas,28.59860494,
Romania,2008,Escherichia coli,Fluoroquinolonas,26.92307692,
Sweden,2008,Escherichia coli,Fluoroquinolonas,10.2793296,0.9864
Slovenia,2008,Escherichia coli,Fluoroquinolonas,16.93363844,1.337
United Kingdom,2008,Escherichia coli,Fluoroquinolonas,15.10548523,
Austria,2009,Escherichia coli,Fluoroquinolonas,20.48929663,
Belgium,2009,Escherichia coli,Fluoroquinolonas,19.94680851,2.8497
Bulgaria,2009,Escherichia coli,Fluoroquinolonas,27.97927461,2.0781
Cyprus,2009,Escherichia coli,Fluoroquinolonas,43.38235294,4.1013
Czechia,2009,Escherichia coli,Fluoroquinolonas,23.16896301,
Germany,2009,Escherichia coli,Fluoroquinolonas,23.40272792,
Denmark,2009,Escherichia coli,Fluoroquinolonas,13.1826189,0.7287
Estonia,2009,Escherichia coli,Fluoroquinolonas,8.27814569,1.0205
Greece,2009,Escherichia coli,Fluoroquinolonas,23.42192691,2.8542
Spain,2009,Escherichia coli,Fluoroquinolonas,31.49606299,
Finland,2009,Escherichia coli,Fluoroquinolonas,9.17678812,1.2451
France,2009,Escherichia coli,Fluoroquinolonas,18.55620735,2.3105
Hungary,2009,Escherichia coli,Fluoroquinolonas,30.49713193,2.0449
Ireland,2009,Escherichia coli,Fluoroquinolonas,21.69576059,1.0383
Iceland,2009,Escherichia coli,Fluoroquinolonas,7.07070707,
Italy,2009,Escherichia coli,Fluoroquinolonas,36.1529548,
Lithuania,2009,Escherichia coli,Fluoroquinolonas,14.57627118,1.2214
Luxembourg,2009,Escherichia coli,Fluoroquinolonas,25.58139534,3.0735
Latvia,2009,Escherichia coli,Fluoroquinolonas,23.52941176,1.1973
Malta,2009,Escherichia coli,Fluoroquinolonas,30.37974683,1.8108
Netherlands,2009,Escherichia coli,Fluoroquinolonas,11.02229701,
Norway,2009,Escherichia coli,Fluoroquinolonas,8.68852459,0.6011
Poland,2009,Escherichia coli,Fluoroquinolonas,23.10405643,
Portugal,2009,Escherichia coli,Fluoroquinolonas,27.72427774,3.127
Romania,2009,Escherichia coli,Fluoroquinolonas,18.18181818,1.5855
Sweden,2009,Escherichia coli,Fluoroquinolonas,,0.9367
Slovenia,2009,Escherichia coli,Fluoroquinolonas,18.2530795,1.3119
United Kingdom,2009,Escherichia coli,Fluoroquinolonas,18.03874092,
Austria,2010,Escherichia coli,Fluoroquinolonas,20.88888888,
Belgium,2010,Escherichia coli,Fluoroquinolonas,21.54882154,2.9328
Bulgaria,2010,Escherichia coli,Fluoroquinolonas,33.11258278,2.0854
Cyprus,2010,Escherichia coli,Fluoroquinolonas,42.75362318,4.0714
Czechia,2010,Escherichia coli,Fluoroquinolonas,22.73276904,
Germany,2010,Escherichia coli,Fluoroquinolonas,24.75969506,
Denmark,2010,Escherichia coli,Fluoroquinolonas,13.73973468,0.7128
Estonia,2010,Escherichia coli,Fluoroquinolonas,8.36501901,0.9954
Greece,2010,Escherichia coli,Fluoroquinolonas,24.40633245,2.8497
Spain,2010,Escherichia coli,Fluoroquinolonas,32.75983146,
Finland,2010,Escherichia coli,Fluoroquinolonas,9.21568627,1.2158
France,2010,Escherichia coli,Fluoroquinolonas,17.54191184,2.2904
Croatia,2010,Escherichia coli,Fluoroquinolonas,17.00913242,1.5248
Hungary,2010,Escherichia coli,Fluoroquinolonas,36.57644476,2.2388
Ireland,2010,Escherichia coli,Fluoroquinolonas,22.86254133,1.0262
Iceland,2010,Escherichia coli,Fluoroquinolonas,10.52631578,1.0153
Italy,2010,Escherichia coli,Fluoroquinolonas,39.20361247,3.9236
Lithuania,2010,Escherichia coli,Fluoroquinolonas,13.51351351,1.0847
Luxembourg,2010,Escherichia coli,Fluoroquinolonas,26.27118644,3.1134
Latvia,2010,Escherichia coli,Fluoroquinolonas,14.43298969,1.2433
Malta,2010,Escherichia coli,Fluoroquinolonas,34.375,2.0205
Netherlands,2010,Escherichia coli,Fluoroquinolonas,13.88032078,0.9871
Norway,2010,Escherichia coli,Fluoroquinolonas,8.7340097,0.6325
Poland,2010,Escherichia coli,Fluoroquinolonas,25.75976845,
Portugal,2010,Escherichia coli,Fluoroquinolonas,27.27745965,3.0611
Romania,2010,Escherichia coli,Fluoroquinolonas,24.24242424,
Sweden,2010,Escherichia coli,Fluoroquinolonas,10.50525262,0.9335
Slovenia,2010,Escherichia coli,Fluoroquinolonas,19.32773109,1.3425
United Kingdom,2010,Escherichia coli,Fluoroquinolonas,17.30010384,
Austria,2011,Escherichia coli,Fluoroquinolonas,22.26438962,
Belgium,2011,Escherichia coli,Fluoroquinolonas,21.52719075,2.9724
Bulgaria,2011,Escherichia coli,Fluoroquinolonas,30.16759776,2.3724
Cyprus,2011,Escherichia coli,Fluoroquinolonas,47.44525547,1.9061
Czechia,2011,Escherichia coli,Fluoroquinolonas,23.48993288,
Germany,2011,Escherichia coli,Fluoroquinolonas,23.73487348,
Denmark,2011,Escherichia coli,Fluoroquinolonas,14.06642478,0.7583
Estonia,2011,Escherichia coli,Fluoroquinolonas,9.93589743,1.044
Greece,2011,Escherichia coli,Fluoroquinolonas,26.5875785,2.8427
Spain,2011,Escherichia coli,Fluoroquinolonas,34.48275862,
Finland,2011,Escherichia coli,Fluoroquinolonas,10.9602649,1.2859
France,2011,Escherichia coli,Fluoroquinolonas,17.92040487,2.0357
Croatia,2011,Escherichia coli,Fluoroquinolonas,20.27310924,1.513
Hungary,2011,Escherichia coli,Fluoroquinolonas,31.16240725,2.1679
Ireland,2011,Escherichia coli,Fluoroquinolonas,22.94472828,1.0458
Iceland,2011,Escherichia coli,Fluoroquinolonas,14.04958677,1.0534
Italy,2011,Escherichia coli,Fluoroquinolonas,40.54765666,3.8932
Lithuania,2011,Escherichia coli,Fluoroquinolonas,12.86089238,1.1902
Luxembourg,2011,Escherichia coli,Fluoroquinolonas,24.07932011,3.0932
Latvia,2011,Escherichia coli,Fluoroquinolonas,16.79389312,0.7744
Malta,2011,Escherichia coli,Fluoroquinolonas,31.96347031,2.059
Netherlands,2011,Escherichia coli,Fluoroquinolonas,14.44362564,0.9464
Norway,2011,Escherichia coli,Fluoroquinolonas,8.98203592,0.6434
Poland,2011,Escherichia coli,Fluoroquinolonas,27.3444347,
Portugal,2011,Escherichia coli,Fluoroquinolonas,27.23004694,2.7792
Romania,2011,Escherichia coli,Fluoroquinolonas,28.0,3.3878
Sweden,2011,Escherichia coli,Fluoroquinolonas,10.05685159,0.9341
Slovenia,2011,Escherichia coli,Fluoroquinolonas,20.65868263,1.313
Slovakia,2011,Escherichia coli,Fluoroquinolonas,41.81326116,2.4122
United Kingdom,2011,Escherichia coli,Fluoroquinolonas,17.54133716,
Austria,2012,Escherichia coli,Fluoroquinolonas,20.55401662,
Belgium,2012,Escherichia coli,Fluoroquinolonas,22.16216216,2.9993
Bulgaria,2012,Escherichia coli,Fluoroquinolonas,34.08071748,2.521
Cyprus,2012,Escherichia coli,Fluoroquinolonas,42.04545454,3.5125
Czechia,2012,Escherichia coli,Fluoroquinolonas,20.96831612,
Germany,2012,Escherichia coli,Fluoroquinolonas,21.10792741,
Denmark,2012,Escherichia coli,Fluoroquinolonas,14.12184552,0.7404
Estonia,2012,Escherichia coli,Fluoroquinolonas,14.14473684,1.1493
Greece,2012,Escherichia coli,Fluoroquinolonas,29.08163265,2.5753
Spain,2012,Escherichia coli,Fluoroquinolonas,33.85214007,
Finland,2012,Escherichia coli,Fluoroquinolonas,11.73308032,1.1887
France,2012,Escherichia coli,Fluoroquinolonas,17.84582893,2.1818
Croatia,2012,Escherichia coli,Fluoroquinolonas,17.04035874,1.6802
Hungary,2012,Escherichia coli,Fluoroquinolonas,28.93036611,2.1834
Ireland,2012,Escherichia coli,Fluoroquinolonas,24.28571428,0.9859
Iceland,2012,Escherichia coli,Fluoroquinolonas,9.70149253,1.0112
Italy,2012,Escherichia coli,Fluoroquinolonas,42.05479452,3.9137
Lithuania,2012,Escherichia coli,Fluoroquinolonas,14.69298245,1.3694
Luxembourg,2012,Escherichia coli,Fluoroquinolonas,23.9520958,3.0086
Latvia,2012,Escherichia coli,Fluoroquinolonas,14.47368421,1.3313
Malta,2012,Escherichia coli,Fluoroquinolonas,30.14354066,2.2161
Netherlands,2012,Escherichia coli,Fluoroquinolonas,15.63556457,0.9222
Norway,2012,Escherichia coli,Fluoroquinolonas,11.2908899,0.6366
Poland,2012,Escherichia coli,Fluoroquinolonas,29.33204259,
Portugal,2012,Escherichia coli,Fluoroquinolonas,30.30583873,2.5583
Romania,2012,Escherichia coli,Fluoroquinolonas,29.03225806,3.3623
Sweden,2012,Escherichia coli,Fluoroquinolonas,11.08903738,0.9082
Slovenia,2012,Escherichia coli,Fluoroquinolonas,21.40410958,1.2889
Slovakia,2012,Escherichia coli,Fluoroquinolonas,41.29496402,2.1974
United Kingdom,2012,Escherichia coli,Fluoroquinolonas,16.56785771,
Austria,2013,Escherichia coli,Fluoroquinolonas,21.96774947,
Belgium,2013,Escherichia coli,Fluoroquinolonas,22.95161682,2.856
Bulgaria,2013,Escherichia coli,Fluoroquinolonas,37.43315508,2.6338
Cyprus,2013,Escherichia coli,Fluoroquinolonas,51.85185185,3.983
Czechia,2013,Escherichia coli,Fluoroquinolonas,20.75855062,
Germany,2013,Escherichia coli,Fluoroquinolonas,22.07326283,
Denmark,2013,Escherichia coli,Fluoroquinolonas,12.44007065,0.7014
Estonia,2013,Escherichia coli,Fluoroquinolonas,11.83431952,1.0845
Greece,2013,Escherichia coli,Fluoroquinolonas,30.88709677,2.2333
Spain,2013,Escherichia coli,Fluoroquinolonas,34.89706378,
Finland,2013,Escherichia coli,Fluoroquinolonas,13.23935876,1.131
France,2013,Escherichia coli,Fluoroquinolonas,16.73453173,2.09
Croatia,2013,Escherichia coli,Fluoroquinolonas,20.17543859,1.6614
Hungary,2013,Escherichia coli,Fluoroquinolonas,30.30726256,2.3195
Ireland,2013,Escherichia coli,Fluoroquinolonas,24.17271993,0.9794
Iceland,2013,Escherichia coli,Fluoroquinolonas,14.65517241,1.1234
Italy,2013,Escherichia coli,Fluoroquinolonas,42.20977596,3.9751
Lithuania,2013,Escherichia coli,Fluoroquinolonas,15.93533487,1.1287
Luxembourg,2013,Escherichia coli,Fluoroquinolonas,27.79661016,2.8779
Latvia,2013,Escherichia coli,Fluoroquinolonas,18.65671641,1.3702
Malta,2013,Escherichia coli,Fluoroquinolonas,29.75206611,3.1656
Netherlands,2013,Escherichia coli,Fluoroquinolonas,14.75926203,0.8677
Norway,2013,Escherichia coli,Fluoroquinolonas,10.8907563,0.6075
Poland,2013,Escherichia coli,Fluoroquinolonas,27.34299516,
Portugal,2013,Escherichia coli,Fluoroquinolonas,31.62011173,2.3421
Romania,2013,Escherichia coli,Fluoroquinolonas,31.0,3.4686
Sweden,2013,Escherichia coli,Fluoroquinolonas,11.58238172,0.8693
Slovenia,2013,Escherichia coli,Fluoroquinolonas,19.85294117,1.3069
Slovakia,2013,Escherichia coli,Fluoroquinolonas,40.34653465,2.4492
United Kingdom,2013,Escherichia coli,Fluoroquinolonas,16.30465847,0.5815
Austria,2014,Escherichia coli,Fluoroquinolonas,19.81904351,
Belgium,2014,Escherichia coli,Fluoroquinolonas,26.70257791,2.7606
Bulgaria,2014,Escherichia coli,Fluoroquinolonas,38.60465116,3.0106
Cyprus,2014,Escherichia coli,Fluoroquinolonas,46.40522875,3.2179
Czechia,2014,Escherichia coli,Fluoroquinolonas,21.60618279,
Germany,2014,Escherichia coli,Fluoroquinolonas,20.59062145,
Denmark,2014,Escherichia coli,Fluoroquinolonas,12.25217197,0.6771
Estonia,2014,Escherichia coli,Fluoroquinolonas,12.28501228,1.0863
Greece,2014,Escherichia coli,Fluoroquinolonas,32.76018099,2.7745
Spain,2014,Escherichia coli,Fluoroquinolonas,34.0323135,
Finland,2014,Escherichia coli,Fluoroquinolonas,11.03586656,1.1087
France,2014,Escherichia coli,Fluoroquinolonas,17.64820025,1.9899
Croatia,2014,Escherichia coli,Fluoroquinolonas,20.05597014,1.696
Hungary,2014,Escherichia coli,Fluoroquinolonas,28.43866171,2.6365
Ireland,2014,Escherichia coli,Fluoroquinolonas,24.52830188,0.9393
Iceland,2014,Escherichia coli,Fluoroquinolonas,7.80141843,
Italy,2014,Escherichia coli,Fluoroquinolonas,43.92651494,3.8055
Lithuania,2014,Escherichia coli,Fluoroquinolonas,12.83783783,1.074
Luxembourg,2014,Escherichia coli,Fluoroquinolonas,24.72826086,2.7778
Latvia,2014,Escherichia coli,Fluoroquinolonas,17.67955801,1.3502
Malta,2014,Escherichia coli,Fluoroquinolonas,28.73134328,3.4206
Netherlands,2014,Escherichia coli,Fluoroquinolonas,13.96295256,0.8924
Norway,2014,Escherichia coli,Fluoroquinolonas,11.0102489,0.5698
Poland,2014,Escherichia coli,Fluoroquinolonas,29.23368022,1.3515
Portugal,2014,Escherichia coli,Fluoroquinolonas,32.36522777,2.2653
Romania,2014,Escherichia coli,Fluoroquinolonas,31.2703583,3.7196
Sweden,2014,Escherichia coli,Fluoroquinolonas,11.2991054,0.8484
Slovenia,2014,Escherichia coli,Fluoroquinolonas,23.27302631,1.3213
Slovakia,2014,Escherichia coli,Fluoroquinolonas,42.95377677,0.9214
United Kingdom,2014,Escherichia coli,Fluoroquinolonas,16.81837884,0.5865
Austria,2015,Escherichia coli,Fluoroquinolonas,20.02911813,
Belgium,2015,Escherichia coli,Fluoroquinolonas,26.58869395,2.7807
Bulgaria,2015,Escherichia coli,Fluoroquinolonas,35.29411764,3.0408
Cyprus,2015,Escherichia coli,Fluoroquinolonas,45.52845528,4.5551
Czechia,2015,Escherichia coli,Fluoroquinolonas,22.59083728,
Germany,2015,Escherichia coli,Fluoroquinolonas,19.38130613,
Denmark,2015,Escherichia coli,Fluoroquinolonas,11.90371991,0.6618
Estonia,2015,Escherichia coli,Fluoroquinolonas,15.234375,1.0775
Greece,2015,Escherichia coli,Fluoroquinolonas,30.56255247,2.8974
Spain,2015,Escherichia coli,Fluoroquinolonas,31.55459592,
Finland,2015,Escherichia coli,Fluoroquinolonas,11.17166212,0.9874
France,2015,Escherichia coli,Fluoroquinolonas,17.74868157,1.8257
Croatia,2015,Escherichia coli,Fluoroquinolonas,23.9884393,1.7049
Hungary,2015,Escherichia coli,Fluoroquinolonas,28.99554675,2.9199
Ireland,2015,Escherichia coli,Fluoroquinolonas,23.07107563,1.032
Iceland,2015,Escherichia coli,Fluoroquinolonas,6.79012345,
Italy,2015,Escherichia coli,Fluoroquinolonas,44.38282647,3.8038
Lithuania,2015,Escherichia coli,Fluoroquinolonas,20.58319039,1.1822
Luxembourg,2015,Escherichia coli,Fluoroquinolonas,24.20749279,2.6771
Latvia,2015,Escherichia coli,Fluoroquinolonas,27.83505154,1.3199
Malta,2015,Escherichia coli,Fluoroquinolonas,37.39495798,3.112
Netherlands,2015,Escherichia coli,Fluoroquinolonas,13.16087079,0.8704
Norway,2015,Escherichia coli,Fluoroquinolonas,10.21831412,0.5133
Poland,2015,Escherichia coli,Fluoroquinolonas,27.88033099,1.5419
Portugal,2015,Escherichia coli,Fluoroquinolonas,29.65928132,2.1833
Romania,2015,Escherichia coli,Fluoroquinolonas,30.7277628,3.5031
Sweden,2015,Escherichia coli,Fluoroquinolonas,12.61538461,0.8431
Slovenia,2015,Escherichia coli,Fluoroquinolonas,24.60377358,1.3765
Slovakia,2015,Escherichia coli,Fluoroquinolonas,44.18344519,2.7089
United Kingdom,2015,Escherichia coli,Fluoroquinolonas,15.64005505,0.5684
Austria,2016,Escherichia coli,Fluoroquinolonas,19.83705949,
Belgium,2016,Escherichia coli,Fluoroquinolonas,24.54592631,2.6038
Bulgaria,2016,Escherichia coli,Fluoroquinolonas,42.19409282,3.017
Cyprus,2016,Escherichia coli,Fluoroquinolonas,46.97986577,7.0182
Czechia,2016,Escherichia coli,Fluoroquinolonas,27.63802678,
Germany,2016,Escherichia coli,Fluoroquinolonas,19.44638287,
Denmark,2016,Escherichia coli,Fluoroquinolonas,11.0420551,0.6259
Estonia,2016,Escherichia coli,Fluoroquinolonas,13.87696709,0.9893
Greece,2016,Escherichia coli,Fluoroquinolonas,32.13190184,2.8204
Spain,2016,Escherichia coli,Fluoroquinolonas,32.82330439,3.241
Finland,2016,Escherichia coli,Fluoroquinolonas,11.46006655,0.9938
France,2016,Escherichia coli,Fluoroquinolonas,16.65629721,1.7301
Croatia,2016,Escherichia coli,Fluoroquinolonas,27.85782901,1.7002
Hungary,2016,Escherichia coli,Fluoroquinolonas,26.78751258,2.584
Ireland,2016,Escherichia coli,Fluoroquinolonas,22.90969899,0.9753
Iceland,2016,Escherichia coli,Fluoroquinolonas,9.55056179,
Italy,2016,Escherichia coli,Fluoroquinolonas,43.2605042,3.6267
Lithuania,2016,Escherichia coli,Fluoroquinolonas,19.74683544,1.1542
Luxembourg,2016,Escherichia coli,Fluoroquinolonas,28.94736842,2.6178
Latvia,2016,Escherichia coli,Fluoroquinolonas,27.75510204,1.3076
Malta,2016,Escherichia coli,Fluoroquinolonas,41.46341463,2.6724
Netherlands,2016,Escherichia coli,Fluoroquinolonas,12.8983308,0.8405
Norway,2016,Escherichia coli,Fluoroquinolonas,10.93879811,0.463
Poland,2016,Escherichia coli,Fluoroquinolonas,33.06788016,1.6201
Portugal,2016,Escherichia coli,Fluoroquinolonas,28.94691336,2.0427
Romania,2016,Escherichia coli,Fluoroquinolonas,30.62200956,2.8942
Sweden,2016,Escherichia coli,Fluoroquinolonas,13.6605729,0.8196
Slovenia,2016,Escherichia coli,Fluoroquinolonas,25.56338028,1.3493
Slovakia,2016,Escherichia coli,Fluoroquinolonas,40.43583535,2.5506
United Kingdom,2016,Escherichia coli,Fluoroquinolonas,16.33090066,0.553
Austria,2017,Escherichia coli,Fluoroquinolonas,20.45835662,
Belgium,2017,Escherichia coli,Fluoroquinolonas,23.80191693,2.3611
Bulgaria,2017,Escherichia coli,Fluoroquinolonas,42.10526315,3.1091
Cyprus,2017,Escherichia coli,Fluoroquinolonas,42.94871794,6.2056
Czechia,2017,Escherichia coli,Fluoroquinolonas,24.47639887,
Germany,2017,Escherichia coli,Fluoroquinolonas,20.74978204,
Denmark,2017,Escherichia coli,Fluoroquinolonas,12.78547725,0.5834
Estonia,2017,Escherichia coli,Fluoroquinolonas,17.41357234,0.987
Greece,2017,Escherichia coli,Fluoroquinolonas,32.92349726,2.8021
Spain,2017,Escherichia coli,Fluoroquinolonas,32.50302715,3.1188
Finland,2017,Escherichia coli,Fluoroquinolonas,12.00754005,0.8874
France,2017,Escherichia coli,Fluoroquinolonas,15.0210084,1.5592
Croatia,2017,Escherichia coli,Fluoroquinolonas,28.17391304,1.7304
Hungary,2017,Escherichia coli,Fluoroquinolonas,30.61921014,2.6083
Ireland,2017,Escherichia coli,Fluoroquinolonas,23.59730682,0.9043
Iceland,2017,Escherichia coli,Fluoroquinolonas,11.55778894,0.9123
Italy,2017,Escherichia coli,Fluoroquinolonas,44.93880489,3.0724
Lithuania,2017,Escherichia coli,Fluoroquinolonas,25.20612485,1.1074
Luxembourg,2017,Escherichia coli,Fluoroquinolonas,22.86374133,2.9601
Latvia,2017,Escherichia coli,Fluoroquinolonas,30.3482587,1.2714
Malta,2017,Escherichia coli,Fluoroquinolonas,43.31210191,2.4808
Netherlands,2017,Escherichia coli,Fluoroquinolonas,14.41885234,0.8198
Norway,2017,Escherichia coli,Fluoroquinolonas,13.5620477,0.3995
Poland,2017,Escherichia coli,Fluoroquinolonas,35.86244541,1.6613
Portugal,2017,Escherichia coli,Fluoroquinolonas,27.27272727,1.8579
Romania,2017,Escherichia coli,Fluoroquinolonas,26.44787644,3.249
Sweden,2017,Escherichia coli,Fluoroquinolonas,15.79312738,0.7758
Slovenia,2017,Escherichia coli,Fluoroquinolonas,24.87346348,1.3093
Slovakia,2017,Escherichia coli,Fluoroquinolonas,43.19727891,2.3991
United Kingdom,2017,Escherichia coli,Fluoroquinolonas,17.46894152,0.5698
Austria,2018,Escherichia coli,Fluoroquinolonas,21.8524388,
Belgium,2018,Escherichia coli,Fluoroquinolonas,21.80004749,1.3325
Bulgaria,2018,Escherichia coli,Fluoroquinolonas,41.78082191,3.1226
Cyprus,2018,Escherichia coli,Fluoroquinolonas,42.38410596,5.2969
Czechia,2018,Escherichia coli,Fluoroquinolonas,24.27157778,
Germany,2018,Escherichia coli,Fluoroquinolonas,19.828764,
Denmark,2018,Escherichia coli,Fluoroquinolonas,13.25659116,0.5463
Estonia,2018,Escherichia coli,Fluoroquinolonas,17.61158021,0.8607
Greece,2018,Escherichia coli,Fluoroquinolonas,30.77866339,3.1559
Spain,2018,Escherichia coli,Fluoroquinolonas,32.11659663,2.9655
Finland,2018,Escherichia coli,Fluoroquinolonas,11.48126115,0.8208
France,2018,Escherichia coli,Fluoroquinolonas,16.32243028,1.5275
Croatia,2018,Escherichia coli,Fluoroquinolonas,30.02502085,1.7228
Hungary,2018,Escherichia coli,Fluoroquinolonas,33.24873096,2.499
Ireland,2018,Escherichia coli,Fluoroquinolonas,23.90364422,0.8632
Iceland,2018,Escherichia coli,Fluoroquinolonas,17.1875,0.9062
Italy,2018,Escherichia coli,Fluoroquinolonas,41.6630306,3.0127
Lithuania,2018,Escherichia coli,Fluoroquinolonas,19.6557971,1.0648
Luxembourg,2018,Escherichia coli,Fluoroquinolonas,21.77033492,2.2104
Latvia,2018,Escherichia coli,Fluoroquinolonas,24.12790697,1.2268
Malta,2018,Escherichia coli,Fluoroquinolonas,41.86746987,2.5983
Netherlands,2018,Escherichia coli,Fluoroquinolonas,14.70872613,0.8129
Norway,2018,Escherichia coli,Fluoroquinolonas,12.87077637,0.3602
Poland,2018,Escherichia coli,Fluoroquinolonas,34.67082197,1.6592
Portugal,2018,Escherichia coli,Fluoroquinolonas,25.46012269,1.8198
Romania,2018,Escherichia coli,Fluoroquinolonas,29.10216718,3.2967
Sweden,2018,Escherichia coli,Fluoroquinolonas,18.05503904,0.748
Slovenia,2018,Escherichia coli,Fluoroquinolonas,22.78177458,1.3014
Slovakia,2018,Escherichia coli,Fluoroquinolonas,42.10526315,2.3434
United Kingdom,2018,Escherichia coli,Fluoroquinolonas,17.71218889,0.5701
Austria,2019,Escherichia coli,Fluoroquinolonas,18.21305841,0.898
Belgium,2019,Escherichia coli,Fluoroquinolonas,19.05732484,0.7304
Bulgaria,2019,Escherichia coli,Fluoroquinolonas,38.63636363,3.0808
Cyprus,2019,Escherichia coli,Fluoroquinolonas,43.47826086,5.8189
Czechia,2019,Escherichia coli,Fluoroquinolonas,23.04445694,0.6852
Germany,2019,Escherichia coli,Fluoroquinolonas,17.53230084,
Denmark,2019,Escherichia coli,Fluoroquinolonas,11.47190008,0.4924
Estonia,2019,Escherichia coli,Fluoroquinolonas,17.05685618,0.774
Greece,2019,Escherichia coli,Fluoroquinolonas,29.55665024,3.2378
Spain,2019,Escherichia coli,Fluoroquinolonas,29.52880859,2.5264
Finland,2019,Escherichia coli,Fluoroquinolonas,11.44177449,0.6194
France,2019,Escherichia coli,Fluoroquinolonas,15.97051597,1.3773
Croatia,2019,Escherichia coli,Fluoroquinolonas,27.25631768,1.601
Hungary,2019,Escherichia coli,Fluoroquinolonas,30.31693077,2.07
Ireland,2019,Escherichia coli,Fluoroquinolonas,20.35370772,0.626
Iceland,2019,Escherichia coli,Fluoroquinolonas,13.09523809,0.6157
Italy,2019,Escherichia coli,Fluoroquinolonas,40.6309388,2.2442
Lithuania,2019,Escherichia coli,Fluoroquinolonas,17.98051372,1.0171
Luxembourg,2019,Escherichia coli,Fluoroquinolonas,20.52845528,1.7156
Latvia,2019,Escherichia coli,Fluoroquinolonas,24.88687782,1.0699
Malta,2019,Escherichia coli,Fluoroquinolonas,40.06024096,2.1213
Netherlands,2019,Escherichia coli,Fluoroquinolonas,14.56563442,0.7414
Norway,2019,Escherichia coli,Fluoroquinolonas,11.25860373,0.3145
Poland,2019,Escherichia coli,Fluoroquinolonas,33.01852524,1.5166
Portugal,2019,Escherichia coli,Fluoroquinolonas,26.46555745,1.6374
Romania,2019,Escherichia coli,Fluoroquinolonas,28.28746177,3.3207
Sweden,2019,Escherichia coli,Fluoroquinolonas,15.85210369,0.6937
Slovenia,2019,Escherichia coli,Fluoroquinolonas,19.00621118,1.167
Slovakia,2019,Escherichia coli,Fluoroquinolonas,34.0,1.6627
United Kingdom,2019,Escherichia coli,Fluoroquinolonas,17.8332155,0.5146
Austria,2020,Escherichia coli,Fluoroquinolonas,17.3459892,0.6995
Belgium,2020,Escherichia coli,Fluoroquinolonas,18.0787037,0.5942
Bulgaria,2020,Escherichia coli,Fluoroquinolonas,42.91187739,3.8858
Cyprus,2020,Escherichia coli,Fluoroquinolonas,48.24561403,7.3408
Czechia,2020,Escherichia coli,Fluoroquinolonas,20.18685352,0.5959
Germany,2020,Escherichia coli,Fluoroquinolonas,16.53659565,
Denmark,2020,Escherichia coli,Fluoroquinolonas,11.2265758,0.4377
Estonia,2020,Escherichia coli,Fluoroquinolonas,14.07716371,0.8824
Greece,2020,Escherichia coli,Fluoroquinolonas,32.74336283,2.799
Spain,2020,Escherichia coli,Fluoroquinolonas,28.60623156,1.9731
Finland,2020,Escherichia coli,Fluoroquinolonas,10.53418005,0.5482
France,2020,Escherichia coli,Fluoroquinolonas,15.92439011,1.2457
Croatia,2020,Escherichia coli,Fluoroquinolonas,29.66101694,1.4162
Hungary,2020,Escherichia coli,Fluoroquinolonas,30.33707865,1.5469
Ireland,2020,Escherichia coli,Fluoroquinolonas,18.88185654,0.4774
Iceland,2020,Escherichia coli,Fluoroquinolonas,11.83673469,0.5315
Italy,2020,Escherichia coli,Fluoroquinolonas,37.59023354,1.8731
Lithuania,2020,Escherichia coli,Fluoroquinolonas,18.75,0.9249
Luxembourg,2020,Escherichia coli,Fluoroquinolonas,21.72897196,1.3865
Latvia,2020,Escherichia coli,Fluoroquinolonas,27.51322751,0.9259
Malta,2020,Escherichia coli,Fluoroquinolonas,35.37906137,1.6373
Netherlands,2020,Escherichia coli,Fluoroquinolonas,13.33778371,0.7049
Norway,2020,Escherichia coli,Fluoroquinolonas,9.95983935,0.2711
Poland,2020,Escherichia coli,Fluoroquinolonas,32.99208934,1.2956
Portugal,2020,Escherichia coli,Fluoroquinolonas,23.93498716,1.2955
Romania,2020,Escherichia coli,Fluoroquinolonas,26.0,3.1247
Sweden,2020,Escherichia coli,Fluoroquinolonas,14.08450704,0.624
Slovenia,2020,Escherichia coli,Fluoroquinolonas,18.11997526,0.9712
Slovakia,2020,Escherichia coli,Fluoroquinolonas,34.1563786,1.3167
Austria,2021,Escherichia coli,Fluoroquinolonas,15.07492327,0.6327
Belgium,2021,Escherichia coli,Fluoroquinolonas,18.53420885,0.5804
Bulgaria,2021,Escherichia coli,Fluoroquinolonas,33.46007604,4.5122
Cyprus,2021,Escherichia coli,Fluoroquinolonas,51.5625,4.6942
Czechia,2021,Escherichia coli,Fluoroquinolonas,19.70006816,0.597
Germany,2021,Escherichia coli,Fluoroquinolonas,14.66013725,
Denmark,2021,Escherichia coli,Fluoroquinolonas,10.47207446,0.4167
Estonia,2021,Escherichia coli,Fluoroquinolonas,13.44902386,0.7032
Greece,2021,Escherichia coli,Fluoroquinolonas,33.92857142,2.3648
Spain,2021,Escherichia coli,Fluoroquinolonas,26.61471404,1.8936
Finland,2021,Escherichia coli,Fluoroquinolonas,9.56566701,0.4873
France,2021,Escherichia coli,Fluoroquinolonas,14.75658679,1.1639
Croatia,2021,Escherichia coli,Fluoroquinolonas,28.98751733,1.6774
Hungary,2021,Escherichia coli,Fluoroquinolonas,28.04878048,1.5364
Ireland,2021,Escherichia coli,Fluoroquinolonas,15.97653554,0.4263
Iceland,2021,Escherichia coli,Fluoroquinolonas,14.44043321,0.496
Italy,2021,Escherichia coli,Fluoroquinolonas,33.3610572,1.7703
Lithuania,2021,Escherichia coli,Fluoroquinolonas,17.64705882,0.779
Luxembourg,2021,Escherichia coli,Fluoroquinolonas,20.9039548,1.3782
Latvia,2021,Escherichia coli,Fluoroquinolonas,20.6632653,0.8139
Malta,2021,Escherichia coli,Fluoroquinolonas,30.76923076,1.4692
Netherlands,2021,Escherichia coli,Fluoroquinolonas,13.32319391,0.6993
Norway,2021,Escherichia coli,Fluoroquinolonas,9.87718839,0.2467
Poland,2021,Escherichia coli,Fluoroquinolonas,33.11287477,1.4558
Portugal,2021,Escherichia coli,Fluoroquinolonas,22.49911,1.2575
Romania,2021,Escherichia coli,Fluoroquinolonas,24.69879518,3.3309
Sweden,2021,Escherichia coli,Fluoroquinolonas,13.66130558,0.6191
Slovenia,2021,Escherichia coli,Fluoroquinolonas,16.65675193,0.9776
Slovakia,2021,Escherichia coli,Fluoroquinolonas,29.75830815,1.3587
Austria,2022,Escherichia coli,Fluoroquinolonas,13.93065998,0.6906
Belgium,2022,Escherichia coli,Fluoroquinolonas,17.54850088,0.6132
Bulgaria,2022,Escherichia coli,Fluoroquinolonas,40.58577405,3.7299
Cyprus,2022,Escherichia coli,Fluoroquinolonas,46.36363636,4.5648
Czechia,2022,Escherichia coli,Fluoroquinolonas,18.2379349,0.6276
Germany,2022,Escherichia coli,Fluoroquinolonas,15.18159592,
Denmark,2022,Escherichia coli,Fluoroquinolonas,10.70943652,0.4412
Estonia,2022,Escherichia coli,Fluoroquinolonas,16.31205673,0.7186
Greece,2022,Escherichia coli,Fluoroquinolonas,37.77239709,3.3374
Spain,2022,Escherichia coli,Fluoroquinolonas,28.60965428,2.1623
Finland,2022,Escherichia coli,Fluoroquinolonas,9.90813648,0.5235
France,2022,Escherichia coli,Fluoroquinolonas,14.70571444,1.3104
Croatia,2022,Escherichia coli,Fluoroquinolonas,30.25641025,1.744
Hungary,2022,Escherichia coli,Fluoroquinolonas,29.27696562,1.7732
Ireland,2022,Escherichia coli,Fluoroquinolonas,15.6,0.4478
Iceland,2022,Escherichia coli,Fluoroquinolonas,10.21276595,0.5046
Italy,2022,Escherichia coli,Fluoroquinolonas,31.62717219,1.9736
Liechtenstein,2022,Escherichia coli,Fluoroquinolonas,,
Lithuania,2022,Escherichia coli,Fluoroquinolonas,19.02552204,0.8576
Luxembourg,2022,Escherichia coli,Fluoroquinolonas,16.84434968,1.4768
Latvia,2022,Escherichia coli,Fluoroquinolonas,21.82952182,0.938
Malta,2022,Escherichia coli,Fluoroquinolonas,26.38036809,1.9034
Netherlands,2022,Escherichia coli,Fluoroquinolonas,13.14293636,0.732
Norway,2022,Escherichia coli,Fluoroquinolonas,10.52066559,0.2441
Poland,2022,Escherichia coli,Fluoroquinolonas,30.81103678,1.5
Portugal,2022,Escherichia coli,Fluoroquinolonas,21.44665461,1.3809
Romania,2022,Escherichia coli,Fluoroquinolonas,23.76811594,3.4759
Sweden,2022,Escherichia coli,Fluoroquinolonas,13.82098354,
Slovenia,2022,Escherichia coli,Fluoroquinolonas,16.56626506,1.0127
Slovakia,2022,Escherichia coli,Fluoroquinolonas,32.35294117,1.4324
Austria,2023,Escherichia coli,Fluoroquinolonas,15.03050471,0.7952
Belgium,2023,Escherichia coli,Fluoroquinolonas,18.23683679,0.6062
Bulgaria,2023,Escherichia coli,Fluoroquinolonas,39.86928104,3.2753
Cyprus,2023,Escherichia coli,Fluoroquinolonas,42.90030211,0.0
Czechia,2023,Escherichia coli,Fluoroquinolonas,17.17665209,0.5101
Germany,2023,Escherichia coli,Fluoroquinolonas,16.67172623,0.582
Denmark,2023,Escherichia coli,Fluoroquinolonas,10.46671242,0.4249
Estonia,2023,Escherichia coli,Fluoroquinolonas,13.28273244,0.7017
Greece,2023,Escherichia coli,Fluoroquinolonas,37.77538957,3.433
Spain,2023,Escherichia coli,Fluoroquinolonas,27.55537069,2.2223
Finland,2023,Escherichia coli,Fluoroquinolonas,10.30274583,0.5269
Croatia,2023,Escherichia coli,Fluoroquinolonas,29.66101694,1.7605
Hungary,2023,Escherichia coli,Fluoroquinolonas,25.98828696,1.6423
Ireland,2023,Escherichia coli,Fluoroquinolonas,15.96995427,0.4305
Iceland,2023,Escherichia coli,Fluoroquinolonas,12.79069767,0.4703
Italy,2023,Escherichia coli,Fluoroquinolonas,34.14425034,1.9316
Liechtenstein,2023,Escherichia coli,Fluoroquinolonas,,
Lithuania,2023,Escherichia coli,Fluoroquinolonas,20.54982817,0.9443
Luxembourg,2023,Escherichia coli,Fluoroquinolonas,15.61822125,1.4612
Latvia,2023,Escherichia coli,Fluoroquinolonas,28.50877192,0.8916
Malta,2023,Escherichia coli,Fluoroquinolonas,27.88461538,1.7239
Netherlands,2023,Escherichia coli,Fluoroquinolonas,12.94642857,0.7518
Norway,2023,Escherichia coli,Fluoroquinolonas,10.12339461,0.2355
Poland,2023,Escherichia coli,Fluoroquinolonas,32.20394736,1.4264
Portugal,2023,Escherichia coli,Fluoroquinolonas,24.33192686,1.4022
Romania,2023,Escherichia coli,Fluoroquinolonas,25.40816326,3.4379
Sweden,2023,Escherichia coli,Fluoroquinolonas,14.74611204,
Slovenia,2023,Escherichia coli,Fluoroquinolonas,15.92434411,1.1001
Slovakia,2023,Escherichia coli,Fluoroquinolonas,31.16883116,1.4472
Austria,2024,Escherichia coli,Fluoroquinolonas,15.50452564,0.682
Belgium,2024,Escherichia coli,Fluoroquinolonas,20.38396386,0.5752
Bulgaria,2024,Escherichia coli,Fluoroquinolonas,28.27380952,2.7345
Cyprus,2024,Escherichia coli,Fluoroquinolonas,49.25,4.8307
Czechia,2024,Escherichia coli,Fluoroquinolonas,19.18931583,0.5271
Germany,2024,Escherichia coli,Fluoroquinolonas,16.95305504,0.5277
Denmark,2024,Escherichia coli,Fluoroquinolonas,10.71668909,
Estonia,2024,Escherichia coli,Fluoroquinolonas,14.61397058,0.6399
Greece,2024,Escherichia coli,Fluoroquinolonas,36.34085213,3.5137
Spain,2024,Escherichia coli,Fluoroquinolonas,29.9793246,2.1524
Finland,2024,Escherichia coli,Fluoroquinolonas,9.85233599,0.4905
France,2024,Escherichia coli,Fluoroquinolonas,13.80411306,1.1277
Croatia,2024,Escherichia coli,Fluoroquinolonas,29.13085004,1.7
Hungary,2024,Escherichia coli,Fluoroquinolonas,25.10652245,1.3584
Ireland,2024,Escherichia coli,Fluoroquinolonas,15.04178272,0.3945
Iceland,2024,Escherichia coli,Fluoroquinolonas,13.79310344,0.4436
Italy,2024,Escherichia coli,Fluoroquinolonas,34.49146583,1.7812
Liechtenstein,2024,Escherichia coli,Fluoroquinolonas,,
Lithuania,2024,Escherichia coli,Fluoroquinolonas,20.0464846,0.8766
Luxembourg,2024,Escherichia coli,Fluoroquinolonas,18.70229007,1.4648
Latvia,2024,Escherichia coli,Fluoroquinolonas,30.37974683,0.8309
Malta,2024,Escherichia coli,Fluoroquinolonas,43.00202839,1.7481
Netherlands,2024,Escherichia coli,Fluoroquinolonas,13.68327599,0.74
Norway,2024,Escherichia coli,Fluoroquinolonas,9.99495204,0.2202
Poland,2024,Escherichia coli,Fluoroquinolonas,28.6939679,1.3681
Portugal,2024,Escherichia coli,Fluoroquinolonas,23.71644872,1.4223
Romania,2024,Escherichia coli,Fluoroquinolonas,25.18740629,2.841
Sweden,2024,Escherichia coli,Fluoroquinolonas,15.56811649,
Slovenia,2024,Escherichia coli,Fluoroquinolonas,15.91574019,1.0563
Slovakia,2024,Escherichia coli,Fluoroquinolonas,30.06451612,1.3743
Austria,2005,Klebsiella pneumoniae,Aminoglucósidos,3.37078651,
Bulgaria,2005,Klebsiella pneumoniae,Aminoglucósidos,52.94117647,0.3462
Cyprus,2005,Klebsiella pneumoniae,Aminoglucósidos,,
Czechia,2005,Klebsiella pneumoniae,Aminoglucósidos,36.26834381,
Germany,2005,Klebsiella pneumoniae,Aminoglucósidos,9.61538461,
Estonia,2005,Klebsiella pneumoniae,Aminoglucósidos,7.89473684,0.2046
Greece,2005,Klebsiella pneumoniae,Aminoglucósidos,58.73221216,0.2761
Spain,2005,Klebsiella pneumoniae,Aminoglucósidos,3.57142857,
Finland,2005,Klebsiella pneumoniae,Aminoglucósidos,2.66666666,0.0295
France,2005,Klebsiella pneumoniae,Aminoglucósidos,5.13126491,0.1295
Croatia,2005,Klebsiella pneumoniae,Aminoglucósidos,35.71428571,0.1214
Hungary,2005,Klebsiella pneumoniae,Aminoglucósidos,25.72347266,0.0549
Ireland,2005,Klebsiella pneumoniae,Aminoglucósidos,2.43902439,0.0365
Iceland,2005,Klebsiella pneumoniae,Aminoglucósidos,0.0,0.0481
Italy,2005,Klebsiella pneumoniae,Aminoglucósidos,7.88643533,0.0578
Malta,2005,Klebsiella pneumoniae,Aminoglucósidos,,
Netherlands,2005,Klebsiella pneumoniae,Aminoglucósidos,5.0,
Norway,2005,Klebsiella pneumoniae,Aminoglucósidos,3.10880829,0.0659
Poland,2005,Klebsiella pneumoniae,Aminoglucósidos,56.60377358,
Portugal,2005,Klebsiella pneumoniae,Aminoglucósidos,,
Romania,2005,Klebsiella pneumoniae,Aminoglucósidos,,
Sweden,2005,Klebsiella pneumoniae,Aminoglucósidos,1.42857142,0.0203
Slovenia,2005,Klebsiella pneumoniae,Aminoglucósidos,16.66666666,0.0813
United Kingdom,2005,Klebsiella pneumoniae,Aminoglucósidos,6.36132315,
Austria,2006,Klebsiella pneumoniae,Aminoglucósidos,4.84988452,
Bulgaria,2006,Klebsiella pneumoniae,Aminoglucósidos,60.0,0.4126
Cyprus,2006,Klebsiella pneumoniae,Aminoglucósidos,11.53846153,0.0958
Czechia,2006,Klebsiella pneumoniae,Aminoglucósidos,37.43362831,
Germany,2006,Klebsiella pneumoniae,Aminoglucósidos,12.16216216,
Denmark,2006,Klebsiella pneumoniae,Aminoglucósidos,1.98019801,0.0567
Estonia,2006,Klebsiella pneumoniae,Aminoglucósidos,8.69565217,0.0843
Greece,2006,Klebsiella pneumoniae,Aminoglucósidos,51.24851367,3.3283
Spain,2006,Klebsiella pneumoniae,Aminoglucósidos,6.56028368,
Finland,2006,Klebsiella pneumoniae,Aminoglucósidos,1.35135135,0.0241
France,2006,Klebsiella pneumoniae,Aminoglucósidos,6.75675675,0.1284
Croatia,2006,Klebsiella pneumoniae,Aminoglucósidos,32.51231527,0.1196
Hungary,2006,Klebsiella pneumoniae,Aminoglucósidos,19.66666666,0.0538
Ireland,2006,Klebsiella pneumoniae,Aminoglucósidos,8.05687203,0.0778
Iceland,2006,Klebsiella pneumoniae,Aminoglucósidos,,
Italy,2006,Klebsiella pneumoniae,Aminoglucósidos,26.14379084,
Lithuania,2006,Klebsiella pneumoniae,Aminoglucósidos,25.71428571,1.5501
Luxembourg,2006,Klebsiella pneumoniae,Aminoglucósidos,0.0,0.0897
Latvia,2006,Klebsiella pneumoniae,Aminoglucósidos,25.0,0.4189
Malta,2006,Klebsiella pneumoniae,Aminoglucósidos,6.25,
Netherlands,2006,Klebsiella pneumoniae,Aminoglucósidos,3.58744394,
Norway,2006,Klebsiella pneumoniae,Aminoglucósidos,0.38022813,0.0696
Poland,2006,Klebsiella pneumoniae,Aminoglucósidos,35.71428571,
Portugal,2006,Klebsiella pneumoniae,Aminoglucósidos,13.37579617,
Romania,2006,Klebsiella pneumoniae,Aminoglucósidos,92.85714285,
Sweden,2006,Klebsiella pneumoniae,Aminoglucósidos,0.16129032,0.022
Slovenia,2006,Klebsiella pneumoniae,Aminoglucósidos,17.93103448,0.0821
United Kingdom,2006,Klebsiella pneumoniae,Aminoglucósidos,8.2010582,
Austria,2007,Klebsiella pneumoniae,Aminoglucósidos,5.39325842,
Bulgaria,2007,Klebsiella pneumoniae,Aminoglucósidos,58.62068965,0.4091
Cyprus,2007,Klebsiella pneumoniae,Aminoglucósidos,12.82051282,0.4147
Czechia,2007,Klebsiella pneumoniae,Aminoglucósidos,41.62601626,
Germany,2007,Klebsiella pneumoniae,Aminoglucósidos,5.78034682,
Denmark,2007,Klebsiella pneumoniae,Aminoglucósidos,6.01023017,0.0551
Estonia,2007,Klebsiella pneumoniae,Aminoglucósidos,1.61290322,0.1298
Greece,2007,Klebsiella pneumoniae,Aminoglucósidos,51.8022657,2.5112
Spain,2007,Klebsiella pneumoniae,Aminoglucósidos,9.06148867,
Finland,2007,Klebsiella pneumoniae,Aminoglucósidos,0.76045627,0.0213
France,2007,Klebsiella pneumoniae,Aminoglucósidos,10.71729957,0.1287
Croatia,2007,Klebsiella pneumoniae,Aminoglucósidos,38.57142857,0.1083
Hungary,2007,Klebsiella pneumoniae,Aminoglucósidos,28.84012539,0.0443
Ireland,2007,Klebsiella pneumoniae,Aminoglucósidos,9.74576271,0.0983
Iceland,2007,Klebsiella pneumoniae,Aminoglucósidos,0.0,
Italy,2007,Klebsiella pneumoniae,Aminoglucósidos,24.93224932,0.0807
Lithuania,2007,Klebsiella pneumoniae,Aminoglucósidos,36.58536585,0.3594
Luxembourg,2007,Klebsiella pneumoniae,Aminoglucósidos,3.92156862,0.0905
Latvia,2007,Klebsiella pneumoniae,Aminoglucósidos,22.22222222,0.4495
Malta,2007,Klebsiella pneumoniae,Aminoglucósidos,0.0,0.0548
Netherlands,2007,Klebsiella pneumoniae,Aminoglucósidos,5.33880903,
Norway,2007,Klebsiella pneumoniae,Aminoglucósidos,0.625,0.0673
Poland,2007,Klebsiella pneumoniae,Aminoglucósidos,31.25,
Portugal,2007,Klebsiella pneumoniae,Aminoglucósidos,11.35135135,
Romania,2007,Klebsiella pneumoniae,Aminoglucósidos,79.31034482,
Sweden,2007,Klebsiella pneumoniae,Aminoglucósidos,1.08191653,0.0197
Slovenia,2007,Klebsiella pneumoniae,Aminoglucósidos,22.35294117,0.0733
United Kingdom,2007,Klebsiella pneumoniae,Aminoglucósidos,7.96703296,
Austria,2008,Klebsiella pneumoniae,Aminoglucósidos,6.19621342,
Bulgaria,2008,Klebsiella pneumoniae,Aminoglucósidos,57.14285714,0.3928
Cyprus,2008,Klebsiella pneumoniae,Aminoglucósidos,14.51612903,0.077
Czechia,2008,Klebsiella pneumoniae,Aminoglucósidos,40.13468013,
Germany,2008,Klebsiella pneumoniae,Aminoglucósidos,9.78723404,
Denmark,2008,Klebsiella pneumoniae,Aminoglucósidos,6.93568726,0.0518
Estonia,2008,Klebsiella pneumoniae,Aminoglucósidos,15.49295774,0.1151
Greece,2008,Klebsiella pneumoniae,Aminoglucósidos,53.25884543,2.6053
Spain,2008,Klebsiella pneumoniae,Aminoglucósidos,8.93416927,
Finland,2008,Klebsiella pneumoniae,Aminoglucósidos,1.42348754,0.0221
France,2008,Klebsiella pneumoniae,Aminoglucósidos,16.63533834,0.1241
Croatia,2008,Klebsiella pneumoniae,Aminoglucósidos,51.81818181,0.1222
Hungary,2008,Klebsiella pneumoniae,Aminoglucósidos,34.95934959,0.0443
Ireland,2008,Klebsiella pneumoniae,Aminoglucósidos,9.47712418,0.123
Iceland,2008,Klebsiella pneumoniae,Aminoglucósidos,4.16666666,
Italy,2008,Klebsiella pneumoniae,Aminoglucósidos,23.92638036,0.1201
Lithuania,2008,Klebsiella pneumoniae,Aminoglucósidos,40.74074074,0.3819
Luxembourg,2008,Klebsiella pneumoniae,Aminoglucósidos,9.61538461,0.083
Latvia,2008,Klebsiella pneumoniae,Aminoglucósidos,51.28205128,0.4272
Malta,2008,Klebsiella pneumoniae,Aminoglucósidos,0.0,0.0564
Netherlands,2008,Klebsiella pneumoniae,Aminoglucósidos,7.34341252,
Norway,2008,Klebsiella pneumoniae,Aminoglucósidos,1.4367816,0.0716
Poland,2008,Klebsiella pneumoniae,Aminoglucósidos,,
Portugal,2008,Klebsiella pneumoniae,Aminoglucósidos,18.96869244,
Romania,2008,Klebsiella pneumoniae,Aminoglucósidos,,
Sweden,2008,Klebsiella pneumoniae,Aminoglucósidos,1.09090909,0.0243
Slovenia,2008,Klebsiella pneumoniae,Aminoglucósidos,22.9299363,0.0706
United Kingdom,2008,Klebsiella pneumoniae,Aminoglucósidos,5.64784053,
Austria,2009,Klebsiella pneumoniae,Aminoglucósidos,3.07941653,
Belgium,2009,Klebsiella pneumoniae,Aminoglucósidos,12.06896551,0.059
Bulgaria,2009,Klebsiella pneumoniae,Aminoglucósidos,61.05263157,0.3621
Cyprus,2009,Klebsiella pneumoniae,Aminoglucósidos,16.98113207,0.0953
Czechia,2009,Klebsiella pneumoniae,Aminoglucósidos,46.12068965,
Germany,2009,Klebsiella pneumoniae,Aminoglucósidos,9.62343096,
Denmark,2009,Klebsiella pneumoniae,Aminoglucósidos,7.17761557,0.0486
Estonia,2009,Klebsiella pneumoniae,Aminoglucósidos,15.0,0.074
Greece,2009,Klebsiella pneumoniae,Aminoglucósidos,57.80771586,0.2521
Spain,2009,Klebsiella pneumoniae,Aminoglucósidos,9.07643312,
Finland,2009,Klebsiella pneumoniae,Aminoglucósidos,1.1461318,0.0221
France,2009,Klebsiella pneumoniae,Aminoglucósidos,19.23076923,0.123
Hungary,2009,Klebsiella pneumoniae,Aminoglucósidos,40.50279329,0.0421
Ireland,2009,Klebsiella pneumoniae,Aminoglucósidos,11.07594936,0.1144
Iceland,2009,Klebsiella pneumoniae,Aminoglucósidos,0.0,
Italy,2009,Klebsiella pneumoniae,Aminoglucósidos,19.31034482,
Lithuania,2009,Klebsiella pneumoniae,Aminoglucósidos,55.88235294,0.243
Luxembourg,2009,Klebsiella pneumoniae,Aminoglucósidos,17.85714285,0.0713
Latvia,2009,Klebsiella pneumoniae,Aminoglucósidos,44.18604651,0.3174
Malta,2009,Klebsiella pneumoniae,Aminoglucósidos,0.0,0.0458
Netherlands,2009,Klebsiella pneumoniae,Aminoglucósidos,3.29113924,
Norway,2009,Klebsiella pneumoniae,Aminoglucósidos,3.04568527,0.0672
Poland,2009,Klebsiella pneumoniae,Aminoglucósidos,29.65517241,
Portugal,2009,Klebsiella pneumoniae,Aminoglucósidos,20.53571428,0.0909
Romania,2009,Klebsiella pneumoniae,Aminoglucósidos,,0.2516
Sweden,2009,Klebsiella pneumoniae,Aminoglucósidos,,0.0258
Slovenia,2009,Klebsiella pneumoniae,Aminoglucósidos,27.51322751,0.0696
United Kingdom,2009,Klebsiella pneumoniae,Aminoglucósidos,5.46762589,
Austria,2010,Klebsiella pneumoniae,Aminoglucósidos,5.56328233,
Belgium,2010,Klebsiella pneumoniae,Aminoglucósidos,1.9047619,0.054
Bulgaria,2010,Klebsiella pneumoniae,Aminoglucósidos,69.6,0.3273
Cyprus,2010,Klebsiella pneumoniae,Aminoglucósidos,14.92537313,0.0869
Czechia,2010,Klebsiella pneumoniae,Aminoglucósidos,46.17886178,
Germany,2010,Klebsiella pneumoniae,Aminoglucósidos,10.25104602,
Denmark,2010,Klebsiella pneumoniae,Aminoglucósidos,6.13266583,0.0334
Estonia,2010,Klebsiella pneumoniae,Aminoglucósidos,25.75757575,0.1353
Greece,2010,Klebsiella pneumoniae,Aminoglucósidos,59.98807394,0.3133
Spain,2010,Klebsiella pneumoniae,Aminoglucósidos,8.69939707,
Finland,2010,Klebsiella pneumoniae,Aminoglucósidos,3.76344086,0.0164
France,2010,Klebsiella pneumoniae,Aminoglucósidos,17.50972762,0.1069
Croatia,2010,Klebsiella pneumoniae,Aminoglucósidos,48.38709677,0.1431
Hungary,2010,Klebsiella pneumoniae,Aminoglucósidos,46.2890625,0.0426
Ireland,2010,Klebsiella pneumoniae,Aminoglucósidos,6.94006309,0.1233
Iceland,2010,Klebsiella pneumoniae,Aminoglucósidos,0.0,0.0
Italy,2010,Klebsiella pneumoniae,Aminoglucósidos,25.49857549,0.1
Lithuania,2010,Klebsiella pneumoniae,Aminoglucósidos,51.85185185,0.1495
Luxembourg,2010,Klebsiella pneumoniae,Aminoglucósidos,5.08474576,0.0719
Latvia,2010,Klebsiella pneumoniae,Aminoglucósidos,53.96825396,0.3249
Malta,2010,Klebsiella pneumoniae,Aminoglucósidos,12.28070175,0.0786
Netherlands,2010,Klebsiella pneumoniae,Aminoglucósidos,6.06741573,0.0911
Norway,2010,Klebsiella pneumoniae,Aminoglucósidos,1.6985138,0.0696
Poland,2010,Klebsiella pneumoniae,Aminoglucósidos,31.79723502,
Portugal,2010,Klebsiella pneumoniae,Aminoglucósidos,26.67785234,0.086
Romania,2010,Klebsiella pneumoniae,Aminoglucósidos,,
Sweden,2010,Klebsiella pneumoniae,Aminoglucósidos,1.63522012,0.0256
Slovenia,2010,Klebsiella pneumoniae,Aminoglucósidos,22.44897959,0.0724
United Kingdom,2010,Klebsiella pneumoniae,Aminoglucósidos,4.89335006,
Austria,2011,Klebsiella pneumoniae,Aminoglucósidos,6.96202531,
Belgium,2011,Klebsiella pneumoniae,Aminoglucósidos,8.88888888,0.051
Bulgaria,2011,Klebsiella pneumoniae,Aminoglucósidos,71.18644067,0.3238
Cyprus,2011,Klebsiella pneumoniae,Aminoglucósidos,24.09638554,0.0413
Czechia,2011,Klebsiella pneumoniae,Aminoglucósidos,43.78420641,
Germany,2011,Klebsiella pneumoniae,Aminoglucósidos,8.88030888,
Denmark,2011,Klebsiella pneumoniae,Aminoglucósidos,5.8370044,0.0518
Estonia,2011,Klebsiella pneumoniae,Aminoglucósidos,12.22222222,0.0634
Greece,2011,Klebsiella pneumoniae,Aminoglucósidos,68.43388177,0.1818
Spain,2011,Klebsiella pneumoniae,Aminoglucósidos,10.48034934,
Finland,2011,Klebsiella pneumoniae,Aminoglucósidos,1.23762376,0.0222
France,2011,Klebsiella pneumoniae,Aminoglucósidos,22.09715639,0.1028
Croatia,2011,Klebsiella pneumoniae,Aminoglucósidos,43.24324324,0.1085
Hungary,2011,Klebsiella pneumoniae,Aminoglucósidos,53.02325581,0.0418
Ireland,2011,Klebsiella pneumoniae,Aminoglucósidos,7.2368421,0.1128
Iceland,2011,Klebsiella pneumoniae,Aminoglucósidos,0.0,0.0177
Italy,2011,Klebsiella pneumoniae,Aminoglucósidos,34.51776649,0.0788
Lithuania,2011,Klebsiella pneumoniae,Aminoglucósidos,55.47445255,0.1466
Luxembourg,2011,Klebsiella pneumoniae,Aminoglucósidos,29.16666666,0.0627
Latvia,2011,Klebsiella pneumoniae,Aminoglucósidos,33.84615384,0.0724
Malta,2011,Klebsiella pneumoniae,Aminoglucósidos,9.61538461,0.0969
Netherlands,2011,Klebsiella pneumoniae,Aminoglucósidos,7.60368663,0.0858
Norway,2011,Klebsiella pneumoniae,Aminoglucósidos,2.8169014,0.0709
Poland,2011,Klebsiella pneumoniae,Aminoglucósidos,48.08743169,
Portugal,2011,Klebsiella pneumoniae,Aminoglucósidos,31.50242326,0.0798
Romania,2011,Klebsiella pneumoniae,Aminoglucósidos,,0.4642
Sweden,2011,Klebsiella pneumoniae,Aminoglucósidos,1.9586507,0.0266
Slovenia,2011,Klebsiella pneumoniae,Aminoglucósidos,21.98275862,0.065
Slovakia,2011,Klebsiella pneumoniae,Aminoglucósidos,65.94827586,0.17
United Kingdom,2011,Klebsiella pneumoniae,Aminoglucósidos,4.29009193,
Austria,2012,Klebsiella pneumoniae,Aminoglucósidos,5.01750291,
Belgium,2012,Klebsiella pneumoniae,Aminoglucósidos,11.59420289,0.0478
Bulgaria,2012,Klebsiella pneumoniae,Aminoglucósidos,53.96825396,0.2826
Cyprus,2012,Klebsiella pneumoniae,Aminoglucósidos,15.38461538,0.0776
Czechia,2012,Klebsiella pneumoniae,Aminoglucósidos,54.39599714,
Germany,2012,Klebsiella pneumoniae,Aminoglucósidos,8.29562594,
Denmark,2012,Klebsiella pneumoniae,Aminoglucósidos,5.98669623,0.0585
Estonia,2012,Klebsiella pneumoniae,Aminoglucósidos,13.18681318,0.0765
Greece,2012,Klebsiella pneumoniae,Aminoglucósidos,59.90202939,0.1423
Spain,2012,Klebsiella pneumoniae,Aminoglucósidos,14.13703382,
Finland,2012,Klebsiella pneumoniae,Aminoglucósidos,0.38759689,0.0222
France,2012,Klebsiella pneumoniae,Aminoglucósidos,23.23503127,0.0908
Croatia,2012,Klebsiella pneumoniae,Aminoglucósidos,46.08433734,0.1121
Hungary,2012,Klebsiella pneumoniae,Aminoglucósidos,41.46341463,0.0425
Ireland,2012,Klebsiella pneumoniae,Aminoglucósidos,9.17159763,0.0926
Iceland,2012,Klebsiella pneumoniae,Aminoglucósidos,,0.0238
Italy,2012,Klebsiella pneumoniae,Aminoglucósidos,36.9879518,0.09
Lithuania,2012,Klebsiella pneumoniae,Aminoglucósidos,63.78378378,0.1929
Luxembourg,2012,Klebsiella pneumoniae,Aminoglucósidos,26.0,0.0705
Latvia,2012,Klebsiella pneumoniae,Aminoglucósidos,51.28205128,0.118
Malta,2012,Klebsiella pneumoniae,Aminoglucósidos,26.78571428,0.0637
Netherlands,2012,Klebsiella pneumoniae,Aminoglucósidos,6.44139387,0.0796
Norway,2012,Klebsiella pneumoniae,Aminoglucósidos,2.41157556,0.0733
Poland,2012,Klebsiella pneumoniae,Aminoglucósidos,53.55191256,
Portugal,2012,Klebsiella pneumoniae,Aminoglucósidos,31.79487179,0.0772
Romania,2012,Klebsiella pneumoniae,Aminoglucósidos,54.54545454,0.418
Sweden,2012,Klebsiella pneumoniae,Aminoglucósidos,2.45649948,0.0286
Slovenia,2012,Klebsiella pneumoniae,Aminoglucósidos,20.47244094,0.0559
Slovakia,2012,Klebsiella pneumoniae,Aminoglucósidos,63.12997347,0.0717
United Kingdom,2012,Klebsiella pneumoniae,Aminoglucósidos,6.13786591,
Austria,2013,Klebsiella pneumoniae,Aminoglucósidos,4.97109826,
Belgium,2013,Klebsiella pneumoniae,Aminoglucósidos,11.93415637,0.0503
Bulgaria,2013,Klebsiella pneumoniae,Aminoglucósidos,50.75757575,0.2665
Cyprus,2013,Klebsiella pneumoniae,Aminoglucósidos,22.05882352,0.0645
Czechia,2013,Klebsiella pneumoniae,Aminoglucósidos,50.96824167,
Germany,2013,Klebsiella pneumoniae,Aminoglucósidos,9.96068152,
Denmark,2013,Klebsiella pneumoniae,Aminoglucósidos,4.39814814,0.0534
Estonia,2013,Klebsiella pneumoniae,Aminoglucósidos,10.11235955,0.0594
Greece,2013,Klebsiella pneumoniae,Aminoglucósidos,55.17536355,0.1231
Spain,2013,Klebsiella pneumoniae,Aminoglucósidos,15.87429492,
Finland,2013,Klebsiella pneumoniae,Aminoglucósidos,1.70777988,0.0084
France,2013,Klebsiella pneumoniae,Aminoglucósidos,26.62538699,0.0885
Croatia,2013,Klebsiella pneumoniae,Aminoglucósidos,50.81081081,0.1009
Hungary,2013,Klebsiella pneumoniae,Aminoglucósidos,37.0036101,0.0419
Ireland,2013,Klebsiella pneumoniae,Aminoglucósidos,17.35015772,0.0705
Iceland,2013,Klebsiella pneumoniae,Aminoglucósidos,0.0,0.0217
Italy,2013,Klebsiella pneumoniae,Aminoglucósidos,32.53796095,0.0741
Lithuania,2013,Klebsiella pneumoniae,Aminoglucósidos,47.58620689,0.1384
Luxembourg,2013,Klebsiella pneumoniae,Aminoglucósidos,28.30188679,0.0573
Latvia,2013,Klebsiella pneumoniae,Aminoglucósidos,48.91304347,0.1041
Malta,2013,Klebsiella pneumoniae,Aminoglucósidos,26.86567164,0.0859
Netherlands,2013,Klebsiella pneumoniae,Aminoglucósidos,6.99432892,0.0794
Norway,2013,Klebsiella pneumoniae,Aminoglucósidos,2.32919254,0.0697
Poland,2013,Klebsiella pneumoniae,Aminoglucósidos,60.43956043,
Portugal,2013,Klebsiella pneumoniae,Aminoglucósidos,29.38596491,0.0756
Romania,2013,Klebsiella pneumoniae,Aminoglucósidos,57.2769953,0.3865
Sweden,2013,Klebsiella pneumoniae,Aminoglucósidos,2.91497975,0.027
Slovenia,2013,Klebsiella pneumoniae,Aminoglucósidos,20.0,0.0522
Slovakia,2013,Klebsiella pneumoniae,Aminoglucósidos,63.93442622,0.0817
United Kingdom,2013,Klebsiella pneumoniae,Aminoglucósidos,6.36285468,0.1258
Austria,2014,Klebsiella pneumoniae,Aminoglucósidos,5.51351351,
Belgium,2014,Klebsiella pneumoniae,Aminoglucósidos,10.85043988,0.0425
Bulgaria,2014,Klebsiella pneumoniae,Aminoglucósidos,65.73426573,0.2865
Cyprus,2014,Klebsiella pneumoniae,Aminoglucósidos,28.75,0.0567
Czechia,2014,Klebsiella pneumoniae,Aminoglucósidos,50.6869125,
Germany,2014,Klebsiella pneumoniae,Aminoglucósidos,7.05765407,
Denmark,2014,Klebsiella pneumoniae,Aminoglucósidos,4.87804878,0.0401
Estonia,2014,Klebsiella pneumoniae,Aminoglucósidos,18.51851851,0.0724
Greece,2014,Klebsiella pneumoniae,Aminoglucósidos,59.32521087,0.1358
Spain,2014,Klebsiella pneumoniae,Aminoglucósidos,13.8449367,
Finland,2014,Klebsiella pneumoniae,Aminoglucósidos,2.32558139,0.0055
France,2014,Klebsiella pneumoniae,Aminoglucósidos,27.65082266,0.0929
Croatia,2014,Klebsiella pneumoniae,Aminoglucósidos,48.8023952,0.1366
Hungary,2014,Klebsiella pneumoniae,Aminoglucósidos,31.7683881,0.0416
Ireland,2014,Klebsiella pneumoniae,Aminoglucósidos,12.14689265,0.0614
Iceland,2014,Klebsiella pneumoniae,Aminoglucósidos,3.57142857,
Italy,2014,Klebsiella pneumoniae,Aminoglucósidos,36.21848739,0.0712
Lithuania,2014,Klebsiella pneumoniae,Aminoglucósidos,49.34210526,0.1002
Luxembourg,2014,Klebsiella pneumoniae,Aminoglucósidos,19.69696969,0.0786
Latvia,2014,Klebsiella pneumoniae,Aminoglucósidos,43.22033898,0.0934
Malta,2014,Klebsiella pneumoniae,Aminoglucósidos,28.28282828,0.1063
Netherlands,2014,Klebsiella pneumoniae,Aminoglucósidos,4.36331255,0.0736
Norway,2014,Klebsiella pneumoniae,Aminoglucósidos,4.83870967,0.0712
Poland,2014,Klebsiella pneumoniae,Aminoglucósidos,59.12087912,0.0934
Portugal,2014,Klebsiella pneumoniae,Aminoglucósidos,30.53927315,0.0695
Romania,2014,Klebsiella pneumoniae,Aminoglucósidos,67.6,0.4008
Sweden,2014,Klebsiella pneumoniae,Aminoglucósidos,3.25581395,0.0267
Slovenia,2014,Klebsiella pneumoniae,Aminoglucósidos,20.17167381,0.062
Slovakia,2014,Klebsiella pneumoniae,Aminoglucósidos,68.21862348,0.0835
United Kingdom,2014,Klebsiella pneumoniae,Aminoglucósidos,5.53662691,0.128
Austria,2015,Klebsiella pneumoniae,Aminoglucósidos,4.79666319,
Belgium,2015,Klebsiella pneumoniae,Aminoglucósidos,11.5819209,0.04
Bulgaria,2015,Klebsiella pneumoniae,Aminoglucósidos,59.52380952,0.2841
Cyprus,2015,Klebsiella pneumoniae,Aminoglucósidos,37.09677419,0.0634
Czechia,2015,Klebsiella pneumoniae,Aminoglucósidos,51.94071983,
Germany,2015,Klebsiella pneumoniae,Aminoglucósidos,5.62579013,
Denmark,2015,Klebsiella pneumoniae,Aminoglucósidos,2.55863539,0.0405
Estonia,2015,Klebsiella pneumoniae,Aminoglucósidos,21.3114754,0.0436
Greece,2015,Klebsiella pneumoniae,Aminoglucósidos,50.68376068,0.1182
Spain,2015,Klebsiella pneumoniae,Aminoglucósidos,15.97084161,
Finland,2015,Klebsiella pneumoniae,Aminoglucósidos,1.92,0.0155
France,2015,Klebsiella pneumoniae,Aminoglucósidos,26.31578947,0.0915
Croatia,2015,Klebsiella pneumoniae,Aminoglucósidos,43.15789473,0.1013
Hungary,2015,Klebsiella pneumoniae,Aminoglucósidos,34.56090651,0.0403
Ireland,2015,Klebsiella pneumoniae,Aminoglucósidos,15.93830334,0.0877
Iceland,2015,Klebsiella pneumoniae,Aminoglucósidos,0.0,
Italy,2015,Klebsiella pneumoniae,Aminoglucósidos,33.99795501,0.285
Lithuania,2015,Klebsiella pneumoniae,Aminoglucósidos,46.36871508,0.1047
Luxembourg,2015,Klebsiella pneumoniae,Aminoglucósidos,15.0,0.0563
Latvia,2015,Klebsiella pneumoniae,Aminoglucósidos,43.36283185,0.09
Malta,2015,Klebsiella pneumoniae,Aminoglucósidos,22.72727272,0.1123
Netherlands,2015,Klebsiella pneumoniae,Aminoglucósidos,6.92821368,0.0731
Norway,2015,Klebsiella pneumoniae,Aminoglucósidos,3.57142857,0.0733
Poland,2015,Klebsiella pneumoniae,Aminoglucósidos,58.55855855,0.0858
Portugal,2015,Klebsiella pneumoniae,Aminoglucósidos,32.58373205,0.0689
Romania,2015,Klebsiella pneumoniae,Aminoglucósidos,54.13533834,0.3635
Sweden,2015,Klebsiella pneumoniae,Aminoglucósidos,3.18133616,0.0152
Slovenia,2015,Klebsiella pneumoniae,Aminoglucósidos,18.98734177,0.0614
Slovakia,2015,Klebsiella pneumoniae,Aminoglucósidos,66.52631578,0.0919
United Kingdom,2015,Klebsiella pneumoniae,Aminoglucósidos,9.25233644,0.1228
Austria,2016,Klebsiella pneumoniae,Aminoglucósidos,4.84010371,
Belgium,2016,Klebsiella pneumoniae,Aminoglucósidos,13.81475667,0.0371
Bulgaria,2016,Klebsiella pneumoniae,Aminoglucósidos,64.44444444,0.2646
Cyprus,2016,Klebsiella pneumoniae,Aminoglucósidos,22.66666666,0.0691
Czechia,2016,Klebsiella pneumoniae,Aminoglucósidos,47.14801444,
Germany,2016,Klebsiella pneumoniae,Aminoglucósidos,7.7251808,
Denmark,2016,Klebsiella pneumoniae,Aminoglucósidos,3.20623916,0.0526
Estonia,2016,Klebsiella pneumoniae,Aminoglucósidos,21.3114754,0.0327
Greece,2016,Klebsiella pneumoniae,Aminoglucósidos,52.86080273,0.1382
Spain,2016,Klebsiella pneumoniae,Aminoglucósidos,15.49463647,0.0867
Finland,2016,Klebsiella pneumoniae,Aminoglucósidos,2.33837689,0.0161
France,2016,Klebsiella pneumoniae,Aminoglucósidos,26.23588945,0.0889
Croatia,2016,Klebsiella pneumoniae,Aminoglucósidos,36.07594936,0.0973
Hungary,2016,Klebsiella pneumoniae,Aminoglucósidos,34.72222222,0.0393
Ireland,2016,Klebsiella pneumoniae,Aminoglucósidos,11.47902869,0.0885
Iceland,2016,Klebsiella pneumoniae,Aminoglucósidos,0.0,
Italy,2016,Klebsiella pneumoniae,Aminoglucósidos,36.13043478,0.4862
Lithuania,2016,Klebsiella pneumoniae,Aminoglucósidos,49.23076923,0.0848
Luxembourg,2016,Klebsiella pneumoniae,Aminoglucósidos,26.92307692,0.0564
Latvia,2016,Klebsiella pneumoniae,Aminoglucósidos,38.46153846,0.0819
Malta,2016,Klebsiella pneumoniae,Aminoglucósidos,22.5490196,0.0873
Netherlands,2016,Klebsiella pneumoniae,Aminoglucósidos,6.81818181,0.0645
Norway,2016,Klebsiella pneumoniae,Aminoglucósidos,3.33745364,0.0725
Poland,2016,Klebsiella pneumoniae,Aminoglucósidos,56.65116279,0.0466
Portugal,2016,Klebsiella pneumoniae,Aminoglucósidos,35.04492939,0.066
Romania,2016,Klebsiella pneumoniae,Aminoglucósidos,61.9047619,0.2933
Sweden,2016,Klebsiella pneumoniae,Aminoglucósidos,3.41805433,0.0275
Slovenia,2016,Klebsiella pneumoniae,Aminoglucósidos,16.47940074,0.0637
Slovakia,2016,Klebsiella pneumoniae,Aminoglucósidos,62.44635193,0.0784
United Kingdom,2016,Klebsiella pneumoniae,Aminoglucósidos,6.65054413,0.12
Austria,2017,Klebsiella pneumoniae,Aminoglucósidos,4.82033304,
Belgium,2017,Klebsiella pneumoniae,Aminoglucósidos,12.48025276,0.0354
Bulgaria,2017,Klebsiella pneumoniae,Aminoglucósidos,63.09523809,0.2594
Cyprus,2017,Klebsiella pneumoniae,Aminoglucósidos,26.76056338,0.0732
Czechia,2017,Klebsiella pneumoniae,Aminoglucósidos,49.62406015,
Germany,2017,Klebsiella pneumoniae,Aminoglucósidos,8.18326271,
Denmark,2017,Klebsiella pneumoniae,Aminoglucósidos,3.20404721,0.0591
Estonia,2017,Klebsiella pneumoniae,Aminoglucósidos,12.42236024,0.0416
Greece,2017,Klebsiella pneumoniae,Aminoglucósidos,53.18991097,0.1366
Spain,2017,Klebsiella pneumoniae,Aminoglucósidos,17.44877726,0.0808
Finland,2017,Klebsiella pneumoniae,Aminoglucósidos,2.91262135,0.014
France,2017,Klebsiella pneumoniae,Aminoglucósidos,23.7661883,0.0804
Croatia,2017,Klebsiella pneumoniae,Aminoglucósidos,30.8681672,0.0951
Hungary,2017,Klebsiella pneumoniae,Aminoglucósidos,37.8066378,0.0391
Ireland,2017,Klebsiella pneumoniae,Aminoglucósidos,11.89979123,0.1013
Iceland,2017,Klebsiella pneumoniae,Aminoglucósidos,,0.0254
Italy,2017,Klebsiella pneumoniae,Aminoglucósidos,34.4612991,0.0683
Lithuania,2017,Klebsiella pneumoniae,Aminoglucósidos,53.72670807,0.0741
Luxembourg,2017,Klebsiella pneumoniae,Aminoglucósidos,18.18181818,0.0601
Latvia,2017,Klebsiella pneumoniae,Aminoglucósidos,29.56521739,0.0792
Malta,2017,Klebsiella pneumoniae,Aminoglucósidos,31.62393162,0.0804
Netherlands,2017,Klebsiella pneumoniae,Aminoglucósidos,7.44360902,0.0557
Norway,2017,Klebsiella pneumoniae,Aminoglucósidos,4.22535211,0.0838
Poland,2017,Klebsiella pneumoniae,Aminoglucósidos,55.45064377,0.0788
Portugal,2017,Klebsiella pneumoniae,Aminoglucósidos,33.52962826,0.0613
Romania,2017,Klebsiella pneumoniae,Aminoglucósidos,58.57988165,0.2131
Sweden,2017,Klebsiella pneumoniae,Aminoglucósidos,4.74346563,0.0269
Slovenia,2017,Klebsiella pneumoniae,Aminoglucósidos,16.02564102,0.0624
Slovakia,2017,Klebsiella pneumoniae,Aminoglucósidos,61.11111111,0.0859
United Kingdom,2017,Klebsiella pneumoniae,Aminoglucósidos,7.9433153,0.1298
Austria,2018,Klebsiella pneumoniae,Aminoglucósidos,4.77759472,
Belgium,2018,Klebsiella pneumoniae,Aminoglucósidos,12.44979919,0.0332
Bulgaria,2018,Klebsiella pneumoniae,Aminoglucósidos,59.16230366,0.2683
Cyprus,2018,Klebsiella pneumoniae,Aminoglucósidos,36.78160919,0.0825
Czechia,2018,Klebsiella pneumoniae,Aminoglucósidos,48.550236,
Germany,2018,Klebsiella pneumoniae,Aminoglucósidos,6.20214395,
Denmark,2018,Klebsiella pneumoniae,Aminoglucósidos,3.28638497,0.0538
Estonia,2018,Klebsiella pneumoniae,Aminoglucósidos,10.24390243,0.0315
Greece,2018,Klebsiella pneumoniae,Aminoglucósidos,54.40484196,0.1421
Spain,2018,Klebsiella pneumoniae,Aminoglucósidos,19.34837092,0.0814
Finland,2018,Klebsiella pneumoniae,Aminoglucósidos,2.58397932,0.016
France,2018,Klebsiella pneumoniae,Aminoglucósidos,24.81605351,0.0718
Croatia,2018,Klebsiella pneumoniae,Aminoglucósidos,36.36363636,0.1
Hungary,2018,Klebsiella pneumoniae,Aminoglucósidos,32.66272189,0.0253
Ireland,2018,Klebsiella pneumoniae,Aminoglucósidos,13.04347826,0.1004
Iceland,2018,Klebsiella pneumoniae,Aminoglucósidos,,0.0265
Italy,2018,Klebsiella pneumoniae,Aminoglucósidos,26.98050237,0.0673
Lithuania,2018,Klebsiella pneumoniae,Aminoglucósidos,48.50948509,0.0645
Luxembourg,2018,Klebsiella pneumoniae,Aminoglucósidos,20.0,0.0453
Latvia,2018,Klebsiella pneumoniae,Aminoglucósidos,31.03448275,0.0737
Malta,2018,Klebsiella pneumoniae,Aminoglucósidos,46.71532846,0.0808
Netherlands,2018,Klebsiella pneumoniae,Aminoglucósidos,6.96909927,0.0546
Norway,2018,Klebsiella pneumoniae,Aminoglucósidos,5.2917232,0.0896
Poland,2018,Klebsiella pneumoniae,Aminoglucósidos,54.24448217,0.0765
Portugal,2018,Klebsiella pneumoniae,Aminoglucósidos,34.37013996,0.0595
Romania,2018,Klebsiella pneumoniae,Aminoglucósidos,50.91743119,0.1954
Sweden,2018,Klebsiella pneumoniae,Aminoglucósidos,3.03587856,0.0248
Slovenia,2018,Klebsiella pneumoniae,Aminoglucósidos,12.80276816,0.0597
Slovakia,2018,Klebsiella pneumoniae,Aminoglucósidos,54.83870967,0.121
United Kingdom,2018,Klebsiella pneumoniae,Aminoglucósidos,9.07339288,0.1312
Austria,2019,Klebsiella pneumoniae,Aminoglucósidos,5.45868081,0.0299
Belgium,2019,Klebsiella pneumoniae,Aminoglucósidos,11.39072847,0.0337
Bulgaria,2019,Klebsiella pneumoniae,Aminoglucósidos,57.30337078,0.2665
Cyprus,2019,Klebsiella pneumoniae,Aminoglucósidos,24.13793103,0.0764
Czechia,2019,Klebsiella pneumoniae,Aminoglucósidos,47.66474728,0.0869
Germany,2019,Klebsiella pneumoniae,Aminoglucósidos,7.30554361,
Denmark,2019,Klebsiella pneumoniae,Aminoglucósidos,3.46097201,0.0608
Estonia,2019,Klebsiella pneumoniae,Aminoglucósidos,6.14525139,0.0241
Greece,2019,Klebsiella pneumoniae,Aminoglucósidos,55.16129032,0.1416
Spain,2019,Klebsiella pneumoniae,Aminoglucósidos,18.185654,0.0767
Finland,2019,Klebsiella pneumoniae,Aminoglucósidos,4.21179302,0.0166
France,2019,Klebsiella pneumoniae,Aminoglucósidos,23.42893973,0.0687
Croatia,2019,Klebsiella pneumoniae,Aminoglucósidos,42.76923076,0.0904
Hungary,2019,Klebsiella pneumoniae,Aminoglucósidos,30.8114035,0.0295
Ireland,2019,Klebsiella pneumoniae,Aminoglucósidos,11.02661596,0.1048
Iceland,2019,Klebsiella pneumoniae,Aminoglucósidos,8.69565217,0.0254
Italy,2019,Klebsiella pneumoniae,Aminoglucósidos,32.55662587,0.0579
Lithuania,2019,Klebsiella pneumoniae,Aminoglucósidos,39.77011494,0.0645
Luxembourg,2019,Klebsiella pneumoniae,Aminoglucósidos,17.47572815,0.0431
Latvia,2019,Klebsiella pneumoniae,Aminoglucósidos,28.28282828,0.0648
Malta,2019,Klebsiella pneumoniae,Aminoglucósidos,26.35658914,0.0972
Netherlands,2019,Klebsiella pneumoniae,Aminoglucósidos,5.99721059,0.0499
Norway,2019,Klebsiella pneumoniae,Aminoglucósidos,6.13718411,0.0958
Poland,2019,Klebsiella pneumoniae,Aminoglucósidos,47.51773049,0.0713
Portugal,2019,Klebsiella pneumoniae,Aminoglucósidos,32.23781388,0.0573
Romania,2019,Klebsiella pneumoniae,Aminoglucósidos,53.04136253,0.186
Sweden,2019,Klebsiella pneumoniae,Aminoglucósidos,4.180602,0.0236
Slovenia,2019,Klebsiella pneumoniae,Aminoglucósidos,8.25082508,0.0615
Slovakia,2019,Klebsiella pneumoniae,Aminoglucósidos,49.32249322,0.082
United Kingdom,2019,Klebsiella pneumoniae,Aminoglucósidos,8.21309655,0.132
Austria,2020,Klebsiella pneumoniae,Aminoglucósidos,3.68663594,0.0256
Belgium,2020,Klebsiella pneumoniae,Aminoglucósidos,13.07692307,0.0315
Bulgaria,2020,Klebsiella pneumoniae,Aminoglucósidos,66.95652173,0.2734
Cyprus,2020,Klebsiella pneumoniae,Aminoglucósidos,22.35294117,0.0924
Czechia,2020,Klebsiella pneumoniae,Aminoglucósidos,42.53731343,0.0827
Germany,2020,Klebsiella pneumoniae,Aminoglucósidos,5.56909154,
Denmark,2020,Klebsiella pneumoniae,Aminoglucósidos,3.25779036,0.0458
Estonia,2020,Klebsiella pneumoniae,Aminoglucósidos,8.12182741,0.024
Greece,2020,Klebsiella pneumoniae,Aminoglucósidos,61.00278551,0.1257
Spain,2020,Klebsiella pneumoniae,Aminoglucósidos,20.09869896,0.0771
Finland,2020,Klebsiella pneumoniae,Aminoglucósidos,5.77136514,0.0151
France,2020,Klebsiella pneumoniae,Aminoglucósidos,18.81686595,0.0599
Croatia,2020,Klebsiella pneumoniae,Aminoglucósidos,38.14814814,0.0719
Hungary,2020,Klebsiella pneumoniae,Aminoglucósidos,34.93810178,0.0361
Ireland,2020,Klebsiella pneumoniae,Aminoglucósidos,11.54639175,0.0779
Iceland,2020,Klebsiella pneumoniae,Aminoglucósidos,0.0,0.0319
Italy,2020,Klebsiella pneumoniae,Aminoglucósidos,31.59327065,0.0563
Lithuania,2020,Klebsiella pneumoniae,Aminoglucósidos,33.90243902,0.0485
Luxembourg,2020,Klebsiella pneumoniae,Aminoglucósidos,20.68965517,0.0219
Latvia,2020,Klebsiella pneumoniae,Aminoglucósidos,20.96774193,0.0602
Malta,2020,Klebsiella pneumoniae,Aminoglucósidos,23.48484848,0.0541
Netherlands,2020,Klebsiella pneumoniae,Aminoglucósidos,7.30136005,0.0431
Norway,2020,Klebsiella pneumoniae,Aminoglucósidos,7.26495726,0.0846
Poland,2020,Klebsiella pneumoniae,Aminoglucósidos,49.95093228,0.0591
Portugal,2020,Klebsiella pneumoniae,Aminoglucósidos,28.2348677,0.0605
Romania,2020,Klebsiella pneumoniae,Aminoglucósidos,49.62406015,0.1589
Sweden,2020,Klebsiella pneumoniae,Aminoglucósidos,3.58890701,0.0224
Slovenia,2020,Klebsiella pneumoniae,Aminoglucósidos,10.0,0.0541
Slovakia,2020,Klebsiella pneumoniae,Aminoglucósidos,48.88888888,0.0716
Austria,2021,Klebsiella pneumoniae,Aminoglucósidos,3.40080971,0.0249
Belgium,2021,Klebsiella pneumoniae,Aminoglucósidos,9.67365967,0.0306
Bulgaria,2021,Klebsiella pneumoniae,Aminoglucósidos,69.00826446,0.2599
Cyprus,2021,Klebsiella pneumoniae,Aminoglucósidos,36.76470588,0.0865
Czechia,2021,Klebsiella pneumoniae,Aminoglucósidos,41.59456118,0.0762
Germany,2021,Klebsiella pneumoniae,Aminoglucósidos,4.34293067,
Denmark,2021,Klebsiella pneumoniae,Aminoglucósidos,2.08333333,0.0504
Estonia,2021,Klebsiella pneumoniae,Aminoglucósidos,7.65957446,0.0218
Greece,2021,Klebsiella pneumoniae,Aminoglucósidos,69.12080057,0.1272
Spain,2021,Klebsiella pneumoniae,Aminoglucósidos,20.56247118,0.0774
Finland,2021,Klebsiella pneumoniae,Aminoglucósidos,4.22245108,0.0123
France,2021,Klebsiella pneumoniae,Aminoglucósidos,17.40331491,0.0549
Croatia,2021,Klebsiella pneumoniae,Aminoglucósidos,46.62921348,0.0878
Hungary,2021,Klebsiella pneumoniae,Aminoglucósidos,31.7976513,0.03
Ireland,2021,Klebsiella pneumoniae,Aminoglucósidos,10.55776892,0.0716
Iceland,2021,Klebsiella pneumoniae,Aminoglucósidos,0.0,0.0219
Italy,2021,Klebsiella pneumoniae,Aminoglucósidos,30.80381033,0.0537
Lithuania,2021,Klebsiella pneumoniae,Aminoglucósidos,28.962818,0.0487
Luxembourg,2021,Klebsiella pneumoniae,Aminoglucósidos,14.85148514,0.023
Latvia,2021,Klebsiella pneumoniae,Aminoglucósidos,22.22222222,0.0438
Malta,2021,Klebsiella pneumoniae,Aminoglucósidos,20.0,0.066
Netherlands,2021,Klebsiella pneumoniae,Aminoglucósidos,5.59055118,0.0434
Norway,2021,Klebsiella pneumoniae,Aminoglucósidos,5.08905852,0.0802
Poland,2021,Klebsiella pneumoniae,Aminoglucósidos,55.05865102,0.0586
Portugal,2021,Klebsiella pneumoniae,Aminoglucósidos,24.96141975,0.0603
Romania,2021,Klebsiella pneumoniae,Aminoglucósidos,51.59090909,0.1496
Sweden,2021,Klebsiella pneumoniae,Aminoglucósidos,3.91954615,0.0192
Slovenia,2021,Klebsiella pneumoniae,Aminoglucósidos,13.67521367,0.0542
Slovakia,2021,Klebsiella pneumoniae,Aminoglucósidos,59.70961887,0.0737
Austria,2022,Klebsiella pneumoniae,Aminoglucósidos,2.93863439,0.0209
Belgium,2022,Klebsiella pneumoniae,Aminoglucósidos,10.6060606,0.0289
Bulgaria,2022,Klebsiella pneumoniae,Aminoglucósidos,61.92307692,0.2358
Cyprus,2022,Klebsiella pneumoniae,Aminoglucósidos,37.56345177,0.0917
Czechia,2022,Klebsiella pneumoniae,Aminoglucósidos,39.86568986,0.0732
Germany,2022,Klebsiella pneumoniae,Aminoglucósidos,4.27650028,
Denmark,2022,Klebsiella pneumoniae,Aminoglucósidos,2.67062314,0.048
Estonia,2022,Klebsiella pneumoniae,Aminoglucósidos,8.08510638,0.024
Greece,2022,Klebsiella pneumoniae,Aminoglucósidos,67.94231835,0.0832
Spain,2022,Klebsiella pneumoniae,Aminoglucósidos,19.17902725,0.0711
Finland,2022,Klebsiella pneumoniae,Aminoglucósidos,2.48691099,0.0108
France,2022,Klebsiella pneumoniae,Aminoglucósidos,16.84031469,0.0507
Croatia,2022,Klebsiella pneumoniae,Aminoglucósidos,41.53005464,0.0909
Hungary,2022,Klebsiella pneumoniae,Aminoglucósidos,32.57965056,0.027
Ireland,2022,Klebsiella pneumoniae,Aminoglucósidos,7.88912579,0.0715
Iceland,2022,Klebsiella pneumoniae,Aminoglucósidos,0.0,0.0204
Italy,2022,Klebsiella pneumoniae,Aminoglucósidos,31.76450156,0.0488
Lithuania,2022,Klebsiella pneumoniae,Aminoglucósidos,27.13178294,0.0597
Luxembourg,2022,Klebsiella pneumoniae,Aminoglucósidos,9.4017094,0.0301
Latvia,2022,Klebsiella pneumoniae,Aminoglucósidos,24.65277777,0.044
Malta,2022,Klebsiella pneumoniae,Aminoglucósidos,5.83333333,0.0488
Netherlands,2022,Klebsiella pneumoniae,Aminoglucósidos,6.28158844,0.0409
Norway,2022,Klebsiella pneumoniae,Aminoglucósidos,3.96419437,0.0866
Poland,2022,Klebsiella pneumoniae,Aminoglucósidos,47.42351046,0.0649
Portugal,2022,Klebsiella pneumoniae,Aminoglucósidos,23.12768063,0.0516
Romania,2022,Klebsiella pneumoniae,Aminoglucósidos,52.75590551,0.1646
Sweden,2022,Klebsiella pneumoniae,Aminoglucósidos,3.37962962,
Slovenia,2022,Klebsiella pneumoniae,Aminoglucósidos,12.36559139,0.0502
Slovakia,2022,Klebsiella pneumoniae,Aminoglucósidos,43.62745098,0.0642
Austria,2023,Klebsiella pneumoniae,Aminoglucósidos,3.97350993,0.0215
Belgium,2023,Klebsiella pneumoniae,Aminoglucósidos,11.46095717,0.0253
Bulgaria,2023,Klebsiella pneumoniae,Aminoglucósidos,73.33333333,0.2553
Cyprus,2023,Klebsiella pneumoniae,Aminoglucósidos,33.95348837,0.0
Czechia,2023,Klebsiella pneumoniae,Aminoglucósidos,36.60874775,0.0717
Germany,2023,Klebsiella pneumoniae,Aminoglucósidos,3.9670273,0.0209
Denmark,2023,Klebsiella pneumoniae,Aminoglucósidos,2.64097073,0.0499
Estonia,2023,Klebsiella pneumoniae,Aminoglucósidos,7.66666666,0.0188
Greece,2023,Klebsiella pneumoniae,Aminoglucósidos,64.74719101,0.0827
Spain,2023,Klebsiella pneumoniae,Aminoglucósidos,16.79462571,0.0639
Finland,2023,Klebsiella pneumoniae,Aminoglucósidos,5.23415977,0.0103
Croatia,2023,Klebsiella pneumoniae,Aminoglucósidos,37.43315508,0.1136
Hungary,2023,Klebsiella pneumoniae,Aminoglucósidos,31.41862489,0.0353
Ireland,2023,Klebsiella pneumoniae,Aminoglucósidos,8.75656742,0.0702
Iceland,2023,Klebsiella pneumoniae,Aminoglucósidos,4.54545454,0.0287
Italy,2023,Klebsiella pneumoniae,Aminoglucósidos,32.6730518,0.0508
Liechtenstein,2023,Klebsiella pneumoniae,Aminoglucósidos,,
Lithuania,2023,Klebsiella pneumoniae,Aminoglucósidos,29.25925925,0.0572
Luxembourg,2023,Klebsiella pneumoniae,Aminoglucósidos,10.58823529,0.042
Latvia,2023,Klebsiella pneumoniae,Aminoglucósidos,25.73839662,0.04
Malta,2023,Klebsiella pneumoniae,Aminoglucósidos,10.88435374,0.0686
Netherlands,2023,Klebsiella pneumoniae,Aminoglucósidos,6.25,0.0409
Norway,2023,Klebsiella pneumoniae,Aminoglucósidos,4.1931385,0.0898
Poland,2023,Klebsiella pneumoniae,Aminoglucósidos,49.86130374,0.0638
Portugal,2023,Klebsiella pneumoniae,Aminoglucósidos,23.75658279,0.0492
Romania,2023,Klebsiella pneumoniae,Aminoglucósidos,57.05368289,0.1592
Sweden,2023,Klebsiella pneumoniae,Aminoglucósidos,4.48243992,
Slovenia,2023,Klebsiella pneumoniae,Aminoglucósidos,17.10914454,0.0478
Slovakia,2023,Klebsiella pneumoniae,Aminoglucósidos,40.32258064,0.0652
Austria,2024,Klebsiella pneumoniae,Aminoglucósidos,4.08970976,0.0199
Belgium,2024,Klebsiella pneumoniae,Aminoglucósidos,11.35416666,0.0239
Bulgaria,2024,Klebsiella pneumoniae,Aminoglucósidos,73.81974248,0.2679
Cyprus,2024,Klebsiella pneumoniae,Aminoglucósidos,41.71779141,0.0674
Czechia,2024,Klebsiella pneumoniae,Aminoglucósidos,34.9745331,0.0764
Germany,2024,Klebsiella pneumoniae,Aminoglucósidos,3.51418616,0.0201
Denmark,2024,Klebsiella pneumoniae,Aminoglucósidos,2.96819787,
Estonia,2024,Klebsiella pneumoniae,Aminoglucósidos,6.02836879,0.0183
Greece,2024,Klebsiella pneumoniae,Aminoglucósidos,59.55056179,0.1191
Spain,2024,Klebsiella pneumoniae,Aminoglucósidos,15.92101203,0.0558
Finland,2024,Klebsiella pneumoniae,Aminoglucósidos,3.11059907,0.0081
France,2024,Klebsiella pneumoniae,Aminoglucósidos,15.5673274,0.0444
Croatia,2024,Klebsiella pneumoniae,Aminoglucósidos,41.64989939,0.0964
Hungary,2024,Klebsiella pneumoniae,Aminoglucósidos,28.49206349,0.0358
Ireland,2024,Klebsiella pneumoniae,Aminoglucósidos,5.88235294,0.0766
Iceland,2024,Klebsiella pneumoniae,Aminoglucósidos,0.0,0.0286
Italy,2024,Klebsiella pneumoniae,Aminoglucósidos,31.72528201,0.0466
Liechtenstein,2024,Klebsiella pneumoniae,Aminoglucósidos,,
Lithuania,2024,Klebsiella pneumoniae,Aminoglucósidos,35.59556786,0.0517
Luxembourg,2024,Klebsiella pneumoniae,Aminoglucósidos,5.92592592,0.0306
Latvia,2024,Klebsiella pneumoniae,Aminoglucósidos,36.07954545,0.0412
Malta,2024,Klebsiella pneumoniae,Aminoglucósidos,9.6590909,0.0509
Netherlands,2024,Klebsiella pneumoniae,Aminoglucósidos,8.28698553,0.0433
Norway,2024,Klebsiella pneumoniae,Aminoglucósidos,5.08849557,0.0913
Poland,2024,Klebsiella pneumoniae,Aminoglucósidos,45.53571428,0.0602
Portugal,2024,Klebsiella pneumoniae,Aminoglucósidos,20.13586956,0.0491
Romania,2024,Klebsiella pneumoniae,Aminoglucósidos,53.8,0.1296
Sweden,2024,Klebsiella pneumoniae,Aminoglucósidos,4.64301357,
Slovenia,2024,Klebsiella pneumoniae,Aminoglucósidos,10.51136363,0.0518
Slovakia,2024,Klebsiella pneumoniae,Aminoglucósidos,42.10526315,0.0547
Austria,2005,Klebsiella pneumoniae,β-lactámicos,0.0,
Bulgaria,2005,Klebsiella pneumoniae,β-lactámicos,0.0,2.0763
Cyprus,2005,Klebsiella pneumoniae,β-lactámicos,,
Czechia,2005,Klebsiella pneumoniae,β-lactámicos,0.0,
Germany,2005,Klebsiella pneumoniae,β-lactámicos,1.96078431,
Estonia,2005,Klebsiella pneumoniae,β-lactámicos,0.0,1.0599
Greece,2005,Klebsiella pneumoniae,β-lactámicos,27.8137128,7.8593
Spain,2005,Klebsiella pneumoniae,β-lactámicos,0.0,
Finland,2005,Klebsiella pneumoniae,β-lactámicos,0.0,3.1075
France,2005,Klebsiella pneumoniae,β-lactámicos,0.13280212,3.4872
Croatia,2005,Klebsiella pneumoniae,β-lactámicos,0.0,4.2437
Hungary,2005,Klebsiella pneumoniae,β-lactámicos,0.33333333,2.5735
Ireland,2005,Klebsiella pneumoniae,β-lactámicos,0.0,1.8734
Iceland,2005,Klebsiella pneumoniae,β-lactámicos,0.0,0.5092
Malta,2005,Klebsiella pneumoniae,β-lactámicos,,
Netherlands,2005,Klebsiella pneumoniae,β-lactámicos,0.0,
Norway,2005,Klebsiella pneumoniae,β-lactámicos,0.62111801,0.471
Poland,2005,Klebsiella pneumoniae,β-lactámicos,0.0,
Romania,2005,Klebsiella pneumoniae,β-lactámicos,,
Sweden,2005,Klebsiella pneumoniae,β-lactámicos,,0.6644
Slovenia,2005,Klebsiella pneumoniae,β-lactámicos,0.0,1.0812
United Kingdom,2005,Klebsiella pneumoniae,β-lactámicos,0.0,
Austria,2006,Klebsiella pneumoniae,β-lactámicos,0.0,
Bulgaria,2006,Klebsiella pneumoniae,β-lactámicos,0.0,2.2447
Cyprus,2006,Klebsiella pneumoniae,β-lactámicos,0.0,6.2485
Czechia,2006,Klebsiella pneumoniae,β-lactámicos,,
Germany,2006,Klebsiella pneumoniae,β-lactámicos,0.0,
Denmark,2006,Klebsiella pneumoniae,β-lactámicos,0.0,0.3035
Estonia,2006,Klebsiella pneumoniae,β-lactámicos,0.0,1.1505
Greece,2006,Klebsiella pneumoniae,β-lactámicos,32.85543608,7.7471
Spain,2006,Klebsiella pneumoniae,β-lactámicos,0.0,
Finland,2006,Klebsiella pneumoniae,β-lactámicos,0.0,3.1641
France,2006,Klebsiella pneumoniae,β-lactámicos,0.0,3.0138
Croatia,2006,Klebsiella pneumoniae,β-lactámicos,0.0,3.9171
Hungary,2006,Klebsiella pneumoniae,β-lactámicos,0.0,2.3489
Ireland,2006,Klebsiella pneumoniae,β-lactámicos,0.0,2.0281
Iceland,2006,Klebsiella pneumoniae,β-lactámicos,,
Italy,2006,Klebsiella pneumoniae,β-lactámicos,1.3114754,
Lithuania,2006,Klebsiella pneumoniae,β-lactámicos,0.0,0.8691
Luxembourg,2006,Klebsiella pneumoniae,β-lactámicos,,4.9519
Latvia,2006,Klebsiella pneumoniae,β-lactámicos,0.0,1.7087
Malta,2006,Klebsiella pneumoniae,β-lactámicos,0.0,
Netherlands,2006,Klebsiella pneumoniae,β-lactámicos,0.30395136,
Norway,2006,Klebsiella pneumoniae,β-lactámicos,0.45248868,0.4814
Poland,2006,Klebsiella pneumoniae,β-lactámicos,,
Romania,2006,Klebsiella pneumoniae,β-lactámicos,0.0,
Sweden,2006,Klebsiella pneumoniae,β-lactámicos,,0.6621
Slovenia,2006,Klebsiella pneumoniae,β-lactámicos,0.0,0.8969
United Kingdom,2006,Klebsiella pneumoniae,β-lactámicos,0.34965034,
Austria,2007,Klebsiella pneumoniae,β-lactámicos,0.0,
Bulgaria,2007,Klebsiella pneumoniae,β-lactámicos,0.0,2.4302
Cyprus,2007,Klebsiella pneumoniae,β-lactámicos,2.56410256,7.0124
Czechia,2007,Klebsiella pneumoniae,β-lactámicos,0.0,
Germany,2007,Klebsiella pneumoniae,β-lactámicos,1.73410404,
Denmark,2007,Klebsiella pneumoniae,β-lactámicos,0.0,0.3529
Estonia,2007,Klebsiella pneumoniae,β-lactámicos,0.0,1.223
Greece,2007,Klebsiella pneumoniae,β-lactámicos,42.44306418,8.9169
Spain,2007,Klebsiella pneumoniae,β-lactámicos,0.0,
Finland,2007,Klebsiella pneumoniae,β-lactámicos,0.0,3.2735
France,2007,Klebsiella pneumoniae,β-lactámicos,0.09460737,3.1973
Croatia,2007,Klebsiella pneumoniae,β-lactámicos,0.35842293,4.2017
Hungary,2007,Klebsiella pneumoniae,β-lactámicos,0.0,1.871
Ireland,2007,Klebsiella pneumoniae,β-lactámicos,0.0,2.0426
Iceland,2007,Klebsiella pneumoniae,β-lactámicos,0.0,
Italy,2007,Klebsiella pneumoniae,β-lactámicos,1.11111111,2.9451
Lithuania,2007,Klebsiella pneumoniae,β-lactámicos,0.0,1.8046
Luxembourg,2007,Klebsiella pneumoniae,β-lactámicos,,5.1857
Latvia,2007,Klebsiella pneumoniae,β-lactámicos,0.0,1.9387
Malta,2007,Klebsiella pneumoniae,β-lactámicos,0.0,3.274
Netherlands,2007,Klebsiella pneumoniae,β-lactámicos,0.0,
Norway,2007,Klebsiella pneumoniae,β-lactámicos,0.0,0.4848
Poland,2007,Klebsiella pneumoniae,β-lactámicos,,
Portugal,2007,Klebsiella pneumoniae,β-lactámicos,0.0,
Romania,2007,Klebsiella pneumoniae,β-lactámicos,0.0,
Sweden,2007,Klebsiella pneumoniae,β-lactámicos,0.0,0.5776
Slovenia,2007,Klebsiella pneumoniae,β-lactámicos,0.0,0.9183
United Kingdom,2007,Klebsiella pneumoniae,β-lactámicos,0.33112582,
Austria,2008,Klebsiella pneumoniae,β-lactámicos,0.0,
Bulgaria,2008,Klebsiella pneumoniae,β-lactámicos,0.0,2.76
Cyprus,2008,Klebsiella pneumoniae,β-lactámicos,9.67741935,6.5772
Czechia,2008,Klebsiella pneumoniae,β-lactámicos,0.23809523,
Germany,2008,Klebsiella pneumoniae,β-lactámicos,0.0,
Denmark,2008,Klebsiella pneumoniae,β-lactámicos,0.19120458,0.3676
Estonia,2008,Klebsiella pneumoniae,β-lactámicos,0.0,1.3132
Greece,2008,Klebsiella pneumoniae,β-lactámicos,36.59217877,9.5003
Spain,2008,Klebsiella pneumoniae,β-lactámicos,0.0,
Finland,2008,Klebsiella pneumoniae,β-lactámicos,0.0,3.2827
France,2008,Klebsiella pneumoniae,β-lactámicos,0.0,2.7696
Croatia,2008,Klebsiella pneumoniae,β-lactámicos,0.31152647,4.5448
Hungary,2008,Klebsiella pneumoniae,β-lactámicos,0.0,2.1088
Ireland,2008,Klebsiella pneumoniae,β-lactámicos,0.0,1.6847
Iceland,2008,Klebsiella pneumoniae,β-lactámicos,0.0,
Italy,2008,Klebsiella pneumoniae,β-lactámicos,1.94174757,3.1178
Lithuania,2008,Klebsiella pneumoniae,β-lactámicos,0.0,3.2026
Luxembourg,2008,Klebsiella pneumoniae,β-lactámicos,,4.9233
Latvia,2008,Klebsiella pneumoniae,β-lactámicos,2.5,1.6347
Malta,2008,Klebsiella pneumoniae,β-lactámicos,0.0,5.2409
Netherlands,2008,Klebsiella pneumoniae,β-lactámicos,0.0,
Norway,2008,Klebsiella pneumoniae,β-lactámicos,0.67340067,0.4694
Poland,2008,Klebsiella pneumoniae,β-lactámicos,,
Portugal,2008,Klebsiella pneumoniae,β-lactámicos,0.72463768,
Romania,2008,Klebsiella pneumoniae,β-lactámicos,,
Sweden,2008,Klebsiella pneumoniae,β-lactámicos,0.0,0.5421
Slovenia,2008,Klebsiella pneumoniae,β-lactámicos,0.0,0.8065
United Kingdom,2008,Klebsiella pneumoniae,β-lactámicos,1.23966942,
Austria,2009,Klebsiella pneumoniae,β-lactámicos,0.0,
Belgium,2009,Klebsiella pneumoniae,β-lactámicos,1.20481927,2.1908
Bulgaria,2009,Klebsiella pneumoniae,β-lactámicos,0.0,3.0016
Cyprus,2009,Klebsiella pneumoniae,β-lactámicos,16.98113207,6.4469
Czechia,2009,Klebsiella pneumoniae,β-lactámicos,0.24711696,
Germany,2009,Klebsiella pneumoniae,β-lactámicos,0.0,
Denmark,2009,Klebsiella pneumoniae,β-lactámicos,0.0,0.3794
Estonia,2009,Klebsiella pneumoniae,β-lactámicos,0.0,1.246
Greece,2009,Klebsiella pneumoniae,β-lactámicos,43.51567301,9.3028
Spain,2009,Klebsiella pneumoniae,β-lactámicos,0.17391304,
Finland,2009,Klebsiella pneumoniae,β-lactámicos,0.28490028,3.2831
France,2009,Klebsiella pneumoniae,β-lactámicos,0.1577287,3.182
Hungary,2009,Klebsiella pneumoniae,β-lactámicos,0.55555555,2.2327
Ireland,2009,Klebsiella pneumoniae,β-lactámicos,0.0,1.4361
Iceland,2009,Klebsiella pneumoniae,β-lactámicos,0.0,
Italy,2009,Klebsiella pneumoniae,β-lactámicos,1.31578947,
Lithuania,2009,Klebsiella pneumoniae,β-lactámicos,0.0,1.2627
Luxembourg,2009,Klebsiella pneumoniae,β-lactámicos,0.0,5.0017
Latvia,2009,Klebsiella pneumoniae,β-lactámicos,0.0,1.1782
Malta,2009,Klebsiella pneumoniae,β-lactámicos,0.0,5.8353
Netherlands,2009,Klebsiella pneumoniae,β-lactámicos,0.0,
Norway,2009,Klebsiella pneumoniae,β-lactámicos,0.0,0.4435
Poland,2009,Klebsiella pneumoniae,β-lactámicos,0.71942446,
Portugal,2009,Klebsiella pneumoniae,β-lactámicos,0.82474226,2.3439
Romania,2009,Klebsiella pneumoniae,β-lactámicos,,2.962
Sweden,2009,Klebsiella pneumoniae,β-lactámicos,,0.4372
Slovenia,2009,Klebsiella pneumoniae,β-lactámicos,0.52910052,0.8072
United Kingdom,2009,Klebsiella pneumoniae,β-lactámicos,0.16920473,
Austria,2010,Klebsiella pneumoniae,β-lactámicos,0.58939096,
Belgium,2010,Klebsiella pneumoniae,β-lactámicos,0.0,1.9615
Bulgaria,2010,Klebsiella pneumoniae,β-lactámicos,0.0,3.1002
Cyprus,2010,Klebsiella pneumoniae,β-lactámicos,16.41791044,5.4021
Czechia,2010,Klebsiella pneumoniae,β-lactámicos,0.09066183,
Germany,2010,Klebsiella pneumoniae,β-lactámicos,0.0,
Denmark,2010,Klebsiella pneumoniae,β-lactámicos,0.0,0.374
Estonia,2010,Klebsiella pneumoniae,β-lactámicos,0.0,1.3551
Greece,2010,Klebsiella pneumoniae,β-lactámicos,49.08120924,9.0053
Spain,2010,Klebsiella pneumoniae,β-lactámicos,0.0,
Finland,2010,Klebsiella pneumoniae,β-lactámicos,0.0,3.2217
France,2010,Klebsiella pneumoniae,β-lactámicos,0.0698324,2.9721
Croatia,2010,Klebsiella pneumoniae,β-lactámicos,2.15053763,3.9408
Hungary,2010,Klebsiella pneumoniae,β-lactámicos,5.49898167,2.2049
Ireland,2010,Klebsiella pneumoniae,β-lactámicos,0.0,1.3553
Iceland,2010,Klebsiella pneumoniae,β-lactámicos,,0.6113
Italy,2010,Klebsiella pneumoniae,β-lactámicos,15.18467852,2.9164
Lithuania,2010,Klebsiella pneumoniae,β-lactámicos,0.0,1.0885
Luxembourg,2010,Klebsiella pneumoniae,β-lactámicos,0.0,4.6933
Latvia,2010,Klebsiella pneumoniae,β-lactámicos,0.0,1.7561
Malta,2010,Klebsiella pneumoniae,β-lactámicos,0.0,5.4097
Netherlands,2010,Klebsiella pneumoniae,β-lactámicos,0.22421524,0.1964
Norway,2010,Klebsiella pneumoniae,β-lactámicos,0.0,0.4354
Poland,2010,Klebsiella pneumoniae,β-lactámicos,0.0,
Portugal,2010,Klebsiella pneumoniae,β-lactámicos,1.3544018,2.2013
Romania,2010,Klebsiella pneumoniae,β-lactámicos,,
Sweden,2010,Klebsiella pneumoniae,β-lactámicos,0.28248587,0.3889
Slovenia,2010,Klebsiella pneumoniae,β-lactámicos,0.51282051,0.746
United Kingdom,2010,Klebsiella pneumoniae,β-lactámicos,0.14771048,
Austria,2011,Klebsiella pneumoniae,β-lactámicos,0.16393442,
Belgium,2011,Klebsiella pneumoniae,β-lactámicos,0.30959752,1.888
Bulgaria,2011,Klebsiella pneumoniae,β-lactámicos,0.0,3.3826
Cyprus,2011,Klebsiella pneumoniae,β-lactámicos,15.6626506,3.0697
Czechia,2011,Klebsiella pneumoniae,β-lactámicos,0.08382229,
Germany,2011,Klebsiella pneumoniae,β-lactámicos,0.0,
Denmark,2011,Klebsiella pneumoniae,β-lactámicos,0.0,0.3712
Estonia,2011,Klebsiella pneumoniae,β-lactámicos,0.0,1.5003
Greece,2011,Klebsiella pneumoniae,β-lactámicos,68.15403422,8.2925
Spain,2011,Klebsiella pneumoniae,β-lactámicos,0.34965034,
Finland,2011,Klebsiella pneumoniae,β-lactámicos,0.0,3.3349
France,2011,Klebsiella pneumoniae,β-lactámicos,0.0,2.8199
Croatia,2011,Klebsiella pneumoniae,β-lactámicos,0.0,3.4731
Hungary,2011,Klebsiella pneumoniae,β-lactámicos,1.937046,2.1785
Ireland,2011,Klebsiella pneumoniae,β-lactámicos,0.33112582,1.3509
Italy,2011,Klebsiella pneumoniae,β-lactámicos,26.66666666,2.8901
Lithuania,2011,Klebsiella pneumoniae,β-lactámicos,,1.3205
Luxembourg,2011,Klebsiella pneumoniae,β-lactámicos,0.0,4.4414
Latvia,2011,Klebsiella pneumoniae,β-lactámicos,0.0,0.5242
Malta,2011,Klebsiella pneumoniae,β-lactámicos,3.84615384,6.0224
Netherlands,2011,Klebsiella pneumoniae,β-lactámicos,0.23014959,0.1981
Norway,2011,Klebsiella pneumoniae,β-lactámicos,0.0,0.4299
Poland,2011,Klebsiella pneumoniae,β-lactámicos,0.53191489,
Portugal,2011,Klebsiella pneumoniae,β-lactámicos,0.34482758,2.0434
Romania,2011,Klebsiella pneumoniae,β-lactámicos,,4.0612
Sweden,2011,Klebsiella pneumoniae,β-lactámicos,0.0,0.3547
Slovenia,2011,Klebsiella pneumoniae,β-lactámicos,0.0,0.6768
Slovakia,2011,Klebsiella pneumoniae,β-lactámicos,0.69124423,3.8805
United Kingdom,2011,Klebsiella pneumoniae,β-lactámicos,0.36363636,
Austria,2012,Klebsiella pneumoniae,β-lactámicos,0.81300813,
Belgium,2012,Klebsiella pneumoniae,β-lactámicos,0.73394495,1.9106
Bulgaria,2012,Klebsiella pneumoniae,β-lactámicos,1.85185185,3.2477
Cyprus,2012,Klebsiella pneumoniae,β-lactámicos,9.23076923,5.3563
Czechia,2012,Klebsiella pneumoniae,β-lactámicos,0.30604437,
Germany,2012,Klebsiella pneumoniae,β-lactámicos,0.0,
Denmark,2012,Klebsiella pneumoniae,β-lactámicos,0.29411764,0.3228
Estonia,2012,Klebsiella pneumoniae,β-lactámicos,1.26582278,1.5298
Greece,2012,Klebsiella pneumoniae,β-lactámicos,60.47945205,7.0922
Spain,2012,Klebsiella pneumoniae,β-lactámicos,0.78125,
Finland,2012,Klebsiella pneumoniae,β-lactámicos,0.0,3.2108
France,2012,Klebsiella pneumoniae,β-lactámicos,0.49170251,2.6751
Croatia,2012,Klebsiella pneumoniae,β-lactámicos,0.0,4.0686
Hungary,2012,Klebsiella pneumoniae,β-lactámicos,2.91060291,2.0579
Ireland,2012,Klebsiella pneumoniae,β-lactámicos,0.0,1.3831
Italy,2012,Klebsiella pneumoniae,β-lactámicos,29.11242603,2.7805
Lithuania,2012,Klebsiella pneumoniae,β-lactámicos,0.0,1.4884
Luxembourg,2012,Klebsiella pneumoniae,β-lactámicos,0.0,4.2558
Latvia,2012,Klebsiella pneumoniae,β-lactámicos,0.0,1.1129
Malta,2012,Klebsiella pneumoniae,β-lactámicos,3.57142857,5.5131
Netherlands,2012,Klebsiella pneumoniae,β-lactámicos,0.10570824,0.2094
Norway,2012,Klebsiella pneumoniae,β-lactámicos,0.48154093,0.419
Poland,2012,Klebsiella pneumoniae,β-lactámicos,0.83565459,
Portugal,2012,Klebsiella pneumoniae,β-lactámicos,0.66755674,1.95
Romania,2012,Klebsiella pneumoniae,β-lactámicos,13.72549019,4.3611
Sweden,2012,Klebsiella pneumoniae,β-lactámicos,0.10235414,0.3526
Slovenia,2012,Klebsiella pneumoniae,β-lactámicos,0.39370078,0.6124
Slovakia,2012,Klebsiella pneumoniae,β-lactámicos,6.34441087,4.0128
United Kingdom,2012,Klebsiella pneumoniae,β-lactámicos,0.45045045,
Austria,2013,Klebsiella pneumoniae,β-lactámicos,1.2087912,
Belgium,2013,Klebsiella pneumoniae,β-lactámicos,0.32362459,1.9176
Bulgaria,2013,Klebsiella pneumoniae,β-lactámicos,0.0,3.5748
Cyprus,2013,Klebsiella pneumoniae,β-lactámicos,5.88235294,4.8523
Czechia,2013,Klebsiella pneumoniae,β-lactámicos,0.52956751,
Germany,2013,Klebsiella pneumoniae,β-lactámicos,0.65530799,
Denmark,2013,Klebsiella pneumoniae,β-lactámicos,0.15503875,0.3857
Estonia,2013,Klebsiella pneumoniae,β-lactámicos,2.7027027,1.6409
Greece,2013,Klebsiella pneumoniae,β-lactámicos,59.3879239,7.9211
Spain,2013,Klebsiella pneumoniae,β-lactámicos,1.61160354,
Finland,2013,Klebsiella pneumoniae,β-lactámicos,0.0,3.1894
France,2013,Klebsiella pneumoniae,β-lactámicos,0.65146579,2.5477
Croatia,2013,Klebsiella pneumoniae,β-lactámicos,0.53191489,3.4708
Hungary,2013,Klebsiella pneumoniae,β-lactámicos,1.69491525,2.1166
Ireland,2013,Klebsiella pneumoniae,β-lactámicos,0.31545741,1.5168
Italy,2013,Klebsiella pneumoniae,β-lactámicos,34.34273916,2.8955
Lithuania,2013,Klebsiella pneumoniae,β-lactámicos,0.0,1.8363
Luxembourg,2013,Klebsiella pneumoniae,β-lactámicos,1.88679245,4.4091
Latvia,2013,Klebsiella pneumoniae,β-lactámicos,0.0,1.1805
Malta,2013,Klebsiella pneumoniae,β-lactámicos,5.97014925,5.7598
Netherlands,2013,Klebsiella pneumoniae,β-lactámicos,0.18957345,0.216
Norway,2013,Klebsiella pneumoniae,β-lactámicos,0.15503875,0.406
Poland,2013,Klebsiella pneumoniae,β-lactámicos,0.81081081,
Portugal,2013,Klebsiella pneumoniae,β-lactámicos,1.7699115,1.8339
Romania,2013,Klebsiella pneumoniae,β-lactámicos,20.46511627,4.8135
Sweden,2013,Klebsiella pneumoniae,β-lactámicos,0.0,0.3542
Slovenia,2013,Klebsiella pneumoniae,β-lactámicos,0.40816326,0.5946
Slovakia,2013,Klebsiella pneumoniae,β-lactámicos,0.58479532,5.1499
United Kingdom,2013,Klebsiella pneumoniae,β-lactámicos,0.47573739,0.4835
Austria,2014,Klebsiella pneumoniae,β-lactámicos,0.61791967,
Belgium,2014,Klebsiella pneumoniae,β-lactámicos,0.46620046,1.8033
Bulgaria,2014,Klebsiella pneumoniae,β-lactámicos,7.1942446,4.1718
Cyprus,2014,Klebsiella pneumoniae,β-lactámicos,5.0,4.4708
Czechia,2014,Klebsiella pneumoniae,β-lactámicos,0.08710801,
Germany,2014,Klebsiella pneumoniae,β-lactámicos,0.69582504,
Denmark,2014,Klebsiella pneumoniae,β-lactámicos,0.24096385,0.42
Estonia,2014,Klebsiella pneumoniae,β-lactámicos,0.0,1.7022
Greece,2014,Klebsiella pneumoniae,β-lactámicos,62.31617647,7.793
Spain,2014,Klebsiella pneumoniae,β-lactámicos,2.2906793,
Finland,2014,Klebsiella pneumoniae,β-lactámicos,0.0,3.1434
France,2014,Klebsiella pneumoniae,β-lactámicos,0.47551117,2.3672
Croatia,2014,Klebsiella pneumoniae,β-lactámicos,0.89820359,3.3302
Hungary,2014,Klebsiella pneumoniae,β-lactámicos,1.12721417,2.1894
Ireland,2014,Klebsiella pneumoniae,β-lactámicos,0.56657223,1.2738
Italy,2014,Klebsiella pneumoniae,β-lactámicos,32.92775665,2.7476
Lithuania,2014,Klebsiella pneumoniae,β-lactámicos,1.29870129,1.7069
Luxembourg,2014,Klebsiella pneumoniae,β-lactámicos,1.51515151,3.9245
Latvia,2014,Klebsiella pneumoniae,β-lactámicos,1.69491525,1.1443
Malta,2014,Klebsiella pneumoniae,β-lactámicos,9.09090909,4.8077
Netherlands,2014,Klebsiella pneumoniae,β-lactámicos,0.26714158,0.226
Norway,2014,Klebsiella pneumoniae,β-lactámicos,0.0,0.3758
Poland,2014,Klebsiella pneumoniae,β-lactámicos,1.33037694,2.7264
Portugal,2014,Klebsiella pneumoniae,β-lactámicos,1.76366843,1.8406
Romania,2014,Klebsiella pneumoniae,β-lactámicos,31.51750972,5.3279
Sweden,2014,Klebsiella pneumoniae,β-lactámicos,0.0,0.3096
Slovenia,2014,Klebsiella pneumoniae,β-lactámicos,0.85836909,0.5828
Slovakia,2014,Klebsiella pneumoniae,β-lactámicos,2.63157894,5.0526
United Kingdom,2014,Klebsiella pneumoniae,β-lactámicos,0.84190832,0.4749
Austria,2015,Klebsiella pneumoniae,β-lactámicos,0.78277886,
Belgium,2015,Klebsiella pneumoniae,β-lactámicos,0.51413881,1.8261
Bulgaria,2015,Klebsiella pneumoniae,β-lactámicos,3.15789473,4.7507
Cyprus,2015,Klebsiella pneumoniae,β-lactámicos,12.9032258,5.2461
Czechia,2015,Klebsiella pneumoniae,β-lactámicos,0.27272727,
Germany,2015,Klebsiella pneumoniae,β-lactámicos,0.12634238,
Denmark,2015,Klebsiella pneumoniae,β-lactámicos,0.0,0.3237
Estonia,2015,Klebsiella pneumoniae,β-lactámicos,0.0,1.7818
Greece,2015,Klebsiella pneumoniae,β-lactámicos,61.94092827,8.0391
Spain,2015,Klebsiella pneumoniae,β-lactámicos,2.15778826,
Finland,2015,Klebsiella pneumoniae,β-lactámicos,0.0,2.9905
France,2015,Klebsiella pneumoniae,β-lactámicos,0.49019607,2.4401
Croatia,2015,Klebsiella pneumoniae,β-lactámicos,2.36842105,3.2824
Hungary,2015,Klebsiella pneumoniae,β-lactámicos,0.1455604,2.3065
Ireland,2015,Klebsiella pneumoniae,β-lactámicos,0.51413881,1.3394
Iceland,2015,Klebsiella pneumoniae,β-lactámicos,,
Italy,2015,Klebsiella pneumoniae,β-lactámicos,33.51675837,2.6893
Lithuania,2015,Klebsiella pneumoniae,β-lactámicos,0.0,1.871
Luxembourg,2015,Klebsiella pneumoniae,β-lactámicos,0.0,3.9899
Latvia,2015,Klebsiella pneumoniae,β-lactámicos,0.0,1.1852
Malta,2015,Klebsiella pneumoniae,β-lactámicos,4.54545454,4.3403
Netherlands,2015,Klebsiella pneumoniae,β-lactámicos,0.16708437,0.2369
Norway,2015,Klebsiella pneumoniae,β-lactámicos,0.14285714,0.3534
Poland,2015,Klebsiella pneumoniae,β-lactámicos,0.45454545,3.2008
Portugal,2015,Klebsiella pneumoniae,β-lactámicos,3.35731414,1.9612
Romania,2015,Klebsiella pneumoniae,β-lactámicos,24.72324723,5.272
Sweden,2015,Klebsiella pneumoniae,β-lactámicos,0.0,0.3049
Slovenia,2015,Klebsiella pneumoniae,β-lactámicos,1.26582278,0.6132
Slovakia,2015,Klebsiella pneumoniae,β-lactámicos,0.91743119,5.4468
United Kingdom,2015,Klebsiella pneumoniae,β-lactámicos,0.41580041,0.4324
Austria,2016,Klebsiella pneumoniae,β-lactámicos,0.66777963,
Belgium,2016,Klebsiella pneumoniae,β-lactámicos,2.39162929,1.6934
Bulgaria,2016,Klebsiella pneumoniae,β-lactámicos,4.40251572,4.9631
Cyprus,2016,Klebsiella pneumoniae,β-lactámicos,10.66666666,5.1691
Czechia,2016,Klebsiella pneumoniae,β-lactámicos,0.0,
Germany,2016,Klebsiella pneumoniae,β-lactámicos,0.48891786,
Denmark,2016,Klebsiella pneumoniae,β-lactámicos,0.26809651,0.2938
Estonia,2016,Klebsiella pneumoniae,β-lactámicos,0.0,1.7057
Greece,2016,Klebsiella pneumoniae,β-lactámicos,66.86440677,7.9505
Spain,2016,Klebsiella pneumoniae,β-lactámicos,2.08706022,2.6672
Finland,2016,Klebsiella pneumoniae,β-lactámicos,0.25974025,3.0142
France,2016,Klebsiella pneumoniae,β-lactámicos,0.39556962,2.2685
Croatia,2016,Klebsiella pneumoniae,β-lactámicos,0.0,2.9935
Hungary,2016,Klebsiella pneumoniae,β-lactámicos,0.42674253,2.3839
Ireland,2016,Klebsiella pneumoniae,β-lactámicos,0.66225165,1.3393
Iceland,2016,Klebsiella pneumoniae,β-lactámicos,,
Italy,2016,Klebsiella pneumoniae,β-lactámicos,33.94018205,2.5582
Lithuania,2016,Klebsiella pneumoniae,β-lactámicos,0.0,1.9721
Luxembourg,2016,Klebsiella pneumoniae,β-lactámicos,0.0,3.9103
Latvia,2016,Klebsiella pneumoniae,β-lactámicos,2.22222222,1.209
Malta,2016,Klebsiella pneumoniae,β-lactámicos,5.88235294,3.7945
Netherlands,2016,Klebsiella pneumoniae,β-lactámicos,0.07593014,0.2346
Norway,2016,Klebsiella pneumoniae,β-lactámicos,0.0,0.3347
Poland,2016,Klebsiella pneumoniae,β-lactámicos,2.13713268,3.1966
Portugal,2016,Klebsiella pneumoniae,β-lactámicos,5.17094017,1.9483
Romania,2016,Klebsiella pneumoniae,β-lactámicos,31.43712574,4.9421
Sweden,2016,Klebsiella pneumoniae,β-lactámicos,0.13063357,0.3027
Slovenia,2016,Klebsiella pneumoniae,β-lactámicos,0.0,0.6316
Slovakia,2016,Klebsiella pneumoniae,β-lactámicos,2.52873563,5.3712
United Kingdom,2016,Klebsiella pneumoniae,β-lactámicos,0.27040314,0.3954
Austria,2017,Klebsiella pneumoniae,β-lactámicos,0.99188458,
Belgium,2017,Klebsiella pneumoniae,β-lactámicos,1.13780025,1.5439
Bulgaria,2017,Klebsiella pneumoniae,β-lactámicos,12.4260355,5.2069
Cyprus,2017,Klebsiella pneumoniae,β-lactámicos,15.49295774,5.8056
Czechia,2017,Klebsiella pneumoniae,β-lactámicos,0.38058991,
Germany,2017,Klebsiella pneumoniae,β-lactámicos,0.46668395,
Denmark,2017,Klebsiella pneumoniae,β-lactámicos,0.25316455,0.3292
Estonia,2017,Klebsiella pneumoniae,β-lactámicos,0.0,1.7321
Greece,2017,Klebsiella pneumoniae,β-lactámicos,64.71019809,8.2038
Spain,2017,Klebsiella pneumoniae,β-lactámicos,2.78145695,2.673
Finland,2017,Klebsiella pneumoniae,β-lactámicos,0.26385224,2.778
France,2017,Klebsiella pneumoniae,β-lactámicos,0.67687923,1.9172
Croatia,2017,Klebsiella pneumoniae,β-lactámicos,0.0,3.0207
Hungary,2017,Klebsiella pneumoniae,β-lactámicos,0.29368575,2.4571
Ireland,2017,Klebsiella pneumoniae,β-lactámicos,0.20920502,1.2673
Italy,2017,Klebsiella pneumoniae,β-lactámicos,29.6886864,2.3295
Lithuania,2017,Klebsiella pneumoniae,β-lactámicos,0.61538461,2.0706
Luxembourg,2017,Klebsiella pneumoniae,β-lactámicos,0.0,2.8622
Latvia,2017,Klebsiella pneumoniae,β-lactámicos,1.72413793,1.3026
Malta,2017,Klebsiella pneumoniae,β-lactámicos,10.25641025,3.3981
Netherlands,2017,Klebsiella pneumoniae,β-lactámicos,0.45112781,0.2437
Norway,2017,Klebsiella pneumoniae,β-lactámicos,0.0,0.3298
Poland,2017,Klebsiella pneumoniae,β-lactámicos,6.37381567,4.6313
Portugal,2017,Klebsiella pneumoniae,β-lactámicos,8.63970588,2.0369
Romania,2017,Klebsiella pneumoniae,β-lactámicos,22.45508982,4.9534
Sweden,2017,Klebsiella pneumoniae,β-lactámicos,0.09680542,0.2431
Slovenia,2017,Klebsiella pneumoniae,β-lactámicos,0.0,0.6829
Slovakia,2017,Klebsiella pneumoniae,β-lactámicos,4.44444444,5.0032
United Kingdom,2017,Klebsiella pneumoniae,β-lactámicos,0.58778915,0.398
Austria,2018,Klebsiella pneumoniae,β-lactámicos,1.01351351,
Belgium,2018,Klebsiella pneumoniae,β-lactámicos,1.39037433,1.6211
Bulgaria,2018,Klebsiella pneumoniae,β-lactámicos,21.24352331,5.6185
Cyprus,2018,Klebsiella pneumoniae,β-lactámicos,21.83908045,5.8835
Czechia,2018,Klebsiella pneumoniae,β-lactámicos,0.25125628,
Germany,2018,Klebsiella pneumoniae,β-lactámicos,0.42842741,
Denmark,2018,Klebsiella pneumoniae,β-lactámicos,0.54102795,0.2841
Estonia,2018,Klebsiella pneumoniae,β-lactámicos,0.55865921,1.6866
Greece,2018,Klebsiella pneumoniae,β-lactámicos,63.88518024,8.421
Spain,2018,Klebsiella pneumoniae,β-lactámicos,3.8095238,2.7483
Finland,2018,Klebsiella pneumoniae,β-lactámicos,0.61728395,2.9027
France,2018,Klebsiella pneumoniae,β-lactámicos,0.50033355,1.7267
Croatia,2018,Klebsiella pneumoniae,β-lactámicos,2.15384615,3.0521
Hungary,2018,Klebsiella pneumoniae,β-lactámicos,0.24183796,2.4972
Ireland,2018,Klebsiella pneumoniae,β-lactámicos,0.62240663,1.3379
Iceland,2018,Klebsiella pneumoniae,β-lactámicos,,0.8615
Italy,2018,Klebsiella pneumoniae,β-lactámicos,26.78445229,2.5004
Lithuania,2018,Klebsiella pneumoniae,β-lactámicos,0.26954177,2.106
Luxembourg,2018,Klebsiella pneumoniae,β-lactámicos,0.0,3.2871
Latvia,2018,Klebsiella pneumoniae,β-lactámicos,0.49019607,1.2226
Malta,2018,Klebsiella pneumoniae,β-lactámicos,15.44117647,2.9381
Netherlands,2018,Klebsiella pneumoniae,β-lactámicos,0.46052631,0.2559
Norway,2018,Klebsiella pneumoniae,β-lactámicos,0.13586956,0.3234
Poland,2018,Klebsiella pneumoniae,β-lactámicos,8.11496196,3.4521
Portugal,2018,Klebsiella pneumoniae,β-lactámicos,11.70503316,2.0131
Romania,2018,Klebsiella pneumoniae,β-lactámicos,29.47845804,5.1711
Sweden,2018,Klebsiella pneumoniae,β-lactámicos,0.18382352,0.2363
Slovenia,2018,Klebsiella pneumoniae,β-lactámicos,0.69204152,0.626
Slovakia,2018,Klebsiella pneumoniae,β-lactámicos,3.48360655,6.701
United Kingdom,2018,Klebsiella pneumoniae,β-lactámicos,0.69742489,0.3823
Austria,2019,Klebsiella pneumoniae,β-lactámicos,1.2345679,1.9211
Belgium,2019,Klebsiella pneumoniae,β-lactámicos,1.05680317,1.5755
Bulgaria,2019,Klebsiella pneumoniae,β-lactámicos,26.96629213,5.4792
Cyprus,2019,Klebsiella pneumoniae,β-lactámicos,13.33333333,6.396
Czechia,2019,Klebsiella pneumoniae,β-lactámicos,0.608828,2.5424
Germany,2019,Klebsiella pneumoniae,β-lactámicos,0.93259855,
Denmark,2019,Klebsiella pneumoniae,β-lactámicos,0.29498525,0.263
Estonia,2019,Klebsiella pneumoniae,β-lactámicos,0.0,1.6934
Greece,2019,Klebsiella pneumoniae,β-lactámicos,58.33333333,8.1122
Spain,2019,Klebsiella pneumoniae,β-lactámicos,4.79566305,2.7597
Finland,2019,Klebsiella pneumoniae,β-lactámicos,0.35294117,2.6317
France,2019,Klebsiella pneumoniae,β-lactámicos,0.99900099,1.6074
Croatia,2019,Klebsiella pneumoniae,β-lactámicos,12.0,3.1098
Hungary,2019,Klebsiella pneumoniae,β-lactámicos,0.8988764,2.4429
Ireland,2019,Klebsiella pneumoniae,β-lactámicos,0.9487666,1.3766
Italy,2019,Klebsiella pneumoniae,β-lactámicos,28.47781569,2.7281
Lithuania,2019,Klebsiella pneumoniae,β-lactámicos,3.42465753,2.1773
Luxembourg,2019,Klebsiella pneumoniae,β-lactámicos,0.97087378,3.1866
Latvia,2019,Klebsiella pneumoniae,β-lactámicos,0.0,1.2716
Malta,2019,Klebsiella pneumoniae,β-lactámicos,7.75193798,3.1156
Netherlands,2019,Klebsiella pneumoniae,β-lactámicos,0.20935101,0.2594
Norway,2019,Klebsiella pneumoniae,β-lactámicos,0.24213075,0.3082
Poland,2019,Klebsiella pneumoniae,β-lactámicos,7.7056277,4.0645
Portugal,2019,Klebsiella pneumoniae,β-lactámicos,10.85501858,2.039
Romania,2019,Klebsiella pneumoniae,β-lactámicos,32.34042553,5.3892
Sweden,2019,Klebsiella pneumoniae,β-lactámicos,0.11154489,0.2233
Slovenia,2019,Klebsiella pneumoniae,β-lactámicos,0.330033,0.709
Slovakia,2019,Klebsiella pneumoniae,β-lactámicos,4.55840455,5.2639
United Kingdom,2019,Klebsiella pneumoniae,β-lactámicos,0.6635071,0.3728
Austria,2020,Klebsiella pneumoniae,β-lactámicos,0.94786729,1.4526
Belgium,2020,Klebsiella pneumoniae,β-lactámicos,1.13507377,1.1329
Bulgaria,2020,Klebsiella pneumoniae,β-lactámicos,28.11244979,5.2658
Cyprus,2020,Klebsiella pneumoniae,β-lactámicos,19.76744186,6.1889
Czechia,2020,Klebsiella pneumoniae,β-lactámicos,0.48701298,1.9058
Germany,2020,Klebsiella pneumoniae,β-lactámicos,0.48405942,
Denmark,2020,Klebsiella pneumoniae,β-lactámicos,0.77848549,0.2401
Estonia,2020,Klebsiella pneumoniae,β-lactámicos,0.0,1.534
Greece,2020,Klebsiella pneumoniae,β-lactámicos,66.25344352,6.3012
Spain,2020,Klebsiella pneumoniae,β-lactámicos,4.66786355,2.3285
Finland,2020,Klebsiella pneumoniae,β-lactámicos,0.11098779,2.2791
France,2020,Klebsiella pneumoniae,β-lactámicos,0.54211843,1.1989
Croatia,2020,Klebsiella pneumoniae,β-lactámicos,19.10112359,2.5925
Hungary,2020,Klebsiella pneumoniae,β-lactámicos,0.69348127,1.8031
Ireland,2020,Klebsiella pneumoniae,β-lactámicos,0.41928721,1.1626
Iceland,2020,Klebsiella pneumoniae,β-lactámicos,0.0,0.7538
Italy,2020,Klebsiella pneumoniae,β-lactámicos,29.50681297,2.1316
Lithuania,2020,Klebsiella pneumoniae,β-lactámicos,2.905569,1.9919
Luxembourg,2020,Klebsiella pneumoniae,β-lactámicos,1.14942528,2.1552
Latvia,2020,Klebsiella pneumoniae,β-lactámicos,1.05820105,1.0926
Malta,2020,Klebsiella pneumoniae,β-lactámicos,7.57575757,2.2521
Netherlands,2020,Klebsiella pneumoniae,β-lactámicos,0.07163323,0.2564
Norway,2020,Klebsiella pneumoniae,β-lactámicos,0.1455604,0.2823
Poland,2020,Klebsiella pneumoniae,β-lactámicos,8.19366852,2.8537
Portugal,2020,Klebsiella pneumoniae,β-lactámicos,11.58273381,1.7781
Romania,2020,Klebsiella pneumoniae,β-lactámicos,48.31223628,4.4948
Sweden,2020,Klebsiella pneumoniae,β-lactámicos,0.27129679,0.2093
Slovenia,2020,Klebsiella pneumoniae,β-lactámicos,0.0,0.6967
Slovakia,2020,Klebsiella pneumoniae,β-lactámicos,8.1632653,3.6893
Austria,2021,Klebsiella pneumoniae,β-lactámicos,0.97640358,1.5237
Belgium,2021,Klebsiella pneumoniae,β-lactámicos,1.40388768,1.143
Bulgaria,2021,Klebsiella pneumoniae,β-lactámicos,46.28099173,6.0953
Cyprus,2021,Klebsiella pneumoniae,β-lactámicos,26.24113475,5.1559
Czechia,2021,Klebsiella pneumoniae,β-lactámicos,1.03857566,2.0083
Germany,2021,Klebsiella pneumoniae,β-lactámicos,0.79535026,
Denmark,2021,Klebsiella pneumoniae,β-lactámicos,0.4531722,0.2308
Estonia,2021,Klebsiella pneumoniae,β-lactámicos,0.91743119,1.3921
Greece,2021,Klebsiella pneumoniae,β-lactámicos,73.69534555,4.9554
Spain,2021,Klebsiella pneumoniae,β-lactámicos,5.73903627,2.3836
Finland,2021,Klebsiella pneumoniae,β-lactámicos,0.0,2.1943
France,2021,Klebsiella pneumoniae,β-lactámicos,0.76158239,1.2249
Croatia,2021,Klebsiella pneumoniae,β-lactámicos,32.8611898,2.9605
Hungary,2021,Klebsiella pneumoniae,β-lactámicos,0.91575091,1.7148
Ireland,2021,Klebsiella pneumoniae,β-lactámicos,0.60362173,1.159
Iceland,2021,Klebsiella pneumoniae,β-lactámicos,0.0,0.8284
Italy,2021,Klebsiella pneumoniae,β-lactámicos,27.19534532,2.0059
Lithuania,2021,Klebsiella pneumoniae,β-lactámicos,0.97847358,1.93
Luxembourg,2021,Klebsiella pneumoniae,β-lactámicos,0.990099,2.0097
Latvia,2021,Klebsiella pneumoniae,β-lactámicos,1.58102766,0.9918
Malta,2021,Klebsiella pneumoniae,β-lactámicos,6.66666666,1.6529
Netherlands,2021,Klebsiella pneumoniae,β-lactámicos,0.23622047,0.2608
Norway,2021,Klebsiella pneumoniae,β-lactámicos,0.25542784,0.2917
Poland,2021,Klebsiella pneumoniae,β-lactámicos,19.52414275,2.8589
Portugal,2021,Klebsiella pneumoniae,β-lactámicos,11.58730158,1.9226
Romania,2021,Klebsiella pneumoniae,β-lactámicos,54.46096654,4.6526
Sweden,2021,Klebsiella pneumoniae,β-lactámicos,0.15022533,0.218
Slovenia,2021,Klebsiella pneumoniae,β-lactámicos,0.85470085,0.7866
Slovakia,2021,Klebsiella pneumoniae,β-lactámicos,11.65048543,3.997
Austria,2022,Klebsiella pneumoniae,β-lactámicos,0.88211708,1.6071
Belgium,2022,Klebsiella pneumoniae,β-lactámicos,1.43712574,1.3028
Bulgaria,2022,Klebsiella pneumoniae,β-lactámicos,47.3076923,6.8561
Cyprus,2022,Klebsiella pneumoniae,β-lactámicos,36.41304347,6.4817
Czechia,2022,Klebsiella pneumoniae,β-lactámicos,1.50829562,2.5126
Germany,2022,Klebsiella pneumoniae,β-lactámicos,1.07454667,
Denmark,2022,Klebsiella pneumoniae,β-lactámicos,0.45731707,0.2316
Estonia,2022,Klebsiella pneumoniae,β-lactámicos,1.47058823,1.6714
Greece,2022,Klebsiella pneumoniae,β-lactámicos,72.04658901,7.4593
Spain,2022,Klebsiella pneumoniae,β-lactámicos,5.24511484,2.7698
Finland,2022,Klebsiella pneumoniae,β-lactámicos,0.0,2.2219
France,2022,Klebsiella pneumoniae,β-lactámicos,0.96676737,1.419
Croatia,2022,Klebsiella pneumoniae,β-lactámicos,23.97820163,3.3279
Hungary,2022,Klebsiella pneumoniae,β-lactámicos,5.2742616,1.9151
Ireland,2022,Klebsiella pneumoniae,β-lactámicos,0.64102564,1.5488
Iceland,2022,Klebsiella pneumoniae,β-lactámicos,0.0,1.0374
Italy,2022,Klebsiella pneumoniae,β-lactámicos,24.89755923,2.5994
Lithuania,2022,Klebsiella pneumoniae,β-lactámicos,0.58027079,2.3909
Luxembourg,2022,Klebsiella pneumoniae,β-lactámicos,1.7094017,2.3815
Latvia,2022,Klebsiella pneumoniae,β-lactámicos,2.77777777,1.228
Malta,2022,Klebsiella pneumoniae,β-lactámicos,5.0,2.9491
Netherlands,2022,Klebsiella pneumoniae,β-lactámicos,0.43352601,0.2581
Norway,2022,Klebsiella pneumoniae,β-lactámicos,0.26007802,0.3105
Poland,2022,Klebsiella pneumoniae,β-lactámicos,16.81681681,3.5353
Portugal,2022,Klebsiella pneumoniae,β-lactámicos,10.28960817,2.2571
Romania,2022,Klebsiella pneumoniae,β-lactámicos,47.84688995,5.0321
Sweden,2022,Klebsiella pneumoniae,β-lactámicos,0.18501387,
Slovenia,2022,Klebsiella pneumoniae,β-lactámicos,1.88172043,0.8486
Slovakia,2022,Klebsiella pneumoniae,β-lactámicos,15.03957783,5.3841
Austria,2023,Klebsiella pneumoniae,β-lactámicos,1.7977528,1.6169
Belgium,2023,Klebsiella pneumoniae,β-lactámicos,2.34933605,1.1753
Bulgaria,2023,Klebsiella pneumoniae,β-lactámicos,56.79012345,7.3742
Cyprus,2023,Klebsiella pneumoniae,β-lactámicos,33.63636363,0.0
Czechia,2023,Klebsiella pneumoniae,β-lactámicos,1.45772594,2.9589
Germany,2023,Klebsiella pneumoniae,β-lactámicos,1.07063746,2.7655
Denmark,2023,Klebsiella pneumoniae,β-lactámicos,0.3770739,0.2111
Estonia,2023,Klebsiella pneumoniae,β-lactámicos,2.28136882,1.5879
Greece,2023,Klebsiella pneumoniae,β-lactámicos,69.66498393,6.6556
Spain,2023,Klebsiella pneumoniae,β-lactámicos,4.29570429,2.9034
Finland,2023,Klebsiella pneumoniae,β-lactámicos,0.13755158,2.1282
Croatia,2023,Klebsiella pneumoniae,β-lactámicos,27.68959435,3.5558
Hungary,2023,Klebsiella pneumoniae,β-lactámicos,5.80985915,2.1414
Ireland,2023,Klebsiella pneumoniae,β-lactámicos,0.35523978,0.7689
Iceland,2023,Klebsiella pneumoniae,β-lactámicos,0.0,1.2379
Italy,2023,Klebsiella pneumoniae,β-lactámicos,26.48308188,2.9542
Liechtenstein,2023,Klebsiella pneumoniae,β-lactámicos,,
Lithuania,2023,Klebsiella pneumoniae,β-lactámicos,3.88170055,2.7711
Luxembourg,2023,Klebsiella pneumoniae,β-lactámicos,2.38095238,2.3781
Latvia,2023,Klebsiella pneumoniae,β-lactámicos,6.32911392,1.3224
Malta,2023,Klebsiella pneumoniae,β-lactámicos,3.40136054,2.9924
Netherlands,2023,Klebsiella pneumoniae,β-lactámicos,0.4045853,0.2669
Norway,2023,Klebsiella pneumoniae,β-lactámicos,0.50825921,0.3024
Poland,2023,Klebsiella pneumoniae,β-lactámicos,18.12977099,3.4994
Portugal,2023,Klebsiella pneumoniae,β-lactámicos,13.10975609,2.1391
Romania,2023,Klebsiella pneumoniae,β-lactámicos,52.76595744,5.02
Sweden,2023,Klebsiella pneumoniae,β-lactámicos,0.50831792,
Slovenia,2023,Klebsiella pneumoniae,β-lactámicos,3.83480825,0.7047
Slovakia,2023,Klebsiella pneumoniae,β-lactámicos,12.58064516,4.7648
Austria,2024,Klebsiella pneumoniae,β-lactámicos,1.47783251,1.7557
Belgium,2024,Klebsiella pneumoniae,β-lactámicos,1.88172043,1.0946
Bulgaria,2024,Klebsiella pneumoniae,β-lactámicos,67.59656652,7.0756
Cyprus,2024,Klebsiella pneumoniae,β-lactámicos,48.45679012,5.6648
Czechia,2024,Klebsiella pneumoniae,β-lactámicos,2.15727209,2.3524
Germany,2024,Klebsiella pneumoniae,β-lactámicos,1.24450951,2.4619
Denmark,2024,Klebsiella pneumoniae,β-lactámicos,0.44085231,
Estonia,2024,Klebsiella pneumoniae,β-lactámicos,1.70212765,1.4337
Greece,2024,Klebsiella pneumoniae,β-lactámicos,60.24027459,7.0871
Spain,2024,Klebsiella pneumoniae,β-lactámicos,5.34302877,2.8573
Finland,2024,Klebsiella pneumoniae,β-lactámicos,0.23041474,2.0057
France,2024,Klebsiella pneumoniae,β-lactámicos,1.20641216,1.299
Croatia,2024,Klebsiella pneumoniae,β-lactámicos,31.3253012,3.5088
Hungary,2024,Klebsiella pneumoniae,β-lactámicos,6.7253803,2.2036
Ireland,2024,Klebsiella pneumoniae,β-lactámicos,0.20283975,1.1156
Iceland,2024,Klebsiella pneumoniae,β-lactámicos,0.0,1.0417
Italy,2024,Klebsiella pneumoniae,β-lactámicos,23.95901318,2.7984
Liechtenstein,2024,Klebsiella pneumoniae,β-lactámicos,,
Lithuania,2024,Klebsiella pneumoniae,β-lactámicos,9.51724137,2.2005
Luxembourg,2024,Klebsiella pneumoniae,β-lactámicos,0.73529411,2.3706
Latvia,2024,Klebsiella pneumoniae,β-lactámicos,9.94318181,1.3696
Malta,2024,Klebsiella pneumoniae,β-lactámicos,2.84090909,2.522
Netherlands,2024,Klebsiella pneumoniae,β-lactámicos,0.77151335,0.3006
Norway,2024,Klebsiella pneumoniae,β-lactámicos,0.77605321,0.295
Poland,2024,Klebsiella pneumoniae,β-lactámicos,18.85,3.237
Portugal,2024,Klebsiella pneumoniae,β-lactámicos,12.52490748,2.265
Romania,2024,Klebsiella pneumoniae,β-lactámicos,50.25951557,5.5616
Sweden,2024,Klebsiella pneumoniae,β-lactámicos,0.5235602,
Slovenia,2024,Klebsiella pneumoniae,β-lactámicos,3.69318181,0.9779
Slovakia,2024,Klebsiella pneumoniae,β-lactámicos,13.12335958,5.1044
Austria,2005,Klebsiella pneumoniae,β-lactámicos,5.68181818,
Bulgaria,2005,Klebsiella pneumoniae,β-lactámicos,50.0,2.0763
Cyprus,2005,Klebsiella pneumoniae,β-lactámicos,,
Czechia,2005,Klebsiella pneumoniae,β-lactámicos,32.42677824,
Germany,2005,Klebsiella pneumoniae,β-lactámicos,6.73076923,
Estonia,2005,Klebsiella pneumoniae,β-lactámicos,8.1081081,1.0599
Greece,2005,Klebsiella pneumoniae,β-lactámicos,60.59431524,7.8593
Spain,2005,Klebsiella pneumoniae,β-lactámicos,7.14285714,
Finland,2005,Klebsiella pneumoniae,β-lactámicos,2.28571428,3.1075
France,2005,Klebsiella pneumoniae,β-lactámicos,4.12621359,3.4872
Croatia,2005,Klebsiella pneumoniae,β-lactámicos,45.53571428,4.2437
Hungary,2005,Klebsiella pneumoniae,β-lactámicos,27.65273311,2.5735
Ireland,2005,Klebsiella pneumoniae,β-lactámicos,7.14285714,1.8734
Iceland,2005,Klebsiella pneumoniae,β-lactámicos,0.0,0.5092
Italy,2005,Klebsiella pneumoniae,β-lactámicos,19.53352769,3.135
Malta,2005,Klebsiella pneumoniae,β-lactámicos,,
Netherlands,2005,Klebsiella pneumoniae,β-lactámicos,3.90625,
Norway,2005,Klebsiella pneumoniae,β-lactámicos,2.07253886,0.471
Poland,2005,Klebsiella pneumoniae,β-lactámicos,66.03773584,
Romania,2005,Klebsiella pneumoniae,β-lactámicos,,
Sweden,2005,Klebsiella pneumoniae,β-lactámicos,1.41843971,0.6644
Slovenia,2005,Klebsiella pneumoniae,β-lactámicos,19.23076923,1.0812
United Kingdom,2005,Klebsiella pneumoniae,β-lactámicos,12.33333333,
Austria,2006,Klebsiella pneumoniae,β-lactámicos,6.03248259,
Bulgaria,2006,Klebsiella pneumoniae,β-lactámicos,60.0,2.2447
Cyprus,2006,Klebsiella pneumoniae,β-lactámicos,26.92307692,6.2485
Czechia,2006,Klebsiella pneumoniae,β-lactámicos,34.77876106,
Germany,2006,Klebsiella pneumoniae,β-lactámicos,13.60544217,
Denmark,2006,Klebsiella pneumoniae,β-lactámicos,3.72093023,0.3035
Estonia,2006,Klebsiella pneumoniae,β-lactámicos,8.51063829,1.1505
Greece,2006,Klebsiella pneumoniae,β-lactámicos,57.90725326,7.7471
Spain,2006,Klebsiella pneumoniae,β-lactámicos,9.43060498,
Finland,2006,Klebsiella pneumoniae,β-lactámicos,0.87719298,3.1641
France,2006,Klebsiella pneumoniae,β-lactámicos,6.12668743,3.0138
Croatia,2006,Klebsiella pneumoniae,β-lactámicos,34.14634146,3.9171
Hungary,2006,Klebsiella pneumoniae,β-lactámicos,20.26578073,2.3489
Ireland,2006,Klebsiella pneumoniae,β-lactámicos,8.54271356,2.0281
Iceland,2006,Klebsiella pneumoniae,β-lactámicos,,
Italy,2006,Klebsiella pneumoniae,β-lactámicos,32.8125,
Lithuania,2006,Klebsiella pneumoniae,β-lactámicos,22.85714285,0.8691
Luxembourg,2006,Klebsiella pneumoniae,β-lactámicos,9.52380952,4.9519
Latvia,2006,Klebsiella pneumoniae,β-lactámicos,35.71428571,1.7087
Malta,2006,Klebsiella pneumoniae,β-lactámicos,6.25,
Netherlands,2006,Klebsiella pneumoniae,β-lactámicos,3.52644836,
Norway,2006,Klebsiella pneumoniae,β-lactámicos,1.52091254,0.4814
Poland,2006,Klebsiella pneumoniae,β-lactámicos,38.09523809,
Portugal,2006,Klebsiella pneumoniae,β-lactámicos,20.7920792,
Romania,2006,Klebsiella pneumoniae,β-lactámicos,93.75,
Sweden,2006,Klebsiella pneumoniae,β-lactámicos,1.44927536,0.6621
Slovenia,2006,Klebsiella pneumoniae,β-lactámicos,24.13793103,0.8969
United Kingdom,2006,Klebsiella pneumoniae,β-lactámicos,11.14864864,
Austria,2007,Klebsiella pneumoniae,β-lactámicos,8.18181818,
Bulgaria,2007,Klebsiella pneumoniae,β-lactámicos,55.17241379,2.4302
Cyprus,2007,Klebsiella pneumoniae,β-lactámicos,30.76923076,7.0124
Czechia,2007,Klebsiella pneumoniae,β-lactámicos,45.69105691,
Germany,2007,Klebsiella pneumoniae,β-lactámicos,6.3583815,
Denmark,2007,Klebsiella pneumoniae,β-lactámicos,10.36585365,0.3529
Estonia,2007,Klebsiella pneumoniae,β-lactámicos,3.17460317,1.223
Greece,2007,Klebsiella pneumoniae,β-lactámicos,61.83127572,8.9169
Spain,2007,Klebsiella pneumoniae,β-lactámicos,9.62479608,
Finland,2007,Klebsiella pneumoniae,β-lactámicos,1.47058823,3.2735
France,2007,Klebsiella pneumoniae,β-lactámicos,10.07751937,3.1973
Croatia,2007,Klebsiella pneumoniae,β-lactámicos,40.35714285,4.2017
Hungary,2007,Klebsiella pneumoniae,β-lactámicos,25.23659305,1.871
Ireland,2007,Klebsiella pneumoniae,β-lactámicos,7.62711864,2.0426
Iceland,2007,Klebsiella pneumoniae,β-lactámicos,0.0,
Italy,2007,Klebsiella pneumoniae,β-lactámicos,34.87738419,2.9451
Lithuania,2007,Klebsiella pneumoniae,β-lactámicos,26.82926829,1.8046
Luxembourg,2007,Klebsiella pneumoniae,β-lactámicos,1.96078431,5.1857
Latvia,2007,Klebsiella pneumoniae,β-lactámicos,44.44444444,1.9387
Malta,2007,Klebsiella pneumoniae,β-lactámicos,7.14285714,3.274
Netherlands,2007,Klebsiella pneumoniae,β-lactámicos,6.87203791,
Norway,2007,Klebsiella pneumoniae,β-lactámicos,1.5625,0.4848
Poland,2007,Klebsiella pneumoniae,β-lactámicos,34.375,
Portugal,2007,Klebsiella pneumoniae,β-lactámicos,16.52173913,
Romania,2007,Klebsiella pneumoniae,β-lactámicos,80.0,
Sweden,2007,Klebsiella pneumoniae,β-lactámicos,1.38674884,0.5776
Slovenia,2007,Klebsiella pneumoniae,β-lactámicos,27.64705882,0.9183
United Kingdom,2007,Klebsiella pneumoniae,β-lactámicos,12.53822629,
Austria,2008,Klebsiella pneumoniae,β-lactámicos,7.94473229,
Bulgaria,2008,Klebsiella pneumoniae,β-lactámicos,73.46938775,2.76
Cyprus,2008,Klebsiella pneumoniae,β-lactámicos,35.48387096,6.5772
Czechia,2008,Klebsiella pneumoniae,β-lactámicos,47.68921634,
Germany,2008,Klebsiella pneumoniae,β-lactámicos,11.4893617,
Denmark,2008,Klebsiella pneumoniae,β-lactámicos,9.19354838,0.3676
Estonia,2008,Klebsiella pneumoniae,β-lactámicos,11.59420289,1.3132
Greece,2008,Klebsiella pneumoniae,β-lactámicos,65.74074074,9.5003
Spain,2008,Klebsiella pneumoniae,β-lactámicos,11.89358372,
Finland,2008,Klebsiella pneumoniae,β-lactámicos,1.73611111,3.2827
France,2008,Klebsiella pneumoniae,β-lactámicos,15.20210896,2.7696
Croatia,2008,Klebsiella pneumoniae,β-lactámicos,54.38066465,4.5448
Hungary,2008,Klebsiella pneumoniae,β-lactámicos,34.95934959,2.1088
Ireland,2008,Klebsiella pneumoniae,β-lactámicos,10.81967213,1.6847
Iceland,2008,Klebsiella pneumoniae,β-lactámicos,4.16666666,
Italy,2008,Klebsiella pneumoniae,β-lactámicos,38.92857142,3.1178
Lithuania,2008,Klebsiella pneumoniae,β-lactámicos,35.8490566,3.2026
Luxembourg,2008,Klebsiella pneumoniae,β-lactámicos,19.23076923,4.9233
Latvia,2008,Klebsiella pneumoniae,β-lactámicos,57.5,1.6347
Malta,2008,Klebsiella pneumoniae,β-lactámicos,0.0,5.2409
Netherlands,2008,Klebsiella pneumoniae,β-lactámicos,7.57575757,
Norway,2008,Klebsiella pneumoniae,β-lactámicos,1.7191977,0.4694
Poland,2008,Klebsiella pneumoniae,β-lactámicos,,
Portugal,2008,Klebsiella pneumoniae,β-lactámicos,25.70356472,
Romania,2008,Klebsiella pneumoniae,β-lactámicos,,
Sweden,2008,Klebsiella pneumoniae,β-lactámicos,2.3030303,0.5421
Slovenia,2008,Klebsiella pneumoniae,β-lactámicos,26.11464968,0.8065
United Kingdom,2008,Klebsiella pneumoniae,β-lactámicos,6.71140939,
Austria,2009,Klebsiella pneumoniae,β-lactámicos,7.64227642,
Belgium,2009,Klebsiella pneumoniae,β-lactámicos,14.78873239,2.1908
Bulgaria,2009,Klebsiella pneumoniae,β-lactámicos,69.47368421,3.0016
Cyprus,2009,Klebsiella pneumoniae,β-lactámicos,41.50943396,6.4469
Czechia,2009,Klebsiella pneumoniae,β-lactámicos,52.08480565,
Germany,2009,Klebsiella pneumoniae,β-lactámicos,13.16348195,
Denmark,2009,Klebsiella pneumoniae,β-lactámicos,11.23595505,0.3794
Estonia,2009,Klebsiella pneumoniae,β-lactámicos,17.24137931,1.246
Greece,2009,Klebsiella pneumoniae,β-lactámicos,68.66585067,9.3028
Spain,2009,Klebsiella pneumoniae,β-lactámicos,11.14649681,
Finland,2009,Klebsiella pneumoniae,β-lactámicos,1.36239782,3.2831
France,2009,Klebsiella pneumoniae,β-lactámicos,18.6502177,3.182
Hungary,2009,Klebsiella pneumoniae,β-lactámicos,38.44011142,2.2327
Ireland,2009,Klebsiella pneumoniae,β-lactámicos,11.14649681,1.4361
Iceland,2009,Klebsiella pneumoniae,β-lactámicos,0.0,
Italy,2009,Klebsiella pneumoniae,β-lactámicos,37.13235294,
Lithuania,2009,Klebsiella pneumoniae,β-lactámicos,56.71641791,1.2627
Luxembourg,2009,Klebsiella pneumoniae,β-lactámicos,25.0,5.0017
Latvia,2009,Klebsiella pneumoniae,β-lactámicos,54.54545454,1.1782
Malta,2009,Klebsiella pneumoniae,β-lactámicos,0.0,5.8353
Netherlands,2009,Klebsiella pneumoniae,β-lactámicos,5.5,
Norway,2009,Klebsiella pneumoniae,β-lactámicos,2.77777777,0.4435
Poland,2009,Klebsiella pneumoniae,β-lactámicos,48.95104895,
Portugal,2009,Klebsiella pneumoniae,β-lactámicos,27.51798561,2.3439
Romania,2009,Klebsiella pneumoniae,β-lactámicos,,2.962
Sweden,2009,Klebsiella pneumoniae,β-lactámicos,,0.4372
Slovenia,2009,Klebsiella pneumoniae,β-lactámicos,31.21693121,0.8072
United Kingdom,2009,Klebsiella pneumoniae,β-lactámicos,7.17557251,
Austria,2010,Klebsiella pneumoniae,β-lactámicos,12.63888888,
Belgium,2010,Klebsiella pneumoniae,β-lactámicos,12.58741258,1.9615
Bulgaria,2010,Klebsiella pneumoniae,β-lactámicos,75.59055118,3.1002
Cyprus,2010,Klebsiella pneumoniae,β-lactámicos,34.3283582,5.4021
Czechia,2010,Klebsiella pneumoniae,β-lactámicos,48.21852731,
Germany,2010,Klebsiella pneumoniae,β-lactámicos,12.76150627,
Denmark,2010,Klebsiella pneumoniae,β-lactámicos,10.55456171,0.374
Estonia,2010,Klebsiella pneumoniae,β-lactámicos,17.28395061,1.3551
Greece,2010,Klebsiella pneumoniae,β-lactámicos,74.61447212,9.0053
Spain,2010,Klebsiella pneumoniae,β-lactámicos,10.24978466,
Finland,2010,Klebsiella pneumoniae,β-lactámicos,4.0302267,3.2217
France,2010,Klebsiella pneumoniae,β-lactámicos,17.83398184,2.9721
Croatia,2010,Klebsiella pneumoniae,β-lactámicos,55.51601423,3.9408
Hungary,2010,Klebsiella pneumoniae,β-lactámicos,45.8984375,2.2049
Ireland,2010,Klebsiella pneumoniae,β-lactámicos,8.49056603,1.3553
Iceland,2010,Klebsiella pneumoniae,β-lactámicos,3.7037037,0.6113
Italy,2010,Klebsiella pneumoniae,β-lactámicos,46.50499286,2.9164
Lithuania,2010,Klebsiella pneumoniae,β-lactámicos,50.61728395,1.0885
Luxembourg,2010,Klebsiella pneumoniae,β-lactámicos,5.08474576,4.6933
Latvia,2010,Klebsiella pneumoniae,β-lactámicos,54.6875,1.7561
Malta,2010,Klebsiella pneumoniae,β-lactámicos,12.28070175,5.4097
Netherlands,2010,Klebsiella pneumoniae,β-lactámicos,7.17488789,0.1964
Norway,2010,Klebsiella pneumoniae,β-lactámicos,2.08768267,0.4354
Poland,2010,Klebsiella pneumoniae,β-lactámicos,39.65517241,
Portugal,2010,Klebsiella pneumoniae,β-lactámicos,28.27586206,2.2013
Romania,2010,Klebsiella pneumoniae,β-lactámicos,,
Sweden,2010,Klebsiella pneumoniae,β-lactámicos,2.37529691,0.3889
Slovenia,2010,Klebsiella pneumoniae,β-lactámicos,22.44897959,0.746
United Kingdom,2010,Klebsiella pneumoniae,β-lactámicos,9.69044414,
Austria,2011,Klebsiella pneumoniae,β-lactámicos,13.33333333,
Belgium,2011,Klebsiella pneumoniae,β-lactámicos,13.62275449,1.888
Bulgaria,2011,Klebsiella pneumoniae,β-lactámicos,80.99173553,3.3826
Cyprus,2011,Klebsiella pneumoniae,β-lactámicos,40.96385542,3.0697
Czechia,2011,Klebsiella pneumoniae,β-lactámicos,48.25174825,
Germany,2011,Klebsiella pneumoniae,β-lactámicos,12.52408477,
Denmark,2011,Klebsiella pneumoniae,β-lactámicos,11.14599686,0.3712
Estonia,2011,Klebsiella pneumoniae,β-lactámicos,39.53488372,1.5003
Greece,2011,Klebsiella pneumoniae,β-lactámicos,75.79579579,8.2925
Spain,2011,Klebsiella pneumoniae,β-lactámicos,13.36244541,
Finland,2011,Klebsiella pneumoniae,β-lactámicos,2.47524752,3.3349
France,2011,Klebsiella pneumoniae,β-lactámicos,25.3325272,2.8199
Croatia,2011,Klebsiella pneumoniae,β-lactámicos,48.16053511,3.4731
Hungary,2011,Klebsiella pneumoniae,β-lactámicos,53.13225058,2.1785
Ireland,2011,Klebsiella pneumoniae,β-lactámicos,7.56578947,1.3509
Iceland,2011,Klebsiella pneumoniae,β-lactámicos,7.69230769,0.624
Italy,2011,Klebsiella pneumoniae,β-lactámicos,45.93301435,2.8901
Lithuania,2011,Klebsiella pneumoniae,β-lactámicos,60.5839416,1.3205
Luxembourg,2011,Klebsiella pneumoniae,β-lactámicos,35.41666666,4.4414
Latvia,2011,Klebsiella pneumoniae,β-lactámicos,38.46153846,0.5242
Malta,2011,Klebsiella pneumoniae,β-lactámicos,13.46153846,6.0224
Netherlands,2011,Klebsiella pneumoniae,β-lactámicos,6.80507497,0.1981
Norway,2011,Klebsiella pneumoniae,β-lactámicos,2.85035629,0.4299
Poland,2011,Klebsiella pneumoniae,β-lactámicos,59.71223021,
Portugal,2011,Klebsiella pneumoniae,β-lactámicos,35.38961038,2.0434
Romania,2011,Klebsiella pneumoniae,β-lactámicos,44.0,4.0612
Sweden,2011,Klebsiella pneumoniae,β-lactámicos,2.33297985,0.3547
Slovenia,2011,Klebsiella pneumoniae,β-lactámicos,30.17241379,0.6768
Slovakia,2011,Klebsiella pneumoniae,β-lactámicos,68.24034334,3.8805
United Kingdom,2011,Klebsiella pneumoniae,β-lactámicos,5.34759358,
Austria,2012,Klebsiella pneumoniae,β-lactámicos,11.75785797,
Belgium,2012,Klebsiella pneumoniae,β-lactámicos,16.48148148,1.9106
Bulgaria,2012,Klebsiella pneumoniae,β-lactámicos,74.8031496,3.2477
Cyprus,2012,Klebsiella pneumoniae,β-lactámicos,23.07692307,5.3563
Czechia,2012,Klebsiella pneumoniae,β-lactámicos,51.17941386,
Germany,2012,Klebsiella pneumoniae,β-lactámicos,12.95180722,
Denmark,2012,Klebsiella pneumoniae,β-lactámicos,10.46698872,0.3228
Estonia,2012,Klebsiella pneumoniae,β-lactámicos,17.77777777,1.5298
Greece,2012,Klebsiella pneumoniae,β-lactámicos,70.87045921,7.0922
Spain,2012,Klebsiella pneumoniae,β-lactámicos,16.73894189,
Finland,2012,Klebsiella pneumoniae,β-lactámicos,1.67910447,3.2108
France,2012,Klebsiella pneumoniae,β-lactámicos,22.61835184,2.6751
Croatia,2012,Klebsiella pneumoniae,β-lactámicos,52.10843373,4.0686
Hungary,2012,Klebsiella pneumoniae,β-lactámicos,43.0,2.0579
Ireland,2012,Klebsiella pneumoniae,β-lactámicos,9.50920245,1.3831
Iceland,2012,Klebsiella pneumoniae,β-lactámicos,,0.6883
Italy,2012,Klebsiella pneumoniae,β-lactámicos,47.88732394,2.7805
Lithuania,2012,Klebsiella pneumoniae,β-lactámicos,63.97849462,1.4884
Luxembourg,2012,Klebsiella pneumoniae,β-lactámicos,34.0,4.2558
Latvia,2012,Klebsiella pneumoniae,β-lactámicos,62.82051282,1.1129
Malta,2012,Klebsiella pneumoniae,β-lactámicos,26.78571428,5.5131
Netherlands,2012,Klebsiella pneumoniae,β-lactámicos,7.50528541,0.2094
Norway,2012,Klebsiella pneumoniae,β-lactámicos,3.22061191,0.419
Poland,2012,Klebsiella pneumoniae,β-lactámicos,60.49723756,
Portugal,2012,Klebsiella pneumoniae,β-lactámicos,38.66837387,1.95
Romania,2012,Klebsiella pneumoniae,β-lactámicos,60.78431372,4.3611
Sweden,2012,Klebsiella pneumoniae,β-lactámicos,2.86591606,0.3526
Slovenia,2012,Klebsiella pneumoniae,β-lactámicos,28.34645669,0.6124
Slovakia,2012,Klebsiella pneumoniae,β-lactámicos,62.69841269,4.0128
United Kingdom,2012,Klebsiella pneumoniae,β-lactámicos,11.81525241,
Austria,2013,Klebsiella pneumoniae,β-lactámicos,10.73326248,
Belgium,2013,Klebsiella pneumoniae,β-lactámicos,15.31986531,1.9176
Bulgaria,2013,Klebsiella pneumoniae,β-lactámicos,69.56521739,3.5748
Cyprus,2013,Klebsiella pneumoniae,β-lactámicos,30.88235294,4.8523
Czechia,2013,Klebsiella pneumoniae,β-lactámicos,51.97521301,
Germany,2013,Klebsiella pneumoniae,β-lactámicos,16.05744125,
Denmark,2013,Klebsiella pneumoniae,β-lactámicos,11.53119092,0.3857
Estonia,2013,Klebsiella pneumoniae,β-lactámicos,23.33333333,1.6409
Greece,2013,Klebsiella pneumoniae,β-lactámicos,70.11589403,7.9211
Spain,2013,Klebsiella pneumoniae,β-lactámicos,19.8227236,
Finland,2013,Klebsiella pneumoniae,β-lactámicos,2.18181818,3.1894
France,2013,Klebsiella pneumoniae,β-lactámicos,28.01857585,2.5477
Croatia,2013,Klebsiella pneumoniae,β-lactámicos,50.0,3.4708
Hungary,2013,Klebsiella pneumoniae,β-lactámicos,37.34290843,2.1166
Ireland,2013,Klebsiella pneumoniae,β-lactámicos,19.30379746,1.5168
Iceland,2013,Klebsiella pneumoniae,β-lactámicos,0.0,0.7642
Italy,2013,Klebsiella pneumoniae,β-lactámicos,55.10062456,2.8955
Lithuania,2013,Klebsiella pneumoniae,β-lactámicos,44.13793103,1.8363
Luxembourg,2013,Klebsiella pneumoniae,β-lactámicos,33.96226415,4.4091
Latvia,2013,Klebsiella pneumoniae,β-lactámicos,66.30434782,1.1805
Malta,2013,Klebsiella pneumoniae,β-lactámicos,28.35820895,5.7598
Netherlands,2013,Klebsiella pneumoniae,β-lactámicos,7.56859035,0.216
Norway,2013,Klebsiella pneumoniae,β-lactámicos,4.03100775,0.406
Poland,2013,Klebsiella pneumoniae,β-lactámicos,65.15957446,
Portugal,2013,Klebsiella pneumoniae,β-lactámicos,36.99231613,1.8339
Romania,2013,Klebsiella pneumoniae,β-lactámicos,67.28971962,4.8135
Sweden,2013,Klebsiella pneumoniae,β-lactámicos,3.61538461,0.3542
Slovenia,2013,Klebsiella pneumoniae,β-lactámicos,28.97959183,0.5946
Slovakia,2013,Klebsiella pneumoniae,β-lactámicos,66.39344262,5.1499
United Kingdom,2013,Klebsiella pneumoniae,β-lactámicos,13.64902506,0.4835
Austria,2014,Klebsiella pneumoniae,β-lactámicos,8.23293172,
Belgium,2014,Klebsiella pneumoniae,β-lactámicos,16.28865979,1.8033
Bulgaria,2014,Klebsiella pneumoniae,β-lactámicos,74.83443708,4.1718
Cyprus,2014,Klebsiella pneumoniae,β-lactámicos,32.5,4.4708
Czechia,2014,Klebsiella pneumoniae,β-lactámicos,52.92841648,
Germany,2014,Klebsiella pneumoniae,β-lactámicos,12.72365805,
Denmark,2014,Klebsiella pneumoniae,β-lactámicos,7.56756756,0.42
Estonia,2014,Klebsiella pneumoniae,β-lactámicos,20.74074074,1.7022
Greece,2014,Klebsiella pneumoniae,β-lactámicos,72.52747252,7.793
Spain,2014,Klebsiella pneumoniae,β-lactámicos,18.02371541,
Finland,2014,Klebsiella pneumoniae,β-lactámicos,2.40549828,3.1434
France,2014,Klebsiella pneumoniae,β-lactámicos,29.56204379,2.3672
Croatia,2014,Klebsiella pneumoniae,β-lactámicos,47.90419161,3.3302
Hungary,2014,Klebsiella pneumoniae,β-lactámicos,35.55900621,2.1894
Ireland,2014,Klebsiella pneumoniae,β-lactámicos,11.5819209,1.2738
Iceland,2014,Klebsiella pneumoniae,β-lactámicos,0.0,
Italy,2014,Klebsiella pneumoniae,β-lactámicos,56.48218347,2.7476
Lithuania,2014,Klebsiella pneumoniae,β-lactámicos,52.59740259,1.7069
Luxembourg,2014,Klebsiella pneumoniae,β-lactámicos,34.84848484,3.9245
Latvia,2014,Klebsiella pneumoniae,β-lactámicos,52.88461538,1.1443
Malta,2014,Klebsiella pneumoniae,β-lactámicos,28.28282828,4.8077
Netherlands,2014,Klebsiella pneumoniae,β-lactámicos,5.87711487,0.226
Norway,2014,Klebsiella pneumoniae,β-lactámicos,5.89812332,0.3758
Poland,2014,Klebsiella pneumoniae,β-lactámicos,68.17204301,2.7264
Portugal,2014,Klebsiella pneumoniae,β-lactámicos,40.88785046,1.8406
Romania,2014,Klebsiella pneumoniae,β-lactámicos,73.828125,5.3279
Sweden,2014,Klebsiella pneumoniae,β-lactámicos,4.5,0.3096
Slovenia,2014,Klebsiella pneumoniae,β-lactámicos,26.60944206,0.5828
Slovakia,2014,Klebsiella pneumoniae,β-lactámicos,69.37119675,5.0526
United Kingdom,2014,Klebsiella pneumoniae,β-lactámicos,9.30470347,0.4749
Austria,2015,Klebsiella pneumoniae,β-lactámicos,8.38095238,
Belgium,2015,Klebsiella pneumoniae,β-lactámicos,19.70443349,1.8261
Bulgaria,2015,Klebsiella pneumoniae,β-lactámicos,75.0,4.7507
Cyprus,2015,Klebsiella pneumoniae,β-lactámicos,43.54838709,5.2461
Czechia,2015,Klebsiella pneumoniae,β-lactámicos,54.12844036,
Germany,2015,Klebsiella pneumoniae,β-lactámicos,10.24667931,
Denmark,2015,Klebsiella pneumoniae,β-lactámicos,7.7502691,0.3237
Estonia,2015,Klebsiella pneumoniae,β-lactámicos,23.65591397,1.7818
Greece,2015,Klebsiella pneumoniae,β-lactámicos,69.53586497,8.0391
Spain,2015,Klebsiella pneumoniae,β-lactámicos,20.32193158,
Finland,2015,Klebsiella pneumoniae,β-lactámicos,2.95031055,2.9905
France,2015,Klebsiella pneumoniae,β-lactámicos,30.53892215,2.4401
Croatia,2015,Klebsiella pneumoniae,β-lactámicos,46.84210526,3.2824
Hungary,2015,Klebsiella pneumoniae,β-lactámicos,37.21590909,2.3065
Ireland,2015,Klebsiella pneumoniae,β-lactámicos,14.72868217,1.3394
Iceland,2015,Klebsiella pneumoniae,β-lactámicos,0.0,
Italy,2015,Klebsiella pneumoniae,β-lactámicos,55.87793896,2.6893
Lithuania,2015,Klebsiella pneumoniae,β-lactámicos,51.68539325,1.871
Luxembourg,2015,Klebsiella pneumoniae,β-lactámicos,28.33333333,3.9899
Latvia,2015,Klebsiella pneumoniae,β-lactámicos,46.95652173,1.1852
Malta,2015,Klebsiella pneumoniae,β-lactámicos,15.9090909,4.3403
Netherlands,2015,Klebsiella pneumoniae,β-lactámicos,9.43238731,0.2369
Norway,2015,Klebsiella pneumoniae,β-lactámicos,4.99286733,0.3534
Poland,2015,Klebsiella pneumoniae,β-lactámicos,64.20118343,3.2008
Portugal,2015,Klebsiella pneumoniae,β-lactámicos,40.40114613,1.9612
Romania,2015,Klebsiella pneumoniae,β-lactámicos,70.74074074,5.272
Sweden,2015,Klebsiella pneumoniae,β-lactámicos,3.29670329,0.3049
Slovenia,2015,Klebsiella pneumoniae,β-lactámicos,22.78481012,0.6132
Slovakia,2015,Klebsiella pneumoniae,β-lactámicos,67.1641791,5.4468
United Kingdom,2015,Klebsiella pneumoniae,β-lactámicos,10.48034934,0.4324
Austria,2016,Klebsiella pneumoniae,β-lactámicos,9.55823293,
Belgium,2016,Klebsiella pneumoniae,β-lactámicos,22.86995515,1.6934
Bulgaria,2016,Klebsiella pneumoniae,β-lactámicos,72.5,4.9631
Cyprus,2016,Klebsiella pneumoniae,β-lactámicos,30.66666666,5.1691
Czechia,2016,Klebsiella pneumoniae,β-lactámicos,51.80635838,
Germany,2016,Klebsiella pneumoniae,β-lactámicos,13.62451108,
Denmark,2016,Klebsiella pneumoniae,β-lactámicos,7.51341681,0.2938
Estonia,2016,Klebsiella pneumoniae,β-lactámicos,32.78688524,1.7057
Greece,2016,Klebsiella pneumoniae,β-lactámicos,72.48094834,7.9505
Spain,2016,Klebsiella pneumoniae,β-lactámicos,22.36135957,2.6672
Finland,2016,Klebsiella pneumoniae,β-lactámicos,4.07894736,3.0142
France,2016,Klebsiella pneumoniae,β-lactámicos,28.87947631,2.2685
Croatia,2016,Klebsiella pneumoniae,β-lactámicos,48.59813084,2.9935
Hungary,2016,Klebsiella pneumoniae,β-lactámicos,37.53462603,2.3839
Ireland,2016,Klebsiella pneumoniae,β-lactámicos,13.49557522,1.3393
Iceland,2016,Klebsiella pneumoniae,β-lactámicos,0.0,
Italy,2016,Klebsiella pneumoniae,β-lactámicos,55.83259127,2.5582
Lithuania,2016,Klebsiella pneumoniae,β-lactámicos,56.74846625,1.9721
Luxembourg,2016,Klebsiella pneumoniae,β-lactámicos,35.89743589,3.9103
Latvia,2016,Klebsiella pneumoniae,β-lactámicos,47.36842105,1.209
Malta,2016,Klebsiella pneumoniae,β-lactámicos,21.56862745,3.7945
Netherlands,2016,Klebsiella pneumoniae,β-lactámicos,10.53030303,0.2346
Norway,2016,Klebsiella pneumoniae,β-lactámicos,5.79531442,0.3347
Poland,2016,Klebsiella pneumoniae,β-lactámicos,64.44833625,3.1966
Portugal,2016,Klebsiella pneumoniae,β-lactámicos,46.70072371,1.9483
Romania,2016,Klebsiella pneumoniae,β-lactámicos,68.02325581,4.9421
Sweden,2016,Klebsiella pneumoniae,β-lactámicos,4.87963565,0.3027
Slovenia,2016,Klebsiella pneumoniae,β-lactámicos,22.84644194,0.6316
Slovakia,2016,Klebsiella pneumoniae,β-lactámicos,61.29032258,5.3712
United Kingdom,2016,Klebsiella pneumoniae,β-lactámicos,8.86561062,0.3954
Austria,2017,Klebsiella pneumoniae,β-lactámicos,8.58208955,
Belgium,2017,Klebsiella pneumoniae,β-lactámicos,19.30261519,1.5439
Bulgaria,2017,Klebsiella pneumoniae,β-lactámicos,76.33136094,5.2069
Cyprus,2017,Klebsiella pneumoniae,β-lactámicos,46.47887323,5.8056
Czechia,2017,Klebsiella pneumoniae,β-lactámicos,53.19789315,
Germany,2017,Klebsiella pneumoniae,β-lactámicos,14.60819927,
Denmark,2017,Klebsiella pneumoniae,β-lactámicos,7.28888888,0.3292
Estonia,2017,Klebsiella pneumoniae,β-lactámicos,21.11801242,1.7321
Greece,2017,Klebsiella pneumoniae,β-lactámicos,69.16299559,8.2038
Spain,2017,Klebsiella pneumoniae,β-lactámicos,21.28222075,2.673
Finland,2017,Klebsiella pneumoniae,β-lactámicos,4.56989247,2.778
France,2017,Klebsiella pneumoniae,β-lactámicos,28.83817427,1.9172
Croatia,2017,Klebsiella pneumoniae,β-lactámicos,41.74757281,3.0207
Hungary,2017,Klebsiella pneumoniae,β-lactámicos,41.12554112,2.4571
Ireland,2017,Klebsiella pneumoniae,β-lactámicos,14.64435146,1.2673
Iceland,2017,Klebsiella pneumoniae,β-lactámicos,,0.8906
Italy,2017,Klebsiella pneumoniae,β-lactámicos,54.59544383,2.3295
Lithuania,2017,Klebsiella pneumoniae,β-lactámicos,63.19018404,2.0706
Luxembourg,2017,Klebsiella pneumoniae,β-lactámicos,27.27272727,2.8622
Latvia,2017,Klebsiella pneumoniae,β-lactámicos,33.62068965,1.3026
Malta,2017,Klebsiella pneumoniae,β-lactámicos,35.04273504,3.3981
Netherlands,2017,Klebsiella pneumoniae,β-lactámicos,10.91045899,0.2437
Norway,2017,Klebsiella pneumoniae,β-lactámicos,5.76184379,0.3298
Poland,2017,Klebsiella pneumoniae,β-lactámicos,63.0091438,4.6313
Portugal,2017,Klebsiella pneumoniae,β-lactámicos,44.91432737,2.0369
Romania,2017,Klebsiella pneumoniae,β-lactámicos,62.53687315,4.9534
Sweden,2017,Klebsiella pneumoniae,β-lactámicos,5.60928433,0.2431
Slovenia,2017,Klebsiella pneumoniae,β-lactámicos,23.71794871,0.6829
Slovakia,2017,Klebsiella pneumoniae,β-lactámicos,63.18082788,5.0032
United Kingdom,2017,Klebsiella pneumoniae,β-lactámicos,11.36135129,0.398
Austria,2018,Klebsiella pneumoniae,β-lactámicos,8.35380835,
Belgium,2018,Klebsiella pneumoniae,β-lactámicos,21.39037433,1.6211
Bulgaria,2018,Klebsiella pneumoniae,β-lactámicos,77.72020725,5.6185
Cyprus,2018,Klebsiella pneumoniae,β-lactámicos,48.27586206,5.8835
Czechia,2018,Klebsiella pneumoniae,β-lactámicos,50.06747638,
Germany,2018,Klebsiella pneumoniae,β-lactámicos,12.93732695,
Denmark,2018,Klebsiella pneumoniae,β-lactámicos,6.47109577,0.2841
Estonia,2018,Klebsiella pneumoniae,β-lactámicos,13.592233,1.6866
Greece,2018,Klebsiella pneumoniae,β-lactámicos,70.73333333,8.421
Spain,2018,Klebsiella pneumoniae,β-lactámicos,25.47642928,2.7483
Finland,2018,Klebsiella pneumoniae,β-lactámicos,4.47204968,2.9027
France,2018,Klebsiella pneumoniae,β-lactámicos,30.76162215,1.7267
Croatia,2018,Klebsiella pneumoniae,β-lactámicos,44.33962264,3.0521
Hungary,2018,Klebsiella pneumoniae,β-lactámicos,40.21226415,2.4972
Ireland,2018,Klebsiella pneumoniae,β-lactámicos,14.49275362,1.3379
Iceland,2018,Klebsiella pneumoniae,β-lactámicos,,0.8615
Italy,2018,Klebsiella pneumoniae,β-lactámicos,53.58367626,2.5004
Lithuania,2018,Klebsiella pneumoniae,β-lactámicos,55.79514824,2.106
Luxembourg,2018,Klebsiella pneumoniae,β-lactámicos,29.4117647,3.2871
Latvia,2018,Klebsiella pneumoniae,β-lactámicos,37.74509803,1.2226
Malta,2018,Klebsiella pneumoniae,β-lactámicos,53.28467153,2.9381
Netherlands,2018,Klebsiella pneumoniae,β-lactámicos,10.72368421,0.2559
Norway,2018,Klebsiella pneumoniae,β-lactámicos,7.46268656,0.3234
Poland,2018,Klebsiella pneumoniae,β-lactámicos,64.64315012,3.4521
Portugal,2018,Klebsiella pneumoniae,β-lactámicos,49.98061264,2.0131
Romania,2018,Klebsiella pneumoniae,β-lactámicos,61.39954853,5.1711
Sweden,2018,Klebsiella pneumoniae,β-lactámicos,5.50964187,0.2363
Slovenia,2018,Klebsiella pneumoniae,β-lactámicos,14.87889273,0.626
Slovakia,2018,Klebsiella pneumoniae,β-lactámicos,55.93561368,6.701
United Kingdom,2018,Klebsiella pneumoniae,β-lactámicos,12.98977031,0.3823
Austria,2019,Klebsiella pneumoniae,β-lactámicos,10.33182503,1.9211
Belgium,2019,Klebsiella pneumoniae,β-lactámicos,19.49934123,1.5755
Bulgaria,2019,Klebsiella pneumoniae,β-lactámicos,75.65543071,5.4792
Cyprus,2019,Klebsiella pneumoniae,β-lactámicos,48.33333333,6.396
Czechia,2019,Klebsiella pneumoniae,β-lactámicos,50.67178502,2.5424
Germany,2019,Klebsiella pneumoniae,β-lactámicos,12.22716677,
Denmark,2019,Klebsiella pneumoniae,β-lactámicos,6.65064102,0.263
Estonia,2019,Klebsiella pneumoniae,β-lactámicos,10.61452513,1.6934
Greece,2019,Klebsiella pneumoniae,β-lactámicos,66.4516129,8.1122
Spain,2019,Klebsiella pneumoniae,β-lactámicos,25.25041736,2.7597
Finland,2019,Klebsiella pneumoniae,β-lactámicos,6.33640552,2.6317
France,2019,Klebsiella pneumoniae,β-lactámicos,30.17886178,1.6074
Croatia,2019,Klebsiella pneumoniae,β-lactámicos,52.99684542,3.1098
Hungary,2019,Klebsiella pneumoniae,β-lactámicos,36.66300768,2.4429
Ireland,2019,Klebsiella pneumoniae,β-lactámicos,17.64705882,1.3766
Iceland,2019,Klebsiella pneumoniae,β-lactámicos,4.34782608,0.7987
Italy,2019,Klebsiella pneumoniae,β-lactámicos,57.59189505,2.7281
Lithuania,2019,Klebsiella pneumoniae,β-lactámicos,55.0,2.1773
Luxembourg,2019,Klebsiella pneumoniae,β-lactámicos,25.24271844,3.1866
Latvia,2019,Klebsiella pneumoniae,β-lactámicos,36.86868686,1.2716
Malta,2019,Klebsiella pneumoniae,β-lactámicos,37.20930232,3.1156
Netherlands,2019,Klebsiella pneumoniae,β-lactámicos,9.62343096,0.2594
Norway,2019,Klebsiella pneumoniae,β-lactámicos,7.69230769,0.3082
Poland,2019,Klebsiella pneumoniae,β-lactámicos,58.31903945,4.0645
Portugal,2019,Klebsiella pneumoniae,β-lactámicos,47.64553207,2.039
Romania,2019,Klebsiella pneumoniae,β-lactámicos,64.09185803,5.3892
Sweden,2019,Klebsiella pneumoniae,β-lactámicos,8.30083565,0.2233
Slovenia,2019,Klebsiella pneumoniae,β-lactámicos,16.50165016,0.709
Slovakia,2019,Klebsiella pneumoniae,β-lactámicos,57.49318801,5.2639
United Kingdom,2019,Klebsiella pneumoniae,β-lactámicos,13.21142387,0.3728
Austria,2020,Klebsiella pneumoniae,β-lactámicos,7.82918149,1.4526
Belgium,2020,Klebsiella pneumoniae,β-lactámicos,19.7368421,1.1329
Bulgaria,2020,Klebsiella pneumoniae,β-lactámicos,79.11646586,5.2658
Cyprus,2020,Klebsiella pneumoniae,β-lactámicos,54.65116279,6.1889
Czechia,2020,Klebsiella pneumoniae,β-lactámicos,45.86160108,1.9058
Germany,2020,Klebsiella pneumoniae,β-lactámicos,10.92184368,
Denmark,2020,Klebsiella pneumoniae,β-lactámicos,6.01265822,0.2401
Estonia,2020,Klebsiella pneumoniae,β-lactámicos,11.55778894,1.534
Greece,2020,Klebsiella pneumoniae,β-lactámicos,74.51790633,6.3012
Spain,2020,Klebsiella pneumoniae,β-lactámicos,26.6361556,2.3285
Finland,2020,Klebsiella pneumoniae,β-lactámicos,7.21420643,2.2791
France,2020,Klebsiella pneumoniae,β-lactámicos,27.84935579,1.1989
Croatia,2020,Klebsiella pneumoniae,β-lactámicos,52.22222222,2.5925
Hungary,2020,Klebsiella pneumoniae,β-lactámicos,40.38461538,1.8031
Ireland,2020,Klebsiella pneumoniae,β-lactámicos,18.68583162,1.1626
Iceland,2020,Klebsiella pneumoniae,β-lactámicos,0.0,0.7538
Italy,2020,Klebsiella pneumoniae,β-lactámicos,54.33333333,2.1316
Lithuania,2020,Klebsiella pneumoniae,β-lactámicos,42.6150121,1.9919
Luxembourg,2020,Klebsiella pneumoniae,β-lactámicos,26.4367816,2.1552
Latvia,2020,Klebsiella pneumoniae,β-lactámicos,48.40425531,1.0926
Malta,2020,Klebsiella pneumoniae,β-lactámicos,38.63636363,2.2521
Netherlands,2020,Klebsiella pneumoniae,β-lactámicos,11.16678596,0.2564
Norway,2020,Klebsiella pneumoniae,β-lactámicos,10.11396011,0.2823
Poland,2020,Klebsiella pneumoniae,β-lactámicos,62.95955882,2.8537
Portugal,2020,Klebsiella pneumoniae,β-lactámicos,47.57422157,1.7781
Romania,2020,Klebsiella pneumoniae,β-lactámicos,67.9245283,4.4948
Sweden,2020,Klebsiella pneumoniae,β-lactámicos,8.08903365,0.2093
Slovenia,2020,Klebsiella pneumoniae,β-lactámicos,15.80756013,0.6967
Slovakia,2020,Klebsiella pneumoniae,β-lactámicos,54.38596491,3.6893
Austria,2021,Klebsiella pneumoniae,β-lactámicos,9.80842911,1.5237
Belgium,2021,Klebsiella pneumoniae,β-lactámicos,18.89848812,1.143
Bulgaria,2021,Klebsiella pneumoniae,β-lactámicos,81.40495867,6.0953
Cyprus,2021,Klebsiella pneumoniae,β-lactámicos,54.60992907,5.1559
Czechia,2021,Klebsiella pneumoniae,β-lactámicos,49.69097651,2.0083
Germany,2021,Klebsiella pneumoniae,β-lactámicos,10.37014377,
Denmark,2021,Klebsiella pneumoniae,β-lactámicos,5.13029315,0.2308
Estonia,2021,Klebsiella pneumoniae,β-lactámicos,12.76595744,1.3921
Greece,2021,Klebsiella pneumoniae,β-lactámicos,80.36723163,4.9554
Spain,2021,Klebsiella pneumoniae,β-lactámicos,27.55054066,2.3836
Finland,2021,Klebsiella pneumoniae,β-lactámicos,5.56127703,2.1943
France,2021,Klebsiella pneumoniae,β-lactámicos,25.41725316,1.2249
Croatia,2021,Klebsiella pneumoniae,β-lactámicos,62.04986149,2.9605
Hungary,2021,Klebsiella pneumoniae,β-lactámicos,38.64864864,1.7148
Ireland,2021,Klebsiella pneumoniae,β-lactámicos,15.5378486,1.159
Iceland,2021,Klebsiella pneumoniae,β-lactámicos,3.44827586,0.8284
Italy,2021,Klebsiella pneumoniae,β-lactámicos,53.62936772,2.0059
Lithuania,2021,Klebsiella pneumoniae,β-lactámicos,42.96875,1.93
Luxembourg,2021,Klebsiella pneumoniae,β-lactámicos,25.74257425,2.0097
Latvia,2021,Klebsiella pneumoniae,β-lactámicos,35.96837944,0.9918
Malta,2021,Klebsiella pneumoniae,β-lactámicos,28.88888888,1.6529
Netherlands,2021,Klebsiella pneumoniae,β-lactámicos,10.07874015,0.2608
Norway,2021,Klebsiella pneumoniae,β-lactámicos,7.36975857,0.2917
Poland,2021,Klebsiella pneumoniae,β-lactámicos,69.97206703,2.8589
Portugal,2021,Klebsiella pneumoniae,β-lactámicos,45.02130956,1.9226
Romania,2021,Klebsiella pneumoniae,β-lactámicos,70.78651685,4.6526
Sweden,2021,Klebsiella pneumoniae,β-lactámicos,6.95,0.218
Slovenia,2021,Klebsiella pneumoniae,β-lactámicos,21.65242165,0.7866
Slovakia,2021,Klebsiella pneumoniae,β-lactámicos,68.44036697,3.997
Austria,2022,Klebsiella pneumoniae,β-lactámicos,9.57015409,1.6071
Belgium,2022,Klebsiella pneumoniae,β-lactámicos,18.31626848,1.3028
Bulgaria,2022,Klebsiella pneumoniae,β-lactámicos,78.46153846,6.8561
Cyprus,2022,Klebsiella pneumoniae,β-lactámicos,63.81909547,6.4817
Czechia,2022,Klebsiella pneumoniae,β-lactámicos,49.57264957,2.5126
Germany,2022,Klebsiella pneumoniae,β-lactámicos,10.61114842,
Denmark,2022,Klebsiella pneumoniae,β-lactámicos,5.22508038,0.2316
Estonia,2022,Klebsiella pneumoniae,β-lactámicos,14.89361702,1.6714
Greece,2022,Klebsiella pneumoniae,β-lactámicos,78.24639289,7.4593
Spain,2022,Klebsiella pneumoniae,β-lactámicos,26.6848196,2.7698
Finland,2022,Klebsiella pneumoniae,β-lactámicos,4.7858942,2.2219
France,2022,Klebsiella pneumoniae,β-lactámicos,25.03433392,1.419
Croatia,2022,Klebsiella pneumoniae,β-lactámicos,54.200542,3.3279
Hungary,2022,Klebsiella pneumoniae,β-lactámicos,40.74074074,1.9151
Ireland,2022,Klebsiella pneumoniae,β-lactámicos,12.57995735,1.5488
Iceland,2022,Klebsiella pneumoniae,β-lactámicos,3.125,1.0374
Italy,2022,Klebsiella pneumoniae,β-lactámicos,53.2955229,2.5994
Lithuania,2022,Klebsiella pneumoniae,β-lactámicos,39.84526112,2.3909
Luxembourg,2022,Klebsiella pneumoniae,β-lactámicos,18.8034188,2.3815
Latvia,2022,Klebsiella pneumoniae,β-lactámicos,38.67595818,1.228
Malta,2022,Klebsiella pneumoniae,β-lactámicos,27.5,2.9491
Netherlands,2022,Klebsiella pneumoniae,β-lactámicos,9.81949458,0.2581
Norway,2022,Klebsiella pneumoniae,β-lactámicos,6.63198959,0.3105
Poland,2022,Klebsiella pneumoniae,β-lactámicos,61.9330855,3.5353
Portugal,2022,Klebsiella pneumoniae,β-lactámicos,45.20411549,2.2571
Romania,2022,Klebsiella pneumoniae,β-lactámicos,63.5179153,5.0321
Sweden,2022,Klebsiella pneumoniae,β-lactámicos,7.82045349,
Slovenia,2022,Klebsiella pneumoniae,β-lactámicos,20.69892473,0.8486
Slovakia,2022,Klebsiella pneumoniae,β-lactámicos,56.14035087,5.3841
Austria,2023,Klebsiella pneumoniae,β-lactámicos,14.01734104,1.6169
Belgium,2023,Klebsiella pneumoniae,β-lactámicos,19.91828396,1.1753
Bulgaria,2023,Klebsiella pneumoniae,β-lactámicos,81.48148148,7.3742
Cyprus,2023,Klebsiella pneumoniae,β-lactámicos,60.45454545,0.0
Czechia,2023,Klebsiella pneumoniae,β-lactámicos,46.25524266,2.9589
Germany,2023,Klebsiella pneumoniae,β-lactámicos,10.03076923,2.7655
Denmark,2023,Klebsiella pneumoniae,β-lactámicos,5.70975416,0.2111
Estonia,2023,Klebsiella pneumoniae,β-lactámicos,12.95681063,1.5879
Greece,2023,Klebsiella pneumoniae,β-lactámicos,75.60153994,6.6556
Spain,2023,Klebsiella pneumoniae,β-lactámicos,25.25552258,2.9034
Finland,2023,Klebsiella pneumoniae,β-lactámicos,8.66574965,2.1282
Croatia,2023,Klebsiella pneumoniae,β-lactámicos,55.39823008,3.5558
Hungary,2023,Klebsiella pneumoniae,β-lactámicos,42.03655352,2.1414
Ireland,2023,Klebsiella pneumoniae,β-lactámicos,15.96491228,0.7689
Iceland,2023,Klebsiella pneumoniae,β-lactámicos,6.81818181,1.2379
Italy,2023,Klebsiella pneumoniae,β-lactámicos,55.17441018,2.9542
Liechtenstein,2023,Klebsiella pneumoniae,β-lactámicos,,
Lithuania,2023,Klebsiella pneumoniae,β-lactámicos,43.43807763,2.7711
Luxembourg,2023,Klebsiella pneumoniae,β-lactámicos,21.17647058,2.3781
Latvia,2023,Klebsiella pneumoniae,β-lactámicos,41.59663865,1.3224
Malta,2023,Klebsiella pneumoniae,β-lactámicos,25.17006802,2.9924
Netherlands,2023,Klebsiella pneumoniae,β-lactámicos,10.17287234,0.2669
Norway,2023,Klebsiella pneumoniae,β-lactámicos,5.84498094,0.3024
Poland,2023,Klebsiella pneumoniae,β-lactámicos,64.33566433,3.4994
Portugal,2023,Klebsiella pneumoniae,β-lactámicos,50.69056714,2.1391
Romania,2023,Klebsiella pneumoniae,β-lactámicos,69.44444444,5.02
Sweden,2023,Klebsiella pneumoniae,β-lactámicos,9.93071593,
Slovenia,2023,Klebsiella pneumoniae,β-lactámicos,23.00884955,0.7047
Slovakia,2023,Klebsiella pneumoniae,β-lactámicos,52.58064516,4.7648
Austria,2024,Klebsiella pneumoniae,β-lactámicos,14.55509723,1.7557
Belgium,2024,Klebsiella pneumoniae,β-lactámicos,20.99400171,1.0946
Bulgaria,2024,Klebsiella pneumoniae,β-lactámicos,84.33476394,7.0756
Cyprus,2024,Klebsiella pneumoniae,β-lactámicos,68.0981595,5.6648
Czechia,2024,Klebsiella pneumoniae,β-lactámicos,44.1426146,2.3524
Germany,2024,Klebsiella pneumoniae,β-lactámicos,10.71918121,2.4619
Denmark,2024,Klebsiella pneumoniae,β-lactámicos,5.88690937,
Estonia,2024,Klebsiella pneumoniae,β-lactámicos,14.28571428,1.4337
Greece,2024,Klebsiella pneumoniae,β-lactámicos,70.08443908,7.0871
Spain,2024,Klebsiella pneumoniae,β-lactámicos,23.50272232,2.8573
Finland,2024,Klebsiella pneumoniae,β-lactámicos,10.82949308,2.0057
France,2024,Klebsiella pneumoniae,β-lactámicos,27.05733691,1.299
Croatia,2024,Klebsiella pneumoniae,β-lactámicos,62.44979919,3.5088
Hungary,2024,Klebsiella pneumoniae,β-lactámicos,39.79430379,2.2036
Ireland,2024,Klebsiella pneumoniae,β-lactámicos,15.0406504,1.1156
Iceland,2024,Klebsiella pneumoniae,β-lactámicos,4.87804878,1.0417
Italy,2024,Klebsiella pneumoniae,β-lactámicos,52.9297002,2.7984
Liechtenstein,2024,Klebsiella pneumoniae,β-lactámicos,,
Lithuania,2024,Klebsiella pneumoniae,β-lactámicos,47.72413793,2.2005
Luxembourg,2024,Klebsiella pneumoniae,β-lactámicos,20.0,2.3706
Latvia,2024,Klebsiella pneumoniae,β-lactámicos,47.29344729,1.3696
Malta,2024,Klebsiella pneumoniae,β-lactámicos,27.84090909,2.522
Netherlands,2024,Klebsiella pneumoniae,β-lactámicos,12.91946308,0.3006
Norway,2024,Klebsiella pneumoniae,β-lactámicos,6.96902654,0.295
Poland,2024,Klebsiella pneumoniae,β-lactámicos,60.62683643,3.237
Portugal,2024,Klebsiella pneumoniae,β-lactámicos,46.28387442,2.265
Romania,2024,Klebsiella pneumoniae,β-lactámicos,67.00942587,5.5616
Sweden,2024,Klebsiella pneumoniae,β-lactámicos,9.62545308,
Slovenia,2024,Klebsiella pneumoniae,β-lactámicos,19.60227272,0.9779
Slovakia,2024,Klebsiella pneumoniae,β-lactámicos,55.90551181,5.1044
Austria,2005,Klebsiella pneumoniae,Fluoroquinolonas,11.36363636,
Bulgaria,2005,Klebsiella pneumoniae,Fluoroquinolonas,26.47058823,2.2795
Cyprus,2005,Klebsiella pneumoniae,Fluoroquinolonas,,
Czechia,2005,Klebsiella pneumoniae,Fluoroquinolonas,38.0753138,
Germany,2005,Klebsiella pneumoniae,Fluoroquinolonas,5.71428571,
Estonia,2005,Klebsiella pneumoniae,Fluoroquinolonas,0.0,1.0109
Greece,2005,Klebsiella pneumoniae,Fluoroquinolonas,54.40414507,1.8428
Spain,2005,Klebsiella pneumoniae,Fluoroquinolonas,10.71428571,
Finland,2005,Klebsiella pneumoniae,Fluoroquinolonas,3.22580645,1.2408
France,2005,Klebsiella pneumoniae,Fluoroquinolonas,7.15990453,2.5139
Croatia,2005,Klebsiella pneumoniae,Fluoroquinolonas,18.18181818,1.7678
Hungary,2005,Klebsiella pneumoniae,Fluoroquinolonas,20.70175438,2.1566
Ireland,2005,Klebsiella pneumoniae,Fluoroquinolonas,2.5,0.9086
Iceland,2005,Klebsiella pneumoniae,Fluoroquinolonas,0.0,0.7859
Italy,2005,Klebsiella pneumoniae,Fluoroquinolonas,11.32075471,3.33
Malta,2005,Klebsiella pneumoniae,Fluoroquinolonas,,
Netherlands,2005,Klebsiella pneumoniae,Fluoroquinolonas,5.86206896,
Norway,2005,Klebsiella pneumoniae,Fluoroquinolonas,1.16279069,0.5559
Poland,2005,Klebsiella pneumoniae,Fluoroquinolonas,33.96226415,
Portugal,2005,Klebsiella pneumoniae,Fluoroquinolonas,,
Romania,2005,Klebsiella pneumoniae,Fluoroquinolonas,,
Sweden,2005,Klebsiella pneumoniae,Fluoroquinolonas,4.90566037,1.1647
Slovenia,2005,Klebsiella pneumoniae,Fluoroquinolonas,14.1025641,1.4093
United Kingdom,2005,Klebsiella pneumoniae,Fluoroquinolonas,12.09677419,
Austria,2006,Klebsiella pneumoniae,Fluoroquinolonas,8.10185185,
Bulgaria,2006,Klebsiella pneumoniae,Fluoroquinolonas,23.63636363,1.9156
Cyprus,2006,Klebsiella pneumoniae,Fluoroquinolonas,11.53846153,3.8294
Czechia,2006,Klebsiella pneumoniae,Fluoroquinolonas,47.3870682,
Germany,2006,Klebsiella pneumoniae,Fluoroquinolonas,12.24489795,
Denmark,2006,Klebsiella pneumoniae,Fluoroquinolonas,6.07210626,0.5274
Estonia,2006,Klebsiella pneumoniae,Fluoroquinolonas,4.87804878,1.044
Greece,2006,Klebsiella pneumoniae,Fluoroquinolonas,49.64285714,2.1209
Spain,2006,Klebsiella pneumoniae,Fluoroquinolonas,8.34813499,
Finland,2006,Klebsiella pneumoniae,Fluoroquinolonas,3.94736842,1.2398
France,2006,Klebsiella pneumoniae,Fluoroquinolonas,8.52878464,2.5142
Croatia,2006,Klebsiella pneumoniae,Fluoroquinolonas,23.41463414,1.7784
Hungary,2006,Klebsiella pneumoniae,Fluoroquinolonas,13.18681318,2.051
Ireland,2006,Klebsiella pneumoniae,Fluoroquinolonas,15.76354679,1.1371
Iceland,2006,Klebsiella pneumoniae,Fluoroquinolonas,,
Italy,2006,Klebsiella pneumoniae,Fluoroquinolonas,23.05194805,
Lithuania,2006,Klebsiella pneumoniae,Fluoroquinolonas,2.85714285,0.8337
Luxembourg,2006,Klebsiella pneumoniae,Fluoroquinolonas,,2.8281
Latvia,2006,Klebsiella pneumoniae,Fluoroquinolonas,25.92592592,1.3748
Malta,2006,Klebsiella pneumoniae,Fluoroquinolonas,6.25,
Netherlands,2006,Klebsiella pneumoniae,Fluoroquinolonas,4.30839002,
Norway,2006,Klebsiella pneumoniae,Fluoroquinolonas,6.8548387,0.5324
Poland,2006,Klebsiella pneumoniae,Fluoroquinolonas,28.57142857,
Portugal,2006,Klebsiella pneumoniae,Fluoroquinolonas,19.67741935,
Romania,2006,Klebsiella pneumoniae,Fluoroquinolonas,34.48275862,
Sweden,2006,Klebsiella pneumoniae,Fluoroquinolonas,5.19713261,1.1571
Slovenia,2006,Klebsiella pneumoniae,Fluoroquinolonas,21.37931034,1.3318
United Kingdom,2006,Klebsiella pneumoniae,Fluoroquinolonas,12.59842519,
Austria,2007,Klebsiella pneumoniae,Fluoroquinolonas,12.58426966,
Bulgaria,2007,Klebsiella pneumoniae,Fluoroquinolonas,41.37931034,2.0517
Cyprus,2007,Klebsiella pneumoniae,Fluoroquinolonas,23.07692307,3.7679
Czechia,2007,Klebsiella pneumoniae,Fluoroquinolonas,48.45528455,
Germany,2007,Klebsiella pneumoniae,Fluoroquinolonas,9.24855491,
Denmark,2007,Klebsiella pneumoniae,Fluoroquinolonas,13.3697135,0.6263
Estonia,2007,Klebsiella pneumoniae,Fluoroquinolonas,1.78571428,1.0665
Greece,2007,Klebsiella pneumoniae,Fluoroquinolonas,55.06198347,2.9282
Spain,2007,Klebsiella pneumoniae,Fluoroquinolonas,16.69367909,
Finland,2007,Klebsiella pneumoniae,Fluoroquinolonas,0.73260073,1.2765
France,2007,Klebsiella pneumoniae,Fluoroquinolonas,14.04255319,2.6019
Croatia,2007,Klebsiella pneumoniae,Fluoroquinolonas,33.81818181,1.6232
Hungary,2007,Klebsiella pneumoniae,Fluoroquinolonas,22.1875,1.7282
Ireland,2007,Klebsiella pneumoniae,Fluoroquinolonas,16.52173913,1.1609
Iceland,2007,Klebsiella pneumoniae,Fluoroquinolonas,0.0,
Italy,2007,Klebsiella pneumoniae,Fluoroquinolonas,27.29729729,3.7804
Lithuania,2007,Klebsiella pneumoniae,Fluoroquinolonas,7.69230769,1.4567
Luxembourg,2007,Klebsiella pneumoniae,Fluoroquinolonas,11.53846153,3.0669
Latvia,2007,Klebsiella pneumoniae,Fluoroquinolonas,26.92307692,1.3966
Malta,2007,Klebsiella pneumoniae,Fluoroquinolonas,10.71428571,1.8207
Netherlands,2007,Klebsiella pneumoniae,Fluoroquinolonas,4.39330543,
Norway,2007,Klebsiella pneumoniae,Fluoroquinolonas,4.54545454,0.5735
Poland,2007,Klebsiella pneumoniae,Fluoroquinolonas,3.125,
Portugal,2007,Klebsiella pneumoniae,Fluoroquinolonas,18.30601092,
Romania,2007,Klebsiella pneumoniae,Fluoroquinolonas,23.33333333,
Sweden,2007,Klebsiella pneumoniae,Fluoroquinolonas,6.5116279,1.0667
Slovenia,2007,Klebsiella pneumoniae,Fluoroquinolonas,26.47058823,1.3682
United Kingdom,2007,Klebsiella pneumoniae,Fluoroquinolonas,11.84971098,
Austria,2008,Klebsiella pneumoniae,Fluoroquinolonas,11.70395869,
Bulgaria,2008,Klebsiella pneumoniae,Fluoroquinolonas,52.08333333,2.1887
Cyprus,2008,Klebsiella pneumoniae,Fluoroquinolonas,22.58064516,4.2837
Czechia,2008,Klebsiella pneumoniae,Fluoroquinolonas,51.54155495,
Germany,2008,Klebsiella pneumoniae,Fluoroquinolonas,15.31914893,
Denmark,2008,Klebsiella pneumoniae,Fluoroquinolonas,15.96752368,0.7241
Estonia,2008,Klebsiella pneumoniae,Fluoroquinolonas,6.55737704,1.2006
Greece,2008,Klebsiella pneumoniae,Fluoroquinolonas,64.29240862,2.9723
Spain,2008,Klebsiella pneumoniae,Fluoroquinolonas,14.86697965,
Finland,2008,Klebsiella pneumoniae,Fluoroquinolonas,2.09059233,1.1721
France,2008,Klebsiella pneumoniae,Fluoroquinolonas,20.57416267,2.3959
Croatia,2008,Klebsiella pneumoniae,Fluoroquinolonas,43.51851851,1.6729
Hungary,2008,Klebsiella pneumoniae,Fluoroquinolonas,32.87671232,2.0026
Ireland,2008,Klebsiella pneumoniae,Fluoroquinolonas,10.59602649,1.1941
Iceland,2008,Klebsiella pneumoniae,Fluoroquinolonas,8.33333333,
Italy,2008,Klebsiella pneumoniae,Fluoroquinolonas,27.50809061,3.9083
Lithuania,2008,Klebsiella pneumoniae,Fluoroquinolonas,23.07692307,1.5527
Luxembourg,2008,Klebsiella pneumoniae,Fluoroquinolonas,11.76470588,3.0246
Latvia,2008,Klebsiella pneumoniae,Fluoroquinolonas,45.0,1.3476
Malta,2008,Klebsiella pneumoniae,Fluoroquinolonas,8.33333333,1.9242
Netherlands,2008,Klebsiella pneumoniae,Fluoroquinolonas,6.53594771,
Norway,2008,Klebsiella pneumoniae,Fluoroquinolonas,3.74639769,0.6089
Poland,2008,Klebsiella pneumoniae,Fluoroquinolonas,,
Portugal,2008,Klebsiella pneumoniae,Fluoroquinolonas,21.78030303,
Romania,2008,Klebsiella pneumoniae,Fluoroquinolonas,,
Sweden,2008,Klebsiella pneumoniae,Fluoroquinolonas,7.02479338,0.9864
Slovenia,2008,Klebsiella pneumoniae,Fluoroquinolonas,25.477707,1.337
United Kingdom,2008,Klebsiella pneumoniae,Fluoroquinolonas,7.01219512,
Austria,2009,Klebsiella pneumoniae,Fluoroquinolonas,8.4437086,
Belgium,2009,Klebsiella pneumoniae,Fluoroquinolonas,13.38028169,2.8497
Bulgaria,2009,Klebsiella pneumoniae,Fluoroquinolonas,48.42105263,2.0781
Cyprus,2009,Klebsiella pneumoniae,Fluoroquinolonas,43.39622641,4.1013
Czechia,2009,Klebsiella pneumoniae,Fluoroquinolonas,54.27561837,
Germany,2009,Klebsiella pneumoniae,Fluoroquinolonas,14.82254697,
Denmark,2009,Klebsiella pneumoniae,Fluoroquinolonas,16.18204804,0.7287
Estonia,2009,Klebsiella pneumoniae,Fluoroquinolonas,18.96551724,1.0205
Greece,2009,Klebsiella pneumoniae,Fluoroquinolonas,65.62115621,2.8542
Spain,2009,Klebsiella pneumoniae,Fluoroquinolonas,15.78947368,
Finland,2009,Klebsiella pneumoniae,Fluoroquinolonas,3.2,1.2451
France,2009,Klebsiella pneumoniae,Fluoroquinolonas,24.03846153,2.3105
Hungary,2009,Klebsiella pneumoniae,Fluoroquinolonas,33.23943661,2.0449
Ireland,2009,Klebsiella pneumoniae,Fluoroquinolonas,10.79365079,1.0383
Iceland,2009,Klebsiella pneumoniae,Fluoroquinolonas,0.0,
Italy,2009,Klebsiella pneumoniae,Fluoroquinolonas,20.40133779,
Lithuania,2009,Klebsiella pneumoniae,Fluoroquinolonas,37.31343283,1.2214
Luxembourg,2009,Klebsiella pneumoniae,Fluoroquinolonas,21.42857142,3.0735
Latvia,2009,Klebsiella pneumoniae,Fluoroquinolonas,34.09090909,1.1973
Malta,2009,Klebsiella pneumoniae,Fluoroquinolonas,2.63157894,1.8108
Netherlands,2009,Klebsiella pneumoniae,Fluoroquinolonas,4.07124681,
Norway,2009,Klebsiella pneumoniae,Fluoroquinolonas,5.61224489,0.6011
Poland,2009,Klebsiella pneumoniae,Fluoroquinolonas,32.37410071,
Portugal,2009,Klebsiella pneumoniae,Fluoroquinolonas,27.56052141,3.127
Romania,2009,Klebsiella pneumoniae,Fluoroquinolonas,,1.5855
Sweden,2009,Klebsiella pneumoniae,Fluoroquinolonas,,0.9367
Slovenia,2009,Klebsiella pneumoniae,Fluoroquinolonas,26.98412698,1.3119
United Kingdom,2009,Klebsiella pneumoniae,Fluoroquinolonas,5.75757575,
Austria,2010,Klebsiella pneumoniae,Fluoroquinolonas,18.19444444,
Belgium,2010,Klebsiella pneumoniae,Fluoroquinolonas,12.5,2.9328
Bulgaria,2010,Klebsiella pneumoniae,Fluoroquinolonas,52.38095238,2.0854
Cyprus,2010,Klebsiella pneumoniae,Fluoroquinolonas,38.80597014,4.0714
Czechia,2010,Klebsiella pneumoniae,Fluoroquinolonas,55.10688836,
Germany,2010,Klebsiella pneumoniae,Fluoroquinolonas,14.85355648,
Denmark,2010,Klebsiella pneumoniae,Fluoroquinolonas,11.29271916,0.7128
Estonia,2010,Klebsiella pneumoniae,Fluoroquinolonas,25.0,0.9954
Greece,2010,Klebsiella pneumoniae,Fluoroquinolonas,70.88305489,2.8497
Spain,2010,Klebsiella pneumoniae,Fluoroquinolonas,13.60895779,
Finland,2010,Klebsiella pneumoniae,Fluoroquinolonas,2.49376558,1.2158
France,2010,Klebsiella pneumoniae,Fluoroquinolonas,21.80746561,2.2904
Croatia,2010,Klebsiella pneumoniae,Fluoroquinolonas,47.48201438,1.5248
Hungary,2010,Klebsiella pneumoniae,Fluoroquinolonas,42.85714285,2.2388
Ireland,2010,Klebsiella pneumoniae,Fluoroquinolonas,8.17610062,1.0262
Iceland,2010,Klebsiella pneumoniae,Fluoroquinolonas,0.0,1.0153
Italy,2010,Klebsiella pneumoniae,Fluoroquinolonas,38.50574712,3.9236
Lithuania,2010,Klebsiella pneumoniae,Fluoroquinolonas,36.25,1.0847
Luxembourg,2010,Klebsiella pneumoniae,Fluoroquinolonas,6.77966101,3.1134
Latvia,2010,Klebsiella pneumoniae,Fluoroquinolonas,52.38095238,1.2433
Malta,2010,Klebsiella pneumoniae,Fluoroquinolonas,15.78947368,2.0205
Netherlands,2010,Klebsiella pneumoniae,Fluoroquinolonas,6.52418447,0.9871
Norway,2010,Klebsiella pneumoniae,Fluoroquinolonas,7.35294117,0.6325
Poland,2010,Klebsiella pneumoniae,Fluoroquinolonas,33.0316742,
Portugal,2010,Klebsiella pneumoniae,Fluoroquinolonas,31.35888501,3.0611
Romania,2010,Klebsiella pneumoniae,Fluoroquinolonas,,
Sweden,2010,Klebsiella pneumoniae,Fluoroquinolonas,5.79514824,0.9335
Slovenia,2010,Klebsiella pneumoniae,Fluoroquinolonas,25.0,1.3425
United Kingdom,2010,Klebsiella pneumoniae,Fluoroquinolonas,7.421875,
Austria,2011,Klebsiella pneumoniae,Fluoroquinolonas,16.5621079,
Belgium,2011,Klebsiella pneumoniae,Fluoroquinolonas,14.93212669,2.9724
Bulgaria,2011,Klebsiella pneumoniae,Fluoroquinolonas,51.23966942,2.3724
Cyprus,2011,Klebsiella pneumoniae,Fluoroquinolonas,36.14457831,1.9061
Czechia,2011,Klebsiella pneumoniae,Fluoroquinolonas,52.83605283,
Germany,2011,Klebsiella pneumoniae,Fluoroquinolonas,14.06551059,
Denmark,2011,Klebsiella pneumoniae,Fluoroquinolonas,11.59909909,0.7583
Estonia,2011,Klebsiella pneumoniae,Fluoroquinolonas,21.97802197,1.044
Greece,2011,Klebsiella pneumoniae,Fluoroquinolonas,72.2324159,2.8427
Spain,2011,Klebsiella pneumoniae,Fluoroquinolonas,17.03056768,
Finland,2011,Klebsiella pneumoniae,Fluoroquinolonas,2.72277227,1.2859
France,2011,Klebsiella pneumoniae,Fluoroquinolonas,27.98573975,2.0357
Croatia,2011,Klebsiella pneumoniae,Fluoroquinolonas,42.46575342,1.513
Hungary,2011,Klebsiella pneumoniae,Fluoroquinolonas,50.95238095,2.1679
Ireland,2011,Klebsiella pneumoniae,Fluoroquinolonas,8.91089108,1.0458
Iceland,2011,Klebsiella pneumoniae,Fluoroquinolonas,4.16666666,1.0534
Italy,2011,Klebsiella pneumoniae,Fluoroquinolonas,45.72864321,3.8932
Lithuania,2011,Klebsiella pneumoniae,Fluoroquinolonas,54.74452554,1.1902
Luxembourg,2011,Klebsiella pneumoniae,Fluoroquinolonas,33.33333333,3.0932
Latvia,2011,Klebsiella pneumoniae,Fluoroquinolonas,38.09523809,0.7744
Malta,2011,Klebsiella pneumoniae,Fluoroquinolonas,13.46153846,2.059
Netherlands,2011,Klebsiella pneumoniae,Fluoroquinolonas,7.37327188,0.9464
Norway,2011,Klebsiella pneumoniae,Fluoroquinolonas,3.51288056,0.6434
Poland,2011,Klebsiella pneumoniae,Fluoroquinolonas,57.72357723,
Portugal,2011,Klebsiella pneumoniae,Fluoroquinolonas,36.30470016,2.7792
Romania,2011,Klebsiella pneumoniae,Fluoroquinolonas,,3.3878
Sweden,2011,Klebsiella pneumoniae,Fluoroquinolonas,3.81760339,0.9341
Slovenia,2011,Klebsiella pneumoniae,Fluoroquinolonas,35.34482758,1.313
Slovakia,2011,Klebsiella pneumoniae,Fluoroquinolonas,70.75268817,2.4122
United Kingdom,2011,Klebsiella pneumoniae,Fluoroquinolonas,4.56852791,
Austria,2012,Klebsiella pneumoniae,Fluoroquinolonas,15.4402895,
Belgium,2012,Klebsiella pneumoniae,Fluoroquinolonas,17.29323308,2.9993
Bulgaria,2012,Klebsiella pneumoniae,Fluoroquinolonas,47.24409448,2.521
Cyprus,2012,Klebsiella pneumoniae,Fluoroquinolonas,21.53846153,3.5125
Czechia,2012,Klebsiella pneumoniae,Fluoroquinolonas,50.39313795,
Germany,2012,Klebsiella pneumoniae,Fluoroquinolonas,13.72549019,
Denmark,2012,Klebsiella pneumoniae,Fluoroquinolonas,8.82040382,0.7404
Estonia,2012,Klebsiella pneumoniae,Fluoroquinolonas,17.24137931,1.1493
Greece,2012,Klebsiella pneumoniae,Fluoroquinolonas,69.67787114,2.5753
Spain,2012,Klebsiella pneumoniae,Fluoroquinolonas,16.52173913,
Finland,2012,Klebsiella pneumoniae,Fluoroquinolonas,2.0522388,1.1887
France,2012,Klebsiella pneumoniae,Fluoroquinolonas,24.42341809,2.1818
Croatia,2012,Klebsiella pneumoniae,Fluoroquinolonas,42.90030211,1.6802
Hungary,2012,Klebsiella pneumoniae,Fluoroquinolonas,41.64948453,2.1834
Ireland,2012,Klebsiella pneumoniae,Fluoroquinolonas,7.3964497,0.9859
Iceland,2012,Klebsiella pneumoniae,Fluoroquinolonas,,1.0112
Italy,2012,Klebsiella pneumoniae,Fluoroquinolonas,49.94011976,3.9137
Lithuania,2012,Klebsiella pneumoniae,Fluoroquinolonas,55.4347826,1.3694
Luxembourg,2012,Klebsiella pneumoniae,Fluoroquinolonas,32.0,3.0086
Latvia,2012,Klebsiella pneumoniae,Fluoroquinolonas,46.15384615,1.3313
Malta,2012,Klebsiella pneumoniae,Fluoroquinolonas,26.78571428,2.2161
Netherlands,2012,Klebsiella pneumoniae,Fluoroquinolonas,6.65961945,0.9222
Norway,2012,Klebsiella pneumoniae,Fluoroquinolonas,4.02684563,0.6366
Poland,2012,Klebsiella pneumoniae,Fluoroquinolonas,60.16713091,
Portugal,2012,Klebsiella pneumoniae,Fluoroquinolonas,35.77863577,2.5583
Romania,2012,Klebsiella pneumoniae,Fluoroquinolonas,50.0,3.3623
Sweden,2012,Klebsiella pneumoniae,Fluoroquinolonas,3.68474923,0.9082
Slovenia,2012,Klebsiella pneumoniae,Fluoroquinolonas,33.07086614,1.2889
Slovakia,2012,Klebsiella pneumoniae,Fluoroquinolonas,66.75531914,2.1974
United Kingdom,2012,Klebsiella pneumoniae,Fluoroquinolonas,7.43243243,
Austria,2013,Klebsiella pneumoniae,Fluoroquinolonas,15.78378378,
Belgium,2013,Klebsiella pneumoniae,Fluoroquinolonas,22.22222222,2.856
Bulgaria,2013,Klebsiella pneumoniae,Fluoroquinolonas,45.65217391,2.6338
Cyprus,2013,Klebsiella pneumoniae,Fluoroquinolonas,23.52941176,3.983
Czechia,2013,Klebsiella pneumoniae,Fluoroquinolonas,47.71494965,
Germany,2013,Klebsiella pneumoniae,Fluoroquinolonas,15.07936507,
Denmark,2013,Klebsiella pneumoniae,Fluoroquinolonas,8.92448512,0.7014
Estonia,2013,Klebsiella pneumoniae,Fluoroquinolonas,26.66666666,1.0845
Greece,2013,Klebsiella pneumoniae,Fluoroquinolonas,67.5767918,2.2333
Spain,2013,Klebsiella pneumoniae,Fluoroquinolonas,21.83722804,
Finland,2013,Klebsiella pneumoniae,Fluoroquinolonas,2.60707635,1.131
France,2013,Klebsiella pneumoniae,Fluoroquinolonas,29.43632567,2.09
Croatia,2013,Klebsiella pneumoniae,Fluoroquinolonas,43.16353887,1.6614
Hungary,2013,Klebsiella pneumoniae,Fluoroquinolonas,37.65765765,2.3195
Ireland,2013,Klebsiella pneumoniae,Fluoroquinolonas,14.55696202,0.9794
Iceland,2013,Klebsiella pneumoniae,Fluoroquinolonas,0.0,1.1234
Italy,2013,Klebsiella pneumoniae,Fluoroquinolonas,54.4117647,3.9751
Lithuania,2013,Klebsiella pneumoniae,Fluoroquinolonas,45.13888888,1.1287
Luxembourg,2013,Klebsiella pneumoniae,Fluoroquinolonas,22.64150943,2.8779
Latvia,2013,Klebsiella pneumoniae,Fluoroquinolonas,43.18181818,1.3702
Malta,2013,Klebsiella pneumoniae,Fluoroquinolonas,28.35820895,3.1656
Netherlands,2013,Klebsiella pneumoniae,Fluoroquinolonas,7.37937559,0.8677
Norway,2013,Klebsiella pneumoniae,Fluoroquinolonas,4.87012987,0.6075
Poland,2013,Klebsiella pneumoniae,Fluoroquinolonas,70.05347593,
Portugal,2013,Klebsiella pneumoniae,Fluoroquinolonas,35.67508232,2.3421
Romania,2013,Klebsiella pneumoniae,Fluoroquinolonas,51.64319248,3.4686
Sweden,2013,Klebsiella pneumoniae,Fluoroquinolonas,3.93700787,0.8693
Slovenia,2013,Klebsiella pneumoniae,Fluoroquinolonas,32.65306122,1.3069
Slovakia,2013,Klebsiella pneumoniae,Fluoroquinolonas,66.87116564,2.4492
United Kingdom,2013,Klebsiella pneumoniae,Fluoroquinolonas,8.65800865,0.5815
Austria,2014,Klebsiella pneumoniae,Fluoroquinolonas,10.40164778,
Belgium,2014,Klebsiella pneumoniae,Fluoroquinolonas,18.18181818,2.7606
Bulgaria,2014,Klebsiella pneumoniae,Fluoroquinolonas,50.33112582,3.0106
Cyprus,2014,Klebsiella pneumoniae,Fluoroquinolonas,26.25,3.2179
Czechia,2014,Klebsiella pneumoniae,Fluoroquinolonas,47.97395079,
Germany,2014,Klebsiella pneumoniae,Fluoroquinolonas,12.65306122,
Denmark,2014,Klebsiella pneumoniae,Fluoroquinolonas,6.89289501,0.6771
Estonia,2014,Klebsiella pneumoniae,Fluoroquinolonas,21.80451127,1.0863
Greece,2014,Klebsiella pneumoniae,Fluoroquinolonas,67.63875823,2.7745
Spain,2014,Klebsiella pneumoniae,Fluoroquinolonas,18.6413902,
Finland,2014,Klebsiella pneumoniae,Fluoroquinolonas,4.64716006,1.1087
France,2014,Klebsiella pneumoniae,Fluoroquinolonas,30.98850574,1.9899
Croatia,2014,Klebsiella pneumoniae,Fluoroquinolonas,44.84848484,1.696
Hungary,2014,Klebsiella pneumoniae,Fluoroquinolonas,34.94539781,2.6365
Ireland,2014,Klebsiella pneumoniae,Fluoroquinolonas,13.52112676,0.9393
Iceland,2014,Klebsiella pneumoniae,Fluoroquinolonas,3.57142857,
Italy,2014,Klebsiella pneumoniae,Fluoroquinolonas,55.67567567,3.8055
Lithuania,2014,Klebsiella pneumoniae,Fluoroquinolonas,45.45454545,1.074
Luxembourg,2014,Klebsiella pneumoniae,Fluoroquinolonas,31.81818181,2.7778
Latvia,2014,Klebsiella pneumoniae,Fluoroquinolonas,44.8275862,1.3502
Malta,2014,Klebsiella pneumoniae,Fluoroquinolonas,32.32323232,3.4206
Netherlands,2014,Klebsiella pneumoniae,Fluoroquinolonas,4.98664292,0.8924
Norway,2014,Klebsiella pneumoniae,Fluoroquinolonas,6.16621983,0.5698
Poland,2014,Klebsiella pneumoniae,Fluoroquinolonas,67.91208791,1.3515
Portugal,2014,Klebsiella pneumoniae,Fluoroquinolonas,36.50700934,2.2653
Romania,2014,Klebsiella pneumoniae,Fluoroquinolonas,66.53696498,3.7196
Sweden,2014,Klebsiella pneumoniae,Fluoroquinolonas,4.06290956,0.8484
Slovenia,2014,Klebsiella pneumoniae,Fluoroquinolonas,32.61802575,1.3213
Slovakia,2014,Klebsiella pneumoniae,Fluoroquinolonas,70.79107505,0.9214
United Kingdom,2014,Klebsiella pneumoniae,Fluoroquinolonas,7.69911504,0.5865
Austria,2015,Klebsiella pneumoniae,Fluoroquinolonas,11.66180758,
Belgium,2015,Klebsiella pneumoniae,Fluoroquinolonas,22.69129287,2.7807
Bulgaria,2015,Klebsiella pneumoniae,Fluoroquinolonas,37.5,3.0408
Cyprus,2015,Klebsiella pneumoniae,Fluoroquinolonas,37.09677419,4.5551
Czechia,2015,Klebsiella pneumoniae,Fluoroquinolonas,48.87005649,
Germany,2015,Klebsiella pneumoniae,Fluoroquinolonas,9.55696202,
Denmark,2015,Klebsiella pneumoniae,Fluoroquinolonas,5.34759358,0.6618
Estonia,2015,Klebsiella pneumoniae,Fluoroquinolonas,33.87096774,1.0775
Greece,2015,Klebsiella pneumoniae,Fluoroquinolonas,66.40826873,2.8974
Spain,2015,Klebsiella pneumoniae,Fluoroquinolonas,21.55172413,
Finland,2015,Klebsiella pneumoniae,Fluoroquinolonas,3.34346504,0.9874
France,2015,Klebsiella pneumoniae,Fluoroquinolonas,30.66037735,1.8257
Croatia,2015,Klebsiella pneumoniae,Fluoroquinolonas,48.68421052,1.7049
Hungary,2015,Klebsiella pneumoniae,Fluoroquinolonas,36.71428571,2.9199
Ireland,2015,Klebsiella pneumoniae,Fluoroquinolonas,17.01030927,1.032
Iceland,2015,Klebsiella pneumoniae,Fluoroquinolonas,2.85714285,
Italy,2015,Klebsiella pneumoniae,Fluoroquinolonas,53.65,3.8038
Lithuania,2015,Klebsiella pneumoniae,Fluoroquinolonas,45.81005586,1.1822
Luxembourg,2015,Klebsiella pneumoniae,Fluoroquinolonas,20.0,2.6771
Latvia,2015,Klebsiella pneumoniae,Fluoroquinolonas,41.96428571,1.3199
Malta,2015,Klebsiella pneumoniae,Fluoroquinolonas,26.13636363,3.112
Netherlands,2015,Klebsiella pneumoniae,Fluoroquinolonas,7.34557595,0.8704
Norway,2015,Klebsiella pneumoniae,Fluoroquinolonas,5.0,0.5133
Poland,2015,Klebsiella pneumoniae,Fluoroquinolonas,63.88467374,1.5419
Portugal,2015,Klebsiella pneumoniae,Fluoroquinolonas,38.58643744,2.1833
Romania,2015,Klebsiella pneumoniae,Fluoroquinolonas,61.42322097,3.5031
Sweden,2015,Klebsiella pneumoniae,Fluoroquinolonas,4.52039691,0.8431
Slovenia,2015,Klebsiella pneumoniae,Fluoroquinolonas,24.47257383,1.3765
Slovakia,2015,Klebsiella pneumoniae,Fluoroquinolonas,70.04219409,2.7089
United Kingdom,2015,Klebsiella pneumoniae,Fluoroquinolonas,13.25420375,0.5684
Austria,2016,Klebsiella pneumoniae,Fluoroquinolonas,9.79133226,
Belgium,2016,Klebsiella pneumoniae,Fluoroquinolonas,23.61733931,2.6038
Bulgaria,2016,Klebsiella pneumoniae,Fluoroquinolonas,55.625,3.017
Cyprus,2016,Klebsiella pneumoniae,Fluoroquinolonas,32.0,7.0182
Czechia,2016,Klebsiella pneumoniae,Fluoroquinolonas,50.50578034,
Germany,2016,Klebsiella pneumoniae,Fluoroquinolonas,12.64667535,
Denmark,2016,Klebsiella pneumoniae,Fluoroquinolonas,5.29513888,0.6259
Estonia,2016,Klebsiella pneumoniae,Fluoroquinolonas,29.50819672,0.9893
Greece,2016,Klebsiella pneumoniae,Fluoroquinolonas,68.64406779,2.8204
Spain,2016,Klebsiella pneumoniae,Fluoroquinolonas,22.73269689,3.241
Finland,2016,Klebsiella pneumoniae,Fluoroquinolonas,2.73081924,0.9938
France,2016,Klebsiella pneumoniae,Fluoroquinolonas,27.65546543,1.7301
Croatia,2016,Klebsiella pneumoniae,Fluoroquinolonas,43.39622641,1.7002
Hungary,2016,Klebsiella pneumoniae,Fluoroquinolonas,35.20336605,2.584
Ireland,2016,Klebsiella pneumoniae,Fluoroquinolonas,11.25827814,0.9753
Iceland,2016,Klebsiella pneumoniae,Fluoroquinolonas,0.0,
Italy,2016,Klebsiella pneumoniae,Fluoroquinolonas,56.04982206,3.6267
Lithuania,2016,Klebsiella pneumoniae,Fluoroquinolonas,54.62962962,1.1542
Luxembourg,2016,Klebsiella pneumoniae,Fluoroquinolonas,35.89743589,2.6178
Latvia,2016,Klebsiella pneumoniae,Fluoroquinolonas,41.75824175,1.3076
Malta,2016,Klebsiella pneumoniae,Fluoroquinolonas,33.33333333,2.6724
Netherlands,2016,Klebsiella pneumoniae,Fluoroquinolonas,7.12121212,0.8405
Norway,2016,Klebsiella pneumoniae,Fluoroquinolonas,4.33168316,0.463
Poland,2016,Klebsiella pneumoniae,Fluoroquinolonas,66.84539767,1.6201
Portugal,2016,Klebsiella pneumoniae,Fluoroquinolonas,41.70212765,2.0427
Romania,2016,Klebsiella pneumoniae,Fluoroquinolonas,60.81871345,2.8942
Sweden,2016,Klebsiella pneumoniae,Fluoroquinolonas,5.41422048,0.8196
Slovenia,2016,Klebsiella pneumoniae,Fluoroquinolonas,29.58801498,1.3493
Slovakia,2016,Klebsiella pneumoniae,Fluoroquinolonas,66.30901287,2.5506
United Kingdom,2016,Klebsiella pneumoniae,Fluoroquinolonas,7.47847478,0.553
Austria,2017,Klebsiella pneumoniae,Fluoroquinolonas,14.21098517,
Belgium,2017,Klebsiella pneumoniae,Fluoroquinolonas,23.66127023,2.3611
Bulgaria,2017,Klebsiella pneumoniae,Fluoroquinolonas,59.7633136,3.1091
Cyprus,2017,Klebsiella pneumoniae,Fluoroquinolonas,35.2112676,6.2056
Czechia,2017,Klebsiella pneumoniae,Fluoroquinolonas,49.20993227,
Germany,2017,Klebsiella pneumoniae,Fluoroquinolonas,15.32278973,
Denmark,2017,Klebsiella pneumoniae,Fluoroquinolonas,9.1293322,0.5834
Estonia,2017,Klebsiella pneumoniae,Fluoroquinolonas,24.84472049,0.987
Greece,2017,Klebsiella pneumoniae,Fluoroquinolonas,66.93907875,2.8021
Spain,2017,Klebsiella pneumoniae,Fluoroquinolonas,22.54374158,3.1188
Finland,2017,Klebsiella pneumoniae,Fluoroquinolonas,7.93650793,0.8874
France,2017,Klebsiella pneumoniae,Fluoroquinolonas,26.78447678,1.5592
Croatia,2017,Klebsiella pneumoniae,Fluoroquinolonas,40.77669902,1.7304
Hungary,2017,Klebsiella pneumoniae,Fluoroquinolonas,41.45985401,2.6083
Ireland,2017,Klebsiella pneumoniae,Fluoroquinolonas,14.85355648,0.9043
Iceland,2017,Klebsiella pneumoniae,Fluoroquinolonas,,0.9123
Italy,2017,Klebsiella pneumoniae,Fluoroquinolonas,55.73770491,3.0724
Lithuania,2017,Klebsiella pneumoniae,Fluoroquinolonas,64.72392638,1.1074
Luxembourg,2017,Klebsiella pneumoniae,Fluoroquinolonas,28.28282828,2.9601
Latvia,2017,Klebsiella pneumoniae,Fluoroquinolonas,32.75862068,1.2714
Malta,2017,Klebsiella pneumoniae,Fluoroquinolonas,39.31623931,2.4808
Netherlands,2017,Klebsiella pneumoniae,Fluoroquinolonas,11.7293233,0.8198
Norway,2017,Klebsiella pneumoniae,Fluoroquinolonas,10.24327784,0.3995
Poland,2017,Klebsiella pneumoniae,Fluoroquinolonas,66.30581867,1.6613
Portugal,2017,Klebsiella pneumoniae,Fluoroquinolonas,45.6871345,1.8579
Romania,2017,Klebsiella pneumoniae,Fluoroquinolonas,64.09495548,3.249
Sweden,2017,Klebsiella pneumoniae,Fluoroquinolonas,9.76789168,0.7758
Slovenia,2017,Klebsiella pneumoniae,Fluoroquinolonas,30.39215686,1.3093
Slovakia,2017,Klebsiella pneumoniae,Fluoroquinolonas,66.73819742,2.3991
United Kingdom,2017,Klebsiella pneumoniae,Fluoroquinolonas,9.27640279,0.5698
Austria,2018,Klebsiella pneumoniae,Fluoroquinolonas,13.18591318,
Belgium,2018,Klebsiella pneumoniae,Fluoroquinolonas,22.63948497,1.3325
Bulgaria,2018,Klebsiella pneumoniae,Fluoroquinolonas,62.69430051,3.1226
Cyprus,2018,Klebsiella pneumoniae,Fluoroquinolonas,49.42528735,5.2969
Czechia,2018,Klebsiella pneumoniae,Fluoroquinolonas,47.23346828,
Germany,2018,Klebsiella pneumoniae,Fluoroquinolonas,13.35012594,
Denmark,2018,Klebsiella pneumoniae,Fluoroquinolonas,8.52228303,0.5463
Estonia,2018,Klebsiella pneumoniae,Fluoroquinolonas,20.97560975,0.8607
Greece,2018,Klebsiella pneumoniae,Fluoroquinolonas,68.07795698,3.1559
Spain,2018,Klebsiella pneumoniae,Fluoroquinolonas,23.76751427,2.9655
Finland,2018,Klebsiella pneumoniae,Fluoroquinolonas,6.31188118,0.8208
France,2018,Klebsiella pneumoniae,Fluoroquinolonas,30.43043043,1.5275
Croatia,2018,Klebsiella pneumoniae,Fluoroquinolonas,48.62385321,1.7228
Hungary,2018,Klebsiella pneumoniae,Fluoroquinolonas,38.00475059,2.499
Ireland,2018,Klebsiella pneumoniae,Fluoroquinolonas,18.01242236,0.8632
Iceland,2018,Klebsiella pneumoniae,Fluoroquinolonas,,0.9062
Italy,2018,Klebsiella pneumoniae,Fluoroquinolonas,52.67732962,3.0127
Lithuania,2018,Klebsiella pneumoniae,Fluoroquinolonas,56.75675675,1.0648
Luxembourg,2018,Klebsiella pneumoniae,Fluoroquinolonas,24.70588235,2.2104
Latvia,2018,Klebsiella pneumoniae,Fluoroquinolonas,38.5,1.2268
Malta,2018,Klebsiella pneumoniae,Fluoroquinolonas,55.47445255,2.5983
Netherlands,2018,Klebsiella pneumoniae,Fluoroquinolonas,11.63708086,0.8129
Norway,2018,Klebsiella pneumoniae,Fluoroquinolonas,13.06122448,0.3602
Poland,2018,Klebsiella pneumoniae,Fluoroquinolonas,68.18558409,1.6592
Portugal,2018,Klebsiella pneumoniae,Fluoroquinolonas,43.78858024,1.8198
Romania,2018,Klebsiella pneumoniae,Fluoroquinolonas,57.36961451,3.2967
Sweden,2018,Klebsiella pneumoniae,Fluoroquinolonas,10.11959521,0.748
Slovenia,2018,Klebsiella pneumoniae,Fluoroquinolonas,27.33564013,1.3014
Slovakia,2018,Klebsiella pneumoniae,Fluoroquinolonas,60.96579476,2.3434
United Kingdom,2018,Klebsiella pneumoniae,Fluoroquinolonas,13.08928571,0.5701
Austria,2019,Klebsiella pneumoniae,Fluoroquinolonas,15.67445365,0.898
Belgium,2019,Klebsiella pneumoniae,Fluoroquinolonas,19.81505944,0.7304
Bulgaria,2019,Klebsiella pneumoniae,Fluoroquinolonas,60.6741573,3.0808
Cyprus,2019,Klebsiella pneumoniae,Fluoroquinolonas,31.66666666,5.8189
Czechia,2019,Klebsiella pneumoniae,Fluoroquinolonas,48.71959026,0.6852
Germany,2019,Klebsiella pneumoniae,Fluoroquinolonas,13.12831389,
Denmark,2019,Klebsiella pneumoniae,Fluoroquinolonas,9.55180014,0.4924
Estonia,2019,Klebsiella pneumoniae,Fluoroquinolonas,16.20111731,0.774
Greece,2019,Klebsiella pneumoniae,Fluoroquinolonas,66.88102893,3.2378
Spain,2019,Klebsiella pneumoniae,Fluoroquinolonas,23.95789473,2.5264
Finland,2019,Klebsiella pneumoniae,Fluoroquinolonas,7.28323699,0.6194
France,2019,Klebsiella pneumoniae,Fluoroquinolonas,30.89405027,1.3773
Croatia,2019,Klebsiella pneumoniae,Fluoroquinolonas,57.86163522,1.601
Hungary,2019,Klebsiella pneumoniae,Fluoroquinolonas,36.74367436,2.07
Ireland,2019,Klebsiella pneumoniae,Fluoroquinolonas,17.30038022,0.626
Iceland,2019,Klebsiella pneumoniae,Fluoroquinolonas,4.34782608,0.6157
Italy,2019,Klebsiella pneumoniae,Fluoroquinolonas,54.69318772,2.2442
Lithuania,2019,Klebsiella pneumoniae,Fluoroquinolonas,52.05479452,1.0171
Luxembourg,2019,Klebsiella pneumoniae,Fluoroquinolonas,27.18446601,1.7156
Latvia,2019,Klebsiella pneumoniae,Fluoroquinolonas,36.86868686,1.0699
Malta,2019,Klebsiella pneumoniae,Fluoroquinolonas,44.18604651,2.1213
Netherlands,2019,Klebsiella pneumoniae,Fluoroquinolonas,11.10335195,0.7414
Norway,2019,Klebsiella pneumoniae,Fluoroquinolonas,8.77403846,0.3145
Poland,2019,Klebsiella pneumoniae,Fluoroquinolonas,61.25970664,1.5166
Portugal,2019,Klebsiella pneumoniae,Fluoroquinolonas,45.78402366,1.6374
Romania,2019,Klebsiella pneumoniae,Fluoroquinolonas,61.99575371,3.3207
Sweden,2019,Klebsiella pneumoniae,Fluoroquinolonas,10.50866405,0.6937
Slovenia,2019,Klebsiella pneumoniae,Fluoroquinolonas,19.47194719,1.167
Slovakia,2019,Klebsiella pneumoniae,Fluoroquinolonas,56.94822888,1.6627
United Kingdom,2019,Klebsiella pneumoniae,Fluoroquinolonas,12.7687665,0.5146
Austria,2020,Klebsiella pneumoniae,Fluoroquinolonas,11.95748449,0.6995
Belgium,2020,Klebsiella pneumoniae,Fluoroquinolonas,22.83205268,0.5942
Bulgaria,2020,Klebsiella pneumoniae,Fluoroquinolonas,67.06827309,3.8858
Cyprus,2020,Klebsiella pneumoniae,Fluoroquinolonas,50.0,7.3408
Czechia,2020,Klebsiella pneumoniae,Fluoroquinolonas,44.23337856,0.5959
Germany,2020,Klebsiella pneumoniae,Fluoroquinolonas,11.65080954,
Denmark,2020,Klebsiella pneumoniae,Fluoroquinolonas,7.56718528,0.4377
Estonia,2020,Klebsiella pneumoniae,Fluoroquinolonas,17.25888324,0.8824
Greece,2020,Klebsiella pneumoniae,Fluoroquinolonas,74.38016528,2.799
Spain,2020,Klebsiella pneumoniae,Fluoroquinolonas,25.69756975,1.9731
Finland,2020,Klebsiella pneumoniae,Fluoroquinolonas,7.39081746,0.5482
France,2020,Klebsiella pneumoniae,Fluoroquinolonas,28.05438912,1.2457
Croatia,2020,Klebsiella pneumoniae,Fluoroquinolonas,54.10447761,1.4162
Hungary,2020,Klebsiella pneumoniae,Fluoroquinolonas,40.79670329,1.5469
Ireland,2020,Klebsiella pneumoniae,Fluoroquinolonas,17.0781893,0.4774
Iceland,2020,Klebsiella pneumoniae,Fluoroquinolonas,0.0,0.5315
Italy,2020,Klebsiella pneumoniae,Fluoroquinolonas,52.42752769,1.8731
Lithuania,2020,Klebsiella pneumoniae,Fluoroquinolonas,45.27845036,0.9249
Luxembourg,2020,Klebsiella pneumoniae,Fluoroquinolonas,31.03448275,1.3865
Latvia,2020,Klebsiella pneumoniae,Fluoroquinolonas,41.4893617,0.9259
Malta,2020,Klebsiella pneumoniae,Fluoroquinolonas,37.12121212,1.6373
Netherlands,2020,Klebsiella pneumoniae,Fluoroquinolonas,13.11827956,0.7049
Norway,2020,Klebsiella pneumoniae,Fluoroquinolonas,11.20689655,0.2711
Poland,2020,Klebsiella pneumoniae,Fluoroquinolonas,65.16129032,1.2956
Portugal,2020,Klebsiella pneumoniae,Fluoroquinolonas,42.67722202,1.2955
Romania,2020,Klebsiella pneumoniae,Fluoroquinolonas,66.24472573,3.1247
Sweden,2020,Klebsiella pneumoniae,Fluoroquinolonas,10.16393442,0.624
Slovenia,2020,Klebsiella pneumoniae,Fluoroquinolonas,24.74226804,0.9712
Slovakia,2020,Klebsiella pneumoniae,Fluoroquinolonas,53.84615384,1.3167
Austria,2021,Klebsiella pneumoniae,Fluoroquinolonas,12.04911742,0.6327
Belgium,2021,Klebsiella pneumoniae,Fluoroquinolonas,19.00647948,0.5804
Bulgaria,2021,Klebsiella pneumoniae,Fluoroquinolonas,71.07438016,4.5122
Cyprus,2021,Klebsiella pneumoniae,Fluoroquinolonas,49.64539007,4.6942
Czechia,2021,Klebsiella pneumoniae,Fluoroquinolonas,42.76885043,0.597
Germany,2021,Klebsiella pneumoniae,Fluoroquinolonas,10.91560261,
Denmark,2021,Klebsiella pneumoniae,Fluoroquinolonas,7.13224368,0.4167
Estonia,2021,Klebsiella pneumoniae,Fluoroquinolonas,16.59574468,0.7032
Greece,2021,Klebsiella pneumoniae,Fluoroquinolonas,79.97179125,2.3648
Spain,2021,Klebsiella pneumoniae,Fluoroquinolonas,27.72140221,1.8936
Finland,2021,Klebsiella pneumoniae,Fluoroquinolonas,5.45829042,0.4873
France,2021,Klebsiella pneumoniae,Fluoroquinolonas,25.03579464,1.1639
Croatia,2021,Klebsiella pneumoniae,Fluoroquinolonas,63.88888888,1.6774
Hungary,2021,Klebsiella pneumoniae,Fluoroquinolonas,37.77372262,1.5364
Ireland,2021,Klebsiella pneumoniae,Fluoroquinolonas,16.2,0.4263
Iceland,2021,Klebsiella pneumoniae,Fluoroquinolonas,0.0,0.496
Italy,2021,Klebsiella pneumoniae,Fluoroquinolonas,50.74312216,1.7703
Lithuania,2021,Klebsiella pneumoniae,Fluoroquinolonas,38.23529411,0.779
Luxembourg,2021,Klebsiella pneumoniae,Fluoroquinolonas,23.76237623,1.3782
Latvia,2021,Klebsiella pneumoniae,Fluoroquinolonas,30.95238095,0.8139
Malta,2021,Klebsiella pneumoniae,Fluoroquinolonas,34.81481481,1.4692
Netherlands,2021,Klebsiella pneumoniae,Fluoroquinolonas,10.23622047,0.6993
Norway,2021,Klebsiella pneumoniae,Fluoroquinolonas,11.76470588,0.2467
Poland,2021,Klebsiella pneumoniae,Fluoroquinolonas,70.37815126,1.4558
Portugal,2021,Klebsiella pneumoniae,Fluoroquinolonas,41.60246533,1.2575
Romania,2021,Klebsiella pneumoniae,Fluoroquinolonas,67.1641791,3.3309
Sweden,2021,Klebsiella pneumoniae,Fluoroquinolonas,11.06083459,0.6191
Slovenia,2021,Klebsiella pneumoniae,Fluoroquinolonas,24.21652421,0.9776
Slovakia,2021,Klebsiella pneumoniae,Fluoroquinolonas,64.9090909,1.3587
Austria,2022,Klebsiella pneumoniae,Fluoroquinolonas,9.97464074,0.6906
Belgium,2022,Klebsiella pneumoniae,Fluoroquinolonas,20.18038331,0.6132
Bulgaria,2022,Klebsiella pneumoniae,Fluoroquinolonas,65.38461538,3.7299
Cyprus,2022,Klebsiella pneumoniae,Fluoroquinolonas,53.92670157,4.5648
Czechia,2022,Klebsiella pneumoniae,Fluoroquinolonas,43.16239316,0.6276
Germany,2022,Klebsiella pneumoniae,Fluoroquinolonas,11.91723767,
Denmark,2022,Klebsiella pneumoniae,Fluoroquinolonas,7.58364312,0.4412
Estonia,2022,Klebsiella pneumoniae,Fluoroquinolonas,16.17021276,0.7186
Greece,2022,Klebsiella pneumoniae,Fluoroquinolonas,78.69034406,3.3374
Spain,2022,Klebsiella pneumoniae,Fluoroquinolonas,28.83522727,2.1623
Finland,2022,Klebsiella pneumoniae,Fluoroquinolonas,5.66750629,0.5235
France,2022,Klebsiella pneumoniae,Fluoroquinolonas,24.58333333,1.3104
Croatia,2022,Klebsiella pneumoniae,Fluoroquinolonas,53.71900826,1.744
Hungary,2022,Klebsiella pneumoniae,Fluoroquinolonas,39.55928646,1.7732
Ireland,2022,Klebsiella pneumoniae,Fluoroquinolonas,9.87124463,0.4478
Iceland,2022,Klebsiella pneumoniae,Fluoroquinolonas,9.375,0.5046
Italy,2022,Klebsiella pneumoniae,Fluoroquinolonas,48.71015373,1.9736
Lithuania,2022,Klebsiella pneumoniae,Fluoroquinolonas,39.88326848,0.8576
Luxembourg,2022,Klebsiella pneumoniae,Fluoroquinolonas,21.36752136,1.4768
Latvia,2022,Klebsiella pneumoniae,Fluoroquinolonas,33.10104529,0.938
Malta,2022,Klebsiella pneumoniae,Fluoroquinolonas,31.66666666,1.9034
Netherlands,2022,Klebsiella pneumoniae,Fluoroquinolonas,12.63537906,0.732
Norway,2022,Klebsiella pneumoniae,Fluoroquinolonas,10.06535947,0.2441
Poland,2022,Klebsiella pneumoniae,Fluoroquinolonas,60.55182699,1.5
Portugal,2022,Klebsiella pneumoniae,Fluoroquinolonas,40.6930693,1.3809
Romania,2022,Klebsiella pneumoniae,Fluoroquinolonas,60.35598705,3.4759
Sweden,2022,Klebsiella pneumoniae,Fluoroquinolonas,12.34280391,
Slovenia,2022,Klebsiella pneumoniae,Fluoroquinolonas,22.04301075,1.0127
Slovakia,2022,Klebsiella pneumoniae,Fluoroquinolonas,47.92176039,1.4324
Austria,2023,Klebsiella pneumoniae,Fluoroquinolonas,13.89102072,0.7952
Belgium,2023,Klebsiella pneumoniae,Fluoroquinolonas,21.88139059,0.6062
Bulgaria,2023,Klebsiella pneumoniae,Fluoroquinolonas,73.33333333,3.2753
Cyprus,2023,Klebsiella pneumoniae,Fluoroquinolonas,55.0,0.0
Czechia,2023,Klebsiella pneumoniae,Fluoroquinolonas,37.86698621,0.5101
Germany,2023,Klebsiella pneumoniae,Fluoroquinolonas,11.70016027,0.582
Denmark,2023,Klebsiella pneumoniae,Fluoroquinolonas,7.09169054,0.4249
Estonia,2023,Klebsiella pneumoniae,Fluoroquinolonas,16.83501683,0.7017
Greece,2023,Klebsiella pneumoniae,Fluoroquinolonas,76.91597414,3.433
Spain,2023,Klebsiella pneumoniae,Fluoroquinolonas,25.91765081,2.2223
Finland,2023,Klebsiella pneumoniae,Fluoroquinolonas,8.94085281,0.5269
Croatia,2023,Klebsiella pneumoniae,Fluoroquinolonas,56.63716814,1.7605
Hungary,2023,Klebsiella pneumoniae,Fluoroquinolonas,38.01580333,1.6423
Ireland,2023,Klebsiella pneumoniae,Fluoroquinolonas,15.50802139,0.4305
Iceland,2023,Klebsiella pneumoniae,Fluoroquinolonas,11.36363636,0.4703
Italy,2023,Klebsiella pneumoniae,Fluoroquinolonas,50.07750793,1.9316
Liechtenstein,2023,Klebsiella pneumoniae,Fluoroquinolonas,,
Lithuania,2023,Klebsiella pneumoniae,Fluoroquinolonas,42.10526315,0.9443
Luxembourg,2023,Klebsiella pneumoniae,Fluoroquinolonas,18.82352941,1.4612
Latvia,2023,Klebsiella pneumoniae,Fluoroquinolonas,36.59574468,0.8916
Malta,2023,Klebsiella pneumoniae,Fluoroquinolonas,29.25170068,1.7239
Netherlands,2023,Klebsiella pneumoniae,Fluoroquinolonas,11.30319148,0.7518
Norway,2023,Klebsiella pneumoniae,Fluoroquinolonas,11.74968071,0.2355
Poland,2023,Klebsiella pneumoniae,Fluoroquinolonas,63.64795918,1.4264
Portugal,2023,Klebsiella pneumoniae,Fluoroquinolonas,44.18740849,1.4022
Romania,2023,Klebsiella pneumoniae,Fluoroquinolonas,63.95721925,3.4379
Sweden,2023,Klebsiella pneumoniae,Fluoroquinolonas,12.66821345,
Slovenia,2023,Klebsiella pneumoniae,Fluoroquinolonas,27.13864306,1.1001
Slovakia,2023,Klebsiella pneumoniae,Fluoroquinolonas,45.48387096,1.4472
Austria,2024,Klebsiella pneumoniae,Fluoroquinolonas,12.53101736,0.682
Belgium,2024,Klebsiella pneumoniae,Fluoroquinolonas,23.15608919,0.5752
Bulgaria,2024,Klebsiella pneumoniae,Fluoroquinolonas,80.25751072,2.7345
Cyprus,2024,Klebsiella pneumoniae,Fluoroquinolonas,69.9386503,4.8307
Czechia,2024,Klebsiella pneumoniae,Fluoroquinolonas,35.0311262,0.5271
Germany,2024,Klebsiella pneumoniae,Fluoroquinolonas,11.23317769,0.5277
Denmark,2024,Klebsiella pneumoniae,Fluoroquinolonas,8.16181689,
Estonia,2024,Klebsiella pneumoniae,Fluoroquinolonas,13.19444444,0.6399
Greece,2024,Klebsiella pneumoniae,Fluoroquinolonas,69.85125858,3.5137
Spain,2024,Klebsiella pneumoniae,Fluoroquinolonas,28.25221916,2.1524
Finland,2024,Klebsiella pneumoniae,Fluoroquinolonas,7.14285714,0.4905
France,2024,Klebsiella pneumoniae,Fluoroquinolonas,22.63910969,1.1277
Croatia,2024,Klebsiella pneumoniae,Fluoroquinolonas,62.37424547,1.7
Hungary,2024,Klebsiella pneumoniae,Fluoroquinolonas,36.48,1.3584
Ireland,2024,Klebsiella pneumoniae,Fluoroquinolonas,9.69072164,0.3945
Iceland,2024,Klebsiella pneumoniae,Fluoroquinolonas,0.0,0.4436
Italy,2024,Klebsiella pneumoniae,Fluoroquinolonas,47.68478763,1.7812
Liechtenstein,2024,Klebsiella pneumoniae,Fluoroquinolonas,,
Lithuania,2024,Klebsiella pneumoniae,Fluoroquinolonas,44.38280166,0.8766
Luxembourg,2024,Klebsiella pneumoniae,Fluoroquinolonas,15.55555555,1.4648
Latvia,2024,Klebsiella pneumoniae,Fluoroquinolonas,45.58404558,0.8309
Malta,2024,Klebsiella pneumoniae,Fluoroquinolonas,31.25,1.7481
Netherlands,2024,Klebsiella pneumoniae,Fluoroquinolonas,14.51612903,0.74
Norway,2024,Klebsiella pneumoniae,Fluoroquinolonas,11.33333333,0.2202
Poland,2024,Klebsiella pneumoniae,Fluoroquinolonas,57.37623762,1.3681
Portugal,2024,Klebsiella pneumoniae,Fluoroquinolonas,39.5669824,1.4223
Romania,2024,Klebsiella pneumoniae,Fluoroquinolonas,64.51335055,2.841
Sweden,2024,Klebsiella pneumoniae,Fluoroquinolonas,13.55177993,
Slovenia,2024,Klebsiella pneumoniae,Fluoroquinolonas,20.73863636,1.0563
Slovakia,2024,Klebsiella pneumoniae,Fluoroquinolonas,50.13192612,1.3743
