year,country,atc_group,ddd_per_1000_inhabitants_per_day,bacteria,antibiotic_group,resistance_percentage
2012,Belgium,J01D,1.9106,Escherichia coli,Carbapenems,0.02427773
2012,Belgium,J01D,1.9106,Escherichia coli,Third-generation cephalosporins,6.88308518
2012,Belgium,J01D,1.9106,Klebsiella pneumoniae,Carbapenems,0.73394495
2012,Belgium,J01D,1.9106,Klebsiella pneumoniae,Third-generation cephalosporins,16.48148148
2012,Bulgaria,J01D,3.2477,Acinetobacter spp.,Carbapenems,60.34482758
2012,Bulgaria,J01D,3.2477,Escherichia coli,Carbapenems,2.61780104
2012,Bulgaria,J01D,3.2477,Escherichia coli,Third-generation cephalosporins,38.11659192
2012,Bulgaria,J01D,3.2477,Klebsiella pneumoniae,Carbapenems,1.85185185
2012,Bulgaria,J01D,3.2477,Klebsiella pneumoniae,Third-generation cephalosporins,74.8031496
2012,Croatia,J01D,4.0686,Escherichia coli,Carbapenems,0.0
2012,Croatia,J01D,4.0686,Escherichia coli,Third-generation cephalosporins,7.61589403
2012,Croatia,J01D,4.0686,Klebsiella pneumoniae,Carbapenems,0.0
2012,Croatia,J01D,4.0686,Klebsiella pneumoniae,Third-generation cephalosporins,52.10843373
2012,Cyprus,J01D,5.3563,Acinetobacter spp.,Carbapenems,56.52173913
2012,Cyprus,J01D,5.3563,Escherichia coli,Carbapenems,0.0
2012,Cyprus,J01D,5.3563,Escherichia coli,Third-generation cephalosporins,31.81818181
2012,Cyprus,J01D,5.3563,Klebsiella pneumoniae,Carbapenems,9.23076923
2012,Cyprus,J01D,5.3563,Klebsiella pneumoniae,Third-generation cephalosporins,23.07692307
2012,Denmark,J01D,0.3228,Acinetobacter spp.,Carbapenems,9.375
2012,Denmark,J01D,0.3228,Escherichia coli,Carbapenems,0.0
2012,Denmark,J01D,0.3228,Escherichia coli,Third-generation cephalosporins,7.860262
2012,Denmark,J01D,0.3228,Klebsiella pneumoniae,Carbapenems,0.29411764
2012,Denmark,J01D,0.3228,Klebsiella pneumoniae,Third-generation cephalosporins,10.46698872
2012,Estonia,J01D,1.5298,Escherichia coli,Carbapenems,0.0
2012,Estonia,J01D,1.5298,Escherichia coli,Third-generation cephalosporins,7.86885245
2012,Estonia,J01D,1.5298,Klebsiella pneumoniae,Carbapenems,1.26582278
2012,Estonia,J01D,1.5298,Klebsiella pneumoniae,Third-generation cephalosporins,17.77777777
2012,Finland,J01D,3.2108,Escherichia coli,Carbapenems,0.0
2012,Finland,J01D,3.2108,Escherichia coli,Third-generation cephalosporins,6.19860847
2012,Finland,J01D,3.2108,Klebsiella pneumoniae,Carbapenems,0.0
2012,Finland,J01D,3.2108,Klebsiella pneumoniae,Third-generation cephalosporins,1.67910447
2012,France,J01D,2.6751,Acinetobacter spp.,Carbapenems,3.34190231
2012,France,J01D,2.6751,Escherichia coli,Carbapenems,0.0
2012,France,J01D,2.6751,Escherichia coli,Third-generation cephalosporins,9.95503503
2012,France,J01D,2.6751,Klebsiella pneumoniae,Carbapenems,0.49170251
2012,France,J01D,2.6751,Klebsiella pneumoniae,Third-generation cephalosporins,22.61835184
2012,Greece,J01D,7.0922,Acinetobacter spp.,Carbapenems,87.79904306
2012,Greece,J01D,7.0922,Escherichia coli,Carbapenems,1.43266475
2012,Greece,J01D,7.0922,Escherichia coli,Third-generation cephalosporins,16.22397702
2012,Greece,J01D,7.0922,Klebsiella pneumoniae,Carbapenems,60.47945205
2012,Greece,J01D,7.0922,Klebsiella pneumoniae,Third-generation cephalosporins,70.87045921
2012,Hungary,J01D,2.0579,Acinetobacter spp.,Carbapenems,48.0861244
2012,Hungary,J01D,2.0579,Escherichia coli,Carbapenems,0.0
2012,Hungary,J01D,2.0579,Escherichia coli,Third-generation cephalosporins,17.43444365
2012,Hungary,J01D,2.0579,Klebsiella pneumoniae,Carbapenems,2.91060291
2012,Hungary,J01D,2.0579,Klebsiella pneumoniae,Third-generation cephalosporins,43.0
2012,Ireland,J01D,1.3831,Escherichia coli,Carbapenems,0.0
2012,Ireland,J01D,1.3831,Escherichia coli,Third-generation cephalosporins,9.17832167
2012,Ireland,J01D,1.3831,Klebsiella pneumoniae,Carbapenems,0.0
2012,Ireland,J01D,1.3831,Klebsiella pneumoniae,Third-generation cephalosporins,9.50920245
2012,Italy,J01D,2.7805,Acinetobacter spp.,Carbapenems,83.11688311
2012,Italy,J01D,2.7805,Escherichia coli,Carbapenems,0.26481297
2012,Italy,J01D,2.7805,Escherichia coli,Third-generation cephalosporins,26.29295962
2012,Italy,J01D,2.7805,Klebsiella pneumoniae,Carbapenems,29.11242603
2012,Italy,J01D,2.7805,Klebsiella pneumoniae,Third-generation cephalosporins,47.88732394
2012,Iceland,J01D,0.6883,Acinetobacter spp.,Carbapenems,
2012,Iceland,J01D,0.6883,Escherichia coli,Third-generation cephalosporins,5.07246376
2012,Iceland,J01D,0.6883,Klebsiella pneumoniae,Third-generation cephalosporins,
2012,Lithuania,J01D,1.4884,Escherichia coli,Carbapenems,0.0
2012,Lithuania,J01D,1.4884,Escherichia coli,Third-generation cephalosporins,4.76190476
2012,Lithuania,J01D,1.4884,Klebsiella pneumoniae,Carbapenems,0.0
2012,Lithuania,J01D,1.4884,Klebsiella pneumoniae,Third-generation cephalosporins,63.97849462
2012,Luxembourg,J01D,4.2558,Acinetobacter spp.,Carbapenems,
2012,Luxembourg,J01D,4.2558,Escherichia coli,Carbapenems,0.0
2012,Luxembourg,J01D,4.2558,Escherichia coli,Third-generation cephalosporins,11.3772455
2012,Luxembourg,J01D,4.2558,Klebsiella pneumoniae,Carbapenems,0.0
2012,Luxembourg,J01D,4.2558,Klebsiella pneumoniae,Third-generation cephalosporins,34.0
2012,Latvia,J01D,1.1129,Escherichia coli,Carbapenems,0.0
2012,Latvia,J01D,1.1129,Escherichia coli,Third-generation cephalosporins,12.98701298
2012,Latvia,J01D,1.1129,Klebsiella pneumoniae,Carbapenems,0.0
2012,Latvia,J01D,1.1129,Klebsiella pneumoniae,Third-generation cephalosporins,62.82051282
2012,Malta,J01D,5.5131,Acinetobacter spp.,Carbapenems,
2012,Malta,J01D,5.5131,Escherichia coli,Carbapenems,0.0
2012,Malta,J01D,5.5131,Escherichia coli,Third-generation cephalosporins,12.91866028
2012,Malta,J01D,5.5131,Klebsiella pneumoniae,Carbapenems,3.57142857
2012,Malta,J01D,5.5131,Klebsiella pneumoniae,Third-generation cephalosporins,26.78571428
2012,Netherlands,J01D,0.2094,Acinetobacter spp.,Carbapenems,5.81395348
2012,Netherlands,J01D,0.2094,Escherichia coli,Carbapenems,0.13538669
2012,Netherlands,J01D,0.2094,Escherichia coli,Third-generation cephalosporins,6.07753512
2012,Netherlands,J01D,0.2094,Klebsiella pneumoniae,Carbapenems,0.10570824
2012,Netherlands,J01D,0.2094,Klebsiella pneumoniae,Third-generation cephalosporins,7.50528541
2012,Norway,J01D,0.419,Acinetobacter spp.,Carbapenems,0.0
2012,Norway,J01D,0.419,Escherichia coli,Carbapenems,0.0
2012,Norway,J01D,0.419,Escherichia coli,Third-generation cephalosporins,4.90228552
2012,Norway,J01D,0.419,Klebsiella pneumoniae,Carbapenems,0.48154093
2012,Norway,J01D,0.419,Klebsiella pneumoniae,Third-generation cephalosporins,3.22061191
2012,Portugal,J01D,1.95,Acinetobacter spp.,Carbapenems,79.16666666
2012,Portugal,J01D,1.95,Escherichia coli,Carbapenems,0.14698677
2012,Portugal,J01D,1.95,Escherichia coli,Third-generation cephalosporins,13.5097493
2012,Portugal,J01D,1.95,Klebsiella pneumoniae,Carbapenems,0.66755674
2012,Portugal,J01D,1.95,Klebsiella pneumoniae,Third-generation cephalosporins,38.66837387
2012,Romania,J01D,4.3611,Acinetobacter spp.,Carbapenems,81.48148148
2012,Romania,J01D,4.3611,Escherichia coli,Carbapenems,0.0
2012,Romania,J01D,4.3611,Escherichia coli,Third-generation cephalosporins,25.13089005
2012,Romania,J01D,4.3611,Klebsiella pneumoniae,Carbapenems,13.72549019
2012,Romania,J01D,4.3611,Klebsiella pneumoniae,Third-generation cephalosporins,60.78431372
2012,Slovenia,J01D,0.6124,Acinetobacter spp.,Carbapenems,24.0
2012,Slovenia,J01D,0.6124,Escherichia coli,Carbapenems,0.0
2012,Slovenia,J01D,0.6124,Escherichia coli,Third-generation cephalosporins,9.50342465
2012,Slovenia,J01D,0.6124,Klebsiella pneumoniae,Carbapenems,0.39370078
2012,Slovenia,J01D,0.6124,Klebsiella pneumoniae,Third-generation cephalosporins,28.34645669
2012,Slovakia,J01D,4.0128,Escherichia coli,Carbapenems,1.06221547
2012,Slovakia,J01D,4.0128,Escherichia coli,Third-generation cephalosporins,30.73593073
2012,Slovakia,J01D,4.0128,Klebsiella pneumoniae,Carbapenems,6.34441087
2012,Slovakia,J01D,4.0128,Klebsiella pneumoniae,Third-generation cephalosporins,62.69841269
2012,Sweden,J01D,0.3526,Escherichia coli,Carbapenems,0.01808645
2012,Sweden,J01D,0.3526,Escherichia coli,Third-generation cephalosporins,4.4608994
2012,Sweden,J01D,0.3526,Klebsiella pneumoniae,Carbapenems,0.10235414
2012,Sweden,J01D,0.3526,Klebsiella pneumoniae,Third-generation cephalosporins,2.86591606
2013,Belgium,J01D,1.9176,Acinetobacter spp.,Carbapenems,
2013,Belgium,J01D,1.9176,Escherichia coli,Carbapenems,0.04710315
2013,Belgium,J01D,1.9176,Escherichia coli,Third-generation cephalosporins,7.99802517
2013,Belgium,J01D,1.9176,Klebsiella pneumoniae,Carbapenems,0.32362459
2013,Belgium,J01D,1.9176,Klebsiella pneumoniae,Third-generation cephalosporins,15.31986531
2013,Bulgaria,J01D,3.5748,Acinetobacter spp.,Carbapenems,59.55056179
2013,Bulgaria,J01D,3.5748,Escherichia coli,Carbapenems,2.84090909
2013,Bulgaria,J01D,3.5748,Escherichia coli,Third-generation cephalosporins,39.57219251
2013,Bulgaria,J01D,3.5748,Klebsiella pneumoniae,Carbapenems,0.0
2013,Bulgaria,J01D,3.5748,Klebsiella pneumoniae,Third-generation cephalosporins,69.56521739
2013,Croatia,J01D,3.4708,Acinetobacter spp.,Carbapenems,89.47368421
2013,Croatia,J01D,3.4708,Escherichia coli,Carbapenems,0.0
2013,Croatia,J01D,3.4708,Escherichia coli,Third-generation cephalosporins,8.75
2013,Croatia,J01D,3.4708,Klebsiella pneumoniae,Carbapenems,0.53191489
2013,Croatia,J01D,3.4708,Klebsiella pneumoniae,Third-generation cephalosporins,50.0
2013,Cyprus,J01D,4.8523,Acinetobacter spp.,Carbapenems,60.6060606
2013,Cyprus,J01D,4.8523,Escherichia coli,Carbapenems,0.0
2013,Cyprus,J01D,4.8523,Escherichia coli,Third-generation cephalosporins,38.88888888
2013,Cyprus,J01D,4.8523,Klebsiella pneumoniae,Carbapenems,5.88235294
2013,Cyprus,J01D,4.8523,Klebsiella pneumoniae,Third-generation cephalosporins,30.88235294
2013,Denmark,J01D,0.3857,Acinetobacter spp.,Carbapenems,1.63934426
2013,Denmark,J01D,0.3857,Escherichia coli,Carbapenems,0.03531073
2013,Denmark,J01D,0.3857,Escherichia coli,Third-generation cephalosporins,8.07833537
2013,Denmark,J01D,0.3857,Klebsiella pneumoniae,Carbapenems,0.15503875
2013,Denmark,J01D,0.3857,Klebsiella pneumoniae,Third-generation cephalosporins,11.53119092
2013,Estonia,J01D,1.6409,Escherichia coli,Carbapenems,0.0
2013,Estonia,J01D,1.6409,Escherichia coli,Third-generation cephalosporins,7.35294117
2013,Estonia,J01D,1.6409,Klebsiella pneumoniae,Carbapenems,2.7027027
2013,Estonia,J01D,1.6409,Klebsiella pneumoniae,Third-generation cephalosporins,23.33333333
2013,Finland,J01D,3.1894,Acinetobacter spp.,Carbapenems,0.0
2013,Finland,J01D,3.1894,Escherichia coli,Carbapenems,0.0
2013,Finland,J01D,3.1894,Escherichia coli,Third-generation cephalosporins,7.06989247
2013,Finland,J01D,3.1894,Klebsiella pneumoniae,Carbapenems,0.0
2013,Finland,J01D,3.1894,Klebsiella pneumoniae,Third-generation cephalosporins,2.18181818
2013,France,J01D,2.5477,Acinetobacter spp.,Carbapenems,5.91133004
2013,France,J01D,2.5477,Escherichia coli,Carbapenems,0.11476264
2013,France,J01D,2.5477,Escherichia coli,Third-generation cephalosporins,9.52334055
2013,France,J01D,2.5477,Klebsiella pneumoniae,Carbapenems,0.65146579
2013,France,J01D,2.5477,Klebsiella pneumoniae,Third-generation cephalosporins,28.01857585
2013,Greece,J01D,7.9211,Acinetobacter spp.,Carbapenems,90.56603773
2013,Greece,J01D,7.9211,Escherichia coli,Carbapenems,1.35350318
2013,Greece,J01D,7.9211,Escherichia coli,Third-generation cephalosporins,17.21115537
2013,Greece,J01D,7.9211,Klebsiella pneumoniae,Carbapenems,59.3879239
2013,Greece,J01D,7.9211,Klebsiella pneumoniae,Third-generation cephalosporins,70.11589403
2013,Hungary,J01D,2.1166,Acinetobacter spp.,Carbapenems,50.1039501
2013,Hungary,J01D,2.1166,Escherichia coli,Carbapenems,0.14760147
2013,Hungary,J01D,2.1166,Escherichia coli,Third-generation cephalosporins,18.85873347
2013,Hungary,J01D,2.1166,Klebsiella pneumoniae,Carbapenems,1.69491525
2013,Hungary,J01D,2.1166,Klebsiella pneumoniae,Third-generation cephalosporins,37.34290843
2013,Ireland,J01D,1.5168,Acinetobacter spp.,Carbapenems,2.35294117
2013,Ireland,J01D,1.5168,Escherichia coli,Carbapenems,0.04038772
2013,Ireland,J01D,1.5168,Escherichia coli,Third-generation cephalosporins,10.64516129
2013,Ireland,J01D,1.5168,Klebsiella pneumoniae,Carbapenems,0.31545741
2013,Ireland,J01D,1.5168,Klebsiella pneumoniae,Third-generation cephalosporins,19.30379746
2013,Italy,J01D,2.8955,Acinetobacter spp.,Carbapenems,79.48717948
2013,Italy,J01D,2.8955,Escherichia coli,Carbapenems,0.62672348
2013,Italy,J01D,2.8955,Escherichia coli,Third-generation cephalosporins,26.19047619
2013,Italy,J01D,2.8955,Klebsiella pneumoniae,Carbapenems,34.34273916
2013,Italy,J01D,2.8955,Klebsiella pneumoniae,Third-generation cephalosporins,55.10062456
2013,Iceland,J01D,0.7642,Escherichia coli,Carbapenems,
2013,Iceland,J01D,0.7642,Escherichia coli,Third-generation cephalosporins,4.95867768
2013,Iceland,J01D,0.7642,Klebsiella pneumoniae,Third-generation cephalosporins,0.0
2013,Lithuania,J01D,1.8363,Escherichia coli,Carbapenems,0.0
2013,Lithuania,J01D,1.8363,Escherichia coli,Third-generation cephalosporins,7.60368663
2013,Lithuania,J01D,1.8363,Klebsiella pneumoniae,Carbapenems,0.0
2013,Lithuania,J01D,1.8363,Klebsiella pneumoniae,Third-generation cephalosporins,44.13793103
2013,Luxembourg,J01D,4.4091,Acinetobacter spp.,Carbapenems,
2013,Luxembourg,J01D,4.4091,Escherichia coli,Carbapenems,0.0
2013,Luxembourg,J01D,4.4091,Escherichia coli,Third-generation cephalosporins,10.63122923
2013,Luxembourg,J01D,4.4091,Klebsiella pneumoniae,Carbapenems,1.88679245
2013,Luxembourg,J01D,4.4091,Klebsiella pneumoniae,Third-generation cephalosporins,33.96226415
2013,Latvia,J01D,1.1805,Escherichia coli,Carbapenems,0.0
2013,Latvia,J01D,1.1805,Escherichia coli,Third-generation cephalosporins,13.97058823
2013,Latvia,J01D,1.1805,Klebsiella pneumoniae,Carbapenems,0.0
2013,Latvia,J01D,1.1805,Klebsiella pneumoniae,Third-generation cephalosporins,66.30434782
2013,Malta,J01D,5.7598,Acinetobacter spp.,Carbapenems,
2013,Malta,J01D,5.7598,Escherichia coli,Carbapenems,0.0
2013,Malta,J01D,5.7598,Escherichia coli,Third-generation cephalosporins,8.67768595
2013,Malta,J01D,5.7598,Klebsiella pneumoniae,Carbapenems,5.97014925
2013,Malta,J01D,5.7598,Klebsiella pneumoniae,Third-generation cephalosporins,28.35820895
2013,Netherlands,J01D,0.216,Acinetobacter spp.,Carbapenems,1.05263157
2013,Netherlands,J01D,0.216,Escherichia coli,Carbapenems,0.0
2013,Netherlands,J01D,0.216,Escherichia coli,Third-generation cephalosporins,6.07651912
2013,Netherlands,J01D,0.216,Klebsiella pneumoniae,Carbapenems,0.18957345
2013,Netherlands,J01D,0.216,Klebsiella pneumoniae,Third-generation cephalosporins,7.56859035
2013,Norway,J01D,0.406,Acinetobacter spp.,Carbapenems,0.0
2013,Norway,J01D,0.406,Escherichia coli,Carbapenems,0.06495615
2013,Norway,J01D,0.406,Escherichia coli,Third-generation cephalosporins,5.52486187
2013,Norway,J01D,0.406,Klebsiella pneumoniae,Carbapenems,0.15503875
2013,Norway,J01D,0.406,Klebsiella pneumoniae,Third-generation cephalosporins,4.03100775
2013,Portugal,J01D,1.8339,Acinetobacter spp.,Carbapenems,68.99563318
2013,Portugal,J01D,1.8339,Escherichia coli,Carbapenems,0.11244377
2013,Portugal,J01D,1.8339,Escherichia coli,Third-generation cephalosporins,14.93651979
2013,Portugal,J01D,1.8339,Klebsiella pneumoniae,Carbapenems,1.7699115
2013,Portugal,J01D,1.8339,Klebsiella pneumoniae,Third-generation cephalosporins,36.99231613
2013,Romania,J01D,4.8135,Acinetobacter spp.,Carbapenems,85.40145985
2013,Romania,J01D,4.8135,Escherichia coli,Carbapenems,0.0
2013,Romania,J01D,4.8135,Escherichia coli,Third-generation cephalosporins,22.81879194
2013,Romania,J01D,4.8135,Klebsiella pneumoniae,Carbapenems,20.46511627
2013,Romania,J01D,4.8135,Klebsiella pneumoniae,Third-generation cephalosporins,67.28971962
2013,Slovenia,J01D,0.5946,Acinetobacter spp.,Carbapenems,24.0
2013,Slovenia,J01D,0.5946,Escherichia coli,Carbapenems,0.08169934
2013,Slovenia,J01D,0.5946,Escherichia coli,Third-generation cephalosporins,8.74183006
2013,Slovenia,J01D,0.5946,Klebsiella pneumoniae,Carbapenems,0.40816326
2013,Slovenia,J01D,0.5946,Klebsiella pneumoniae,Third-generation cephalosporins,28.97959183
2013,Slovakia,J01D,5.1499,Acinetobacter spp.,Carbapenems,45.77464788
2013,Slovakia,J01D,5.1499,Escherichia coli,Carbapenems,0.0
2013,Slovakia,J01D,5.1499,Escherichia coli,Third-generation cephalosporins,29.73977695
2013,Slovakia,J01D,5.1499,Klebsiella pneumoniae,Carbapenems,0.58479532
2013,Slovakia,J01D,5.1499,Klebsiella pneumoniae,Third-generation cephalosporins,66.39344262
2013,Sweden,J01D,0.3542,Acinetobacter spp.,Carbapenems,5.55555555
2013,Sweden,J01D,0.3542,Escherichia coli,Carbapenems,0.02722199
2013,Sweden,J01D,0.3542,Escherichia coli,Third-generation cephalosporins,5.20446096
2013,Sweden,J01D,0.3542,Klebsiella pneumoniae,Carbapenems,0.0
2013,Sweden,J01D,0.3542,Klebsiella pneumoniae,Third-generation cephalosporins,3.61538461
2013,United Kingdom,J01D,0.4835,Acinetobacter spp.,Carbapenems,2.01342281
2013,United Kingdom,J01D,0.4835,Escherichia coli,Carbapenems,0.04799232
2013,United Kingdom,J01D,0.4835,Escherichia coli,Third-generation cephalosporins,14.71302763
2013,United Kingdom,J01D,0.4835,Klebsiella pneumoniae,Carbapenems,0.47573739
2013,United Kingdom,J01D,0.4835,Klebsiella pneumoniae,Third-generation cephalosporins,13.64902506
2014,Belgium,J01D,1.8033,Acinetobacter spp.,Carbapenems,
2014,Belgium,J01D,1.8033,Escherichia coli,Carbapenems,0.03825554
2014,Belgium,J01D,1.8033,Escherichia coli,Third-generation cephalosporins,9.74304068
2014,Belgium,J01D,1.8033,Klebsiella pneumoniae,Carbapenems,0.46620046
2014,Belgium,J01D,1.8033,Klebsiella pneumoniae,Third-generation cephalosporins,16.28865979
2014,Bulgaria,J01D,4.1718,Acinetobacter spp.,Carbapenems,59.09090909
2014,Bulgaria,J01D,4.1718,Escherichia coli,Carbapenems,0.50761421
2014,Bulgaria,J01D,4.1718,Escherichia coli,Third-generation cephalosporins,40.36697247
2014,Bulgaria,J01D,4.1718,Klebsiella pneumoniae,Carbapenems,7.1942446
2014,Bulgaria,J01D,4.1718,Klebsiella pneumoniae,Third-generation cephalosporins,74.83443708
2014,Croatia,J01D,3.3302,Acinetobacter spp.,Carbapenems,87.34939759
2014,Croatia,J01D,3.3302,Escherichia coli,Carbapenems,0.0
2014,Croatia,J01D,3.3302,Escherichia coli,Third-generation cephalosporins,10.84337349
2014,Croatia,J01D,3.3302,Klebsiella pneumoniae,Carbapenems,0.89820359
2014,Croatia,J01D,3.3302,Klebsiella pneumoniae,Third-generation cephalosporins,47.90419161
2014,Cyprus,J01D,4.4708,Acinetobacter spp.,Carbapenems,77.58620689
2014,Cyprus,J01D,4.4708,Escherichia coli,Carbapenems,0.0
2014,Cyprus,J01D,4.4708,Escherichia coli,Third-generation cephalosporins,28.75816993
2014,Cyprus,J01D,4.4708,Klebsiella pneumoniae,Carbapenems,5.0
2014,Cyprus,J01D,4.4708,Klebsiella pneumoniae,Third-generation cephalosporins,32.5
2014,Denmark,J01D,0.42,Acinetobacter spp.,Carbapenems,1.61290322
2014,Denmark,J01D,0.42,Escherichia coli,Carbapenems,0.02534211
2014,Denmark,J01D,0.42,Escherichia coli,Third-generation cephalosporins,7.00680272
2014,Denmark,J01D,0.42,Klebsiella pneumoniae,Carbapenems,0.24096385
2014,Denmark,J01D,0.42,Klebsiella pneumoniae,Third-generation cephalosporins,7.56756756
2014,Estonia,J01D,1.7022,Escherichia coli,Carbapenems,0.0
2014,Estonia,J01D,1.7022,Escherichia coli,Third-generation cephalosporins,9.26829268
2014,Estonia,J01D,1.7022,Klebsiella pneumoniae,Carbapenems,0.0
2014,Estonia,J01D,1.7022,Klebsiella pneumoniae,Third-generation cephalosporins,20.74074074
2014,Finland,J01D,3.1434,Acinetobacter spp.,Carbapenems,3.125
2014,Finland,J01D,3.1434,Escherichia coli,Carbapenems,0.0
2014,Finland,J01D,3.1434,Escherichia coli,Third-generation cephalosporins,5.4627089
2014,Finland,J01D,3.1434,Klebsiella pneumoniae,Carbapenems,0.0
2014,Finland,J01D,3.1434,Klebsiella pneumoniae,Third-generation cephalosporins,2.40549828
2014,France,J01D,2.3672,Acinetobacter spp.,Carbapenems,2.49376558
2014,France,J01D,2.3672,Escherichia coli,Carbapenems,0.01031672
2014,France,J01D,2.3672,Escherichia coli,Third-generation cephalosporins,9.94298966
2014,France,J01D,2.3672,Klebsiella pneumoniae,Carbapenems,0.47551117
2014,France,J01D,2.3672,Klebsiella pneumoniae,Third-generation cephalosporins,29.56204379
2014,Greece,J01D,7.793,Acinetobacter spp.,Carbapenems,93.22235434
2014,Greece,J01D,7.793,Escherichia coli,Carbapenems,1.15864527
2014,Greece,J01D,7.793,Escherichia coli,Third-generation cephalosporins,21.03386809
2014,Greece,J01D,7.793,Klebsiella pneumoniae,Carbapenems,62.31617647
2014,Greece,J01D,7.793,Klebsiella pneumoniae,Third-generation cephalosporins,72.52747252
2014,Hungary,J01D,2.1894,Acinetobacter spp.,Carbapenems,44.46952595
2014,Hungary,J01D,2.1894,Escherichia coli,Carbapenems,0.0
2014,Hungary,J01D,2.1894,Escherichia coli,Third-generation cephalosporins,16.42989499
2014,Hungary,J01D,2.1894,Klebsiella pneumoniae,Carbapenems,1.12721417
2014,Hungary,J01D,2.1894,Klebsiella pneumoniae,Third-generation cephalosporins,35.55900621
2014,Ireland,J01D,1.2738,Acinetobacter spp.,Carbapenems,1.26582278
2014,Ireland,J01D,1.2738,Escherichia coli,Carbapenems,0.03707823
2014,Ireland,J01D,1.2738,Escherichia coli,Third-generation cephalosporins,10.73950204
2014,Ireland,J01D,1.2738,Klebsiella pneumoniae,Carbapenems,0.56657223
2014,Ireland,J01D,1.2738,Klebsiella pneumoniae,Third-generation cephalosporins,11.5819209
2014,Italy,J01D,2.7476,Acinetobacter spp.,Carbapenems,89.93710691
2014,Italy,J01D,2.7476,Escherichia coli,Carbapenems,0.21645021
2014,Italy,J01D,2.7476,Escherichia coli,Third-generation cephalosporins,28.66811044
2014,Italy,J01D,2.7476,Klebsiella pneumoniae,Carbapenems,32.92775665
2014,Italy,J01D,2.7476,Klebsiella pneumoniae,Third-generation cephalosporins,56.48218347
2014,Lithuania,J01D,1.7069,Acinetobacter spp.,Carbapenems,69.69696969
2014,Lithuania,J01D,1.7069,Escherichia coli,Carbapenems,0.0
2014,Lithuania,J01D,1.7069,Escherichia coli,Third-generation cephalosporins,8.08080808
2014,Lithuania,J01D,1.7069,Klebsiella pneumoniae,Carbapenems,1.29870129
2014,Lithuania,J01D,1.7069,Klebsiella pneumoniae,Third-generation cephalosporins,52.59740259
2014,Luxembourg,J01D,3.9245,Acinetobacter spp.,Carbapenems,
2014,Luxembourg,J01D,3.9245,Escherichia coli,Carbapenems,0.27173913
2014,Luxembourg,J01D,3.9245,Escherichia coli,Third-generation cephalosporins,11.95652173
2014,Luxembourg,J01D,3.9245,Klebsiella pneumoniae,Carbapenems,1.51515151
2014,Luxembourg,J01D,3.9245,Klebsiella pneumoniae,Third-generation cephalosporins,34.84848484
2014,Latvia,J01D,1.1443,Acinetobacter spp.,Carbapenems,78.84615384
2014,Latvia,J01D,1.1443,Escherichia coli,Carbapenems,0.0
2014,Latvia,J01D,1.1443,Escherichia coli,Third-generation cephalosporins,10.9090909
2014,Latvia,J01D,1.1443,Klebsiella pneumoniae,Carbapenems,1.69491525
2014,Latvia,J01D,1.1443,Klebsiella pneumoniae,Third-generation cephalosporins,52.88461538
2014,Malta,J01D,4.8077,Acinetobacter spp.,Carbapenems,
2014,Malta,J01D,4.8077,Escherichia coli,Carbapenems,0.0
2014,Malta,J01D,4.8077,Escherichia coli,Third-generation cephalosporins,10.82089552
2014,Malta,J01D,4.8077,Klebsiella pneumoniae,Carbapenems,9.09090909
2014,Malta,J01D,4.8077,Klebsiella pneumoniae,Third-generation cephalosporins,28.28282828
2014,Netherlands,J01D,0.226,Acinetobacter spp.,Carbapenems,0.0
2014,Netherlands,J01D,0.226,Escherichia coli,Carbapenems,0.0
2014,Netherlands,J01D,0.226,Escherichia coli,Third-generation cephalosporins,6.12015721
2014,Netherlands,J01D,0.226,Klebsiella pneumoniae,Carbapenems,0.26714158
2014,Netherlands,J01D,0.226,Klebsiella pneumoniae,Third-generation cephalosporins,5.87711487
2014,Norway,J01D,0.3758,Acinetobacter spp.,Carbapenems,2.94117647
2014,Norway,J01D,0.3758,Escherichia coli,Carbapenems,0.0
2014,Norway,J01D,0.3758,Escherichia coli,Third-generation cephalosporins,5.78778135
2014,Norway,J01D,0.3758,Klebsiella pneumoniae,Carbapenems,0.0
2014,Norway,J01D,0.3758,Klebsiella pneumoniae,Third-generation cephalosporins,5.89812332
2014,Poland,J01D,2.7264,Acinetobacter spp.,Carbapenems,53.43915343
2014,Poland,J01D,2.7264,Escherichia coli,Carbapenems,0.20429009
2014,Poland,J01D,2.7264,Escherichia coli,Third-generation cephalosporins,10.50691244
2014,Poland,J01D,2.7264,Klebsiella pneumoniae,Carbapenems,1.33037694
2014,Poland,J01D,2.7264,Klebsiella pneumoniae,Third-generation cephalosporins,68.17204301
2014,Portugal,J01D,1.8406,Acinetobacter spp.,Carbapenems,53.05343511
2014,Portugal,J01D,1.8406,Escherichia coli,Carbapenems,0.020008
2014,Portugal,J01D,1.8406,Escherichia coli,Third-generation cephalosporins,16.42117834
2014,Portugal,J01D,1.8406,Klebsiella pneumoniae,Carbapenems,1.76366843
2014,Portugal,J01D,1.8406,Klebsiella pneumoniae,Third-generation cephalosporins,40.88785046
2014,Romania,J01D,5.3279,Acinetobacter spp.,Carbapenems,81.300813
2014,Romania,J01D,5.3279,Escherichia coli,Carbapenems,0.6557377
2014,Romania,J01D,5.3279,Escherichia coli,Third-generation cephalosporins,29.4117647
2014,Romania,J01D,5.3279,Klebsiella pneumoniae,Carbapenems,31.51750972
2014,Romania,J01D,5.3279,Klebsiella pneumoniae,Third-generation cephalosporins,73.828125
2014,Slovenia,J01D,0.5828,Acinetobacter spp.,Carbapenems,26.47058823
2014,Slovenia,J01D,0.5828,Escherichia coli,Carbapenems,0.0
2014,Slovenia,J01D,0.5828,Escherichia coli,Third-generation cephalosporins,12.74671052
2014,Slovenia,J01D,0.5828,Klebsiella pneumoniae,Carbapenems,0.85836909
2014,Slovenia,J01D,0.5828,Klebsiella pneumoniae,Third-generation cephalosporins,26.60944206
2014,Slovakia,J01D,5.0526,Acinetobacter spp.,Carbapenems,32.91925465
2014,Slovakia,J01D,5.0526,Escherichia coli,Carbapenems,0.0
2014,Slovakia,J01D,5.0526,Escherichia coli,Third-generation cephalosporins,31.8335208
2014,Slovakia,J01D,5.0526,Klebsiella pneumoniae,Carbapenems,2.63157894
2014,Slovakia,J01D,5.0526,Klebsiella pneumoniae,Third-generation cephalosporins,69.37119675
2014,Sweden,J01D,0.3096,Acinetobacter spp.,Carbapenems,3.84615384
2014,Sweden,J01D,0.3096,Escherichia coli,Carbapenems,0.0
2014,Sweden,J01D,0.3096,Escherichia coli,Third-generation cephalosporins,5.56064772
2014,Sweden,J01D,0.3096,Klebsiella pneumoniae,Carbapenems,0.0
2014,Sweden,J01D,0.3096,Klebsiella pneumoniae,Third-generation cephalosporins,4.5
2014,United Kingdom,J01D,0.4749,Acinetobacter spp.,Carbapenems,1.66666666
2014,United Kingdom,J01D,0.4749,Escherichia coli,Carbapenems,0.14135385
2014,United Kingdom,J01D,0.4749,Escherichia coli,Third-generation cephalosporins,10.31988426
2014,United Kingdom,J01D,0.4749,Klebsiella pneumoniae,Carbapenems,0.84190832
2014,United Kingdom,J01D,0.4749,Klebsiella pneumoniae,Third-generation cephalosporins,9.30470347
2015,Belgium,J01D,1.8261,Acinetobacter spp.,Carbapenems,0.0
2015,Belgium,J01D,1.8261,Escherichia coli,Carbapenems,0.0
2015,Belgium,J01D,1.8261,Escherichia coli,Third-generation cephalosporins,9.67990744
2015,Belgium,J01D,1.8261,Klebsiella pneumoniae,Carbapenems,0.51413881
2015,Belgium,J01D,1.8261,Klebsiella pneumoniae,Third-generation cephalosporins,19.70443349
2015,Bulgaria,J01D,4.7507,Acinetobacter spp.,Carbapenems,73.84615384
2015,Bulgaria,J01D,4.7507,Escherichia coli,Carbapenems,0.0
2015,Bulgaria,J01D,4.7507,Escherichia coli,Third-generation cephalosporins,38.53658536
2015,Bulgaria,J01D,4.7507,Klebsiella pneumoniae,Carbapenems,3.15789473
2015,Bulgaria,J01D,4.7507,Klebsiella pneumoniae,Third-generation cephalosporins,75.0
2015,Croatia,J01D,3.2824,Acinetobacter spp.,Carbapenems,89.0
2015,Croatia,J01D,3.2824,Escherichia coli,Carbapenems,0.0
2015,Croatia,J01D,3.2824,Escherichia coli,Third-generation cephalosporins,12.52390057
2015,Croatia,J01D,3.2824,Klebsiella pneumoniae,Carbapenems,2.36842105
2015,Croatia,J01D,3.2824,Klebsiella pneumoniae,Third-generation cephalosporins,46.84210526
2015,Cyprus,J01D,5.2461,Acinetobacter spp.,Carbapenems,83.05084745
2015,Cyprus,J01D,5.2461,Escherichia coli,Carbapenems,0.0
2015,Cyprus,J01D,5.2461,Escherichia coli,Third-generation cephalosporins,28.45528455
2015,Cyprus,J01D,5.2461,Klebsiella pneumoniae,Carbapenems,12.9032258
2015,Cyprus,J01D,5.2461,Klebsiella pneumoniae,Third-generation cephalosporins,43.54838709
2015,Denmark,J01D,0.3237,Acinetobacter spp.,Carbapenems,4.61538461
2015,Denmark,J01D,0.3237,Escherichia coli,Carbapenems,0.02471576
2015,Denmark,J01D,0.3237,Escherichia coli,Third-generation cephalosporins,7.4764306
2015,Denmark,J01D,0.3237,Klebsiella pneumoniae,Carbapenems,0.0
2015,Denmark,J01D,0.3237,Klebsiella pneumoniae,Third-generation cephalosporins,7.7502691
2015,Estonia,J01D,1.7818,Acinetobacter spp.,Carbapenems,
2015,Estonia,J01D,1.7818,Escherichia coli,Carbapenems,0.0
2015,Estonia,J01D,1.7818,Escherichia coli,Third-generation cephalosporins,11.38211382
2015,Estonia,J01D,1.7818,Klebsiella pneumoniae,Carbapenems,0.0
2015,Estonia,J01D,1.7818,Klebsiella pneumoniae,Third-generation cephalosporins,23.65591397
2015,Finland,J01D,2.9905,Acinetobacter spp.,Carbapenems,2.32558139
2015,Finland,J01D,2.9905,Escherichia coli,Carbapenems,0.0
2015,Finland,J01D,2.9905,Escherichia coli,Third-generation cephalosporins,6.05711653
2015,Finland,J01D,2.9905,Klebsiella pneumoniae,Carbapenems,0.0
2015,Finland,J01D,2.9905,Klebsiella pneumoniae,Third-generation cephalosporins,2.95031055
2015,France,J01D,2.4401,Acinetobacter spp.,Carbapenems,5.60747663
2015,France,J01D,2.4401,Escherichia coli,Carbapenems,0.02862322
2015,France,J01D,2.4401,Escherichia coli,Third-generation cephalosporins,10.97638222
2015,France,J01D,2.4401,Klebsiella pneumoniae,Carbapenems,0.49019607
2015,France,J01D,2.4401,Klebsiella pneumoniae,Third-generation cephalosporins,30.53892215
2015,Greece,J01D,8.0391,Acinetobacter spp.,Carbapenems,93.48931841
2015,Greece,J01D,8.0391,Escherichia coli,Carbapenems,1.15226337
2015,Greece,J01D,8.0391,Escherichia coli,Third-generation cephalosporins,19.83539094
2015,Greece,J01D,8.0391,Klebsiella pneumoniae,Carbapenems,61.94092827
2015,Greece,J01D,8.0391,Klebsiella pneumoniae,Third-generation cephalosporins,69.53586497
2015,Hungary,J01D,2.3065,Acinetobacter spp.,Carbapenems,55.24625267
2015,Hungary,J01D,2.3065,Escherichia coli,Carbapenems,0.0
2015,Hungary,J01D,2.3065,Escherichia coli,Third-generation cephalosporins,16.73247778
2015,Hungary,J01D,2.3065,Klebsiella pneumoniae,Carbapenems,0.1455604
2015,Hungary,J01D,2.3065,Klebsiella pneumoniae,Third-generation cephalosporins,37.21590909
2015,Ireland,J01D,1.3394,Acinetobacter spp.,Carbapenems,5.95238095
2015,Ireland,J01D,1.3394,Escherichia coli,Carbapenems,0.03824091
2015,Ireland,J01D,1.3394,Escherichia coli,Third-generation cephalosporins,11.3722517
2015,Ireland,J01D,1.3394,Klebsiella pneumoniae,Carbapenems,0.51413881
2015,Ireland,J01D,1.3394,Klebsiella pneumoniae,Third-generation cephalosporins,14.72868217
2015,Italy,J01D,2.6893,Acinetobacter spp.,Carbapenems,78.31325301
2015,Italy,J01D,2.6893,Escherichia coli,Carbapenems,0.19670958
2015,Italy,J01D,2.6893,Escherichia coli,Third-generation cephalosporins,30.07868383
2015,Italy,J01D,2.6893,Klebsiella pneumoniae,Carbapenems,33.51675837
2015,Italy,J01D,2.6893,Klebsiella pneumoniae,Third-generation cephalosporins,55.87793896
2015,Lithuania,J01D,1.871,Acinetobacter spp.,Carbapenems,80.8219178
2015,Lithuania,J01D,1.871,Escherichia coli,Carbapenems,0.0
2015,Lithuania,J01D,1.871,Escherichia coli,Third-generation cephalosporins,16.00688468
2015,Lithuania,J01D,1.871,Klebsiella pneumoniae,Carbapenems,0.0
2015,Lithuania,J01D,1.871,Klebsiella pneumoniae,Third-generation cephalosporins,51.68539325
2015,Luxembourg,J01D,3.9899,Acinetobacter spp.,Carbapenems,
2015,Luxembourg,J01D,3.9899,Escherichia coli,Carbapenems,0.0
2015,Luxembourg,J01D,3.9899,Escherichia coli,Third-generation cephalosporins,12.68011527
2015,Luxembourg,J01D,3.9899,Klebsiella pneumoniae,Carbapenems,0.0
2015,Luxembourg,J01D,3.9899,Klebsiella pneumoniae,Third-generation cephalosporins,28.33333333
2015,Latvia,J01D,1.1852,Acinetobacter spp.,Carbapenems,68.85245901
2015,Latvia,J01D,1.1852,Escherichia coli,Carbapenems,0.0
2015,Latvia,J01D,1.1852,Escherichia coli,Third-generation cephalosporins,17.91044776
2015,Latvia,J01D,1.1852,Klebsiella pneumoniae,Carbapenems,0.0
2015,Latvia,J01D,1.1852,Klebsiella pneumoniae,Third-generation cephalosporins,46.95652173
2015,Malta,J01D,4.3403,Acinetobacter spp.,Carbapenems,
2015,Malta,J01D,4.3403,Escherichia coli,Carbapenems,0.0
2015,Malta,J01D,4.3403,Escherichia coli,Third-generation cephalosporins,11.76470588
2015,Malta,J01D,4.3403,Klebsiella pneumoniae,Carbapenems,4.54545454
2015,Malta,J01D,4.3403,Klebsiella pneumoniae,Third-generation cephalosporins,15.9090909
2015,Netherlands,J01D,0.2369,Acinetobacter spp.,Carbapenems,4.25531914
2015,Netherlands,J01D,0.2369,Escherichia coli,Carbapenems,0.01414427
2015,Netherlands,J01D,0.2369,Escherichia coli,Third-generation cephalosporins,6.07859768
2015,Netherlands,J01D,0.2369,Klebsiella pneumoniae,Carbapenems,0.16708437
2015,Netherlands,J01D,0.2369,Klebsiella pneumoniae,Third-generation cephalosporins,9.43238731
2015,Norway,J01D,0.3534,Acinetobacter spp.,Carbapenems,9.375
2015,Norway,J01D,0.3534,Escherichia coli,Carbapenems,0.0303306
2015,Norway,J01D,0.3534,Escherichia coli,Third-generation cephalosporins,6.02847621
2015,Norway,J01D,0.3534,Klebsiella pneumoniae,Carbapenems,0.14285714
2015,Norway,J01D,0.3534,Klebsiella pneumoniae,Third-generation cephalosporins,4.99286733
2015,Poland,J01D,3.2008,Acinetobacter spp.,Carbapenems,65.57377049
2015,Poland,J01D,3.2008,Escherichia coli,Carbapenems,0.13342228
2015,Poland,J01D,3.2008,Escherichia coli,Third-generation cephalosporins,11.92546583
2015,Poland,J01D,3.2008,Klebsiella pneumoniae,Carbapenems,0.45454545
2015,Poland,J01D,3.2008,Klebsiella pneumoniae,Third-generation cephalosporins,64.20118343
2015,Portugal,J01D,1.9612,Acinetobacter spp.,Carbapenems,57.65472312
2015,Portugal,J01D,1.9612,Escherichia coli,Carbapenems,0.09338812
2015,Portugal,J01D,1.9612,Escherichia coli,Third-generation cephalosporins,16.09002976
2015,Portugal,J01D,1.9612,Klebsiella pneumoniae,Carbapenems,3.35731414
2015,Portugal,J01D,1.9612,Klebsiella pneumoniae,Third-generation cephalosporins,40.40114613
2015,Romania,J01D,5.272,Acinetobacter spp.,Carbapenems,81.48148148
2015,Romania,J01D,5.272,Escherichia coli,Carbapenems,1.90217391
2015,Romania,J01D,5.272,Escherichia coli,Third-generation cephalosporins,26.82926829
2015,Romania,J01D,5.272,Klebsiella pneumoniae,Carbapenems,24.72324723
2015,Romania,J01D,5.272,Klebsiella pneumoniae,Third-generation cephalosporins,70.74074074
2015,Slovenia,J01D,0.6132,Acinetobacter spp.,Carbapenems,38.70967741
2015,Slovenia,J01D,0.6132,Escherichia coli,Carbapenems,0.0
2015,Slovenia,J01D,0.6132,Escherichia coli,Third-generation cephalosporins,13.65007541
2015,Slovenia,J01D,0.6132,Klebsiella pneumoniae,Carbapenems,1.26582278
2015,Slovenia,J01D,0.6132,Klebsiella pneumoniae,Third-generation cephalosporins,22.78481012
2015,Slovakia,J01D,5.4468,Acinetobacter spp.,Carbapenems,28.16901408
2015,Slovakia,J01D,5.4468,Escherichia coli,Carbapenems,0.0
2015,Slovakia,J01D,5.4468,Escherichia coli,Third-generation cephalosporins,30.0111982
2015,Slovakia,J01D,5.4468,Klebsiella pneumoniae,Carbapenems,0.91743119
2015,Slovakia,J01D,5.4468,Klebsiella pneumoniae,Third-generation cephalosporins,67.1641791
2015,Sweden,J01D,0.3049,Acinetobacter spp.,Carbapenems,2.94117647
2015,Sweden,J01D,0.3049,Escherichia coli,Carbapenems,0.07537214
2015,Sweden,J01D,0.3049,Escherichia coli,Third-generation cephalosporins,6.23853211
2015,Sweden,J01D,0.3049,Klebsiella pneumoniae,Carbapenems,0.0
2015,Sweden,J01D,0.3049,Klebsiella pneumoniae,Third-generation cephalosporins,3.29670329
2015,United Kingdom,J01D,0.4324,Acinetobacter spp.,Carbapenems,0.75757575
2015,United Kingdom,J01D,0.4324,Escherichia coli,Carbapenems,0.25468437
2015,United Kingdom,J01D,0.4324,Escherichia coli,Third-generation cephalosporins,11.25943122
2015,United Kingdom,J01D,0.4324,Klebsiella pneumoniae,Carbapenems,0.41580041
2015,United Kingdom,J01D,0.4324,Klebsiella pneumoniae,Third-generation cephalosporins,10.48034934
2016,Belgium,J01D,1.6934,Acinetobacter spp.,Carbapenems,2.56410256
2016,Belgium,J01D,1.6934,Escherichia coli,Carbapenems,0.0520156
2016,Belgium,J01D,1.6934,Escherichia coli,Third-generation cephalosporins,10.48969761
2016,Belgium,J01D,1.6934,Klebsiella pneumoniae,Carbapenems,2.39162929
2016,Belgium,J01D,1.6934,Klebsiella pneumoniae,Third-generation cephalosporins,22.86995515
2016,Bulgaria,J01D,4.9631,Acinetobacter spp.,Carbapenems,74.75728155
2016,Bulgaria,J01D,4.9631,Escherichia coli,Carbapenems,0.89285714
2016,Bulgaria,J01D,4.9631,Escherichia coli,Third-generation cephalosporins,41.59663865
2016,Bulgaria,J01D,4.9631,Klebsiella pneumoniae,Carbapenems,4.40251572
2016,Bulgaria,J01D,4.9631,Klebsiella pneumoniae,Third-generation cephalosporins,72.5
2016,Croatia,J01D,2.9935,Acinetobacter spp.,Carbapenems,94.47513812
2016,Croatia,J01D,2.9935,Escherichia coli,Carbapenems,0.0
2016,Croatia,J01D,2.9935,Escherichia coli,Third-generation cephalosporins,14.7368421
2016,Croatia,J01D,2.9935,Klebsiella pneumoniae,Carbapenems,0.0
2016,Croatia,J01D,2.9935,Klebsiella pneumoniae,Third-generation cephalosporins,48.59813084
2016,Cyprus,J01D,5.1691,Acinetobacter spp.,Carbapenems,71.42857142
2016,Cyprus,J01D,5.1691,Escherichia coli,Carbapenems,0.0
2016,Cyprus,J01D,5.1691,Escherichia coli,Third-generation cephalosporins,30.20134228
2016,Cyprus,J01D,5.1691,Klebsiella pneumoniae,Carbapenems,10.66666666
2016,Cyprus,J01D,5.1691,Klebsiella pneumoniae,Third-generation cephalosporins,30.66666666
2016,Denmark,J01D,0.2938,Acinetobacter spp.,Carbapenems,0.0
2016,Denmark,J01D,0.2938,Escherichia coli,Carbapenems,0.0
2016,Denmark,J01D,0.2938,Escherichia coli,Third-generation cephalosporins,6.56793303
2016,Denmark,J01D,0.2938,Klebsiella pneumoniae,Carbapenems,0.26809651
2016,Denmark,J01D,0.2938,Klebsiella pneumoniae,Third-generation cephalosporins,7.51341681
2016,Estonia,J01D,1.7057,Acinetobacter spp.,Carbapenems,
2016,Estonia,J01D,1.7057,Escherichia coli,Carbapenems,0.0
2016,Estonia,J01D,1.7057,Escherichia coli,Third-generation cephalosporins,8.98716119
2016,Estonia,J01D,1.7057,Klebsiella pneumoniae,Carbapenems,0.0
2016,Estonia,J01D,1.7057,Klebsiella pneumoniae,Third-generation cephalosporins,32.78688524
2016,Finland,J01D,3.0142,Acinetobacter spp.,Carbapenems,0.0
2016,Finland,J01D,3.0142,Escherichia coli,Carbapenems,0.02069536
2016,Finland,J01D,3.0142,Escherichia coli,Third-generation cephalosporins,6.89582454
2016,Finland,J01D,3.0142,Klebsiella pneumoniae,Carbapenems,0.25974025
2016,Finland,J01D,3.0142,Klebsiella pneumoniae,Third-generation cephalosporins,4.07894736
2016,France,J01D,2.2685,Acinetobacter spp.,Carbapenems,7.11111111
2016,France,J01D,2.2685,Escherichia coli,Carbapenems,0.00914996
2016,France,J01D,2.2685,Escherichia coli,Third-generation cephalosporins,11.22602315
2016,France,J01D,2.2685,Klebsiella pneumoniae,Carbapenems,0.39556962
2016,France,J01D,2.2685,Klebsiella pneumoniae,Third-generation cephalosporins,28.87947631
2016,Greece,J01D,7.9505,Acinetobacter spp.,Carbapenems,95.35423925
2016,Greece,J01D,7.9505,Escherichia coli,Carbapenems,0.92095165
2016,Greece,J01D,7.9505,Escherichia coli,Third-generation cephalosporins,17.6380368
2016,Greece,J01D,7.9505,Klebsiella pneumoniae,Carbapenems,66.86440677
2016,Greece,J01D,7.9505,Klebsiella pneumoniae,Third-generation cephalosporins,72.48094834
2016,Hungary,J01D,2.3839,Acinetobacter spp.,Carbapenems,58.60349127
2016,Hungary,J01D,2.3839,Escherichia coli,Carbapenems,0.0
2016,Hungary,J01D,2.3839,Escherichia coli,Third-generation cephalosporins,16.70847967
2016,Hungary,J01D,2.3839,Klebsiella pneumoniae,Carbapenems,0.42674253
2016,Hungary,J01D,2.3839,Klebsiella pneumoniae,Third-generation cephalosporins,37.53462603
2016,Ireland,J01D,1.3393,Acinetobacter spp.,Carbapenems,0.0
2016,Ireland,J01D,1.3393,Escherichia coli,Carbapenems,0.033456
2016,Ireland,J01D,1.3393,Escherichia coli,Third-generation cephalosporins,11.39028475
2016,Ireland,J01D,1.3393,Klebsiella pneumoniae,Carbapenems,0.66225165
2016,Ireland,J01D,1.3393,Klebsiella pneumoniae,Third-generation cephalosporins,13.49557522
2016,Italy,J01D,2.5582,Acinetobacter spp.,Carbapenems,78.49002849
2016,Italy,J01D,2.5582,Escherichia coli,Carbapenems,0.26203734
2016,Italy,J01D,2.5582,Escherichia coli,Third-generation cephalosporins,29.77433479
2016,Italy,J01D,2.5582,Klebsiella pneumoniae,Carbapenems,33.94018205
2016,Italy,J01D,2.5582,Klebsiella pneumoniae,Third-generation cephalosporins,55.83259127
2016,Lithuania,J01D,1.9721,Acinetobacter spp.,Carbapenems,81.6091954
2016,Lithuania,J01D,1.9721,Escherichia coli,Carbapenems,0.0
2016,Lithuania,J01D,1.9721,Escherichia coli,Third-generation cephalosporins,14.71698113
2016,Lithuania,J01D,1.9721,Klebsiella pneumoniae,Carbapenems,0.0
2016,Lithuania,J01D,1.9721,Klebsiella pneumoniae,Third-generation cephalosporins,56.74846625
2016,Luxembourg,J01D,3.9103,Acinetobacter spp.,Carbapenems,
2016,Luxembourg,J01D,3.9103,Escherichia coli,Carbapenems,0.0
2016,Luxembourg,J01D,3.9103,Escherichia coli,Third-generation cephalosporins,13.63636363
2016,Luxembourg,J01D,3.9103,Klebsiella pneumoniae,Carbapenems,0.0
2016,Luxembourg,J01D,3.9103,Klebsiella pneumoniae,Third-generation cephalosporins,35.89743589
2016,Latvia,J01D,1.209,Acinetobacter spp.,Carbapenems,73.1707317
2016,Latvia,J01D,1.209,Escherichia coli,Carbapenems,0.0
2016,Latvia,J01D,1.209,Escherichia coli,Third-generation cephalosporins,24.11067193
2016,Latvia,J01D,1.209,Klebsiella pneumoniae,Carbapenems,2.22222222
2016,Latvia,J01D,1.209,Klebsiella pneumoniae,Third-generation cephalosporins,47.36842105
2016,Malta,J01D,3.7945,Acinetobacter spp.,Carbapenems,
2016,Malta,J01D,3.7945,Escherichia coli,Carbapenems,0.0
2016,Malta,J01D,3.7945,Escherichia coli,Third-generation cephalosporins,14.63414634
2016,Malta,J01D,3.7945,Klebsiella pneumoniae,Carbapenems,5.88235294
2016,Malta,J01D,3.7945,Klebsiella pneumoniae,Third-generation cephalosporins,21.56862745
2016,Netherlands,J01D,0.2346,Acinetobacter spp.,Carbapenems,0.0
2016,Netherlands,J01D,0.2346,Escherichia coli,Carbapenems,0.01380262
2016,Netherlands,J01D,0.2346,Escherichia coli,Third-generation cephalosporins,6.59310344
2016,Netherlands,J01D,0.2346,Klebsiella pneumoniae,Carbapenems,0.07593014
2016,Netherlands,J01D,0.2346,Klebsiella pneumoniae,Third-generation cephalosporins,10.53030303
2016,Norway,J01D,0.3347,Acinetobacter spp.,Carbapenems,0.0
2016,Norway,J01D,0.3347,Escherichia coli,Carbapenems,0.05530973
2016,Norway,J01D,0.3347,Escherichia coli,Third-generation cephalosporins,5.55709151
2016,Norway,J01D,0.3347,Klebsiella pneumoniae,Carbapenems,0.0
2016,Norway,J01D,0.3347,Klebsiella pneumoniae,Third-generation cephalosporins,5.79531442
2016,Poland,J01D,3.1966,Acinetobacter spp.,Carbapenems,65.98465473
2016,Poland,J01D,3.1966,Escherichia coli,Carbapenems,0.0391696
2016,Poland,J01D,3.1966,Escherichia coli,Third-generation cephalosporins,13.71827877
2016,Poland,J01D,3.1966,Klebsiella pneumoniae,Carbapenems,2.13713268
2016,Poland,J01D,3.1966,Klebsiella pneumoniae,Third-generation cephalosporins,64.44833625
2016,Portugal,J01D,1.9483,Acinetobacter spp.,Carbapenems,51.94174757
2016,Portugal,J01D,1.9483,Escherichia coli,Carbapenems,0.01736111
2016,Portugal,J01D,1.9483,Escherichia coli,Third-generation cephalosporins,16.0615491
2016,Portugal,J01D,1.9483,Klebsiella pneumoniae,Carbapenems,5.17094017
2016,Portugal,J01D,1.9483,Klebsiella pneumoniae,Third-generation cephalosporins,46.70072371
2016,Romania,J01D,4.9421,Acinetobacter spp.,Carbapenems,85.0
2016,Romania,J01D,4.9421,Escherichia coli,Carbapenems,0.973236
2016,Romania,J01D,4.9421,Escherichia coli,Third-generation cephalosporins,23.44497607
2016,Romania,J01D,4.9421,Klebsiella pneumoniae,Carbapenems,31.43712574
2016,Romania,J01D,4.9421,Klebsiella pneumoniae,Third-generation cephalosporins,68.02325581
2016,Slovenia,J01D,0.6316,Acinetobacter spp.,Carbapenems,43.33333333
2016,Slovenia,J01D,0.6316,Escherichia coli,Carbapenems,0.0
2016,Slovenia,J01D,0.6316,Escherichia coli,Third-generation cephalosporins,12.53521126
2016,Slovenia,J01D,0.6316,Klebsiella pneumoniae,Carbapenems,0.0
2016,Slovenia,J01D,0.6316,Klebsiella pneumoniae,Third-generation cephalosporins,22.84644194
2016,Slovakia,J01D,5.3712,Acinetobacter spp.,Carbapenems,28.44036697
2016,Slovakia,J01D,5.3712,Escherichia coli,Carbapenems,0.0
2016,Slovakia,J01D,5.3712,Escherichia coli,Third-generation cephalosporins,29.7330097
2016,Slovakia,J01D,5.3712,Klebsiella pneumoniae,Carbapenems,2.52873563
2016,Slovakia,J01D,5.3712,Klebsiella pneumoniae,Third-generation cephalosporins,61.29032258
2016,Spain,J01D,2.6672,Acinetobacter spp.,Carbapenems,62.26415094
2016,Spain,J01D,2.6672,Escherichia coli,Carbapenems,0.05887547
2016,Spain,J01D,2.6672,Escherichia coli,Third-generation cephalosporins,14.97058823
2016,Spain,J01D,2.6672,Klebsiella pneumoniae,Carbapenems,2.08706022
2016,Spain,J01D,2.6672,Klebsiella pneumoniae,Third-generation cephalosporins,22.36135957
2016,Sweden,J01D,0.3027,Acinetobacter spp.,Carbapenems,1.19047619
2016,Sweden,J01D,0.3027,Escherichia coli,Carbapenems,0.08661758
2016,Sweden,J01D,0.3027,Escherichia coli,Third-generation cephalosporins,8.26386892
2016,Sweden,J01D,0.3027,Klebsiella pneumoniae,Carbapenems,0.13063357
2016,Sweden,J01D,0.3027,Klebsiella pneumoniae,Third-generation cephalosporins,4.87963565
2016,United Kingdom,J01D,0.3954,Acinetobacter spp.,Carbapenems,1.54109589
2016,United Kingdom,J01D,0.3954,Escherichia coli,Carbapenems,0.030753
2016,United Kingdom,J01D,0.3954,Escherichia coli,Third-generation cephalosporins,9.23738899
2016,United Kingdom,J01D,0.3954,Klebsiella pneumoniae,Carbapenems,0.27040314
2016,United Kingdom,J01D,0.3954,Klebsiella pneumoniae,Third-generation cephalosporins,8.86561062
2017,Belgium,J01D,1.5439,Acinetobacter spp.,Carbapenems,6.870229
2017,Belgium,J01D,1.5439,Escherichia coli,Carbapenems,0.0214041
2017,Belgium,J01D,1.5439,Escherichia coli,Third-generation cephalosporins,9.73886986
2017,Belgium,J01D,1.5439,Klebsiella pneumoniae,Carbapenems,1.13780025
2017,Belgium,J01D,1.5439,Klebsiella pneumoniae,Third-generation cephalosporins,19.30261519
2017,Bulgaria,J01D,5.2069,Acinetobacter spp.,Carbapenems,80.4347826
2017,Bulgaria,J01D,5.2069,Escherichia coli,Carbapenems,0.0
2017,Bulgaria,J01D,5.2069,Escherichia coli,Third-generation cephalosporins,41.29554655
2017,Bulgaria,J01D,5.2069,Klebsiella pneumoniae,Carbapenems,12.4260355
2017,Bulgaria,J01D,5.2069,Klebsiella pneumoniae,Third-generation cephalosporins,76.33136094
2017,Croatia,J01D,3.0207,Acinetobacter spp.,Carbapenems,96.15384615
2017,Croatia,J01D,3.0207,Escherichia coli,Carbapenems,0.0
2017,Croatia,J01D,3.0207,Escherichia coli,Third-generation cephalosporins,16.46341463
2017,Croatia,J01D,3.0207,Klebsiella pneumoniae,Carbapenems,0.0
2017,Croatia,J01D,3.0207,Klebsiella pneumoniae,Third-generation cephalosporins,41.74757281
2017,Cyprus,J01D,5.8056,Acinetobacter spp.,Carbapenems,76.0
2017,Cyprus,J01D,5.8056,Escherichia coli,Carbapenems,1.28205128
2017,Cyprus,J01D,5.8056,Escherichia coli,Third-generation cephalosporins,30.76923076
2017,Cyprus,J01D,5.8056,Klebsiella pneumoniae,Carbapenems,15.49295774
2017,Cyprus,J01D,5.8056,Klebsiella pneumoniae,Third-generation cephalosporins,46.47887323
2017,Denmark,J01D,0.3292,Acinetobacter spp.,Carbapenems,0.0
2017,Denmark,J01D,0.3292,Escherichia coli,Carbapenems,0.0195427
2017,Denmark,J01D,0.3292,Escherichia coli,Third-generation cephalosporins,6.90149498
2017,Denmark,J01D,0.3292,Klebsiella pneumoniae,Carbapenems,0.25316455
2017,Denmark,J01D,0.3292,Klebsiella pneumoniae,Third-generation cephalosporins,7.28888888
2017,Estonia,J01D,1.7321,Acinetobacter spp.,Carbapenems,
2017,Estonia,J01D,1.7321,Escherichia coli,Carbapenems,0.0
2017,Estonia,J01D,1.7321,Escherichia coli,Third-generation cephalosporins,8.75634517
2017,Estonia,J01D,1.7321,Klebsiella pneumoniae,Carbapenems,0.0
2017,Estonia,J01D,1.7321,Klebsiella pneumoniae,Third-generation cephalosporins,21.11801242
2017,Finland,J01D,2.778,Acinetobacter spp.,Carbapenems,2.7027027
2017,Finland,J01D,2.778,Escherichia coli,Carbapenems,0.0
2017,Finland,J01D,2.778,Escherichia coli,Third-generation cephalosporins,6.85429829
2017,Finland,J01D,2.778,Klebsiella pneumoniae,Carbapenems,0.26385224
2017,Finland,J01D,2.778,Klebsiella pneumoniae,Third-generation cephalosporins,4.56989247
2017,France,J01D,1.9172,Acinetobacter spp.,Carbapenems,6.18336886
2017,France,J01D,1.9172,Escherichia coli,Carbapenems,0.01557268
2017,France,J01D,1.9172,Escherichia coli,Third-generation cephalosporins,10.22318753
2017,France,J01D,1.9172,Klebsiella pneumoniae,Carbapenems,0.67687923
2017,France,J01D,1.9172,Klebsiella pneumoniae,Third-generation cephalosporins,28.83817427
2017,Greece,J01D,8.2038,Acinetobacter spp.,Carbapenems,94.79452054
2017,Greece,J01D,8.2038,Escherichia coli,Carbapenems,1.56782549
2017,Greece,J01D,8.2038,Escherichia coli,Third-generation cephalosporins,18.29931972
2017,Greece,J01D,8.2038,Klebsiella pneumoniae,Carbapenems,64.71019809
2017,Greece,J01D,8.2038,Klebsiella pneumoniae,Third-generation cephalosporins,69.16299559
2017,Hungary,J01D,2.4571,Acinetobacter spp.,Carbapenems,52.51396648
2017,Hungary,J01D,2.4571,Escherichia coli,Carbapenems,0.05032712
2017,Hungary,J01D,2.4571,Escherichia coli,Third-generation cephalosporins,20.11661807
2017,Hungary,J01D,2.4571,Klebsiella pneumoniae,Carbapenems,0.29368575
2017,Hungary,J01D,2.4571,Klebsiella pneumoniae,Third-generation cephalosporins,41.12554112
2017,Ireland,J01D,1.2673,Acinetobacter spp.,Carbapenems,6.34920634
2017,Ireland,J01D,1.2673,Escherichia coli,Carbapenems,0.03209242
2017,Ireland,J01D,1.2673,Escherichia coli,Third-generation cephalosporins,11.98333867
2017,Ireland,J01D,1.2673,Klebsiella pneumoniae,Carbapenems,0.20920502
2017,Ireland,J01D,1.2673,Klebsiella pneumoniae,Third-generation cephalosporins,14.64435146
2017,Italy,J01D,2.3295,Acinetobacter spp.,Carbapenems,78.68663594
2017,Italy,J01D,2.3295,Escherichia coli,Carbapenems,0.28846153
2017,Italy,J01D,2.3295,Escherichia coli,Third-generation cephalosporins,29.48989684
2017,Italy,J01D,2.3295,Klebsiella pneumoniae,Carbapenems,29.6886864
2017,Italy,J01D,2.3295,Klebsiella pneumoniae,Third-generation cephalosporins,54.59544383
2017,Iceland,J01D,0.8906,Acinetobacter spp.,Carbapenems,
2017,Iceland,J01D,0.8906,Escherichia coli,Carbapenems,
2017,Iceland,J01D,0.8906,Escherichia coli,Third-generation cephalosporins,6.10328638
2017,Iceland,J01D,0.8906,Klebsiella pneumoniae,Third-generation cephalosporins,
2017,Lithuania,J01D,2.0706,Acinetobacter spp.,Carbapenems,88.50574712
2017,Lithuania,J01D,2.0706,Escherichia coli,Carbapenems,0.0
2017,Lithuania,J01D,2.0706,Escherichia coli,Third-generation cephalosporins,16.78403755
2017,Lithuania,J01D,2.0706,Klebsiella pneumoniae,Carbapenems,0.61538461
2017,Lithuania,J01D,2.0706,Klebsiella pneumoniae,Third-generation cephalosporins,63.19018404
2017,Luxembourg,J01D,2.8622,Acinetobacter spp.,Carbapenems,
2017,Luxembourg,J01D,2.8622,Escherichia coli,Carbapenems,0.0
2017,Luxembourg,J01D,2.8622,Escherichia coli,Third-generation cephalosporins,9.69976905
2017,Luxembourg,J01D,2.8622,Klebsiella pneumoniae,Carbapenems,0.0
2017,Luxembourg,J01D,2.8622,Klebsiella pneumoniae,Third-generation cephalosporins,27.27272727
2017,Latvia,J01D,1.3026,Acinetobacter spp.,Carbapenems,79.4117647
2017,Latvia,J01D,1.3026,Escherichia coli,Carbapenems,0.0
2017,Latvia,J01D,1.3026,Escherichia coli,Third-generation cephalosporins,21.95121951
2017,Latvia,J01D,1.3026,Klebsiella pneumoniae,Carbapenems,1.72413793
2017,Latvia,J01D,1.3026,Klebsiella pneumoniae,Third-generation cephalosporins,33.62068965
2017,Malta,J01D,3.3981,Acinetobacter spp.,Carbapenems,
2017,Malta,J01D,3.3981,Escherichia coli,Carbapenems,0.0
2017,Malta,J01D,3.3981,Escherichia coli,Third-generation cephalosporins,15.60509554
2017,Malta,J01D,3.3981,Klebsiella pneumoniae,Carbapenems,10.25641025
2017,Malta,J01D,3.3981,Klebsiella pneumoniae,Third-generation cephalosporins,35.04273504
2017,Netherlands,J01D,0.2437,Acinetobacter spp.,Carbapenems,0.76923076
2017,Netherlands,J01D,0.2437,Escherichia coli,Carbapenems,0.01332267
2017,Netherlands,J01D,0.2437,Escherichia coli,Third-generation cephalosporins,6.36569449
2017,Netherlands,J01D,0.2437,Klebsiella pneumoniae,Carbapenems,0.45112781
2017,Netherlands,J01D,0.2437,Klebsiella pneumoniae,Third-generation cephalosporins,10.91045899
2017,Norway,J01D,0.3298,Acinetobacter spp.,Carbapenems,0.0
2017,Norway,J01D,0.3298,Escherichia coli,Carbapenems,0.08036431
2017,Norway,J01D,0.3298,Escherichia coli,Third-generation cephalosporins,5.8650241
2017,Norway,J01D,0.3298,Klebsiella pneumoniae,Carbapenems,0.0
2017,Norway,J01D,0.3298,Klebsiella pneumoniae,Third-generation cephalosporins,5.76184379
2017,Poland,J01D,4.6313,Acinetobacter spp.,Carbapenems,67.44186046
2017,Poland,J01D,4.6313,Escherichia coli,Carbapenems,0.03648303
2017,Poland,J01D,4.6313,Escherichia coli,Third-generation cephalosporins,16.67829727
2017,Poland,J01D,4.6313,Klebsiella pneumoniae,Carbapenems,6.37381567
2017,Poland,J01D,4.6313,Klebsiella pneumoniae,Third-generation cephalosporins,63.0091438
2017,Portugal,J01D,2.0369,Acinetobacter spp.,Carbapenems,40.69767441
2017,Portugal,J01D,2.0369,Escherichia coli,Carbapenems,0.32894736
2017,Portugal,J01D,2.0369,Escherichia coli,Third-generation cephalosporins,15.58764167
2017,Portugal,J01D,2.0369,Klebsiella pneumoniae,Carbapenems,8.63970588
2017,Portugal,J01D,2.0369,Klebsiella pneumoniae,Third-generation cephalosporins,44.91432737
2017,Romania,J01D,4.9534,Acinetobacter spp.,Carbapenems,87.36263736
2017,Romania,J01D,4.9534,Escherichia coli,Carbapenems,0.39215686
2017,Romania,J01D,4.9534,Escherichia coli,Third-generation cephalosporins,18.72586872
2017,Romania,J01D,4.9534,Klebsiella pneumoniae,Carbapenems,22.45508982
2017,Romania,J01D,4.9534,Klebsiella pneumoniae,Third-generation cephalosporins,62.53687315
2017,Slovenia,J01D,0.6829,Acinetobacter spp.,Carbapenems,41.66666666
2017,Slovenia,J01D,0.6829,Escherichia coli,Carbapenems,0.0
2017,Slovenia,J01D,0.6829,Escherichia coli,Third-generation cephalosporins,12.47386759
2017,Slovenia,J01D,0.6829,Klebsiella pneumoniae,Carbapenems,0.0
2017,Slovenia,J01D,0.6829,Klebsiella pneumoniae,Third-generation cephalosporins,23.71794871
2017,Slovakia,J01D,5.0032,Acinetobacter spp.,Carbapenems,31.66666666
2017,Slovakia,J01D,5.0032,Escherichia coli,Carbapenems,0.0
2017,Slovakia,J01D,5.0032,Escherichia coli,Third-generation cephalosporins,30.91954022
2017,Slovakia,J01D,5.0032,Klebsiella pneumoniae,Carbapenems,4.44444444
2017,Slovakia,J01D,5.0032,Klebsiella pneumoniae,Third-generation cephalosporins,63.18082788
2017,Spain,J01D,2.673,Acinetobacter spp.,Carbapenems,66.30434782
2017,Spain,J01D,2.673,Escherichia coli,Carbapenems,0.01659475
2017,Spain,J01D,2.673,Escherichia coli,Third-generation cephalosporins,12.80902604
2017,Spain,J01D,2.673,Klebsiella pneumoniae,Carbapenems,2.78145695
2017,Spain,J01D,2.673,Klebsiella pneumoniae,Third-generation cephalosporins,21.28222075
2017,Sweden,J01D,0.2431,Acinetobacter spp.,Carbapenems,0.0
2017,Sweden,J01D,0.2431,Escherichia coli,Carbapenems,0.01733402
2017,Sweden,J01D,0.2431,Escherichia coli,Third-generation cephalosporins,7.35751295
2017,Sweden,J01D,0.2431,Klebsiella pneumoniae,Carbapenems,0.09680542
2017,Sweden,J01D,0.2431,Klebsiella pneumoniae,Third-generation cephalosporins,5.60928433
2017,United Kingdom,J01D,0.398,Acinetobacter spp.,Carbapenems,2.81329923
2017,United Kingdom,J01D,0.398,Escherichia coli,Carbapenems,0.02327591
2017,United Kingdom,J01D,0.398,Escherichia coli,Third-generation cephalosporins,10.25604297
2017,United Kingdom,J01D,0.398,Klebsiella pneumoniae,Carbapenems,0.58778915
2017,United Kingdom,J01D,0.398,Klebsiella pneumoniae,Third-generation cephalosporins,11.36135129
2018,Belgium,J01D,1.6211,Acinetobacter spp.,Carbapenems,3.78787878
2018,Belgium,J01D,1.6211,Escherichia coli,Carbapenems,0.06464124
2018,Belgium,J01D,1.6211,Escherichia coli,Third-generation cephalosporins,9.02239448
2018,Belgium,J01D,1.6211,Klebsiella pneumoniae,Carbapenems,1.39037433
2018,Belgium,J01D,1.6211,Klebsiella pneumoniae,Third-generation cephalosporins,21.39037433
2018,Bulgaria,J01D,5.6185,Acinetobacter spp.,Carbapenems,74.54545454
2018,Bulgaria,J01D,5.6185,Escherichia coli,Carbapenems,1.36986301
2018,Bulgaria,J01D,5.6185,Escherichia coli,Third-generation cephalosporins,38.69863013
2018,Bulgaria,J01D,5.6185,Klebsiella pneumoniae,Carbapenems,21.24352331
2018,Bulgaria,J01D,5.6185,Klebsiella pneumoniae,Third-generation cephalosporins,77.72020725
2018,Croatia,J01D,3.0521,Acinetobacter spp.,Carbapenems,95.48387096
2018,Croatia,J01D,3.0521,Escherichia coli,Carbapenems,0.0
2018,Croatia,J01D,3.0521,Escherichia coli,Third-generation cephalosporins,14.81164383
2018,Croatia,J01D,3.0521,Klebsiella pneumoniae,Carbapenems,2.15384615
2018,Croatia,J01D,3.0521,Klebsiella pneumoniae,Third-generation cephalosporins,44.33962264
2018,Cyprus,J01D,5.8835,Acinetobacter spp.,Carbapenems,84.21052631
2018,Cyprus,J01D,5.8835,Escherichia coli,Carbapenems,2.0
2018,Cyprus,J01D,5.8835,Escherichia coli,Third-generation cephalosporins,37.08609271
2018,Cyprus,J01D,5.8835,Klebsiella pneumoniae,Carbapenems,21.83908045
2018,Cyprus,J01D,5.8835,Klebsiella pneumoniae,Third-generation cephalosporins,48.27586206
2018,Denmark,J01D,0.2841,Acinetobacter spp.,Carbapenems,6.38297872
2018,Denmark,J01D,0.2841,Escherichia coli,Carbapenems,0.0
2018,Denmark,J01D,0.2841,Escherichia coli,Third-generation cephalosporins,7.65570039
2018,Denmark,J01D,0.2841,Klebsiella pneumoniae,Carbapenems,0.54102795
2018,Denmark,J01D,0.2841,Klebsiella pneumoniae,Third-generation cephalosporins,6.47109577
2018,Estonia,J01D,1.6866,Acinetobacter spp.,Carbapenems,
2018,Estonia,J01D,1.6866,Escherichia coli,Carbapenems,0.0
2018,Estonia,J01D,1.6866,Escherichia coli,Third-generation cephalosporins,9.76470588
2018,Estonia,J01D,1.6866,Klebsiella pneumoniae,Carbapenems,0.55865921
2018,Estonia,J01D,1.6866,Klebsiella pneumoniae,Third-generation cephalosporins,13.592233
2018,Finland,J01D,2.9027,Acinetobacter spp.,Carbapenems,0.0
2018,Finland,J01D,2.9027,Escherichia coli,Carbapenems,0.01977456
2018,Finland,J01D,2.9027,Escherichia coli,Third-generation cephalosporins,7.60956175
2018,Finland,J01D,2.9027,Klebsiella pneumoniae,Carbapenems,0.61728395
2018,Finland,J01D,2.9027,Klebsiella pneumoniae,Third-generation cephalosporins,4.47204968
2018,France,J01D,1.7267,Acinetobacter spp.,Carbapenems,6.53061224
2018,France,J01D,1.7267,Escherichia coli,Carbapenems,0.04839099
2018,France,J01D,1.7267,Escherichia coli,Third-generation cephalosporins,9.59251625
2018,France,J01D,1.7267,Klebsiella pneumoniae,Carbapenems,0.50033355
2018,France,J01D,1.7267,Klebsiella pneumoniae,Third-generation cephalosporins,30.76162215
2018,Greece,J01D,8.421,Acinetobacter spp.,Carbapenems,92.39881539
2018,Greece,J01D,8.421,Escherichia coli,Carbapenems,1.03658536
2018,Greece,J01D,8.421,Escherichia coli,Third-generation cephalosporins,19.32926829
2018,Greece,J01D,8.421,Klebsiella pneumoniae,Carbapenems,63.88518024
2018,Greece,J01D,8.421,Klebsiella pneumoniae,Third-generation cephalosporins,70.73333333
2018,Hungary,J01D,2.4972,Acinetobacter spp.,Carbapenems,55.18207282
2018,Hungary,J01D,2.4972,Escherichia coli,Carbapenems,0.0
2018,Hungary,J01D,2.4972,Escherichia coli,Third-generation cephalosporins,22.61603375
2018,Hungary,J01D,2.4972,Klebsiella pneumoniae,Carbapenems,0.24183796
2018,Hungary,J01D,2.4972,Klebsiella pneumoniae,Third-generation cephalosporins,40.21226415
2018,Ireland,J01D,1.3379,Acinetobacter spp.,Carbapenems,1.66666666
2018,Ireland,J01D,1.3379,Escherichia coli,Carbapenems,0.0
2018,Ireland,J01D,1.3379,Escherichia coli,Third-generation cephalosporins,12.88229842
2018,Ireland,J01D,1.3379,Klebsiella pneumoniae,Carbapenems,0.62240663
2018,Ireland,J01D,1.3379,Klebsiella pneumoniae,Third-generation cephalosporins,14.49275362
2018,Italy,J01D,2.5004,Acinetobacter spp.,Carbapenems,79.24801156
2018,Italy,J01D,2.5004,Escherichia coli,Carbapenems,0.36888428
2018,Italy,J01D,2.5004,Escherichia coli,Third-generation cephalosporins,28.69624069
2018,Italy,J01D,2.5004,Klebsiella pneumoniae,Carbapenems,26.78445229
2018,Italy,J01D,2.5004,Klebsiella pneumoniae,Third-generation cephalosporins,53.58367626
2018,Iceland,J01D,0.8615,Acinetobacter spp.,Carbapenems,
2018,Iceland,J01D,0.8615,Escherichia coli,Carbapenems,
2018,Iceland,J01D,0.8615,Escherichia coli,Third-generation cephalosporins,8.08080808
2018,Iceland,J01D,0.8615,Klebsiella pneumoniae,Carbapenems,
2018,Iceland,J01D,0.8615,Klebsiella pneumoniae,Third-generation cephalosporins,
2018,Lithuania,J01D,2.106,Acinetobacter spp.,Carbapenems,89.77272727
2018,Lithuania,J01D,2.106,Escherichia coli,Carbapenems,0.0
2018,Lithuania,J01D,2.106,Escherichia coli,Third-generation cephalosporins,15.32912533
2018,Lithuania,J01D,2.106,Klebsiella pneumoniae,Carbapenems,0.26954177
2018,Lithuania,J01D,2.106,Klebsiella pneumoniae,Third-generation cephalosporins,55.79514824
2018,Luxembourg,J01D,3.2871,Acinetobacter spp.,Carbapenems,
2018,Luxembourg,J01D,3.2871,Escherichia coli,Carbapenems,0.0
2018,Luxembourg,J01D,3.2871,Escherichia coli,Third-generation cephalosporins,12.5
2018,Luxembourg,J01D,3.2871,Klebsiella pneumoniae,Carbapenems,0.0
2018,Luxembourg,J01D,3.2871,Klebsiella pneumoniae,Third-generation cephalosporins,29.4117647
2018,Latvia,J01D,1.2226,Acinetobacter spp.,Carbapenems,78.43137254
2018,Latvia,J01D,1.2226,Escherichia coli,Carbapenems,0.0
2018,Latvia,J01D,1.2226,Escherichia coli,Third-generation cephalosporins,20.40229885
2018,Latvia,J01D,1.2226,Klebsiella pneumoniae,Carbapenems,0.49019607
2018,Latvia,J01D,1.2226,Klebsiella pneumoniae,Third-generation cephalosporins,37.74509803
2018,Malta,J01D,2.9381,Acinetobacter spp.,Carbapenems,
2018,Malta,J01D,2.9381,Escherichia coli,Carbapenems,0.0
2018,Malta,J01D,2.9381,Escherichia coli,Third-generation cephalosporins,15.36144578
2018,Malta,J01D,2.9381,Klebsiella pneumoniae,Carbapenems,15.44117647
2018,Malta,J01D,2.9381,Klebsiella pneumoniae,Third-generation cephalosporins,53.28467153
2018,Netherlands,J01D,0.2559,Acinetobacter spp.,Carbapenems,4.72972972
2018,Netherlands,J01D,0.2559,Escherichia coli,Carbapenems,0.01208897
2018,Netherlands,J01D,0.2559,Escherichia coli,Third-generation cephalosporins,7.31559854
2018,Netherlands,J01D,0.2559,Klebsiella pneumoniae,Carbapenems,0.46052631
2018,Netherlands,J01D,0.2559,Klebsiella pneumoniae,Third-generation cephalosporins,10.72368421
2018,Norway,J01D,0.3234,Acinetobacter spp.,Carbapenems,0.0
2018,Norway,J01D,0.3234,Escherichia coli,Carbapenems,0.02577984
2018,Norway,J01D,0.3234,Escherichia coli,Third-generation cephalosporins,6.75431812
2018,Norway,J01D,0.3234,Klebsiella pneumoniae,Carbapenems,0.13586956
2018,Norway,J01D,0.3234,Klebsiella pneumoniae,Third-generation cephalosporins,7.46268656
2018,Poland,J01D,3.4521,Acinetobacter spp.,Carbapenems,67.26618705
2018,Poland,J01D,3.4521,Escherichia coli,Carbapenems,0.12
2018,Poland,J01D,3.4521,Escherichia coli,Third-generation cephalosporins,17.59541984
2018,Poland,J01D,3.4521,Klebsiella pneumoniae,Carbapenems,8.11496196
2018,Poland,J01D,3.4521,Klebsiella pneumoniae,Third-generation cephalosporins,64.64315012
2018,Portugal,J01D,2.0131,Acinetobacter spp.,Carbapenems,30.70866141
2018,Portugal,J01D,2.0131,Escherichia coli,Carbapenems,0.53475935
2018,Portugal,J01D,2.0131,Escherichia coli,Third-generation cephalosporins,14.70838292
2018,Portugal,J01D,2.0131,Klebsiella pneumoniae,Carbapenems,11.70503316
2018,Portugal,J01D,2.0131,Klebsiella pneumoniae,Third-generation cephalosporins,49.98061264
2018,Romania,J01D,5.1711,Acinetobacter spp.,Carbapenems,85.32110091
2018,Romania,J01D,5.1711,Escherichia coli,Carbapenems,0.0
2018,Romania,J01D,5.1711,Escherichia coli,Third-generation cephalosporins,20.18348623
2018,Romania,J01D,5.1711,Klebsiella pneumoniae,Carbapenems,29.47845804
2018,Romania,J01D,5.1711,Klebsiella pneumoniae,Third-generation cephalosporins,61.39954853
2018,Slovenia,J01D,0.626,Acinetobacter spp.,Carbapenems,17.94871794
2018,Slovenia,J01D,0.626,Escherichia coli,Carbapenems,0.0
2018,Slovenia,J01D,0.626,Escherichia coli,Third-generation cephalosporins,11.33093525
2018,Slovenia,J01D,0.626,Klebsiella pneumoniae,Carbapenems,0.69204152
2018,Slovenia,J01D,0.626,Klebsiella pneumoniae,Third-generation cephalosporins,14.87889273
2018,Slovakia,J01D,6.701,Acinetobacter spp.,Carbapenems,43.9716312
2018,Slovakia,J01D,6.701,Escherichia coli,Carbapenems,0.0
2018,Slovakia,J01D,6.701,Escherichia coli,Third-generation cephalosporins,30.11305241
2018,Slovakia,J01D,6.701,Klebsiella pneumoniae,Carbapenems,3.48360655
2018,Slovakia,J01D,6.701,Klebsiella pneumoniae,Third-generation cephalosporins,55.93561368
2018,Spain,J01D,2.7483,Acinetobacter spp.,Carbapenems,54.32098765
2018,Spain,J01D,2.7483,Escherichia coli,Carbapenems,0.03785966
2018,Spain,J01D,2.7483,Escherichia coli,Third-generation cephalosporins,13.75741512
2018,Spain,J01D,2.7483,Klebsiella pneumoniae,Carbapenems,3.8095238
2018,Spain,J01D,2.7483,Klebsiella pneumoniae,Third-generation cephalosporins,25.47642928
2018,Sweden,J01D,0.2363,Acinetobacter spp.,Carbapenems,3.7037037
2018,Sweden,J01D,0.2363,Escherichia coli,Carbapenems,0.01855976
2018,Sweden,J01D,0.2363,Escherichia coli,Third-generation cephalosporins,8.33024118
2018,Sweden,J01D,0.2363,Klebsiella pneumoniae,Carbapenems,0.18382352
2018,Sweden,J01D,0.2363,Klebsiella pneumoniae,Third-generation cephalosporins,5.50964187
2018,United Kingdom,J01D,0.3823,Acinetobacter spp.,Carbapenems,1.82072829
2018,United Kingdom,J01D,0.3823,Escherichia coli,Carbapenems,0.04162797
2018,United Kingdom,J01D,0.3823,Escherichia coli,Third-generation cephalosporins,10.96697701
2018,United Kingdom,J01D,0.3823,Klebsiella pneumoniae,Carbapenems,0.69742489
2018,United Kingdom,J01D,0.3823,Klebsiella pneumoniae,Third-generation cephalosporins,12.98977031
2019,Austria,J01D,1.9211,Acinetobacter spp.,Carbapenems,7.4074074
2019,Austria,J01D,1.9211,Escherichia coli,Carbapenems,0.0
2019,Austria,J01D,1.9211,Escherichia coli,Third-generation cephalosporins,9.31870291
2019,Austria,J01D,1.9211,Klebsiella pneumoniae,Carbapenems,1.2345679
2019,Austria,J01D,1.9211,Klebsiella pneumoniae,Third-generation cephalosporins,10.33182503
2019,Belgium,J01D,1.5755,Acinetobacter spp.,Carbapenems,0.0
2019,Belgium,J01D,1.5755,Escherichia coli,Carbapenems,0.05094243
2019,Belgium,J01D,1.5755,Escherichia coli,Third-generation cephalosporins,9.98221996
2019,Belgium,J01D,1.5755,Klebsiella pneumoniae,Carbapenems,1.05680317
2019,Belgium,J01D,1.5755,Klebsiella pneumoniae,Third-generation cephalosporins,19.49934123
2019,Bulgaria,J01D,5.4792,Acinetobacter spp.,Carbapenems,71.96969696
2019,Bulgaria,J01D,5.4792,Escherichia coli,Carbapenems,0.0
2019,Bulgaria,J01D,5.4792,Escherichia coli,Third-generation cephalosporins,38.63636363
2019,Bulgaria,J01D,5.4792,Klebsiella pneumoniae,Carbapenems,26.96629213
2019,Bulgaria,J01D,5.4792,Klebsiella pneumoniae,Third-generation cephalosporins,75.65543071
2019,Croatia,J01D,3.1098,Acinetobacter spp.,Carbapenems,92.3076923
2019,Croatia,J01D,3.1098,Escherichia coli,Carbapenems,0.18348623
2019,Croatia,J01D,3.1098,Escherichia coli,Third-generation cephalosporins,15.94470046
2019,Croatia,J01D,3.1098,Klebsiella pneumoniae,Carbapenems,12.0
2019,Croatia,J01D,3.1098,Klebsiella pneumoniae,Third-generation cephalosporins,52.99684542
2019,Cyprus,J01D,6.396,Acinetobacter spp.,Carbapenems,87.5
2019,Cyprus,J01D,6.396,Escherichia coli,Carbapenems,0.0
2019,Cyprus,J01D,6.396,Escherichia coli,Third-generation cephalosporins,20.65217391
2019,Cyprus,J01D,6.396,Klebsiella pneumoniae,Carbapenems,13.33333333
2019,Cyprus,J01D,6.396,Klebsiella pneumoniae,Third-generation cephalosporins,48.33333333
2019,Czechia,J01D,2.5424,Acinetobacter spp.,Carbapenems,30.52631578
2019,Czechia,J01D,2.5424,Escherichia coli,Carbapenems,0.0
2019,Czechia,J01D,2.5424,Escherichia coli,Third-generation cephalosporins,15.91228563
2019,Czechia,J01D,2.5424,Klebsiella pneumoniae,Carbapenems,0.608828
2019,Czechia,J01D,2.5424,Klebsiella pneumoniae,Third-generation cephalosporins,50.67178502
2019,Denmark,J01D,0.263,Acinetobacter spp.,Carbapenems,0.0
2019,Denmark,J01D,0.263,Escherichia coli,Carbapenems,0.07172314
2019,Denmark,J01D,0.263,Escherichia coli,Third-generation cephalosporins,7.54272245
2019,Denmark,J01D,0.263,Klebsiella pneumoniae,Carbapenems,0.29498525
2019,Denmark,J01D,0.263,Klebsiella pneumoniae,Third-generation cephalosporins,6.65064102
2019,Estonia,J01D,1.6934,Acinetobacter spp.,Carbapenems,
2019,Estonia,J01D,1.6934,Escherichia coli,Carbapenems,0.0
2019,Estonia,J01D,1.6934,Escherichia coli,Third-generation cephalosporins,11.53846153
2019,Estonia,J01D,1.6934,Klebsiella pneumoniae,Carbapenems,0.0
2019,Estonia,J01D,1.6934,Klebsiella pneumoniae,Third-generation cephalosporins,10.61452513
2019,Finland,J01D,2.6317,Acinetobacter spp.,Carbapenems,0.0
2019,Finland,J01D,2.6317,Escherichia coli,Carbapenems,0.0187582
2019,Finland,J01D,2.6317,Escherichia coli,Third-generation cephalosporins,7.85146868
2019,Finland,J01D,2.6317,Klebsiella pneumoniae,Carbapenems,0.35294117
2019,Finland,J01D,2.6317,Klebsiella pneumoniae,Third-generation cephalosporins,6.33640552
2019,France,J01D,1.6074,Acinetobacter spp.,Carbapenems,9.03490759
2019,France,J01D,1.6074,Escherichia coli,Carbapenems,0.04748338
2019,France,J01D,1.6074,Escherichia coli,Third-generation cephalosporins,8.84860588
2019,France,J01D,1.6074,Klebsiella pneumoniae,Carbapenems,0.99900099
2019,France,J01D,1.6074,Klebsiella pneumoniae,Third-generation cephalosporins,30.17886178
2019,Greece,J01D,8.1122,Acinetobacter spp.,Carbapenems,92.34693877
2019,Greece,J01D,8.1122,Escherichia coli,Carbapenems,0.98522167
2019,Greece,J01D,8.1122,Escherichia coli,Third-generation cephalosporins,18.94736842
2019,Greece,J01D,8.1122,Klebsiella pneumoniae,Carbapenems,58.33333333
2019,Greece,J01D,8.1122,Klebsiella pneumoniae,Third-generation cephalosporins,66.4516129
2019,Hungary,J01D,2.4429,Acinetobacter spp.,Carbapenems,50.95693779
2019,Hungary,J01D,2.4429,Escherichia coli,Carbapenems,0.0
2019,Hungary,J01D,2.4429,Escherichia coli,Third-generation cephalosporins,20.5967675
2019,Hungary,J01D,2.4429,Klebsiella pneumoniae,Carbapenems,0.8988764
2019,Hungary,J01D,2.4429,Klebsiella pneumoniae,Third-generation cephalosporins,36.66300768
2019,Ireland,J01D,1.3766,Acinetobacter spp.,Carbapenems,1.58730158
2019,Ireland,J01D,1.3766,Escherichia coli,Carbapenems,0.0
2019,Ireland,J01D,1.3766,Escherichia coli,Third-generation cephalosporins,12.07056638
2019,Ireland,J01D,1.3766,Klebsiella pneumoniae,Carbapenems,0.9487666
2019,Ireland,J01D,1.3766,Klebsiella pneumoniae,Third-generation cephalosporins,17.64705882
2019,Italy,J01D,2.7281,Acinetobacter spp.,Carbapenems,79.28211586
2019,Italy,J01D,2.7281,Escherichia coli,Carbapenems,0.38042842
2019,Italy,J01D,2.7281,Escherichia coli,Third-generation cephalosporins,30.8653376
2019,Italy,J01D,2.7281,Klebsiella pneumoniae,Carbapenems,28.47781569
2019,Italy,J01D,2.7281,Klebsiella pneumoniae,Third-generation cephalosporins,57.59189505
2019,Iceland,J01D,0.7987,Acinetobacter spp.,Carbapenems,
2019,Iceland,J01D,0.7987,Escherichia coli,Carbapenems,
2019,Iceland,J01D,0.7987,Escherichia coli,Third-generation cephalosporins,7.00389105
2019,Iceland,J01D,0.7987,Klebsiella pneumoniae,Third-generation cephalosporins,4.34782608
2019,Lithuania,J01D,2.1773,Acinetobacter spp.,Carbapenems,85.18518518
2019,Lithuania,J01D,2.1773,Escherichia coli,Carbapenems,0.17825311
2019,Lithuania,J01D,2.1773,Escherichia coli,Third-generation cephalosporins,13.86925795
2019,Lithuania,J01D,2.1773,Klebsiella pneumoniae,Carbapenems,3.42465753
2019,Lithuania,J01D,2.1773,Klebsiella pneumoniae,Third-generation cephalosporins,55.0
2019,Luxembourg,J01D,3.1866,Acinetobacter spp.,Carbapenems,
2019,Luxembourg,J01D,3.1866,Escherichia coli,Carbapenems,0.60975609
2019,Luxembourg,J01D,3.1866,Escherichia coli,Third-generation cephalosporins,12.60162601
2019,Luxembourg,J01D,3.1866,Klebsiella pneumoniae,Carbapenems,0.97087378
2019,Luxembourg,J01D,3.1866,Klebsiella pneumoniae,Third-generation cephalosporins,25.24271844
2019,Latvia,J01D,1.2716,Acinetobacter spp.,Carbapenems,84.78260869
2019,Latvia,J01D,1.2716,Escherichia coli,Carbapenems,0.0
2019,Latvia,J01D,1.2716,Escherichia coli,Third-generation cephalosporins,19.68325791
2019,Latvia,J01D,1.2716,Klebsiella pneumoniae,Carbapenems,0.0
2019,Latvia,J01D,1.2716,Klebsiella pneumoniae,Third-generation cephalosporins,36.86868686
2019,Malta,J01D,3.1156,Acinetobacter spp.,Carbapenems,
2019,Malta,J01D,3.1156,Escherichia coli,Carbapenems,0.0
2019,Malta,J01D,3.1156,Escherichia coli,Third-generation cephalosporins,17.46987951
2019,Malta,J01D,3.1156,Klebsiella pneumoniae,Carbapenems,7.75193798
2019,Malta,J01D,3.1156,Klebsiella pneumoniae,Third-generation cephalosporins,37.20930232
2019,Netherlands,J01D,0.2594,Acinetobacter spp.,Carbapenems,0.80645161
2019,Netherlands,J01D,0.2594,Escherichia coli,Carbapenems,0.0
2019,Netherlands,J01D,0.2594,Escherichia coli,Third-generation cephalosporins,7.52054794
2019,Netherlands,J01D,0.2594,Klebsiella pneumoniae,Carbapenems,0.20935101
2019,Netherlands,J01D,0.2594,Klebsiella pneumoniae,Third-generation cephalosporins,9.62343096
2019,Norway,J01D,0.3082,Acinetobacter spp.,Carbapenems,0.0
2019,Norway,J01D,0.3082,Escherichia coli,Carbapenems,0.04950495
2019,Norway,J01D,0.3082,Escherichia coli,Third-generation cephalosporins,6.18404907
2019,Norway,J01D,0.3082,Klebsiella pneumoniae,Carbapenems,0.24213075
2019,Norway,J01D,0.3082,Klebsiella pneumoniae,Third-generation cephalosporins,7.69230769
2019,Poland,J01D,4.0645,Acinetobacter spp.,Carbapenems,70.97791798
2019,Poland,J01D,4.0645,Escherichia coli,Carbapenems,0.0
2019,Poland,J01D,4.0645,Escherichia coli,Third-generation cephalosporins,17.12450945
2019,Poland,J01D,4.0645,Klebsiella pneumoniae,Carbapenems,7.7056277
2019,Poland,J01D,4.0645,Klebsiella pneumoniae,Third-generation cephalosporins,58.31903945
2019,Portugal,J01D,2.039,Acinetobacter spp.,Carbapenems,31.11111111
2019,Portugal,J01D,2.039,Escherichia coli,Carbapenems,0.06277463
2019,Portugal,J01D,2.039,Escherichia coli,Third-generation cephalosporins,16.10328638
2019,Portugal,J01D,2.039,Klebsiella pneumoniae,Carbapenems,10.85501858
2019,Portugal,J01D,2.039,Klebsiella pneumoniae,Third-generation cephalosporins,47.64553207
2019,Romania,J01D,5.3892,Acinetobacter spp.,Carbapenems,88.25757575
2019,Romania,J01D,5.3892,Escherichia coli,Carbapenems,0.6006006
2019,Romania,J01D,5.3892,Escherichia coli,Third-generation cephalosporins,20.3313253
2019,Romania,J01D,5.3892,Klebsiella pneumoniae,Carbapenems,32.34042553
2019,Romania,J01D,5.3892,Klebsiella pneumoniae,Third-generation cephalosporins,64.09185803
2019,Slovenia,J01D,0.709,Acinetobacter spp.,Carbapenems,22.5
2019,Slovenia,J01D,0.709,Escherichia coli,Carbapenems,0.0
2019,Slovenia,J01D,0.709,Escherichia coli,Third-generation cephalosporins,9.81366459
2019,Slovenia,J01D,0.709,Klebsiella pneumoniae,Carbapenems,0.330033
2019,Slovenia,J01D,0.709,Klebsiella pneumoniae,Third-generation cephalosporins,16.50165016
2019,Slovakia,J01D,5.2639,Acinetobacter spp.,Carbapenems,55.20833333
2019,Slovakia,J01D,5.2639,Escherichia coli,Carbapenems,0.12738853
2019,Slovakia,J01D,5.2639,Escherichia coli,Third-generation cephalosporins,23.04964539
2019,Slovakia,J01D,5.2639,Klebsiella pneumoniae,Carbapenems,4.55840455
2019,Slovakia,J01D,5.2639,Klebsiella pneumoniae,Third-generation cephalosporins,57.49318801
2019,Spain,J01D,2.7597,Acinetobacter spp.,Carbapenems,56.62650602
2019,Spain,J01D,2.7597,Escherichia coli,Carbapenems,1.9410496
2019,Spain,J01D,2.7597,Escherichia coli,Third-generation cephalosporins,14.11623726
2019,Spain,J01D,2.7597,Klebsiella pneumoniae,Carbapenems,4.79566305
2019,Spain,J01D,2.7597,Klebsiella pneumoniae,Third-generation cephalosporins,25.25041736
2019,Sweden,J01D,0.2233,Acinetobacter spp.,Carbapenems,3.57142857
2019,Sweden,J01D,0.2233,Escherichia coli,Carbapenems,0.02124721
2019,Sweden,J01D,0.2233,Escherichia coli,Third-generation cephalosporins,7.82460983
2019,Sweden,J01D,0.2233,Klebsiella pneumoniae,Carbapenems,0.11154489
2019,Sweden,J01D,0.2233,Klebsiella pneumoniae,Third-generation cephalosporins,8.30083565
2019,United Kingdom,J01D,0.3728,Acinetobacter spp.,Carbapenems,2.08913649
2019,United Kingdom,J01D,0.3728,Escherichia coli,Carbapenems,0.04052821
2019,United Kingdom,J01D,0.3728,Escherichia coli,Third-generation cephalosporins,11.51430827
2019,United Kingdom,J01D,0.3728,Klebsiella pneumoniae,Carbapenems,0.6635071
2019,United Kingdom,J01D,0.3728,Klebsiella pneumoniae,Third-generation cephalosporins,13.21142387
2020,Austria,J01D,1.4526,Acinetobacter spp.,Carbapenems,7.24637681
2020,Austria,J01D,1.4526,Escherichia coli,Carbapenems,0.09725734
2020,Austria,J01D,1.4526,Escherichia coli,Third-generation cephalosporins,9.46800595
2020,Austria,J01D,1.4526,Klebsiella pneumoniae,Carbapenems,0.94786729
2020,Austria,J01D,1.4526,Klebsiella pneumoniae,Third-generation cephalosporins,7.82918149
2020,Belgium,J01D,1.1329,Acinetobacter spp.,Carbapenems,1.25
2020,Belgium,J01D,1.1329,Escherichia coli,Carbapenems,0.02423654
2020,Belgium,J01D,1.1329,Escherichia coli,Third-generation cephalosporins,9.88425925
2020,Belgium,J01D,1.1329,Klebsiella pneumoniae,Carbapenems,1.13507377
2020,Belgium,J01D,1.1329,Klebsiella pneumoniae,Third-generation cephalosporins,19.7368421
2020,Bulgaria,J01D,5.2658,Acinetobacter spp.,Carbapenems,82.94573643
2020,Bulgaria,J01D,5.2658,Escherichia coli,Carbapenems,0.76628352
2020,Bulgaria,J01D,5.2658,Escherichia coli,Third-generation cephalosporins,41.37931034
2020,Bulgaria,J01D,5.2658,Klebsiella pneumoniae,Carbapenems,28.11244979
2020,Bulgaria,J01D,5.2658,Klebsiella pneumoniae,Third-generation cephalosporins,79.11646586
2020,Croatia,J01D,2.5925,Acinetobacter spp.,Carbapenems,96.44444444
2020,Croatia,J01D,2.5925,Escherichia coli,Carbapenems,0.0
2020,Croatia,J01D,2.5925,Escherichia coli,Third-generation cephalosporins,16.56590084
2020,Croatia,J01D,2.5925,Klebsiella pneumoniae,Carbapenems,19.10112359
2020,Croatia,J01D,2.5925,Klebsiella pneumoniae,Third-generation cephalosporins,52.22222222
2020,Cyprus,J01D,6.1889,Acinetobacter spp.,Carbapenems,81.03448275
2020,Cyprus,J01D,6.1889,Escherichia coli,Carbapenems,0.0
2020,Cyprus,J01D,6.1889,Escherichia coli,Third-generation cephalosporins,29.8245614
2020,Cyprus,J01D,6.1889,Klebsiella pneumoniae,Carbapenems,19.76744186
2020,Cyprus,J01D,6.1889,Klebsiella pneumoniae,Third-generation cephalosporins,54.65116279
2020,Czechia,J01D,1.9058,Acinetobacter spp.,Carbapenems,32.92682926
2020,Czechia,J01D,1.9058,Escherichia coli,Carbapenems,0.13333333
2020,Czechia,J01D,1.9058,Escherichia coli,Third-generation cephalosporins,13.27994661
2020,Czechia,J01D,1.9058,Klebsiella pneumoniae,Carbapenems,0.48701298
2020,Czechia,J01D,1.9058,Klebsiella pneumoniae,Third-generation cephalosporins,45.86160108
2020,Denmark,J01D,0.2401,Acinetobacter spp.,Carbapenems,4.6875
2020,Denmark,J01D,0.2401,Escherichia coli,Carbapenems,0.15410958
2020,Denmark,J01D,0.2401,Escherichia coli,Third-generation cephalosporins,6.6969353
2020,Denmark,J01D,0.2401,Klebsiella pneumoniae,Carbapenems,0.77848549
2020,Denmark,J01D,0.2401,Klebsiella pneumoniae,Third-generation cephalosporins,6.01265822
2020,Estonia,J01D,1.534,Acinetobacter spp.,Carbapenems,
2020,Estonia,J01D,1.534,Escherichia coli,Carbapenems,0.0
2020,Estonia,J01D,1.534,Escherichia coli,Third-generation cephalosporins,8.27374872
2020,Estonia,J01D,1.534,Klebsiella pneumoniae,Carbapenems,0.0
2020,Estonia,J01D,1.534,Klebsiella pneumoniae,Third-generation cephalosporins,11.55778894
2020,Finland,J01D,2.2791,Acinetobacter spp.,Carbapenems,5.4054054
2020,Finland,J01D,2.2791,Escherichia coli,Carbapenems,0.01860465
2020,Finland,J01D,2.2791,Escherichia coli,Third-generation cephalosporins,7.17346748
2020,Finland,J01D,2.2791,Klebsiella pneumoniae,Carbapenems,0.11098779
2020,Finland,J01D,2.2791,Klebsiella pneumoniae,Third-generation cephalosporins,7.21420643
2020,France,J01D,1.1989,Acinetobacter spp.,Carbapenems,3.32369942
2020,France,J01D,1.1989,Escherichia coli,Carbapenems,0.03924206
2020,France,J01D,1.1989,Escherichia coli,Third-generation cephalosporins,9.4659808
2020,France,J01D,1.1989,Klebsiella pneumoniae,Carbapenems,0.54211843
2020,France,J01D,1.1989,Klebsiella pneumoniae,Third-generation cephalosporins,27.84935579
2020,Greece,J01D,6.3012,Acinetobacter spp.,Carbapenems,94.59459459
2020,Greece,J01D,6.3012,Escherichia coli,Carbapenems,0.53003533
2020,Greece,J01D,6.3012,Escherichia coli,Third-generation cephalosporins,21.86948853
2020,Greece,J01D,6.3012,Klebsiella pneumoniae,Carbapenems,66.25344352
2020,Greece,J01D,6.3012,Klebsiella pneumoniae,Third-generation cephalosporins,74.51790633
2020,Hungary,J01D,1.8031,Acinetobacter spp.,Carbapenems,73.03370786
2020,Hungary,J01D,1.8031,Escherichia coli,Carbapenems,0.0
2020,Hungary,J01D,1.8031,Escherichia coli,Third-generation cephalosporins,20.13251783
2020,Hungary,J01D,1.8031,Klebsiella pneumoniae,Carbapenems,0.69348127
2020,Hungary,J01D,1.8031,Klebsiella pneumoniae,Third-generation cephalosporins,40.38461538
2020,Ireland,J01D,1.1626,Acinetobacter spp.,Carbapenems,0.0
2020,Ireland,J01D,1.1626,Escherichia coli,Carbapenems,0.07092198
2020,Ireland,J01D,1.1626,Escherichia coli,Third-generation cephalosporins,11.8245614
2020,Ireland,J01D,1.1626,Klebsiella pneumoniae,Carbapenems,0.41928721
2020,Ireland,J01D,1.1626,Klebsiella pneumoniae,Third-generation cephalosporins,18.68583162
2020,Italy,J01D,2.1316,Acinetobacter spp.,Carbapenems,80.79937304
2020,Italy,J01D,2.1316,Escherichia coli,Carbapenems,0.47219598
2020,Italy,J01D,2.1316,Escherichia coli,Third-generation cephalosporins,26.41066666
2020,Italy,J01D,2.1316,Klebsiella pneumoniae,Carbapenems,29.50681297
2020,Italy,J01D,2.1316,Klebsiella pneumoniae,Third-generation cephalosporins,54.33333333
2020,Iceland,J01D,0.7538,Acinetobacter spp.,Carbapenems,
2020,Iceland,J01D,0.7538,Escherichia coli,Carbapenems,0.0
2020,Iceland,J01D,0.7538,Escherichia coli,Third-generation cephalosporins,11.02040816
2020,Iceland,J01D,0.7538,Klebsiella pneumoniae,Carbapenems,0.0
2020,Iceland,J01D,0.7538,Klebsiella pneumoniae,Third-generation cephalosporins,0.0
2020,Lithuania,J01D,1.9919,Acinetobacter spp.,Carbapenems,91.08280254
2020,Lithuania,J01D,1.9919,Escherichia coli,Carbapenems,0.0
2020,Lithuania,J01D,1.9919,Escherichia coli,Third-generation cephalosporins,15.93695271
2020,Lithuania,J01D,1.9919,Klebsiella pneumoniae,Carbapenems,2.905569
2020,Lithuania,J01D,1.9919,Klebsiella pneumoniae,Third-generation cephalosporins,42.6150121
2020,Luxembourg,J01D,2.1552,Acinetobacter spp.,Carbapenems,
2020,Luxembourg,J01D,2.1552,Escherichia coli,Carbapenems,0.0
2020,Luxembourg,J01D,2.1552,Escherichia coli,Third-generation cephalosporins,11.44859813
2020,Luxembourg,J01D,2.1552,Klebsiella pneumoniae,Carbapenems,1.14942528
2020,Luxembourg,J01D,2.1552,Klebsiella pneumoniae,Third-generation cephalosporins,26.4367816
2020,Latvia,J01D,1.0926,Acinetobacter spp.,Carbapenems,82.69230769
2020,Latvia,J01D,1.0926,Escherichia coli,Carbapenems,0.0
2020,Latvia,J01D,1.0926,Escherichia coli,Third-generation cephalosporins,24.07407407
2020,Latvia,J01D,1.0926,Klebsiella pneumoniae,Carbapenems,1.05820105
2020,Latvia,J01D,1.0926,Klebsiella pneumoniae,Third-generation cephalosporins,48.40425531
2020,Malta,J01D,2.2521,Acinetobacter spp.,Carbapenems,
2020,Malta,J01D,2.2521,Escherichia coli,Carbapenems,0.0
2020,Malta,J01D,2.2521,Escherichia coli,Third-generation cephalosporins,12.27436823
2020,Malta,J01D,2.2521,Klebsiella pneumoniae,Carbapenems,7.57575757
2020,Malta,J01D,2.2521,Klebsiella pneumoniae,Third-generation cephalosporins,38.63636363
2020,Netherlands,J01D,0.2564,Acinetobacter spp.,Carbapenems,0.67567567
2020,Netherlands,J01D,0.2564,Escherichia coli,Carbapenems,0.04006945
2020,Netherlands,J01D,0.2564,Escherichia coli,Third-generation cephalosporins,6.64531625
2020,Netherlands,J01D,0.2564,Klebsiella pneumoniae,Carbapenems,0.07163323
2020,Netherlands,J01D,0.2564,Klebsiella pneumoniae,Third-generation cephalosporins,11.16678596
2020,Norway,J01D,0.2823,Acinetobacter spp.,Carbapenems,0.0
2020,Norway,J01D,0.2823,Escherichia coli,Carbapenems,0.02742731
2020,Norway,J01D,0.2823,Escherichia coli,Third-generation cephalosporins,5.79479
2020,Norway,J01D,0.2823,Klebsiella pneumoniae,Carbapenems,0.1455604
2020,Norway,J01D,0.2823,Klebsiella pneumoniae,Third-generation cephalosporins,10.11396011
2020,Poland,J01D,2.8537,Acinetobacter spp.,Carbapenems,78.22580645
2020,Poland,J01D,2.8537,Escherichia coli,Carbapenems,0.04807692
2020,Poland,J01D,2.8537,Escherichia coli,Third-generation cephalosporins,17.44935543
2020,Poland,J01D,2.8537,Klebsiella pneumoniae,Carbapenems,8.19366852
2020,Poland,J01D,2.8537,Klebsiella pneumoniae,Third-generation cephalosporins,62.95955882
2020,Portugal,J01D,1.7781,Acinetobacter spp.,Carbapenems,15.38461538
2020,Portugal,J01D,1.7781,Escherichia coli,Carbapenems,0.15429453
2020,Portugal,J01D,1.7781,Escherichia coli,Third-generation cephalosporins,14.44847229
2020,Portugal,J01D,1.7781,Klebsiella pneumoniae,Carbapenems,11.58273381
2020,Portugal,J01D,1.7781,Klebsiella pneumoniae,Third-generation cephalosporins,47.57422157
2020,Romania,J01D,4.4948,Acinetobacter spp.,Carbapenems,93.26599326
2020,Romania,J01D,4.4948,Escherichia coli,Carbapenems,0.66079295
2020,Romania,J01D,4.4948,Escherichia coli,Third-generation cephalosporins,19.69026548
2020,Romania,J01D,4.4948,Klebsiella pneumoniae,Carbapenems,48.31223628
2020,Romania,J01D,4.4948,Klebsiella pneumoniae,Third-generation cephalosporins,67.9245283
2020,Slovenia,J01D,0.6967,Acinetobacter spp.,Carbapenems,19.44444444
2020,Slovenia,J01D,0.6967,Escherichia coli,Carbapenems,0.0
2020,Slovenia,J01D,0.6967,Escherichia coli,Third-generation cephalosporins,10.57513914
2020,Slovenia,J01D,0.6967,Klebsiella pneumoniae,Carbapenems,0.0
2020,Slovenia,J01D,0.6967,Klebsiella pneumoniae,Third-generation cephalosporins,15.80756013
2020,Slovakia,J01D,3.6893,Acinetobacter spp.,Carbapenems,30.76923076
2020,Slovakia,J01D,3.6893,Escherichia coli,Carbapenems,0.14184397
2020,Slovakia,J01D,3.6893,Escherichia coli,Third-generation cephalosporins,27.09766162
2020,Slovakia,J01D,3.6893,Klebsiella pneumoniae,Carbapenems,8.1632653
2020,Slovakia,J01D,3.6893,Klebsiella pneumoniae,Third-generation cephalosporins,54.38596491
2020,Spain,J01D,2.3285,Acinetobacter spp.,Carbapenems,60.86956521
2020,Spain,J01D,2.3285,Escherichia coli,Carbapenems,0.36952089
2020,Spain,J01D,2.3285,Escherichia coli,Third-generation cephalosporins,14.07541322
2020,Spain,J01D,2.3285,Klebsiella pneumoniae,Carbapenems,4.66786355
2020,Spain,J01D,2.3285,Klebsiella pneumoniae,Third-generation cephalosporins,26.6361556
2020,Sweden,J01D,0.2093,Acinetobacter spp.,Carbapenems,7.14285714
2020,Sweden,J01D,0.2093,Escherichia coli,Carbapenems,0.0101564
2020,Sweden,J01D,0.2093,Escherichia coli,Third-generation cephalosporins,7.86642306
2020,Sweden,J01D,0.2093,Klebsiella pneumoniae,Carbapenems,0.27129679
2020,Sweden,J01D,0.2093,Klebsiella pneumoniae,Third-generation cephalosporins,8.08903365
2021,Austria,J01D,1.5237,Acinetobacter spp.,Carbapenems,10.0
2021,Austria,J01D,1.5237,Escherichia coli,Carbapenems,0.0192086
2021,Austria,J01D,1.5237,Escherichia coli,Third-generation cephalosporins,8.28968755
2021,Austria,J01D,1.5237,Klebsiella pneumoniae,Carbapenems,0.97640358
2021,Austria,J01D,1.5237,Klebsiella pneumoniae,Third-generation cephalosporins,9.80842911
2021,Belgium,J01D,1.143,Acinetobacter spp.,Carbapenems,1.19760479
2021,Belgium,J01D,1.143,Escherichia coli,Carbapenems,0.04235493
2021,Belgium,J01D,1.143,Escherichia coli,Third-generation cephalosporins,8.26096166
2021,Belgium,J01D,1.143,Klebsiella pneumoniae,Carbapenems,1.40388768
2021,Belgium,J01D,1.143,Klebsiella pneumoniae,Third-generation cephalosporins,18.89848812
2021,Bulgaria,J01D,6.0953,Acinetobacter spp.,Carbapenems,77.88018433
2021,Bulgaria,J01D,6.0953,Escherichia coli,Carbapenems,0.38022813
2021,Bulgaria,J01D,6.0953,Escherichia coli,Third-generation cephalosporins,37.26235741
2021,Bulgaria,J01D,6.0953,Klebsiella pneumoniae,Carbapenems,46.28099173
2021,Bulgaria,J01D,6.0953,Klebsiella pneumoniae,Third-generation cephalosporins,81.40495867
2021,Croatia,J01D,2.9605,Acinetobacter spp.,Carbapenems,99.5085995
2021,Croatia,J01D,2.9605,Escherichia coli,Carbapenems,0.0
2021,Croatia,J01D,2.9605,Escherichia coli,Third-generation cephalosporins,18.59504132
2021,Croatia,J01D,2.9605,Klebsiella pneumoniae,Carbapenems,32.8611898
2021,Croatia,J01D,2.9605,Klebsiella pneumoniae,Third-generation cephalosporins,62.04986149
2021,Cyprus,J01D,5.1559,Acinetobacter spp.,Carbapenems,92.12962962
2021,Cyprus,J01D,5.1559,Escherichia coli,Carbapenems,1.04166666
2021,Cyprus,J01D,5.1559,Escherichia coli,Third-generation cephalosporins,32.8125
2021,Cyprus,J01D,5.1559,Klebsiella pneumoniae,Carbapenems,26.24113475
2021,Cyprus,J01D,5.1559,Klebsiella pneumoniae,Third-generation cephalosporins,54.60992907
2021,Czechia,J01D,2.0083,Acinetobacter spp.,Carbapenems,53.27868852
2021,Czechia,J01D,2.0083,Escherichia coli,Carbapenems,0.0
2021,Czechia,J01D,2.0083,Escherichia coli,Third-generation cephalosporins,14.41717791
2021,Czechia,J01D,2.0083,Klebsiella pneumoniae,Carbapenems,1.03857566
2021,Czechia,J01D,2.0083,Klebsiella pneumoniae,Third-generation cephalosporins,49.69097651
2021,Denmark,J01D,0.2308,Acinetobacter spp.,Carbapenems,5.88235294
2021,Denmark,J01D,0.2308,Escherichia coli,Carbapenems,0.10265183
2021,Denmark,J01D,0.2308,Escherichia coli,Third-generation cephalosporins,6.16691285
2021,Denmark,J01D,0.2308,Klebsiella pneumoniae,Carbapenems,0.4531722
2021,Denmark,J01D,0.2308,Klebsiella pneumoniae,Third-generation cephalosporins,5.13029315
2021,Estonia,J01D,1.3921,Acinetobacter spp.,Carbapenems,
2021,Estonia,J01D,1.3921,Escherichia coli,Carbapenems,0.0
2021,Estonia,J01D,1.3921,Escherichia coli,Third-generation cephalosporins,8.07319698
2021,Estonia,J01D,1.3921,Klebsiella pneumoniae,Carbapenems,0.91743119
2021,Estonia,J01D,1.3921,Klebsiella pneumoniae,Third-generation cephalosporins,12.76595744
2021,Finland,J01D,2.1943,Acinetobacter spp.,Carbapenems,2.12765957
2021,Finland,J01D,2.1943,Escherichia coli,Carbapenems,0.0
2021,Finland,J01D,2.1943,Escherichia coli,Third-generation cephalosporins,6.60458699
2021,Finland,J01D,2.1943,Klebsiella pneumoniae,Carbapenems,0.0
2021,Finland,J01D,2.1943,Klebsiella pneumoniae,Third-generation cephalosporins,5.56127703
2021,France,J01D,1.2249,Acinetobacter spp.,Carbapenems,3.05555555
2021,France,J01D,1.2249,Escherichia coli,Carbapenems,0.05129374
2021,France,J01D,1.2249,Escherichia coli,Third-generation cephalosporins,8.34267413
2021,France,J01D,1.2249,Klebsiella pneumoniae,Carbapenems,0.76158239
2021,France,J01D,1.2249,Klebsiella pneumoniae,Third-generation cephalosporins,25.41725316
2021,Greece,J01D,4.9554,Acinetobacter spp.,Carbapenems,96.94989106
2021,Greece,J01D,4.9554,Escherichia coli,Carbapenems,1.09890109
2021,Greece,J01D,4.9554,Escherichia coli,Third-generation cephalosporins,21.73314993
2021,Greece,J01D,4.9554,Klebsiella pneumoniae,Carbapenems,73.69534555
2021,Greece,J01D,4.9554,Klebsiella pneumoniae,Third-generation cephalosporins,80.36723163
2021,Hungary,J01D,1.7148,Acinetobacter spp.,Carbapenems,82.97577854
2021,Hungary,J01D,1.7148,Escherichia coli,Carbapenems,0.0
2021,Hungary,J01D,1.7148,Escherichia coli,Third-generation cephalosporins,20.40485829
2021,Hungary,J01D,1.7148,Klebsiella pneumoniae,Carbapenems,0.91575091
2021,Hungary,J01D,1.7148,Klebsiella pneumoniae,Third-generation cephalosporins,38.64864864
2021,Ireland,J01D,1.159,Acinetobacter spp.,Carbapenems,1.51515151
2021,Ireland,J01D,1.159,Escherichia coli,Carbapenems,0.0
2021,Ireland,J01D,1.159,Escherichia coli,Third-generation cephalosporins,9.95521873
2021,Ireland,J01D,1.159,Klebsiella pneumoniae,Carbapenems,0.60362173
2021,Ireland,J01D,1.159,Klebsiella pneumoniae,Third-generation cephalosporins,15.5378486
2021,Italy,J01D,2.0059,Acinetobacter spp.,Carbapenems,88.14949863
2021,Italy,J01D,2.0059,Escherichia coli,Carbapenems,0.42625333
2021,Italy,J01D,2.0059,Escherichia coli,Third-generation cephalosporins,24.37776864
2021,Italy,J01D,2.0059,Klebsiella pneumoniae,Carbapenems,27.19534532
2021,Italy,J01D,2.0059,Klebsiella pneumoniae,Third-generation cephalosporins,53.62936772
2021,Iceland,J01D,0.8284,Acinetobacter spp.,Carbapenems,
2021,Iceland,J01D,0.8284,Escherichia coli,Carbapenems,0.0
2021,Iceland,J01D,0.8284,Escherichia coli,Third-generation cephalosporins,10.43165467
2021,Iceland,J01D,0.8284,Klebsiella pneumoniae,Carbapenems,0.0
2021,Iceland,J01D,0.8284,Klebsiella pneumoniae,Third-generation cephalosporins,3.44827586
2021,Lithuania,J01D,1.93,Acinetobacter spp.,Carbapenems,96.11111111
2021,Lithuania,J01D,1.93,Escherichia coli,Carbapenems,0.2610966
2021,Lithuania,J01D,1.93,Escherichia coli,Third-generation cephalosporins,13.61665221
2021,Lithuania,J01D,1.93,Klebsiella pneumoniae,Carbapenems,0.97847358
2021,Lithuania,J01D,1.93,Klebsiella pneumoniae,Third-generation cephalosporins,42.96875
2021,Luxembourg,J01D,2.0097,Acinetobacter spp.,Carbapenems,
2021,Luxembourg,J01D,2.0097,Escherichia coli,Carbapenems,0.0
2021,Luxembourg,J01D,2.0097,Escherichia coli,Third-generation cephalosporins,11.29943502
2021,Luxembourg,J01D,2.0097,Klebsiella pneumoniae,Carbapenems,0.990099
2021,Luxembourg,J01D,2.0097,Klebsiella pneumoniae,Third-generation cephalosporins,25.74257425
2021,Latvia,J01D,0.9918,Acinetobacter spp.,Carbapenems,79.26829268
2021,Latvia,J01D,0.9918,Escherichia coli,Carbapenems,0.0
2021,Latvia,J01D,0.9918,Escherichia coli,Third-generation cephalosporins,18.32061068
2021,Latvia,J01D,0.9918,Klebsiella pneumoniae,Carbapenems,1.58102766
2021,Latvia,J01D,0.9918,Klebsiella pneumoniae,Third-generation cephalosporins,35.96837944
2021,Malta,J01D,1.6529,Acinetobacter spp.,Carbapenems,
2021,Malta,J01D,1.6529,Escherichia coli,Carbapenems,0.0
2021,Malta,J01D,1.6529,Escherichia coli,Third-generation cephalosporins,13.71237458
2021,Malta,J01D,1.6529,Klebsiella pneumoniae,Carbapenems,6.66666666
2021,Malta,J01D,1.6529,Klebsiella pneumoniae,Third-generation cephalosporins,28.88888888
2021,Netherlands,J01D,0.2608,Acinetobacter spp.,Carbapenems,0.54054054
2021,Netherlands,J01D,0.2608,Escherichia coli,Carbapenems,0.04566905
2021,Netherlands,J01D,0.2608,Escherichia coli,Third-generation cephalosporins,6.64638783
2021,Netherlands,J01D,0.2608,Klebsiella pneumoniae,Carbapenems,0.23622047
2021,Netherlands,J01D,0.2608,Klebsiella pneumoniae,Third-generation cephalosporins,10.07874015
2021,Norway,J01D,0.2917,Acinetobacter spp.,Carbapenems,0.0
2021,Norway,J01D,0.2917,Escherichia coli,Carbapenems,0.0
2021,Norway,J01D,0.2917,Escherichia coli,Third-generation cephalosporins,5.49622297
2021,Norway,J01D,0.2917,Klebsiella pneumoniae,Carbapenems,0.25542784
2021,Norway,J01D,0.2917,Klebsiella pneumoniae,Third-generation cephalosporins,7.36975857
2021,Poland,J01D,2.8589,Acinetobacter spp.,Carbapenems,82.68765133
2021,Poland,J01D,2.8589,Escherichia coli,Carbapenems,0.13100436
2021,Poland,J01D,2.8589,Escherichia coli,Third-generation cephalosporins,18.72627583
2021,Poland,J01D,2.8589,Klebsiella pneumoniae,Carbapenems,19.52414275
2021,Poland,J01D,2.8589,Klebsiella pneumoniae,Third-generation cephalosporins,69.97206703
2021,Portugal,J01D,1.9226,Acinetobacter spp.,Carbapenems,10.44776119
2021,Portugal,J01D,1.9226,Escherichia coli,Carbapenems,0.32930845
2021,Portugal,J01D,1.9226,Escherichia coli,Third-generation cephalosporins,13.08993766
2021,Portugal,J01D,1.9226,Klebsiella pneumoniae,Carbapenems,11.58730158
2021,Portugal,J01D,1.9226,Klebsiella pneumoniae,Third-generation cephalosporins,45.02130956
2021,Romania,J01D,4.6526,Acinetobacter spp.,Carbapenems,93.52331606
2021,Romania,J01D,4.6526,Escherichia coli,Carbapenems,0.40160642
2021,Romania,J01D,4.6526,Escherichia coli,Third-generation cephalosporins,18.78787878
2021,Romania,J01D,4.6526,Klebsiella pneumoniae,Carbapenems,54.46096654
2021,Romania,J01D,4.6526,Klebsiella pneumoniae,Third-generation cephalosporins,70.78651685
2021,Slovenia,J01D,0.7866,Acinetobacter spp.,Carbapenems,66.93548387
2021,Slovenia,J01D,0.7866,Escherichia coli,Carbapenems,0.0
2021,Slovenia,J01D,0.7866,Escherichia coli,Third-generation cephalosporins,9.28019036
2021,Slovenia,J01D,0.7866,Klebsiella pneumoniae,Carbapenems,0.85470085
2021,Slovenia,J01D,0.7866,Klebsiella pneumoniae,Third-generation cephalosporins,21.65242165
2021,Slovakia,J01D,3.997,Acinetobacter spp.,Carbapenems,61.19402985
2021,Slovakia,J01D,3.997,Escherichia coli,Carbapenems,0.0
2021,Slovakia,J01D,3.997,Escherichia coli,Third-generation cephalosporins,23.11248073
2021,Slovakia,J01D,3.997,Klebsiella pneumoniae,Carbapenems,11.65048543
2021,Slovakia,J01D,3.997,Klebsiella pneumoniae,Third-generation cephalosporins,68.44036697
2021,Spain,J01D,2.3836,Acinetobacter spp.,Carbapenems,56.98924731
2021,Spain,J01D,2.3836,Escherichia coli,Carbapenems,0.14453187
2021,Spain,J01D,2.3836,Escherichia coli,Third-generation cephalosporins,13.15824915
2021,Spain,J01D,2.3836,Klebsiella pneumoniae,Carbapenems,5.73903627
2021,Spain,J01D,2.3836,Klebsiella pneumoniae,Third-generation cephalosporins,27.55054066
2021,Sweden,J01D,0.218,Acinetobacter spp.,Carbapenems,0.72463768
2021,Sweden,J01D,0.218,Escherichia coli,Carbapenems,0.05646527
2021,Sweden,J01D,0.218,Escherichia coli,Third-generation cephalosporins,7.11934543
2021,Sweden,J01D,0.218,Klebsiella pneumoniae,Carbapenems,0.15022533
2021,Sweden,J01D,0.218,Klebsiella pneumoniae,Third-generation cephalosporins,6.95
2022,Austria,J01D,1.6071,Acinetobacter spp.,Carbapenems,3.19148936
2022,Austria,J01D,1.6071,Escherichia coli,Carbapenems,0.12065151
2022,Austria,J01D,1.6071,Escherichia coli,Third-generation cephalosporins,8.32025117
2022,Austria,J01D,1.6071,Klebsiella pneumoniae,Carbapenems,0.88211708
2022,Austria,J01D,1.6071,Klebsiella pneumoniae,Third-generation cephalosporins,9.57015409
2022,Belgium,J01D,1.3028,Acinetobacter spp.,Carbapenems,2.38095238
2022,Belgium,J01D,1.3028,Escherichia coli,Carbapenems,0.0698324
2022,Belgium,J01D,1.3028,Escherichia coli,Third-generation cephalosporins,8.75555555
2022,Belgium,J01D,1.3028,Klebsiella pneumoniae,Carbapenems,1.43712574
2022,Belgium,J01D,1.3028,Klebsiella pneumoniae,Third-generation cephalosporins,18.31626848
2022,Bulgaria,J01D,6.8561,Acinetobacter spp.,Carbapenems,79.375
2022,Bulgaria,J01D,6.8561,Escherichia coli,Carbapenems,0.0
2022,Bulgaria,J01D,6.8561,Escherichia coli,Third-generation cephalosporins,40.16736401
2022,Bulgaria,J01D,6.8561,Klebsiella pneumoniae,Carbapenems,47.3076923
2022,Bulgaria,J01D,6.8561,Klebsiella pneumoniae,Third-generation cephalosporins,78.46153846
2022,Croatia,J01D,3.3279,Acinetobacter spp.,Carbapenems,98.62542955
2022,Croatia,J01D,3.3279,Escherichia coli,Carbapenems,0.10204081
2022,Croatia,J01D,3.3279,Escherichia coli,Third-generation cephalosporins,17.42654508
2022,Croatia,J01D,3.3279,Klebsiella pneumoniae,Carbapenems,23.97820163
2022,Croatia,J01D,3.3279,Klebsiella pneumoniae,Third-generation cephalosporins,54.200542
2022,Cyprus,J01D,6.4817,Acinetobacter spp.,Carbapenems,94.55445544
2022,Cyprus,J01D,6.4817,Escherichia coli,Carbapenems,0.94339622
2022,Cyprus,J01D,6.4817,Escherichia coli,Third-generation cephalosporins,32.44444444
2022,Cyprus,J01D,6.4817,Klebsiella pneumoniae,Carbapenems,36.41304347
2022,Cyprus,J01D,6.4817,Klebsiella pneumoniae,Third-generation cephalosporins,63.81909547
2022,Czechia,J01D,2.5126,Acinetobacter spp.,Carbapenems,38.82352941
2022,Czechia,J01D,2.5126,Escherichia coli,Carbapenems,0.17804154
2022,Czechia,J01D,2.5126,Escherichia coli,Third-generation cephalosporins,14.75042063
2022,Czechia,J01D,2.5126,Klebsiella pneumoniae,Carbapenems,1.50829562
2022,Czechia,J01D,2.5126,Klebsiella pneumoniae,Third-generation cephalosporins,49.57264957
2022,Denmark,J01D,0.2316,Acinetobacter spp.,Carbapenems,5.20833333
2022,Denmark,J01D,0.2316,Escherichia coli,Carbapenems,0.01792114
2022,Denmark,J01D,0.2316,Escherichia coli,Third-generation cephalosporins,6.62786331
2022,Denmark,J01D,0.2316,Klebsiella pneumoniae,Carbapenems,0.45731707
2022,Denmark,J01D,0.2316,Klebsiella pneumoniae,Third-generation cephalosporins,5.22508038
2022,Estonia,J01D,1.6714,Acinetobacter spp.,Carbapenems,
2022,Estonia,J01D,1.6714,Escherichia coli,Carbapenems,0.11709601
2022,Estonia,J01D,1.6714,Escherichia coli,Third-generation cephalosporins,11.76470588
2022,Estonia,J01D,1.6714,Klebsiella pneumoniae,Carbapenems,1.47058823
2022,Estonia,J01D,1.6714,Klebsiella pneumoniae,Third-generation cephalosporins,14.89361702
2022,Finland,J01D,2.2219,Acinetobacter spp.,Carbapenems,3.57142857
2022,Finland,J01D,2.2219,Escherichia coli,Carbapenems,0.0
2022,Finland,J01D,2.2219,Escherichia coli,Third-generation cephalosporins,6.10770577
2022,Finland,J01D,2.2219,Klebsiella pneumoniae,Carbapenems,0.0
2022,Finland,J01D,2.2219,Klebsiella pneumoniae,Third-generation cephalosporins,4.7858942
2022,France,J01D,1.419,Acinetobacter spp.,Carbapenems,3.50058343
2022,France,J01D,1.419,Escherichia coli,Carbapenems,0.1059509
2022,France,J01D,1.419,Escherichia coli,Third-generation cephalosporins,8.44148515
2022,France,J01D,1.419,Klebsiella pneumoniae,Carbapenems,0.96676737
2022,France,J01D,1.419,Klebsiella pneumoniae,Third-generation cephalosporins,25.03433392
2022,Greece,J01D,7.4593,Acinetobacter spp.,Carbapenems,95.88504245
2022,Greece,J01D,7.4593,Escherichia coli,Carbapenems,1.53225806
2022,Greece,J01D,7.4593,Escherichia coli,Third-generation cephalosporins,23.31983805
2022,Greece,J01D,7.4593,Klebsiella pneumoniae,Carbapenems,72.04658901
2022,Greece,J01D,7.4593,Klebsiella pneumoniae,Third-generation cephalosporins,78.24639289
2022,Hungary,J01D,1.9151,Acinetobacter spp.,Carbapenems,57.92349726
2022,Hungary,J01D,1.9151,Escherichia coli,Carbapenems,0.19880715
2022,Hungary,J01D,1.9151,Escherichia coli,Third-generation cephalosporins,22.57309941
2022,Hungary,J01D,1.9151,Klebsiella pneumoniae,Carbapenems,5.2742616
2022,Hungary,J01D,1.9151,Klebsiella pneumoniae,Third-generation cephalosporins,40.74074074
2022,Ireland,J01D,1.5488,Acinetobacter spp.,Carbapenems,2.56410256
2022,Ireland,J01D,1.5488,Escherichia coli,Carbapenems,0.0
2022,Ireland,J01D,1.5488,Escherichia coli,Third-generation cephalosporins,9.67741935
2022,Ireland,J01D,1.5488,Klebsiella pneumoniae,Carbapenems,0.64102564
2022,Ireland,J01D,1.5488,Klebsiella pneumoniae,Third-generation cephalosporins,12.57995735
2022,Italy,J01D,2.5994,Acinetobacter spp.,Carbapenems,88.54850474
2022,Italy,J01D,2.5994,Escherichia coli,Carbapenems,0.2703602
2022,Italy,J01D,2.5994,Escherichia coli,Third-generation cephalosporins,24.24384159
2022,Italy,J01D,2.5994,Klebsiella pneumoniae,Carbapenems,24.89755923
2022,Italy,J01D,2.5994,Klebsiella pneumoniae,Third-generation cephalosporins,53.2955229
2022,Iceland,J01D,1.0374,Acinetobacter spp.,Carbapenems,
2022,Iceland,J01D,1.0374,Escherichia coli,Carbapenems,0.0
2022,Iceland,J01D,1.0374,Escherichia coli,Third-generation cephalosporins,9.78723404
2022,Iceland,J01D,1.0374,Klebsiella pneumoniae,Carbapenems,0.0
2022,Iceland,J01D,1.0374,Klebsiella pneumoniae,Third-generation cephalosporins,3.125
2022,Lithuania,J01D,2.3909,Acinetobacter spp.,Carbapenems,88.65248226
2022,Lithuania,J01D,2.3909,Escherichia coli,Carbapenems,0.22918258
2022,Lithuania,J01D,2.3909,Escherichia coli,Third-generation cephalosporins,15.43162719
2022,Lithuania,J01D,2.3909,Klebsiella pneumoniae,Carbapenems,0.58027079
2022,Lithuania,J01D,2.3909,Klebsiella pneumoniae,Third-generation cephalosporins,39.84526112
2022,Luxembourg,J01D,2.3815,Acinetobacter spp.,Carbapenems,
2022,Luxembourg,J01D,2.3815,Escherichia coli,Carbapenems,0.0
2022,Luxembourg,J01D,2.3815,Escherichia coli,Third-generation cephalosporins,10.44776119
2022,Luxembourg,J01D,2.3815,Klebsiella pneumoniae,Carbapenems,1.7094017
2022,Luxembourg,J01D,2.3815,Klebsiella pneumoniae,Third-generation cephalosporins,18.8034188
2022,Latvia,J01D,1.228,Acinetobacter spp.,Carbapenems,71.23287671
2022,Latvia,J01D,1.228,Escherichia coli,Carbapenems,0.0
2022,Latvia,J01D,1.228,Escherichia coli,Third-generation cephalosporins,20.04132231
2022,Latvia,J01D,1.228,Klebsiella pneumoniae,Carbapenems,2.77777777
2022,Latvia,J01D,1.228,Klebsiella pneumoniae,Third-generation cephalosporins,38.67595818
2022,Malta,J01D,2.9491,Acinetobacter spp.,Carbapenems,
2022,Malta,J01D,2.9491,Escherichia coli,Carbapenems,0.0
2022,Malta,J01D,2.9491,Escherichia coli,Third-generation cephalosporins,11.34969325
2022,Malta,J01D,2.9491,Klebsiella pneumoniae,Carbapenems,5.0
2022,Malta,J01D,2.9491,Klebsiella pneumoniae,Third-generation cephalosporins,27.5
2022,Netherlands,J01D,0.2581,Acinetobacter spp.,Carbapenems,1.01010101
2022,Netherlands,J01D,0.2581,Escherichia coli,Carbapenems,0.04160887
2022,Netherlands,J01D,0.2581,Escherichia coli,Third-generation cephalosporins,7.74774774
2022,Netherlands,J01D,0.2581,Klebsiella pneumoniae,Carbapenems,0.43352601
2022,Netherlands,J01D,0.2581,Klebsiella pneumoniae,Third-generation cephalosporins,9.81949458
2022,Norway,J01D,0.3105,Acinetobacter spp.,Carbapenems,2.94117647
2022,Norway,J01D,0.3105,Escherichia coli,Carbapenems,0.02675227
2022,Norway,J01D,0.3105,Escherichia coli,Third-generation cephalosporins,5.83043594
2022,Norway,J01D,0.3105,Klebsiella pneumoniae,Carbapenems,0.26007802
2022,Norway,J01D,0.3105,Klebsiella pneumoniae,Third-generation cephalosporins,6.63198959
2022,Poland,J01D,3.5353,Acinetobacter spp.,Carbapenems,76.39484978
2022,Poland,J01D,3.5353,Escherichia coli,Carbapenems,0.08159934
2022,Poland,J01D,3.5353,Escherichia coli,Third-generation cephalosporins,18.6882655
2022,Poland,J01D,3.5353,Klebsiella pneumoniae,Carbapenems,16.81681681
2022,Poland,J01D,3.5353,Klebsiella pneumoniae,Third-generation cephalosporins,61.9330855
2022,Portugal,J01D,2.2571,Acinetobacter spp.,Carbapenems,31.14754098
2022,Portugal,J01D,2.2571,Escherichia coli,Carbapenems,0.31704587
2022,Portugal,J01D,2.2571,Escherichia coli,Third-generation cephalosporins,14.09699601
2022,Portugal,J01D,2.2571,Klebsiella pneumoniae,Carbapenems,10.28960817
2022,Portugal,J01D,2.2571,Klebsiella pneumoniae,Third-generation cephalosporins,45.20411549
2022,Romania,J01D,5.0321,Acinetobacter spp.,Carbapenems,89.3081761
2022,Romania,J01D,5.0321,Escherichia coli,Carbapenems,0.57388809
2022,Romania,J01D,5.0321,Escherichia coli,Third-generation cephalosporins,17.82608695
2022,Romania,J01D,5.0321,Klebsiella pneumoniae,Carbapenems,47.84688995
2022,Romania,J01D,5.0321,Klebsiella pneumoniae,Third-generation cephalosporins,63.5179153
2022,Slovenia,J01D,0.8486,Acinetobacter spp.,Carbapenems,43.33333333
2022,Slovenia,J01D,0.8486,Escherichia coli,Carbapenems,0.0
2022,Slovenia,J01D,0.8486,Escherichia coli,Third-generation cephalosporins,9.33734939
2022,Slovenia,J01D,0.8486,Klebsiella pneumoniae,Carbapenems,1.88172043
2022,Slovenia,J01D,0.8486,Klebsiella pneumoniae,Third-generation cephalosporins,20.69892473
2022,Slovakia,J01D,5.3841,Acinetobacter spp.,Carbapenems,61.33333333
2022,Slovakia,J01D,5.3841,Escherichia coli,Carbapenems,0.0
2022,Slovakia,J01D,5.3841,Escherichia coli,Third-generation cephalosporins,23.69791666
2022,Slovakia,J01D,5.3841,Klebsiella pneumoniae,Carbapenems,15.03957783
2022,Slovakia,J01D,5.3841,Klebsiella pneumoniae,Third-generation cephalosporins,56.14035087
2022,Spain,J01D,2.7698,Acinetobacter spp.,Carbapenems,35.86956521
2022,Spain,J01D,2.7698,Escherichia coli,Carbapenems,0.56550424
2022,Spain,J01D,2.7698,Escherichia coli,Third-generation cephalosporins,14.87741262
2022,Spain,J01D,2.7698,Klebsiella pneumoniae,Carbapenems,5.24511484
2022,Spain,J01D,2.7698,Klebsiella pneumoniae,Third-generation cephalosporins,26.6848196
2023,Austria,J01D,1.6169,Acinetobacter spp.,Carbapenems,7.21649484
2023,Austria,J01D,1.6169,Escherichia coli,Carbapenems,0.13081666
2023,Austria,J01D,1.6169,Escherichia coli,Third-generation cephalosporins,9.85248588
2023,Austria,J01D,1.6169,Klebsiella pneumoniae,Carbapenems,1.7977528
2023,Austria,J01D,1.6169,Klebsiella pneumoniae,Third-generation cephalosporins,14.01734104
2023,Belgium,J01D,1.1753,Acinetobacter spp.,Carbapenems,4.12371134
2023,Belgium,J01D,1.1753,Escherichia coli,Carbapenems,0.08067769
2023,Belgium,J01D,1.1753,Escherichia coli,Third-generation cephalosporins,10.08878127
2023,Belgium,J01D,1.1753,Klebsiella pneumoniae,Carbapenems,2.34933605
2023,Belgium,J01D,1.1753,Klebsiella pneumoniae,Third-generation cephalosporins,19.91828396
2023,Bulgaria,J01D,7.3742,Acinetobacter spp.,Carbapenems,86.33879781
2023,Bulgaria,J01D,7.3742,Escherichia coli,Carbapenems,0.32679738
2023,Bulgaria,J01D,7.3742,Escherichia coli,Third-generation cephalosporins,37.25490196
2023,Bulgaria,J01D,7.3742,Klebsiella pneumoniae,Carbapenems,56.79012345
2023,Bulgaria,J01D,7.3742,Klebsiella pneumoniae,Third-generation cephalosporins,81.48148148
2023,Croatia,J01D,3.5558,Acinetobacter spp.,Carbapenems,95.8490566
2023,Croatia,J01D,3.5558,Escherichia coli,Carbapenems,0.1537279
2023,Croatia,J01D,3.5558,Escherichia coli,Third-generation cephalosporins,20.01527883
2023,Croatia,J01D,3.5558,Klebsiella pneumoniae,Carbapenems,27.68959435
2023,Croatia,J01D,3.5558,Klebsiella pneumoniae,Third-generation cephalosporins,55.39823008
2023,Cyprus,J01D,0.0,Acinetobacter spp.,Carbapenems,86.56716417
2023,Cyprus,J01D,0.0,Escherichia coli,Carbapenems,0.90634441
2023,Cyprus,J01D,0.0,Escherichia coli,Third-generation cephalosporins,34.74320241
2023,Cyprus,J01D,0.0,Klebsiella pneumoniae,Carbapenems,33.63636363
2023,Cyprus,J01D,0.0,Klebsiella pneumoniae,Third-generation cephalosporins,60.45454545
2023,Czechia,J01D,2.9589,Acinetobacter spp.,Carbapenems,37.36263736
2023,Czechia,J01D,2.9589,Escherichia coli,Carbapenems,0.0
2023,Czechia,J01D,2.9589,Escherichia coli,Third-generation cephalosporins,15.87872559
2023,Czechia,J01D,2.9589,Klebsiella pneumoniae,Carbapenems,1.45772594
2023,Czechia,J01D,2.9589,Klebsiella pneumoniae,Third-generation cephalosporins,46.25524266
2023,Denmark,J01D,0.2111,Acinetobacter spp.,Carbapenems,2.22222222
2023,Denmark,J01D,0.2111,Escherichia coli,Carbapenems,0.03683241
2023,Denmark,J01D,0.2111,Escherichia coli,Third-generation cephalosporins,6.31638846
2023,Denmark,J01D,0.2111,Klebsiella pneumoniae,Carbapenems,0.3770739
2023,Denmark,J01D,0.2111,Klebsiella pneumoniae,Third-generation cephalosporins,5.70975416
2023,Estonia,J01D,1.5879,Acinetobacter spp.,Carbapenems,
2023,Estonia,J01D,1.5879,Escherichia coli,Carbapenems,0.0
2023,Estonia,J01D,1.5879,Escherichia coli,Third-generation cephalosporins,11.43911439
2023,Estonia,J01D,1.5879,Klebsiella pneumoniae,Carbapenems,2.28136882
2023,Estonia,J01D,1.5879,Klebsiella pneumoniae,Third-generation cephalosporins,12.95681063
2023,Finland,J01D,2.1282,Acinetobacter spp.,Carbapenems,0.0
2023,Finland,J01D,2.1282,Escherichia coli,Carbapenems,0.02343017
2023,Finland,J01D,2.1282,Escherichia coli,Third-generation cephalosporins,7.08587517
2023,Finland,J01D,2.1282,Klebsiella pneumoniae,Carbapenems,0.13755158
2023,Finland,J01D,2.1282,Klebsiella pneumoniae,Third-generation cephalosporins,8.66574965
2023,Germany,J01D,2.7655,Acinetobacter spp.,Carbapenems,3.04449648
2023,Germany,J01D,2.7655,Escherichia coli,Carbapenems,0.04404922
2023,Germany,J01D,2.7655,Escherichia coli,Third-generation cephalosporins,9.73319749
2023,Germany,J01D,2.7655,Klebsiella pneumoniae,Carbapenems,1.07063746
2023,Germany,J01D,2.7655,Klebsiella pneumoniae,Third-generation cephalosporins,10.03076923
2023,Greece,J01D,6.6556,Acinetobacter spp.,Carbapenems,95.29860228
2023,Greece,J01D,6.6556,Escherichia coli,Carbapenems,1.55329405
2023,Greece,J01D,6.6556,Escherichia coli,Third-generation cephalosporins,22.82921219
2023,Greece,J01D,6.6556,Klebsiella pneumoniae,Carbapenems,69.66498393
2023,Greece,J01D,6.6556,Klebsiella pneumoniae,Third-generation cephalosporins,75.60153994
2023,Hungary,J01D,2.1414,Acinetobacter spp.,Carbapenems,46.15384615
2023,Hungary,J01D,2.1414,Escherichia coli,Carbapenems,0.22321428
2023,Hungary,J01D,2.1414,Escherichia coli,Third-generation cephalosporins,21.3352685
2023,Hungary,J01D,2.1414,Klebsiella pneumoniae,Carbapenems,5.80985915
2023,Hungary,J01D,2.1414,Klebsiella pneumoniae,Third-generation cephalosporins,42.03655352
2023,Ireland,J01D,0.7689,Acinetobacter spp.,Carbapenems,0.0
2023,Ireland,J01D,0.7689,Escherichia coli,Carbapenems,0.0651678
2023,Ireland,J01D,0.7689,Escherichia coli,Third-generation cephalosporins,10.4233483
2023,Ireland,J01D,0.7689,Klebsiella pneumoniae,Carbapenems,0.35523978
2023,Ireland,J01D,0.7689,Klebsiella pneumoniae,Third-generation cephalosporins,15.96491228
2023,Italy,J01D,2.9542,Acinetobacter spp.,Carbapenems,75.88766946
2023,Italy,J01D,2.9542,Escherichia coli,Carbapenems,0.43080041
2023,Italy,J01D,2.9542,Escherichia coli,Third-generation cephalosporins,26.67647161
2023,Italy,J01D,2.9542,Klebsiella pneumoniae,Carbapenems,26.48308188
2023,Italy,J01D,2.9542,Klebsiella pneumoniae,Third-generation cephalosporins,55.17441018
2023,Iceland,J01D,1.2379,Acinetobacter spp.,Carbapenems,
2023,Iceland,J01D,1.2379,Escherichia coli,Carbapenems,0.0
2023,Iceland,J01D,1.2379,Escherichia coli,Third-generation cephalosporins,12.01550387
2023,Iceland,J01D,1.2379,Klebsiella pneumoniae,Carbapenems,0.0
2023,Iceland,J01D,1.2379,Klebsiella pneumoniae,Third-generation cephalosporins,6.81818181
2023,Lithuania,J01D,2.7711,Acinetobacter spp.,Carbapenems,92.62295081
2023,Lithuania,J01D,2.7711,Escherichia coli,Carbapenems,0.06765899
2023,Lithuania,J01D,2.7711,Escherichia coli,Third-generation cephalosporins,16.95945945
2023,Lithuania,J01D,2.7711,Klebsiella pneumoniae,Carbapenems,3.88170055
2023,Lithuania,J01D,2.7711,Klebsiella pneumoniae,Third-generation cephalosporins,43.43807763
2023,Luxembourg,J01D,2.3781,Acinetobacter spp.,Carbapenems,
2023,Luxembourg,J01D,2.3781,Escherichia coli,Carbapenems,0.21691973
2023,Luxembourg,J01D,2.3781,Escherichia coli,Third-generation cephalosporins,11.71366594
2023,Luxembourg,J01D,2.3781,Klebsiella pneumoniae,Carbapenems,2.38095238
2023,Luxembourg,J01D,2.3781,Klebsiella pneumoniae,Third-generation cephalosporins,21.17647058
2023,Latvia,J01D,1.3224,Acinetobacter spp.,Carbapenems,70.12987012
2023,Latvia,J01D,1.3224,Escherichia coli,Carbapenems,0.0
2023,Latvia,J01D,1.3224,Escherichia coli,Third-generation cephalosporins,25.54112554
2023,Latvia,J01D,1.3224,Klebsiella pneumoniae,Carbapenems,6.32911392
2023,Latvia,J01D,1.3224,Klebsiella pneumoniae,Third-generation cephalosporins,41.59663865
2023,Malta,J01D,2.9924,Acinetobacter spp.,Carbapenems,0.0
2023,Malta,J01D,2.9924,Escherichia coli,Carbapenems,0.0
2023,Malta,J01D,2.9924,Escherichia coli,Third-generation cephalosporins,11.29807692
2023,Malta,J01D,2.9924,Klebsiella pneumoniae,Carbapenems,3.40136054
2023,Malta,J01D,2.9924,Klebsiella pneumoniae,Third-generation cephalosporins,25.17006802
2023,Netherlands,J01D,0.2669,Acinetobacter spp.,Carbapenems,1.42857142
2023,Netherlands,J01D,0.2669,Escherichia coli,Carbapenems,0.08997429
2023,Netherlands,J01D,0.2669,Escherichia coli,Third-generation cephalosporins,7.97193877
2023,Netherlands,J01D,0.2669,Klebsiella pneumoniae,Carbapenems,0.4045853
2023,Netherlands,J01D,0.2669,Klebsiella pneumoniae,Third-generation cephalosporins,10.17287234
2023,Norway,J01D,0.3024,Acinetobacter spp.,Carbapenems,0.0
2023,Norway,J01D,0.3024,Escherichia coli,Carbapenems,0.0502008
2023,Norway,J01D,0.3024,Escherichia coli,Third-generation cephalosporins,5.62248995
2023,Norway,J01D,0.3024,Klebsiella pneumoniae,Carbapenems,0.50825921
2023,Norway,J01D,0.3024,Klebsiella pneumoniae,Third-generation cephalosporins,5.84498094
2023,Poland,J01D,3.4994,Acinetobacter spp.,Carbapenems,79.77777777
2023,Poland,J01D,3.4994,Escherichia coli,Carbapenems,0.20229265
2023,Poland,J01D,3.4994,Escherichia coli,Third-generation cephalosporins,19.56309096
2023,Poland,J01D,3.4994,Klebsiella pneumoniae,Carbapenems,18.12977099
2023,Poland,J01D,3.4994,Klebsiella pneumoniae,Third-generation cephalosporins,64.33566433
2023,Portugal,J01D,2.1391,Acinetobacter spp.,Carbapenems,43.22580645
2023,Portugal,J01D,2.1391,Escherichia coli,Carbapenems,0.53372149
2023,Portugal,J01D,2.1391,Escherichia coli,Third-generation cephalosporins,17.19506481
2023,Portugal,J01D,2.1391,Klebsiella pneumoniae,Carbapenems,13.10975609
2023,Portugal,J01D,2.1391,Klebsiella pneumoniae,Third-generation cephalosporins,50.69056714
2023,Romania,J01D,5.02,Acinetobacter spp.,Carbapenems,86.9047619
2023,Romania,J01D,5.02,Escherichia coli,Carbapenems,1.82741116
2023,Romania,J01D,5.02,Escherichia coli,Third-generation cephalosporins,19.09090909
2023,Romania,J01D,5.02,Klebsiella pneumoniae,Carbapenems,52.76595744
2023,Romania,J01D,5.02,Klebsiella pneumoniae,Third-generation cephalosporins,69.44444444
2023,Slovenia,J01D,0.7047,Acinetobacter spp.,Carbapenems,23.07692307
2023,Slovenia,J01D,0.7047,Escherichia coli,Carbapenems,0.06101281
2023,Slovenia,J01D,0.7047,Escherichia coli,Third-generation cephalosporins,8.6638194
2023,Slovenia,J01D,0.7047,Klebsiella pneumoniae,Carbapenems,3.83480825
2023,Slovenia,J01D,0.7047,Klebsiella pneumoniae,Third-generation cephalosporins,23.00884955
2023,Slovakia,J01D,4.7648,Acinetobacter spp.,Carbapenems,47.36842105
2023,Slovakia,J01D,4.7648,Escherichia coli,Carbapenems,0.14367816
2023,Slovakia,J01D,4.7648,Escherichia coli,Third-generation cephalosporins,21.55172413
2023,Slovakia,J01D,4.7648,Klebsiella pneumoniae,Carbapenems,12.58064516
2023,Slovakia,J01D,4.7648,Klebsiella pneumoniae,Third-generation cephalosporins,52.58064516
2023,Spain,J01D,2.9034,Acinetobacter spp.,Carbapenems,39.43661971
2023,Spain,J01D,2.9034,Escherichia coli,Carbapenems,0.05450779
2023,Spain,J01D,2.9034,Escherichia coli,Third-generation cephalosporins,16.21534146
2023,Spain,J01D,2.9034,Klebsiella pneumoniae,Carbapenems,4.29570429
2023,Spain,J01D,2.9034,Klebsiella pneumoniae,Third-generation cephalosporins,25.25552258
2024,Austria,J01D,1.7557,Acinetobacter spp.,Carbapenems,1.07526881
2024,Austria,J01D,1.7557,Escherichia coli,Carbapenems,0.06794632
2024,Austria,J01D,1.7557,Escherichia coli,Third-generation cephalosporins,10.55105348
2024,Austria,J01D,1.7557,Klebsiella pneumoniae,Carbapenems,1.47783251
2024,Austria,J01D,1.7557,Klebsiella pneumoniae,Third-generation cephalosporins,14.55509723
2024,Belgium,J01D,1.0946,Acinetobacter spp.,Carbapenems,3.58744394
2024,Belgium,J01D,1.0946,Escherichia coli,Carbapenems,0.09697439
2024,Belgium,J01D,1.0946,Escherichia coli,Third-generation cephalosporins,11.91865938
2024,Belgium,J01D,1.0946,Klebsiella pneumoniae,Carbapenems,1.88172043
2024,Belgium,J01D,1.0946,Klebsiella pneumoniae,Third-generation cephalosporins,20.99400171
2024,Bulgaria,J01D,7.0756,Acinetobacter spp.,Carbapenems,90.47619047
2024,Bulgaria,J01D,7.0756,Escherichia coli,Carbapenems,0.59523809
2024,Bulgaria,J01D,7.0756,Escherichia coli,Third-generation cephalosporins,34.52380952
2024,Bulgaria,J01D,7.0756,Klebsiella pneumoniae,Carbapenems,67.59656652
2024,Bulgaria,J01D,7.0756,Klebsiella pneumoniae,Third-generation cephalosporins,84.33476394
2024,Croatia,J01D,3.5088,Acinetobacter spp.,Carbapenems,92.95774647
2024,Croatia,J01D,3.5088,Escherichia coli,Carbapenems,0.0
2024,Croatia,J01D,3.5088,Escherichia coli,Third-generation cephalosporins,19.39451277
2024,Croatia,J01D,3.5088,Klebsiella pneumoniae,Carbapenems,31.3253012
2024,Croatia,J01D,3.5088,Klebsiella pneumoniae,Third-generation cephalosporins,62.44979919
2024,Cyprus,J01D,5.6648,Acinetobacter spp.,Carbapenems,84.12698412
2024,Cyprus,J01D,5.6648,Escherichia coli,Carbapenems,2.5
2024,Cyprus,J01D,5.6648,Escherichia coli,Third-generation cephalosporins,38.75
2024,Cyprus,J01D,5.6648,Klebsiella pneumoniae,Carbapenems,48.45679012
2024,Cyprus,J01D,5.6648,Klebsiella pneumoniae,Third-generation cephalosporins,68.0981595
2024,Czechia,J01D,2.3524,Acinetobacter spp.,Carbapenems,25.49019607
2024,Czechia,J01D,2.3524,Escherichia coli,Carbapenems,0.1001001
2024,Czechia,J01D,2.3524,Escherichia coli,Third-generation cephalosporins,15.7882408
2024,Czechia,J01D,2.3524,Klebsiella pneumoniae,Carbapenems,2.15727209
2024,Czechia,J01D,2.3524,Klebsiella pneumoniae,Third-generation cephalosporins,44.1426146
2024,Estonia,J01D,1.4337,Acinetobacter spp.,Carbapenems,12.0
2024,Estonia,J01D,1.4337,Escherichia coli,Carbapenems,0.0
2024,Estonia,J01D,1.4337,Escherichia coli,Third-generation cephalosporins,9.94623655
2024,Estonia,J01D,1.4337,Klebsiella pneumoniae,Carbapenems,1.70212765
2024,Estonia,J01D,1.4337,Klebsiella pneumoniae,Third-generation cephalosporins,14.28571428
2024,Finland,J01D,2.0057,Acinetobacter spp.,Carbapenems,0.0
2024,Finland,J01D,2.0057,Escherichia coli,Carbapenems,0.04840271
2024,Finland,J01D,2.0057,Escherichia coli,Third-generation cephalosporins,7.45401742
2024,Finland,J01D,2.0057,Klebsiella pneumoniae,Carbapenems,0.23041474
2024,Finland,J01D,2.0057,Klebsiella pneumoniae,Third-generation cephalosporins,10.82949308
2024,France,J01D,1.299,Acinetobacter spp.,Carbapenems,3.30305532
2024,France,J01D,1.299,Escherichia coli,Carbapenems,0.15183425
2024,France,J01D,1.299,Escherichia coli,Third-generation cephalosporins,10.46973591
2024,France,J01D,1.299,Klebsiella pneumoniae,Carbapenems,1.20641216
2024,France,J01D,1.299,Klebsiella pneumoniae,Third-generation cephalosporins,27.05733691
2024,Germany,J01D,2.4619,Acinetobacter spp.,Carbapenems,2.23255813
2024,Germany,J01D,2.4619,Escherichia coli,Carbapenems,0.05953646
2024,Germany,J01D,2.4619,Escherichia coli,Third-generation cephalosporins,10.60872886
2024,Germany,J01D,2.4619,Klebsiella pneumoniae,Carbapenems,1.24450951
2024,Germany,J01D,2.4619,Klebsiella pneumoniae,Third-generation cephalosporins,10.71918121
2024,Greece,J01D,7.0871,Acinetobacter spp.,Carbapenems,94.07474931
2024,Greece,J01D,7.0871,Escherichia coli,Carbapenems,1.19421747
2024,Greece,J01D,7.0871,Escherichia coli,Third-generation cephalosporins,25.50066755
2024,Greece,J01D,7.0871,Klebsiella pneumoniae,Carbapenems,60.24027459
2024,Greece,J01D,7.0871,Klebsiella pneumoniae,Third-generation cephalosporins,70.08443908
2024,Hungary,J01D,2.2036,Acinetobacter spp.,Carbapenems,48.21428571
2024,Hungary,J01D,2.2036,Escherichia coli,Carbapenems,0.09983361
2024,Hungary,J01D,2.2036,Escherichia coli,Third-generation cephalosporins,20.73687642
2024,Hungary,J01D,2.2036,Klebsiella pneumoniae,Carbapenems,6.7253803
2024,Hungary,J01D,2.2036,Klebsiella pneumoniae,Third-generation cephalosporins,39.79430379
2024,Ireland,J01D,1.1156,Acinetobacter spp.,Carbapenems,0.0
2024,Ireland,J01D,1.1156,Escherichia coli,Carbapenems,0.06937218
2024,Ireland,J01D,1.1156,Escherichia coli,Third-generation cephalosporins,11.91385897
2024,Ireland,J01D,1.1156,Klebsiella pneumoniae,Carbapenems,0.20283975
2024,Ireland,J01D,1.1156,Klebsiella pneumoniae,Third-generation cephalosporins,15.0406504
2024,Italy,J01D,2.7984,Acinetobacter spp.,Carbapenems,74.25384383
2024,Italy,J01D,2.7984,Escherichia coli,Carbapenems,0.44854461
2024,Italy,J01D,2.7984,Escherichia coli,Third-generation cephalosporins,27.73332489
2024,Italy,J01D,2.7984,Klebsiella pneumoniae,Carbapenems,23.95901318
2024,Italy,J01D,2.7984,Klebsiella pneumoniae,Third-generation cephalosporins,52.9297002
2024,Iceland,J01D,1.0417,Acinetobacter spp.,Carbapenems,
2024,Iceland,J01D,1.0417,Escherichia coli,Carbapenems,0.34482758
2024,Iceland,J01D,1.0417,Escherichia coli,Third-generation cephalosporins,14.13793103
2024,Iceland,J01D,1.0417,Klebsiella pneumoniae,Carbapenems,0.0
2024,Iceland,J01D,1.0417,Klebsiella pneumoniae,Third-generation cephalosporins,4.87804878
2024,Lithuania,J01D,2.2005,Acinetobacter spp.,Carbapenems,83.44827586
2024,Lithuania,J01D,2.2005,Escherichia coli,Carbapenems,0.4032258
2024,Lithuania,J01D,2.2005,Escherichia coli,Third-generation cephalosporins,15.82278481
2024,Lithuania,J01D,2.2005,Klebsiella pneumoniae,Carbapenems,9.51724137
2024,Lithuania,J01D,2.2005,Klebsiella pneumoniae,Third-generation cephalosporins,47.72413793
2024,Luxembourg,J01D,2.3706,Acinetobacter spp.,Carbapenems,
2024,Luxembourg,J01D,2.3706,Escherichia coli,Carbapenems,0.0
2024,Luxembourg,J01D,2.3706,Escherichia coli,Third-generation cephalosporins,12.97709923
2024,Luxembourg,J01D,2.3706,Klebsiella pneumoniae,Carbapenems,0.73529411
2024,Luxembourg,J01D,2.3706,Klebsiella pneumoniae,Third-generation cephalosporins,20.0
2024,Latvia,J01D,1.3696,Acinetobacter spp.,Carbapenems,67.79661016
2024,Latvia,J01D,1.3696,Escherichia coli,Carbapenems,0.63291139
2024,Latvia,J01D,1.3696,Escherichia coli,Third-generation cephalosporins,28.86115444
2024,Latvia,J01D,1.3696,Klebsiella pneumoniae,Carbapenems,9.94318181
2024,Latvia,J01D,1.3696,Klebsiella pneumoniae,Third-generation cephalosporins,47.29344729
2024,Malta,J01D,2.522,Acinetobacter spp.,Carbapenems,
2024,Malta,J01D,2.522,Escherichia coli,Carbapenems,0.0
2024,Malta,J01D,2.522,Escherichia coli,Third-generation cephalosporins,24.7464503
2024,Malta,J01D,2.522,Klebsiella pneumoniae,Carbapenems,2.84090909
2024,Malta,J01D,2.522,Klebsiella pneumoniae,Third-generation cephalosporins,27.84090909
2024,Netherlands,J01D,0.3006,Acinetobacter spp.,Carbapenems,1.44230769
2024,Netherlands,J01D,0.3006,Escherichia coli,Carbapenems,0.09994447
2024,Netherlands,J01D,0.3006,Escherichia coli,Third-generation cephalosporins,9.09698251
2024,Netherlands,J01D,0.3006,Klebsiella pneumoniae,Carbapenems,0.77151335
2024,Netherlands,J01D,0.3006,Klebsiella pneumoniae,Third-generation cephalosporins,12.91946308
2024,Norway,J01D,0.295,Acinetobacter spp.,Carbapenems,1.63934426
2024,Norway,J01D,0.295,Escherichia coli,Carbapenems,0.02516989
2024,Norway,J01D,0.295,Escherichia coli,Third-generation cephalosporins,6.79074446
2024,Norway,J01D,0.295,Klebsiella pneumoniae,Carbapenems,0.77605321
2024,Norway,J01D,0.295,Klebsiella pneumoniae,Third-generation cephalosporins,6.96902654
2024,Poland,J01D,3.237,Acinetobacter spp.,Carbapenems,76.05042016
2024,Poland,J01D,3.237,Escherichia coli,Carbapenems,0.14204545
2024,Poland,J01D,3.237,Escherichia coli,Third-generation cephalosporins,18.81295943
2024,Poland,J01D,3.237,Klebsiella pneumoniae,Carbapenems,18.85
2024,Poland,J01D,3.237,Klebsiella pneumoniae,Third-generation cephalosporins,60.62683643
2024,Portugal,J01D,2.265,Acinetobacter spp.,Carbapenems,25.64102564
2024,Portugal,J01D,2.265,Escherichia coli,Carbapenems,0.49047893
2024,Portugal,J01D,2.265,Escherichia coli,Third-generation cephalosporins,18.71056241
2024,Portugal,J01D,2.265,Klebsiella pneumoniae,Carbapenems,12.52490748
2024,Portugal,J01D,2.265,Klebsiella pneumoniae,Third-generation cephalosporins,46.28387442
2024,Romania,J01D,5.5616,Acinetobacter spp.,Carbapenems,92.69406392
2024,Romania,J01D,5.5616,Escherichia coli,Carbapenems,0.91954022
2024,Romania,J01D,5.5616,Escherichia coli,Third-generation cephalosporins,20.67164179
2024,Romania,J01D,5.5616,Klebsiella pneumoniae,Carbapenems,50.25951557
2024,Romania,J01D,5.5616,Klebsiella pneumoniae,Third-generation cephalosporins,67.00942587
2024,Slovenia,J01D,0.9779,Acinetobacter spp.,Carbapenems,10.0
2024,Slovenia,J01D,0.9779,Escherichia coli,Carbapenems,0.0
2024,Slovenia,J01D,0.9779,Escherichia coli,Third-generation cephalosporins,9.06963136
2024,Slovenia,J01D,0.9779,Klebsiella pneumoniae,Carbapenems,3.69318181
2024,Slovenia,J01D,0.9779,Klebsiella pneumoniae,Third-generation cephalosporins,19.60227272
2024,Slovakia,J01D,5.1044,Acinetobacter spp.,Carbapenems,38.29787234
2024,Slovakia,J01D,5.1044,Escherichia coli,Carbapenems,0.25740025
2024,Slovakia,J01D,5.1044,Escherichia coli,Third-generation cephalosporins,24.58172458
2024,Slovakia,J01D,5.1044,Klebsiella pneumoniae,Carbapenems,13.12335958
2024,Slovakia,J01D,5.1044,Klebsiella pneumoniae,Third-generation cephalosporins,55.90551181
2024,Spain,J01D,2.8573,Acinetobacter spp.,Carbapenems,25.30120481
2024,Spain,J01D,2.8573,Escherichia coli,Carbapenems,0.30815109
2024,Spain,J01D,2.8573,Escherichia coli,Third-generation cephalosporins,16.83130334
2024,Spain,J01D,2.8573,Klebsiella pneumoniae,Carbapenems,5.34302877
2024,Spain,J01D,2.8573,Klebsiella pneumoniae,Third-generation cephalosporins,23.50272232
2012,Belgium,J01G,0.0478,Escherichia coli,Aminoglycosides,7.2757475
2012,Belgium,J01G,0.0478,Klebsiella pneumoniae,Aminoglycosides,11.59420289
2012,Bulgaria,J01G,0.2826,Acinetobacter spp.,Aminoglycosides,58.46153846
2012,Bulgaria,J01G,0.2826,Escherichia coli,Aminoglycosides,26.48401826
2012,Bulgaria,J01G,0.2826,Klebsiella pneumoniae,Aminoglycosides,53.96825396
2012,Croatia,J01G,0.1121,Escherichia coli,Aminoglycosides,6.99223085
2012,Croatia,J01G,0.1121,Klebsiella pneumoniae,Aminoglycosides,46.08433734
2012,Cyprus,J01G,0.0776,Acinetobacter spp.,Aminoglycosides,52.17391304
2012,Cyprus,J01G,0.0776,Escherichia coli,Aminoglycosides,21.02272727
2012,Cyprus,J01G,0.0776,Klebsiella pneumoniae,Aminoglycosides,15.38461538
2012,Denmark,J01G,0.0585,Acinetobacter spp.,Aminoglycosides,10.38961038
2012,Denmark,J01G,0.0585,Escherichia coli,Aminoglycosides,7.29590452
2012,Denmark,J01G,0.0585,Klebsiella pneumoniae,Aminoglycosides,5.98669623
2012,Estonia,J01G,0.0765,Escherichia coli,Aminoglycosides,7.56578947
2012,Estonia,J01G,0.0765,Klebsiella pneumoniae,Aminoglycosides,13.18681318
2012,Finland,J01G,0.0222,Escherichia coli,Aminoglycosides,6.08085532
2012,Finland,J01G,0.0222,Klebsiella pneumoniae,Aminoglycosides,0.38759689
2012,France,J01G,0.0908,Acinetobacter spp.,Aminoglycosides,12.94964028
2012,France,J01G,0.0908,Escherichia coli,Aminoglycosides,8.12315185
2012,France,J01G,0.0908,Klebsiella pneumoniae,Aminoglycosides,23.23503127
2012,Greece,J01G,0.1423,Acinetobacter spp.,Aminoglycosides,78.11993517
2012,Greece,J01G,0.1423,Escherichia coli,Aminoglycosides,17.78425655
2012,Greece,J01G,0.1423,Klebsiella pneumoniae,Aminoglycosides,59.90202939
2012,Hungary,J01G,0.0425,Acinetobacter spp.,Aminoglycosides,68.79606879
2012,Hungary,J01G,0.0425,Escherichia coli,Aminoglycosides,17.09401709
2012,Hungary,J01G,0.0425,Klebsiella pneumoniae,Aminoglycosides,41.46341463
2012,Ireland,J01G,0.0926,Escherichia coli,Aminoglycosides,10.69473684
2012,Ireland,J01G,0.0926,Klebsiella pneumoniae,Aminoglycosides,9.17159763
2012,Italy,J01G,0.09,Acinetobacter spp.,Aminoglycosides,83.33333333
2012,Italy,J01G,0.09,Escherichia coli,Aminoglycosides,22.32510288
2012,Italy,J01G,0.09,Klebsiella pneumoniae,Aminoglycosides,36.9879518
2012,Iceland,J01G,0.0238,Acinetobacter spp.,Aminoglycosides,
2012,Iceland,J01G,0.0238,Escherichia coli,Aminoglycosides,3.6231884
2012,Iceland,J01G,0.0238,Klebsiella pneumoniae,Aminoglycosides,
2012,Lithuania,J01G,0.1929,Escherichia coli,Aminoglycosides,9.56521739
2012,Lithuania,J01G,0.1929,Klebsiella pneumoniae,Aminoglycosides,63.78378378
2012,Luxembourg,J01G,0.0705,Acinetobacter spp.,Aminoglycosides,
2012,Luxembourg,J01G,0.0705,Escherichia coli,Aminoglycosides,6.28742514
2012,Luxembourg,J01G,0.0705,Klebsiella pneumoniae,Aminoglycosides,26.0
2012,Latvia,J01G,0.118,Escherichia coli,Aminoglycosides,11.68831168
2012,Latvia,J01G,0.118,Klebsiella pneumoniae,Aminoglycosides,51.28205128
2012,Malta,J01G,0.0637,Acinetobacter spp.,Aminoglycosides,
2012,Malta,J01G,0.0637,Escherichia coli,Aminoglycosides,11.48325358
2012,Malta,J01G,0.0637,Klebsiella pneumoniae,Aminoglycosides,26.78571428
2012,Netherlands,J01G,0.0796,Acinetobacter spp.,Aminoglycosides,4.54545454
2012,Netherlands,J01G,0.0796,Escherichia coli,Aminoglycosides,7.43117716
2012,Netherlands,J01G,0.0796,Klebsiella pneumoniae,Aminoglycosides,6.44139387
2012,Norway,J01G,0.0733,Acinetobacter spp.,Aminoglycosides,4.0
2012,Norway,J01G,0.0733,Escherichia coli,Aminoglycosides,5.75587165
2012,Norway,J01G,0.0733,Klebsiella pneumoniae,Aminoglycosides,2.41157556
2012,Portugal,J01G,0.0772,Acinetobacter spp.,Aminoglycosides,65.08875739
2012,Portugal,J01G,0.0772,Escherichia coli,Aminoglycosides,16.24883936
2012,Portugal,J01G,0.0772,Klebsiella pneumoniae,Aminoglycosides,31.79487179
2012,Romania,J01G,0.418,Acinetobacter spp.,Aminoglycosides,57.4074074
2012,Romania,J01G,0.418,Escherichia coli,Aminoglycosides,24.32432432
2012,Romania,J01G,0.418,Klebsiella pneumoniae,Aminoglycosides,54.54545454
2012,Slovenia,J01G,0.0559,Acinetobacter spp.,Aminoglycosides,20.0
2012,Slovenia,J01G,0.0559,Escherichia coli,Aminoglycosides,8.39041095
2012,Slovenia,J01G,0.0559,Klebsiella pneumoniae,Aminoglycosides,20.47244094
2012,Slovakia,J01G,0.0717,Escherichia coli,Aminoglycosides,20.74927953
2012,Slovakia,J01G,0.0717,Klebsiella pneumoniae,Aminoglycosides,63.12997347
2012,Sweden,J01G,0.0286,Escherichia coli,Aminoglycosides,5.81542351
2012,Sweden,J01G,0.0286,Klebsiella pneumoniae,Aminoglycosides,2.45649948
2013,Belgium,J01G,0.0503,Acinetobacter spp.,Aminoglycosides,
2013,Belgium,J01G,0.0503,Escherichia coli,Aminoglycosides,7.34360834
2013,Belgium,J01G,0.0503,Klebsiella pneumoniae,Aminoglycosides,11.93415637
2013,Bulgaria,J01G,0.2665,Acinetobacter spp.,Aminoglycosides,58.24175824
2013,Bulgaria,J01G,0.2665,Escherichia coli,Aminoglycosides,31.01604278
2013,Bulgaria,J01G,0.2665,Klebsiella pneumoniae,Aminoglycosides,50.75757575
2013,Croatia,J01G,0.1009,Acinetobacter spp.,Aminoglycosides,84.07079646
2013,Croatia,J01G,0.1009,Escherichia coli,Aminoglycosides,7.67716535
2013,Croatia,J01G,0.1009,Klebsiella pneumoniae,Aminoglycosides,50.81081081
2013,Cyprus,J01G,0.0645,Acinetobacter spp.,Aminoglycosides,60.6060606
2013,Cyprus,J01G,0.0645,Escherichia coli,Aminoglycosides,24.69135802
2013,Cyprus,J01G,0.0645,Klebsiella pneumoniae,Aminoglycosides,22.05882352
2013,Denmark,J01G,0.0534,Acinetobacter spp.,Aminoglycosides,1.33333333
2013,Denmark,J01G,0.0534,Escherichia coli,Aminoglycosides,6.50887573
2013,Denmark,J01G,0.0534,Klebsiella pneumoniae,Aminoglycosides,4.39814814
2013,Estonia,J01G,0.0594,Escherichia coli,Aminoglycosides,7.33137829
2013,Estonia,J01G,0.0594,Klebsiella pneumoniae,Aminoglycosides,10.11235955
2013,Finland,J01G,0.0084,Acinetobacter spp.,Aminoglycosides,0.0
2013,Finland,J01G,0.0084,Escherichia coli,Aminoglycosides,6.48694187
2013,Finland,J01G,0.0084,Klebsiella pneumoniae,Aminoglycosides,1.70777988
2013,France,J01G,0.0885,Acinetobacter spp.,Aminoglycosides,11.24694376
2013,France,J01G,0.0885,Escherichia coli,Aminoglycosides,7.76880661
2013,France,J01G,0.0885,Klebsiella pneumoniae,Aminoglycosides,26.62538699
2013,Greece,J01G,0.1231,Acinetobacter spp.,Aminoglycosides,82.04182041
2013,Greece,J01G,0.1231,Escherichia coli,Aminoglycosides,16.94915254
2013,Greece,J01G,0.1231,Klebsiella pneumoniae,Aminoglycosides,55.17536355
2013,Hungary,J01G,0.0419,Acinetobacter spp.,Aminoglycosides,63.21353065
2013,Hungary,J01G,0.0419,Escherichia coli,Aminoglycosides,16.95865451
2013,Hungary,J01G,0.0419,Klebsiella pneumoniae,Aminoglycosides,37.0036101
2013,Ireland,J01G,0.0705,Acinetobacter spp.,Aminoglycosides,1.13636363
2013,Ireland,J01G,0.0705,Escherichia coli,Aminoglycosides,11.16485288
2013,Ireland,J01G,0.0705,Klebsiella pneumoniae,Aminoglycosides,17.35015772
2013,Italy,J01G,0.0741,Acinetobacter spp.,Aminoglycosides,81.79824561
2013,Italy,J01G,0.0741,Escherichia coli,Aminoglycosides,18.96370331
2013,Italy,J01G,0.0741,Klebsiella pneumoniae,Aminoglycosides,32.53796095
2013,Iceland,J01G,0.0217,Escherichia coli,Aminoglycosides,4.1322314
2013,Iceland,J01G,0.0217,Klebsiella pneumoniae,Aminoglycosides,0.0
2013,Lithuania,J01G,0.1384,Escherichia coli,Aminoglycosides,10.72261072
2013,Lithuania,J01G,0.1384,Klebsiella pneumoniae,Aminoglycosides,47.58620689
2013,Luxembourg,J01G,0.0573,Acinetobacter spp.,Aminoglycosides,
2013,Luxembourg,J01G,0.0573,Escherichia coli,Aminoglycosides,7.02341137
2013,Luxembourg,J01G,0.0573,Klebsiella pneumoniae,Aminoglycosides,28.30188679
2013,Latvia,J01G,0.1041,Escherichia coli,Aminoglycosides,5.22388059
2013,Latvia,J01G,0.1041,Klebsiella pneumoniae,Aminoglycosides,48.91304347
2013,Malta,J01G,0.0859,Acinetobacter spp.,Aminoglycosides,
2013,Malta,J01G,0.0859,Escherichia coli,Aminoglycosides,9.09090909
2013,Malta,J01G,0.0859,Klebsiella pneumoniae,Aminoglycosides,26.86567164
2013,Netherlands,J01G,0.0794,Acinetobacter spp.,Aminoglycosides,2.94117647
2013,Netherlands,J01G,0.0794,Escherichia coli,Aminoglycosides,6.50577124
2013,Netherlands,J01G,0.0794,Klebsiella pneumoniae,Aminoglycosides,6.99432892
2013,Norway,J01G,0.0697,Acinetobacter spp.,Aminoglycosides,2.77777777
2013,Norway,J01G,0.0697,Escherichia coli,Aminoglycosides,6.39818122
2013,Norway,J01G,0.0697,Klebsiella pneumoniae,Aminoglycosides,2.32919254
2013,Portugal,J01G,0.0756,Acinetobacter spp.,Aminoglycosides,56.27705627
2013,Portugal,J01G,0.0756,Escherichia coli,Aminoglycosides,15.20119225
2013,Portugal,J01G,0.0756,Klebsiella pneumoniae,Aminoglycosides,29.38596491
2013,Romania,J01G,0.3865,Acinetobacter spp.,Aminoglycosides,80.2919708
2013,Romania,J01G,0.3865,Escherichia coli,Aminoglycosides,14.76510067
2013,Romania,J01G,0.3865,Klebsiella pneumoniae,Aminoglycosides,57.2769953
2013,Slovenia,J01G,0.0522,Acinetobacter spp.,Aminoglycosides,16.0
2013,Slovenia,J01G,0.0522,Escherichia coli,Aminoglycosides,9.31372549
2013,Slovenia,J01G,0.0522,Klebsiella pneumoniae,Aminoglycosides,20.0
2013,Slovakia,J01G,0.0817,Acinetobacter spp.,Aminoglycosides,42.78074866
2013,Slovakia,J01G,0.0817,Escherichia coli,Aminoglycosides,24.03965303
2013,Slovakia,J01G,0.0817,Klebsiella pneumoniae,Aminoglycosides,63.93442622
2013,Sweden,J01G,0.027,Acinetobacter spp.,Aminoglycosides,8.1081081
2013,Sweden,J01G,0.027,Escherichia coli,Aminoglycosides,6.04225352
2013,Sweden,J01G,0.027,Klebsiella pneumoniae,Aminoglycosides,2.91497975
2013,United Kingdom,J01G,0.1258,Acinetobacter spp.,Aminoglycosides,2.45398773
2013,United Kingdom,J01G,0.1258,Escherichia coli,Aminoglycosides,9.04270164
2013,United Kingdom,J01G,0.1258,Klebsiella pneumoniae,Aminoglycosides,6.36285468
2014,Belgium,J01G,0.0425,Acinetobacter spp.,Aminoglycosides,
2014,Belgium,J01G,0.0425,Escherichia coli,Aminoglycosides,8.85085574
2014,Belgium,J01G,0.0425,Klebsiella pneumoniae,Aminoglycosides,10.85043988
2014,Bulgaria,J01G,0.2865,Acinetobacter spp.,Aminoglycosides,60.91954022
2014,Bulgaria,J01G,0.2865,Escherichia coli,Aminoglycosides,29.1005291
2014,Bulgaria,J01G,0.2865,Klebsiella pneumoniae,Aminoglycosides,65.73426573
2014,Croatia,J01G,0.1366,Acinetobacter spp.,Aminoglycosides,82.53012048
2014,Croatia,J01G,0.1366,Escherichia coli,Aminoglycosides,10.86350974
2014,Croatia,J01G,0.1366,Klebsiella pneumoniae,Aminoglycosides,48.8023952
2014,Cyprus,J01G,0.0567,Acinetobacter spp.,Aminoglycosides,73.68421052
2014,Cyprus,J01G,0.0567,Escherichia coli,Aminoglycosides,17.64705882
2014,Cyprus,J01G,0.0567,Klebsiella pneumoniae,Aminoglycosides,28.75
2014,Denmark,J01G,0.0401,Acinetobacter spp.,Aminoglycosides,1.66666666
2014,Denmark,J01G,0.0401,Escherichia coli,Aminoglycosides,7.27798798
2014,Denmark,J01G,0.0401,Klebsiella pneumoniae,Aminoglycosides,4.87804878
2014,Estonia,J01G,0.0724,Escherichia coli,Aminoglycosides,6.81265206
2014,Estonia,J01G,0.0724,Klebsiella pneumoniae,Aminoglycosides,18.51851851
2014,Finland,J01G,0.0055,Acinetobacter spp.,Aminoglycosides,3.22580645
2014,Finland,J01G,0.0055,Escherichia coli,Aminoglycosides,4.55855383
2014,Finland,J01G,0.0055,Klebsiella pneumoniae,Aminoglycosides,2.32558139
2014,France,J01G,0.0929,Acinetobacter spp.,Aminoglycosides,8.31295843
2014,France,J01G,0.0929,Escherichia coli,Aminoglycosides,7.72652548
2014,France,J01G,0.0929,Klebsiella pneumoniae,Aminoglycosides,27.65082266
2014,Greece,J01G,0.1358,Acinetobacter spp.,Aminoglycosides,83.875
2014,Greece,J01G,0.1358,Escherichia coli,Aminoglycosides,15.58558558
2014,Greece,J01G,0.1358,Klebsiella pneumoniae,Aminoglycosides,59.32521087
2014,Hungary,J01G,0.0416,Acinetobacter spp.,Aminoglycosides,59.45945945
2014,Hungary,J01G,0.0416,Escherichia coli,Aminoglycosides,14.72049689
2014,Hungary,J01G,0.0416,Klebsiella pneumoniae,Aminoglycosides,31.7683881
2014,Ireland,J01G,0.0614,Acinetobacter spp.,Aminoglycosides,2.24719101
2014,Ireland,J01G,0.0614,Escherichia coli,Aminoglycosides,12.08872458
2014,Ireland,J01G,0.0614,Klebsiella pneumoniae,Aminoglycosides,12.14689265
2014,Italy,J01G,0.0712,Acinetobacter spp.,Aminoglycosides,88.28828828
2014,Italy,J01G,0.0712,Escherichia coli,Aminoglycosides,19.35299169
2014,Italy,J01G,0.0712,Klebsiella pneumoniae,Aminoglycosides,36.21848739
2014,Lithuania,J01G,0.1002,Acinetobacter spp.,Aminoglycosides,80.0
2014,Lithuania,J01G,0.1002,Escherichia coli,Aminoglycosides,10.61643835
2014,Lithuania,J01G,0.1002,Klebsiella pneumoniae,Aminoglycosides,49.34210526
2014,Luxembourg,J01G,0.0786,Acinetobacter spp.,Aminoglycosides,
2014,Luxembourg,J01G,0.0786,Escherichia coli,Aminoglycosides,7.90190735
2014,Luxembourg,J01G,0.0786,Klebsiella pneumoniae,Aminoglycosides,19.69696969
2014,Latvia,J01G,0.0934,Acinetobacter spp.,Aminoglycosides,69.23076923
2014,Latvia,J01G,0.0934,Escherichia coli,Aminoglycosides,8.28729281
2014,Latvia,J01G,0.0934,Klebsiella pneumoniae,Aminoglycosides,43.22033898
2014,Malta,J01G,0.1063,Acinetobacter spp.,Aminoglycosides,
2014,Malta,J01G,0.1063,Escherichia coli,Aminoglycosides,9.70149253
2014,Malta,J01G,0.1063,Klebsiella pneumoniae,Aminoglycosides,28.28282828
2014,Netherlands,J01G,0.0736,Acinetobacter spp.,Aminoglycosides,7.60869565
2014,Netherlands,J01G,0.0736,Escherichia coli,Aminoglycosides,6.35611056
2014,Netherlands,J01G,0.0736,Klebsiella pneumoniae,Aminoglycosides,4.36331255
2014,Norway,J01G,0.0712,Acinetobacter spp.,Aminoglycosides,3.03030303
2014,Norway,J01G,0.0712,Escherichia coli,Aminoglycosides,5.93740859
2014,Norway,J01G,0.0712,Klebsiella pneumoniae,Aminoglycosides,4.83870967
2014,Poland,J01G,0.0934,Acinetobacter spp.,Aminoglycosides,58.51063829
2014,Poland,J01G,0.0934,Escherichia coli,Aminoglycosides,9.83146067
2014,Poland,J01G,0.0934,Klebsiella pneumoniae,Aminoglycosides,59.12087912
2014,Portugal,J01G,0.0695,Acinetobacter spp.,Aminoglycosides,42.26415094
2014,Portugal,J01G,0.0695,Escherichia coli,Aminoglycosides,15.10719294
2014,Portugal,J01G,0.0695,Klebsiella pneumoniae,Aminoglycosides,30.53927315
2014,Romania,J01G,0.4008,Acinetobacter spp.,Aminoglycosides,77.86885245
2014,Romania,J01G,0.4008,Escherichia coli,Aminoglycosides,17.16171617
2014,Romania,J01G,0.4008,Klebsiella pneumoniae,Aminoglycosides,67.6
2014,Slovenia,J01G,0.062,Acinetobacter spp.,Aminoglycosides,32.35294117
2014,Slovenia,J01G,0.062,Escherichia coli,Aminoglycosides,11.26644736
2014,Slovenia,J01G,0.062,Klebsiella pneumoniae,Aminoglycosides,20.17167381
2014,Slovakia,J01G,0.0835,Acinetobacter spp.,Aminoglycosides,40.58823529
2014,Slovakia,J01G,0.0835,Escherichia coli,Aminoglycosides,22.74774774
2014,Slovakia,J01G,0.0835,Klebsiella pneumoniae,Aminoglycosides,68.21862348
2014,Sweden,J01G,0.0267,Acinetobacter spp.,Aminoglycosides,2.77777777
2014,Sweden,J01G,0.0267,Escherichia coli,Aminoglycosides,6.06493043
2014,Sweden,J01G,0.0267,Klebsiella pneumoniae,Aminoglycosides,3.25581395
2014,United Kingdom,J01G,0.128,Acinetobacter spp.,Aminoglycosides,10.07751937
2014,United Kingdom,J01G,0.128,Escherichia coli,Aminoglycosides,8.85345064
2014,United Kingdom,J01G,0.128,Klebsiella pneumoniae,Aminoglycosides,5.53662691
2015,Belgium,J01G,0.04,Acinetobacter spp.,Aminoglycosides,
2015,Belgium,J01G,0.04,Escherichia coli,Aminoglycosides,8.35520559
2015,Belgium,J01G,0.04,Klebsiella pneumoniae,Aminoglycosides,11.5819209
2015,Bulgaria,J01G,0.2841,Acinetobacter spp.,Aminoglycosides,74.13793103
2015,Bulgaria,J01G,0.2841,Escherichia coli,Aminoglycosides,19.78021978
2015,Bulgaria,J01G,0.2841,Klebsiella pneumoniae,Aminoglycosides,59.52380952
2015,Croatia,J01G,0.1013,Acinetobacter spp.,Aminoglycosides,88.32487309
2015,Croatia,J01G,0.1013,Escherichia coli,Aminoglycosides,12.69841269
2015,Croatia,J01G,0.1013,Klebsiella pneumoniae,Aminoglycosides,43.15789473
2015,Cyprus,J01G,0.0634,Acinetobacter spp.,Aminoglycosides,74.57627118
2015,Cyprus,J01G,0.0634,Escherichia coli,Aminoglycosides,13.82113821
2015,Cyprus,J01G,0.0634,Klebsiella pneumoniae,Aminoglycosides,37.09677419
2015,Denmark,J01G,0.0405,Acinetobacter spp.,Aminoglycosides,4.76190476
2015,Denmark,J01G,0.0405,Escherichia coli,Aminoglycosides,6.79590503
2015,Denmark,J01G,0.0405,Klebsiella pneumoniae,Aminoglycosides,2.55863539
2015,Estonia,J01G,0.0436,Acinetobacter spp.,Aminoglycosides,
2015,Estonia,J01G,0.0436,Escherichia coli,Aminoglycosides,9.3385214
2015,Estonia,J01G,0.0436,Klebsiella pneumoniae,Aminoglycosides,21.3114754
2015,Finland,J01G,0.0155,Acinetobacter spp.,Aminoglycosides,2.38095238
2015,Finland,J01G,0.0155,Escherichia coli,Aminoglycosides,5.41717049
2015,Finland,J01G,0.0155,Klebsiella pneumoniae,Aminoglycosides,1.92
2015,France,J01G,0.0915,Acinetobacter spp.,Aminoglycosides,11.13689095
2015,France,J01G,0.0915,Escherichia coli,Aminoglycosides,8.15015829
2015,France,J01G,0.0915,Klebsiella pneumoniae,Aminoglycosides,26.31578947
2015,Greece,J01G,0.1182,Acinetobacter spp.,Aminoglycosides,83.7037037
2015,Greece,J01G,0.1182,Escherichia coli,Aminoglycosides,16.08333333
2015,Greece,J01G,0.1182,Klebsiella pneumoniae,Aminoglycosides,50.68376068
2015,Hungary,J01G,0.0403,Acinetobacter spp.,Aminoglycosides,60.64516129
2015,Hungary,J01G,0.0403,Escherichia coli,Aminoglycosides,13.56435643
2015,Hungary,J01G,0.0403,Klebsiella pneumoniae,Aminoglycosides,34.56090651
2015,Ireland,J01G,0.0877,Acinetobacter spp.,Aminoglycosides,3.75
2015,Ireland,J01G,0.0877,Escherichia coli,Aminoglycosides,11.82917611
2015,Ireland,J01G,0.0877,Klebsiella pneumoniae,Aminoglycosides,15.93830334
2015,Italy,J01G,0.285,Acinetobacter spp.,Aminoglycosides,74.69512195
2015,Italy,J01G,0.285,Escherichia coli,Aminoglycosides,20.17381656
2015,Italy,J01G,0.285,Klebsiella pneumoniae,Aminoglycosides,33.99795501
2015,Lithuania,J01G,0.1047,Acinetobacter spp.,Aminoglycosides,90.4109589
2015,Lithuania,J01G,0.1047,Escherichia coli,Aminoglycosides,10.12006861
2015,Lithuania,J01G,0.1047,Klebsiella pneumoniae,Aminoglycosides,46.36871508
2015,Luxembourg,J01G,0.0563,Acinetobacter spp.,Aminoglycosides,
2015,Luxembourg,J01G,0.0563,Escherichia coli,Aminoglycosides,8.93371757
2015,Luxembourg,J01G,0.0563,Klebsiella pneumoniae,Aminoglycosides,15.0
2015,Latvia,J01G,0.09,Acinetobacter spp.,Aminoglycosides,59.01639344
2015,Latvia,J01G,0.09,Escherichia coli,Aminoglycosides,14.13612565
2015,Latvia,J01G,0.09,Klebsiella pneumoniae,Aminoglycosides,43.36283185
2015,Malta,J01G,0.1123,Acinetobacter spp.,Aminoglycosides,
2015,Malta,J01G,0.1123,Escherichia coli,Aminoglycosides,12.18487394
2015,Malta,J01G,0.1123,Klebsiella pneumoniae,Aminoglycosides,22.72727272
2015,Netherlands,J01G,0.0731,Acinetobacter spp.,Aminoglycosides,9.375
2015,Netherlands,J01G,0.0731,Escherichia coli,Aminoglycosides,6.07859768
2015,Netherlands,J01G,0.0731,Klebsiella pneumoniae,Aminoglycosides,6.92821368
2015,Norway,J01G,0.0733,Acinetobacter spp.,Aminoglycosides,9.375
2015,Norway,J01G,0.0733,Escherichia coli,Aminoglycosides,5.99818236
2015,Norway,J01G,0.0733,Klebsiella pneumoniae,Aminoglycosides,3.57142857
2015,Poland,J01G,0.0858,Acinetobacter spp.,Aminoglycosides,70.20408163
2015,Poland,J01G,0.0858,Escherichia coli,Aminoglycosides,11.19544592
2015,Poland,J01G,0.0858,Klebsiella pneumoniae,Aminoglycosides,58.55855855
2015,Portugal,J01G,0.0689,Acinetobacter spp.,Aminoglycosides,46.4516129
2015,Portugal,J01G,0.0689,Escherichia coli,Aminoglycosides,13.83097542
2015,Portugal,J01G,0.0689,Klebsiella pneumoniae,Aminoglycosides,32.58373205
2015,Romania,J01G,0.3635,Acinetobacter spp.,Aminoglycosides,80.85106382
2015,Romania,J01G,0.3635,Escherichia coli,Aminoglycosides,18.30601092
2015,Romania,J01G,0.3635,Klebsiella pneumoniae,Aminoglycosides,54.13533834
2015,Slovenia,J01G,0.0614,Acinetobacter spp.,Aminoglycosides,41.93548387
2015,Slovenia,J01G,0.0614,Escherichia coli,Aminoglycosides,12.8959276
2015,Slovenia,J01G,0.0614,Klebsiella pneumoniae,Aminoglycosides,18.98734177
2015,Slovakia,J01G,0.0919,Acinetobacter spp.,Aminoglycosides,42.85714285
2015,Slovakia,J01G,0.0919,Escherichia coli,Aminoglycosides,24.21875
2015,Slovakia,J01G,0.0919,Klebsiella pneumoniae,Aminoglycosides,66.52631578
2015,Sweden,J01G,0.0152,Acinetobacter spp.,Aminoglycosides,3.84615384
2015,Sweden,J01G,0.0152,Escherichia coli,Aminoglycosides,6.42249609
2015,Sweden,J01G,0.0152,Klebsiella pneumoniae,Aminoglycosides,3.18133616
2015,United Kingdom,J01G,0.1228,Acinetobacter spp.,Aminoglycosides,1.96078431
2015,United Kingdom,J01G,0.1228,Escherichia coli,Aminoglycosides,9.94712491
2015,United Kingdom,J01G,0.1228,Klebsiella pneumoniae,Aminoglycosides,9.25233644
2016,Belgium,J01G,0.0371,Acinetobacter spp.,Aminoglycosides,1.51515151
2016,Belgium,J01G,0.0371,Escherichia coli,Aminoglycosides,8.40240068
2016,Belgium,J01G,0.0371,Klebsiella pneumoniae,Aminoglycosides,13.81475667
2016,Bulgaria,J01G,0.2646,Acinetobacter spp.,Aminoglycosides,81.01265822
2016,Bulgaria,J01G,0.2646,Escherichia coli,Aminoglycosides,34.76190476
2016,Bulgaria,J01G,0.2646,Klebsiella pneumoniae,Aminoglycosides,64.44444444
2016,Croatia,J01G,0.0973,Acinetobacter spp.,Aminoglycosides,82.96703296
2016,Croatia,J01G,0.0973,Escherichia coli,Aminoglycosides,15.67672833
2016,Croatia,J01G,0.0973,Klebsiella pneumoniae,Aminoglycosides,36.07594936
2016,Cyprus,J01G,0.0691,Acinetobacter spp.,Aminoglycosides,57.14285714
2016,Cyprus,J01G,0.0691,Escherichia coli,Aminoglycosides,16.10738255
2016,Cyprus,J01G,0.0691,Klebsiella pneumoniae,Aminoglycosides,22.66666666
2016,Denmark,J01G,0.0526,Acinetobacter spp.,Aminoglycosides,0.0
2016,Denmark,J01G,0.0526,Escherichia coli,Aminoglycosides,6.06685926
2016,Denmark,J01G,0.0526,Klebsiella pneumoniae,Aminoglycosides,3.20623916
2016,Estonia,J01G,0.0327,Acinetobacter spp.,Aminoglycosides,
2016,Estonia,J01G,0.0327,Escherichia coli,Aminoglycosides,7.4074074
2016,Estonia,J01G,0.0327,Klebsiella pneumoniae,Aminoglycosides,21.3114754
2016,Finland,J01G,0.0161,Acinetobacter spp.,Aminoglycosides,3.57142857
2016,Finland,J01G,0.0161,Escherichia coli,Aminoglycosides,4.93472007
2016,Finland,J01G,0.0161,Klebsiella pneumoniae,Aminoglycosides,2.33837689
2016,France,J01G,0.0889,Acinetobacter spp.,Aminoglycosides,12.2494432
2016,France,J01G,0.0889,Escherichia coli,Aminoglycosides,7.91198922
2016,France,J01G,0.0889,Klebsiella pneumoniae,Aminoglycosides,26.23588945
2016,Greece,J01G,0.1382,Acinetobacter spp.,Aminoglycosides,84.96583143
2016,Greece,J01G,0.1382,Escherichia coli,Aminoglycosides,16.83320522
2016,Greece,J01G,0.1382,Klebsiella pneumoniae,Aminoglycosides,52.86080273
2016,Hungary,J01G,0.0393,Acinetobacter spp.,Aminoglycosides,59.10224438
2016,Hungary,J01G,0.0393,Escherichia coli,Aminoglycosides,13.25301204
2016,Hungary,J01G,0.0393,Klebsiella pneumoniae,Aminoglycosides,34.72222222
2016,Ireland,J01G,0.0885,Acinetobacter spp.,Aminoglycosides,1.58730158
2016,Ireland,J01G,0.0885,Escherichia coli,Aminoglycosides,11.2337011
2016,Ireland,J01G,0.0885,Klebsiella pneumoniae,Aminoglycosides,11.47902869
2016,Italy,J01G,0.4862,Acinetobacter spp.,Aminoglycosides,76.42045454
2016,Italy,J01G,0.4862,Escherichia coli,Aminoglycosides,18.98338542
2016,Italy,J01G,0.4862,Klebsiella pneumoniae,Aminoglycosides,36.13043478
2016,Lithuania,J01G,0.0848,Acinetobacter spp.,Aminoglycosides,82.75862068
2016,Lithuania,J01G,0.0848,Escherichia coli,Aminoglycosides,7.96460176
2016,Lithuania,J01G,0.0848,Klebsiella pneumoniae,Aminoglycosides,49.23076923
2016,Luxembourg,J01G,0.0564,Acinetobacter spp.,Aminoglycosides,
2016,Luxembourg,J01G,0.0564,Escherichia coli,Aminoglycosides,9.09090909
2016,Luxembourg,J01G,0.0564,Klebsiella pneumoniae,Aminoglycosides,26.92307692
2016,Latvia,J01G,0.0819,Acinetobacter spp.,Aminoglycosides,77.77777777
2016,Latvia,J01G,0.0819,Escherichia coli,Aminoglycosides,12.70491803
2016,Latvia,J01G,0.0819,Klebsiella pneumoniae,Aminoglycosides,38.46153846
2016,Malta,J01G,0.0873,Acinetobacter spp.,Aminoglycosides,
2016,Malta,J01G,0.0873,Escherichia coli,Aminoglycosides,10.36585365
2016,Malta,J01G,0.0873,Klebsiella pneumoniae,Aminoglycosides,22.5490196
2016,Netherlands,J01G,0.0645,Acinetobacter spp.,Aminoglycosides,3.05343511
2016,Netherlands,J01G,0.0645,Escherichia coli,Aminoglycosides,6.19481236
2016,Netherlands,J01G,0.0645,Klebsiella pneumoniae,Aminoglycosides,6.81818181
2016,Norway,J01G,0.0725,Acinetobacter spp.,Aminoglycosides,3.125
2016,Norway,J01G,0.0725,Escherichia coli,Aminoglycosides,5.50636413
2016,Norway,J01G,0.0725,Klebsiella pneumoniae,Aminoglycosides,3.33745364
2016,Poland,J01G,0.0466,Acinetobacter spp.,Aminoglycosides,72.60981912
2016,Poland,J01G,0.0466,Escherichia coli,Aminoglycosides,13.28837762
2016,Poland,J01G,0.0466,Klebsiella pneumoniae,Aminoglycosides,56.65116279
2016,Portugal,J01G,0.066,Acinetobacter spp.,Aminoglycosides,39.32038834
2016,Portugal,J01G,0.066,Escherichia coli,Aminoglycosides,13.14830875
2016,Portugal,J01G,0.066,Klebsiella pneumoniae,Aminoglycosides,35.04492939
2016,Romania,J01G,0.2933,Acinetobacter spp.,Aminoglycosides,89.47368421
2016,Romania,J01G,0.2933,Escherichia coli,Aminoglycosides,14.97584541
2016,Romania,J01G,0.2933,Klebsiella pneumoniae,Aminoglycosides,61.9047619
2016,Slovenia,J01G,0.0637,Acinetobacter spp.,Aminoglycosides,43.33333333
2016,Slovenia,J01G,0.0637,Escherichia coli,Aminoglycosides,10.63380281
2016,Slovenia,J01G,0.0637,Klebsiella pneumoniae,Aminoglycosides,16.47940074
2016,Slovakia,J01G,0.0784,Acinetobacter spp.,Aminoglycosides,40.86956521
2016,Slovakia,J01G,0.0784,Escherichia coli,Aminoglycosides,20.16908212
2016,Slovakia,J01G,0.0784,Klebsiella pneumoniae,Aminoglycosides,62.44635193
2016,Spain,J01G,0.0867,Acinetobacter spp.,Aminoglycosides,50.94339622
2016,Spain,J01G,0.0867,Escherichia coli,Aminoglycosides,14.52941176
2016,Spain,J01G,0.0867,Klebsiella pneumoniae,Aminoglycosides,15.49463647
2016,Sweden,J01G,0.0275,Acinetobacter spp.,Aminoglycosides,5.88235294
2016,Sweden,J01G,0.0275,Escherichia coli,Aminoglycosides,7.22406101
2016,Sweden,J01G,0.0275,Klebsiella pneumoniae,Aminoglycosides,3.41805433
2016,United Kingdom,J01G,0.12,Acinetobacter spp.,Aminoglycosides,3.3444816
2016,United Kingdom,J01G,0.12,Escherichia coli,Aminoglycosides,9.85927652
2016,United Kingdom,J01G,0.12,Klebsiella pneumoniae,Aminoglycosides,6.65054413
2017,Belgium,J01G,0.0354,Acinetobacter spp.,Aminoglycosides,13.13131313
2017,Belgium,J01G,0.0354,Escherichia coli,Aminoglycosides,8.09233218
2017,Belgium,J01G,0.0354,Klebsiella pneumoniae,Aminoglycosides,12.48025276
2017,Bulgaria,J01G,0.2594,Acinetobacter spp.,Aminoglycosides,89.13043478
2017,Bulgaria,J01G,0.2594,Escherichia coli,Aminoglycosides,36.24454148
2017,Bulgaria,J01G,0.2594,Klebsiella pneumoniae,Aminoglycosides,63.09523809
2017,Croatia,J01G,0.0951,Acinetobacter spp.,Aminoglycosides,83.98058252
2017,Croatia,J01G,0.0951,Escherichia coli,Aminoglycosides,16.63778162
2017,Croatia,J01G,0.0951,Klebsiella pneumoniae,Aminoglycosides,30.8681672
2017,Cyprus,J01G,0.0732,Acinetobacter spp.,Aminoglycosides,76.0
2017,Cyprus,J01G,0.0732,Escherichia coli,Aminoglycosides,21.79487179
2017,Cyprus,J01G,0.0732,Klebsiella pneumoniae,Aminoglycosides,26.76056338
2017,Denmark,J01G,0.0591,Acinetobacter spp.,Aminoglycosides,0.0
2017,Denmark,J01G,0.0591,Escherichia coli,Aminoglycosides,5.99375244
2017,Denmark,J01G,0.0591,Klebsiella pneumoniae,Aminoglycosides,3.20404721
2017,Estonia,J01G,0.0416,Acinetobacter spp.,Aminoglycosides,
2017,Estonia,J01G,0.0416,Escherichia coli,Aminoglycosides,5.72519083
2017,Estonia,J01G,0.0416,Klebsiella pneumoniae,Aminoglycosides,12.42236024
2017,Finland,J01G,0.014,Acinetobacter spp.,Aminoglycosides,0.0
2017,Finland,J01G,0.014,Escherichia coli,Aminoglycosides,4.95784825
2017,Finland,J01G,0.014,Klebsiella pneumoniae,Aminoglycosides,2.91262135
2017,France,J01G,0.0804,Acinetobacter spp.,Aminoglycosides,9.07172995
2017,France,J01G,0.0804,Escherichia coli,Aminoglycosides,7.04418835
2017,France,J01G,0.0804,Klebsiella pneumoniae,Aminoglycosides,23.7661883
2017,Greece,J01G,0.1366,Acinetobacter spp.,Aminoglycosides,85.62030075
2017,Greece,J01G,0.1366,Escherichia coli,Aminoglycosides,16.97341513
2017,Greece,J01G,0.1366,Klebsiella pneumoniae,Aminoglycosides,53.18991097
2017,Hungary,J01G,0.0391,Acinetobacter spp.,Aminoglycosides,56.14525139
2017,Hungary,J01G,0.0391,Escherichia coli,Aminoglycosides,15.09708737
2017,Hungary,J01G,0.0391,Klebsiella pneumoniae,Aminoglycosides,37.8066378
2017,Ireland,J01G,0.1013,Acinetobacter spp.,Aminoglycosides,3.22580645
2017,Ireland,J01G,0.1013,Escherichia coli,Aminoglycosides,11.94364393
2017,Ireland,J01G,0.1013,Klebsiella pneumoniae,Aminoglycosides,11.89979123
2017,Italy,J01G,0.0683,Acinetobacter spp.,Aminoglycosides,76.07655502
2017,Italy,J01G,0.0683,Escherichia coli,Aminoglycosides,18.41883936
2017,Italy,J01G,0.0683,Klebsiella pneumoniae,Aminoglycosides,34.4612991
2017,Iceland,J01G,0.0254,Acinetobacter spp.,Aminoglycosides,
2017,Iceland,J01G,0.0254,Escherichia coli,Aminoglycosides,5.63380281
2017,Iceland,J01G,0.0254,Klebsiella pneumoniae,Aminoglycosides,
2017,Lithuania,J01G,0.0741,Acinetobacter spp.,Aminoglycosides,81.39534883
2017,Lithuania,J01G,0.0741,Escherichia coli,Aminoglycosides,8.25471698
2017,Lithuania,J01G,0.0741,Klebsiella pneumoniae,Aminoglycosides,53.72670807
2017,Luxembourg,J01G,0.0601,Acinetobacter spp.,Aminoglycosides,
2017,Luxembourg,J01G,0.0601,Escherichia coli,Aminoglycosides,10.39260969
2017,Luxembourg,J01G,0.0601,Klebsiella pneumoniae,Aminoglycosides,18.18181818
2017,Latvia,J01G,0.0792,Acinetobacter spp.,Aminoglycosides,78.78787878
2017,Latvia,J01G,0.0792,Escherichia coli,Aminoglycosides,13.43283582
2017,Latvia,J01G,0.0792,Klebsiella pneumoniae,Aminoglycosides,29.56521739
2017,Malta,J01G,0.0804,Acinetobacter spp.,Aminoglycosides,
2017,Malta,J01G,0.0804,Escherichia coli,Aminoglycosides,10.82802547
2017,Malta,J01G,0.0804,Klebsiella pneumoniae,Aminoglycosides,31.62393162
2017,Netherlands,J01G,0.0557,Acinetobacter spp.,Aminoglycosides,3.07692307
2017,Netherlands,J01G,0.0557,Escherichia coli,Aminoglycosides,5.89723109
2017,Netherlands,J01G,0.0557,Klebsiella pneumoniae,Aminoglycosides,7.44360902
2017,Norway,J01G,0.0838,Acinetobacter spp.,Aminoglycosides,0.0
2017,Norway,J01G,0.0838,Escherichia coli,Aminoglycosides,7.18113612
2017,Norway,J01G,0.0838,Klebsiella pneumoniae,Aminoglycosides,4.22535211
2017,Poland,J01G,0.0788,Acinetobacter spp.,Aminoglycosides,72.6744186
2017,Poland,J01G,0.0788,Escherichia coli,Aminoglycosides,14.01250459
2017,Poland,J01G,0.0788,Klebsiella pneumoniae,Aminoglycosides,55.45064377
2017,Portugal,J01G,0.0613,Acinetobacter spp.,Aminoglycosides,28.57142857
2017,Portugal,J01G,0.0613,Escherichia coli,Aminoglycosides,11.93048379
2017,Portugal,J01G,0.0613,Klebsiella pneumoniae,Aminoglycosides,33.52962826
2017,Romania,J01G,0.2131,Acinetobacter spp.,Aminoglycosides,83.60655737
2017,Romania,J01G,0.2131,Escherichia coli,Aminoglycosides,15.20467836
2017,Romania,J01G,0.2131,Klebsiella pneumoniae,Aminoglycosides,58.57988165
2017,Slovenia,J01G,0.0624,Acinetobacter spp.,Aminoglycosides,41.66666666
2017,Slovenia,J01G,0.0624,Escherichia coli,Aminoglycosides,11.42857142
2017,Slovenia,J01G,0.0624,Klebsiella pneumoniae,Aminoglycosides,16.02564102
2017,Slovakia,J01G,0.0859,Acinetobacter spp.,Aminoglycosides,40.0
2017,Slovakia,J01G,0.0859,Escherichia coli,Aminoglycosides,22.51428571
2017,Slovakia,J01G,0.0859,Klebsiella pneumoniae,Aminoglycosides,61.11111111
2017,Spain,J01G,0.0808,Acinetobacter spp.,Aminoglycosides,52.17391304
2017,Spain,J01G,0.0808,Escherichia coli,Aminoglycosides,13.70044783
2017,Spain,J01G,0.0808,Klebsiella pneumoniae,Aminoglycosides,17.44877726
2017,Sweden,J01G,0.0269,Acinetobacter spp.,Aminoglycosides,0.0
2017,Sweden,J01G,0.0269,Escherichia coli,Aminoglycosides,6.49531087
2017,Sweden,J01G,0.0269,Klebsiella pneumoniae,Aminoglycosides,4.74346563
2017,United Kingdom,J01G,0.1298,Acinetobacter spp.,Aminoglycosides,4.55696202
2017,United Kingdom,J01G,0.1298,Escherichia coli,Aminoglycosides,9.95803376
2017,United Kingdom,J01G,0.1298,Klebsiella pneumoniae,Aminoglycosides,7.9433153
2018,Belgium,J01G,0.0332,Acinetobacter spp.,Aminoglycosides,7.37704918
2018,Belgium,J01G,0.0332,Escherichia coli,Aminoglycosides,7.40450026
2018,Belgium,J01G,0.0332,Klebsiella pneumoniae,Aminoglycosides,12.44979919
2018,Bulgaria,J01G,0.2683,Acinetobacter spp.,Aminoglycosides,73.63636363
2018,Bulgaria,J01G,0.2683,Escherichia coli,Aminoglycosides,28.36363636
2018,Bulgaria,J01G,0.2683,Klebsiella pneumoniae,Aminoglycosides,59.16230366
2018,Croatia,J01G,0.1,Acinetobacter spp.,Aminoglycosides,91.50326797
2018,Croatia,J01G,0.1,Escherichia coli,Aminoglycosides,14.87603305
2018,Croatia,J01G,0.1,Klebsiella pneumoniae,Aminoglycosides,36.36363636
2018,Cyprus,J01G,0.0825,Acinetobacter spp.,Aminoglycosides,75.43859649
2018,Cyprus,J01G,0.0825,Escherichia coli,Aminoglycosides,19.86754966
2018,Cyprus,J01G,0.0825,Klebsiella pneumoniae,Aminoglycosides,36.78160919
2018,Denmark,J01G,0.0538,Acinetobacter spp.,Aminoglycosides,7.54716981
2018,Denmark,J01G,0.0538,Escherichia coli,Aminoglycosides,5.7481921
2018,Denmark,J01G,0.0538,Klebsiella pneumoniae,Aminoglycosides,3.28638497
2018,Estonia,J01G,0.0315,Acinetobacter spp.,Aminoglycosides,
2018,Estonia,J01G,0.0315,Escherichia coli,Aminoglycosides,6.24263839
2018,Estonia,J01G,0.0315,Klebsiella pneumoniae,Aminoglycosides,10.24390243
2018,Finland,J01G,0.016,Acinetobacter spp.,Aminoglycosides,7.4074074
2018,Finland,J01G,0.016,Escherichia coli,Aminoglycosides,4.25752855
2018,Finland,J01G,0.016,Klebsiella pneumoniae,Aminoglycosides,2.58397932
2018,France,J01G,0.0718,Acinetobacter spp.,Aminoglycosides,8.92116182
2018,France,J01G,0.0718,Escherichia coli,Aminoglycosides,7.39233086
2018,France,J01G,0.0718,Klebsiella pneumoniae,Aminoglycosides,24.81605351
2018,Greece,J01G,0.1421,Acinetobacter spp.,Aminoglycosides,81.55533399
2018,Greece,J01G,0.1421,Escherichia coli,Aminoglycosides,15.49295774
2018,Greece,J01G,0.1421,Klebsiella pneumoniae,Aminoglycosides,54.40484196
2018,Hungary,J01G,0.0253,Acinetobacter spp.,Aminoglycosides,48.68804664
2018,Hungary,J01G,0.0253,Escherichia coli,Aminoglycosides,17.40282685
2018,Hungary,J01G,0.0253,Klebsiella pneumoniae,Aminoglycosides,32.66272189
2018,Ireland,J01G,0.1004,Acinetobacter spp.,Aminoglycosides,3.57142857
2018,Ireland,J01G,0.1004,Escherichia coli,Aminoglycosides,11.73563928
2018,Ireland,J01G,0.1004,Klebsiella pneumoniae,Aminoglycosides,13.04347826
2018,Italy,J01G,0.0673,Acinetobacter spp.,Aminoglycosides,76.99050401
2018,Italy,J01G,0.0673,Escherichia coli,Aminoglycosides,16.04301616
2018,Italy,J01G,0.0673,Klebsiella pneumoniae,Aminoglycosides,26.98050237
2018,Iceland,J01G,0.0265,Acinetobacter spp.,Aminoglycosides,
2018,Iceland,J01G,0.0265,Escherichia coli,Aminoglycosides,6.09137055
2018,Iceland,J01G,0.0265,Klebsiella pneumoniae,Aminoglycosides,
2018,Lithuania,J01G,0.0645,Acinetobacter spp.,Aminoglycosides,85.05747126
2018,Lithuania,J01G,0.0645,Escherichia coli,Aminoglycosides,7.88757932
2018,Lithuania,J01G,0.0645,Klebsiella pneumoniae,Aminoglycosides,48.50948509
2018,Luxembourg,J01G,0.0453,Acinetobacter spp.,Aminoglycosides,
2018,Luxembourg,J01G,0.0453,Escherichia coli,Aminoglycosides,7.3286052
2018,Luxembourg,J01G,0.0453,Klebsiella pneumoniae,Aminoglycosides,20.0
2018,Latvia,J01G,0.0737,Acinetobacter spp.,Aminoglycosides,60.41666666
2018,Latvia,J01G,0.0737,Escherichia coli,Aminoglycosides,8.90804597
2018,Latvia,J01G,0.0737,Klebsiella pneumoniae,Aminoglycosides,31.03448275
2018,Malta,J01G,0.0808,Acinetobacter spp.,Aminoglycosides,
2018,Malta,J01G,0.0808,Escherichia coli,Aminoglycosides,9.93975903
2018,Malta,J01G,0.0808,Klebsiella pneumoniae,Aminoglycosides,46.71532846
2018,Netherlands,J01G,0.0546,Acinetobacter spp.,Aminoglycosides,4.72972972
2018,Netherlands,J01G,0.0546,Escherichia coli,Aminoglycosides,6.30815709
2018,Netherlands,J01G,0.0546,Klebsiella pneumoniae,Aminoglycosides,6.96909927
2018,Norway,J01G,0.0896,Acinetobacter spp.,Aminoglycosides,0.0
2018,Norway,J01G,0.0896,Escherichia coli,Aminoglycosides,5.74742268
2018,Norway,J01G,0.0896,Klebsiella pneumoniae,Aminoglycosides,5.2917232
2018,Poland,J01G,0.0765,Acinetobacter spp.,Aminoglycosides,67.36842105
2018,Poland,J01G,0.0765,Escherichia coli,Aminoglycosides,15.10820743
2018,Poland,J01G,0.0765,Klebsiella pneumoniae,Aminoglycosides,54.24448217
2018,Portugal,J01G,0.0595,Acinetobacter spp.,Aminoglycosides,25.39682539
2018,Portugal,J01G,0.0595,Escherichia coli,Aminoglycosides,12.15450643
2018,Portugal,J01G,0.0595,Klebsiella pneumoniae,Aminoglycosides,34.37013996
2018,Romania,J01G,0.1954,Acinetobacter spp.,Aminoglycosides,80.0
2018,Romania,J01G,0.1954,Escherichia coli,Aminoglycosides,12.788906
2018,Romania,J01G,0.1954,Klebsiella pneumoniae,Aminoglycosides,50.91743119
2018,Slovenia,J01G,0.0597,Acinetobacter spp.,Aminoglycosides,20.51282051
2018,Slovenia,J01G,0.0597,Escherichia coli,Aminoglycosides,9.41247002
2018,Slovenia,J01G,0.0597,Klebsiella pneumoniae,Aminoglycosides,12.80276816
2018,Slovakia,J01G,0.121,Acinetobacter spp.,Aminoglycosides,44.44444444
2018,Slovakia,J01G,0.121,Escherichia coli,Aminoglycosides,21.56862745
2018,Slovakia,J01G,0.121,Klebsiella pneumoniae,Aminoglycosides,54.83870967
2018,Spain,J01G,0.0814,Acinetobacter spp.,Aminoglycosides,49.38271604
2018,Spain,J01G,0.0814,Escherichia coli,Aminoglycosides,14.12165572
2018,Spain,J01G,0.0814,Klebsiella pneumoniae,Aminoglycosides,19.34837092
2018,Sweden,J01G,0.0248,Acinetobacter spp.,Aminoglycosides,5.45454545
2018,Sweden,J01G,0.0248,Escherichia coli,Aminoglycosides,7.73521755
2018,Sweden,J01G,0.0248,Klebsiella pneumoniae,Aminoglycosides,3.03587856
2018,United Kingdom,J01G,0.1312,Acinetobacter spp.,Aminoglycosides,5.09641873
2018,United Kingdom,J01G,0.1312,Escherichia coli,Aminoglycosides,10.47355148
2018,United Kingdom,J01G,0.1312,Klebsiella pneumoniae,Aminoglycosides,9.07339288
2019,Austria,J01G,0.0299,Acinetobacter spp.,Aminoglycosides,7.31707317
2019,Austria,J01G,0.0299,Escherichia coli,Aminoglycosides,6.94854146
2019,Austria,J01G,0.0299,Klebsiella pneumoniae,Aminoglycosides,5.45868081
2019,Belgium,J01G,0.0337,Acinetobacter spp.,Aminoglycosides,3.52941176
2019,Belgium,J01G,0.0337,Escherichia coli,Aminoglycosides,6.90973992
2019,Belgium,J01G,0.0337,Klebsiella pneumoniae,Aminoglycosides,11.39072847
2019,Bulgaria,J01G,0.2665,Acinetobacter spp.,Aminoglycosides,78.03030303
2019,Bulgaria,J01G,0.2665,Escherichia coli,Aminoglycosides,24.43181818
2019,Bulgaria,J01G,0.2665,Klebsiella pneumoniae,Aminoglycosides,57.30337078
2019,Croatia,J01G,0.0904,Acinetobacter spp.,Aminoglycosides,92.14285714
2019,Croatia,J01G,0.0904,Escherichia coli,Aminoglycosides,14.83812949
2019,Croatia,J01G,0.0904,Klebsiella pneumoniae,Aminoglycosides,42.76923076
2019,Cyprus,J01G,0.0764,Acinetobacter spp.,Aminoglycosides,84.375
2019,Cyprus,J01G,0.0764,Escherichia coli,Aminoglycosides,10.86956521
2019,Cyprus,J01G,0.0764,Klebsiella pneumoniae,Aminoglycosides,24.13793103
2019,Czechia,J01G,0.0869,Acinetobacter spp.,Aminoglycosides,33.68421052
2019,Czechia,J01G,0.0869,Escherichia coli,Aminoglycosides,11.40769879
2019,Czechia,J01G,0.0869,Klebsiella pneumoniae,Aminoglycosides,47.66474728
2019,Denmark,J01G,0.0608,Acinetobacter spp.,Aminoglycosides,2.77777777
2019,Denmark,J01G,0.0608,Escherichia coli,Aminoglycosides,5.46526165
2019,Denmark,J01G,0.0608,Klebsiella pneumoniae,Aminoglycosides,3.46097201
2019,Estonia,J01G,0.0241,Acinetobacter spp.,Aminoglycosides,
2019,Estonia,J01G,0.0241,Escherichia coli,Aminoglycosides,5.29217199
2019,Estonia,J01G,0.0241,Klebsiella pneumoniae,Aminoglycosides,6.14525139
2019,Finland,J01G,0.0166,Acinetobacter spp.,Aminoglycosides,0.0
2019,Finland,J01G,0.0166,Escherichia coli,Aminoglycosides,4.78774956
2019,Finland,J01G,0.0166,Klebsiella pneumoniae,Aminoglycosides,4.21179302
2019,France,J01G,0.0687,Acinetobacter spp.,Aminoglycosides,14.58773784
2019,France,J01G,0.0687,Escherichia coli,Aminoglycosides,7.01286834
2019,France,J01G,0.0687,Klebsiella pneumoniae,Aminoglycosides,23.42893973
2019,Greece,J01G,0.1416,Acinetobacter spp.,Aminoglycosides,88.65979381
2019,Greece,J01G,0.1416,Escherichia coli,Aminoglycosides,12.93532338
2019,Greece,J01G,0.1416,Klebsiella pneumoniae,Aminoglycosides,55.16129032
2019,Hungary,J01G,0.0295,Acinetobacter spp.,Aminoglycosides,50.59665871
2019,Hungary,J01G,0.0295,Escherichia coli,Aminoglycosides,15.71961841
2019,Hungary,J01G,0.0295,Klebsiella pneumoniae,Aminoglycosides,30.8114035
2019,Ireland,J01G,0.1048,Acinetobacter spp.,Aminoglycosides,1.75438596
2019,Ireland,J01G,0.1048,Escherichia coli,Aminoglycosides,11.75742574
2019,Ireland,J01G,0.1048,Klebsiella pneumoniae,Aminoglycosides,11.02661596
2019,Italy,J01G,0.0579,Acinetobacter spp.,Aminoglycosides,78.80268784
2019,Italy,J01G,0.0579,Escherichia coli,Aminoglycosides,15.90686541
2019,Italy,J01G,0.0579,Klebsiella pneumoniae,Aminoglycosides,32.55662587
2019,Iceland,J01G,0.0254,Acinetobacter spp.,Aminoglycosides,
2019,Iceland,J01G,0.0254,Escherichia coli,Aminoglycosides,4.6875
2019,Iceland,J01G,0.0254,Klebsiella pneumoniae,Aminoglycosides,8.69565217
2019,Lithuania,J01G,0.0645,Acinetobacter spp.,Aminoglycosides,83.17757009
2019,Lithuania,J01G,0.0645,Escherichia coli,Aminoglycosides,7.61736049
2019,Lithuania,J01G,0.0645,Klebsiella pneumoniae,Aminoglycosides,39.77011494
2019,Luxembourg,J01G,0.0431,Acinetobacter spp.,Aminoglycosides,
2019,Luxembourg,J01G,0.0431,Escherichia coli,Aminoglycosides,10.16260162
2019,Luxembourg,J01G,0.0431,Klebsiella pneumoniae,Aminoglycosides,17.47572815
2019,Latvia,J01G,0.0648,Acinetobacter spp.,Aminoglycosides,68.18181818
2019,Latvia,J01G,0.0648,Escherichia coli,Aminoglycosides,11.59090909
2019,Latvia,J01G,0.0648,Klebsiella pneumoniae,Aminoglycosides,28.28282828
2019,Malta,J01G,0.0972,Acinetobacter spp.,Aminoglycosides,
2019,Malta,J01G,0.0972,Escherichia coli,Aminoglycosides,9.93975903
2019,Malta,J01G,0.0972,Klebsiella pneumoniae,Aminoglycosides,26.35658914
2019,Netherlands,J01G,0.0499,Acinetobacter spp.,Aminoglycosides,3.22580645
2019,Netherlands,J01G,0.0499,Escherichia coli,Aminoglycosides,6.98534447
2019,Netherlands,J01G,0.0499,Klebsiella pneumoniae,Aminoglycosides,5.99721059
2019,Norway,J01G,0.0958,Acinetobacter spp.,Aminoglycosides,4.34782608
2019,Norway,J01G,0.0958,Escherichia coli,Aminoglycosides,5.59646539
2019,Norway,J01G,0.0958,Klebsiella pneumoniae,Aminoglycosides,6.13718411
2019,Poland,J01G,0.0713,Acinetobacter spp.,Aminoglycosides,70.79365079
2019,Poland,J01G,0.0713,Escherichia coli,Aminoglycosides,12.62433052
2019,Poland,J01G,0.0713,Klebsiella pneumoniae,Aminoglycosides,47.51773049
2019,Portugal,J01G,0.0573,Acinetobacter spp.,Aminoglycosides,24.73118279
2019,Portugal,J01G,0.0573,Escherichia coli,Aminoglycosides,12.05662725
2019,Portugal,J01G,0.0573,Klebsiella pneumoniae,Aminoglycosides,32.23781388
2019,Romania,J01G,0.186,Acinetobacter spp.,Aminoglycosides,83.81742738
2019,Romania,J01G,0.186,Escherichia coli,Aminoglycosides,11.61616161
2019,Romania,J01G,0.186,Klebsiella pneumoniae,Aminoglycosides,53.04136253
2019,Slovenia,J01G,0.0615,Acinetobacter spp.,Aminoglycosides,25.0
2019,Slovenia,J01G,0.0615,Escherichia coli,Aminoglycosides,7.82608695
2019,Slovenia,J01G,0.0615,Klebsiella pneumoniae,Aminoglycosides,8.25082508
2019,Slovakia,J01G,0.082,Acinetobacter spp.,Aminoglycosides,46.39175257
2019,Slovakia,J01G,0.082,Escherichia coli,Aminoglycosides,16.64698937
2019,Slovakia,J01G,0.082,Klebsiella pneumoniae,Aminoglycosides,49.32249322
2019,Spain,J01G,0.0767,Acinetobacter spp.,Aminoglycosides,46.9879518
2019,Spain,J01G,0.0767,Escherichia coli,Aminoglycosides,13.55973025
2019,Spain,J01G,0.0767,Klebsiella pneumoniae,Aminoglycosides,18.185654
2019,Sweden,J01G,0.0236,Acinetobacter spp.,Aminoglycosides,5.30973451
2019,Sweden,J01G,0.0236,Escherichia coli,Aminoglycosides,6.01487778
2019,Sweden,J01G,0.0236,Klebsiella pneumoniae,Aminoglycosides,4.180602
2019,United Kingdom,J01G,0.132,Acinetobacter spp.,Aminoglycosides,5.13176144
2019,United Kingdom,J01G,0.132,Escherichia coli,Aminoglycosides,10.66408302
2019,United Kingdom,J01G,0.132,Klebsiella pneumoniae,Aminoglycosides,8.21309655
2020,Austria,J01G,0.0256,Acinetobacter spp.,Aminoglycosides,7.57575757
2020,Austria,J01G,0.0256,Escherichia coli,Aminoglycosides,6.24640735
2020,Austria,J01G,0.0256,Klebsiella pneumoniae,Aminoglycosides,3.68663594
2020,Belgium,J01G,0.0315,Acinetobacter spp.,Aminoglycosides,2.7027027
2020,Belgium,J01G,0.0315,Escherichia coli,Aminoglycosides,7.46753246
2020,Belgium,J01G,0.0315,Klebsiella pneumoniae,Aminoglycosides,13.07692307
2020,Bulgaria,J01G,0.2734,Acinetobacter spp.,Aminoglycosides,75.96899224
2020,Bulgaria,J01G,0.2734,Escherichia coli,Aminoglycosides,34.24657534
2020,Bulgaria,J01G,0.2734,Klebsiella pneumoniae,Aminoglycosides,66.95652173
2020,Croatia,J01G,0.0719,Acinetobacter spp.,Aminoglycosides,96.44444444
2020,Croatia,J01G,0.0719,Escherichia coli,Aminoglycosides,14.85507246
2020,Croatia,J01G,0.0719,Klebsiella pneumoniae,Aminoglycosides,38.14814814
2020,Cyprus,J01G,0.0924,Acinetobacter spp.,Aminoglycosides,77.58620689
2020,Cyprus,J01G,0.0924,Escherichia coli,Aminoglycosides,21.05263157
2020,Cyprus,J01G,0.0924,Klebsiella pneumoniae,Aminoglycosides,22.35294117
2020,Czechia,J01G,0.0827,Acinetobacter spp.,Aminoglycosides,34.14634146
2020,Czechia,J01G,0.0827,Escherichia coli,Aminoglycosides,10.17005668
2020,Czechia,J01G,0.0827,Klebsiella pneumoniae,Aminoglycosides,42.53731343
2020,Denmark,J01G,0.0458,Acinetobacter spp.,Aminoglycosides,4.61538461
2020,Denmark,J01G,0.0458,Escherichia coli,Aminoglycosides,5.53662691
2020,Denmark,J01G,0.0458,Klebsiella pneumoniae,Aminoglycosides,3.25779036
2020,Estonia,J01G,0.024,Acinetobacter spp.,Aminoglycosides,
2020,Estonia,J01G,0.024,Escherichia coli,Aminoglycosides,5.47520661
2020,Estonia,J01G,0.024,Klebsiella pneumoniae,Aminoglycosides,8.12182741
2020,Finland,J01G,0.0151,Acinetobacter spp.,Aminoglycosides,2.7027027
2020,Finland,J01G,0.0151,Escherichia coli,Aminoglycosides,5.71375395
2020,Finland,J01G,0.0151,Klebsiella pneumoniae,Aminoglycosides,5.77136514
2020,France,J01G,0.0599,Acinetobacter spp.,Aminoglycosides,8.32072617
2020,France,J01G,0.0599,Escherichia coli,Aminoglycosides,6.66254357
2020,France,J01G,0.0599,Klebsiella pneumoniae,Aminoglycosides,18.81686595
2020,Greece,J01G,0.1257,Acinetobacter spp.,Aminoglycosides,90.37138927
2020,Greece,J01G,0.1257,Escherichia coli,Aminoglycosides,18.68327402
2020,Greece,J01G,0.1257,Klebsiella pneumoniae,Aminoglycosides,61.00278551
2020,Hungary,J01G,0.0361,Acinetobacter spp.,Aminoglycosides,72.36842105
2020,Hungary,J01G,0.0361,Escherichia coli,Aminoglycosides,16.68372569
2020,Hungary,J01G,0.0361,Klebsiella pneumoniae,Aminoglycosides,34.93810178
2020,Ireland,J01G,0.0779,Acinetobacter spp.,Aminoglycosides,2.08333333
2020,Ireland,J01G,0.0779,Escherichia coli,Aminoglycosides,10.63531063
2020,Ireland,J01G,0.0779,Klebsiella pneumoniae,Aminoglycosides,11.54639175
2020,Italy,J01G,0.0563,Acinetobacter spp.,Aminoglycosides,80.24839743
2020,Italy,J01G,0.0563,Escherichia coli,Aminoglycosides,14.94387017
2020,Italy,J01G,0.0563,Klebsiella pneumoniae,Aminoglycosides,31.59327065
2020,Iceland,J01G,0.0319,Acinetobacter spp.,Aminoglycosides,
2020,Iceland,J01G,0.0319,Escherichia coli,Aminoglycosides,7.75510204
2020,Iceland,J01G,0.0319,Klebsiella pneumoniae,Aminoglycosides,0.0
2020,Lithuania,J01G,0.0485,Acinetobacter spp.,Aminoglycosides,86.2745098
2020,Lithuania,J01G,0.0485,Escherichia coli,Aminoglycosides,10.25416301
2020,Lithuania,J01G,0.0485,Klebsiella pneumoniae,Aminoglycosides,33.90243902
2020,Luxembourg,J01G,0.0219,Acinetobacter spp.,Aminoglycosides,
2020,Luxembourg,J01G,0.0219,Escherichia coli,Aminoglycosides,8.87850467
2020,Luxembourg,J01G,0.0219,Klebsiella pneumoniae,Aminoglycosides,20.68965517
2020,Latvia,J01G,0.0602,Acinetobacter spp.,Aminoglycosides,63.46153846
2020,Latvia,J01G,0.0602,Escherichia coli,Aminoglycosides,11.40583554
2020,Latvia,J01G,0.0602,Klebsiella pneumoniae,Aminoglycosides,20.96774193
2020,Malta,J01G,0.0541,Acinetobacter spp.,Aminoglycosides,
2020,Malta,J01G,0.0541,Escherichia coli,Aminoglycosides,12.63537906
2020,Malta,J01G,0.0541,Klebsiella pneumoniae,Aminoglycosides,23.48484848
2020,Netherlands,J01G,0.0431,Acinetobacter spp.,Aminoglycosides,1.34228187
2020,Netherlands,J01G,0.0431,Escherichia coli,Aminoglycosides,6.41761174
2020,Netherlands,J01G,0.0431,Klebsiella pneumoniae,Aminoglycosides,7.30136005
2020,Norway,J01G,0.0846,Acinetobacter spp.,Aminoglycosides,0.0
2020,Norway,J01G,0.0846,Escherichia coli,Aminoglycosides,5.66037735
2020,Norway,J01G,0.0846,Klebsiella pneumoniae,Aminoglycosides,7.26495726
2020,Poland,J01G,0.0591,Acinetobacter spp.,Aminoglycosides,70.79889807
2020,Poland,J01G,0.0591,Escherichia coli,Aminoglycosides,14.5105755
2020,Poland,J01G,0.0591,Klebsiella pneumoniae,Aminoglycosides,49.95093228
2020,Portugal,J01G,0.0605,Acinetobacter spp.,Aminoglycosides,12.5
2020,Portugal,J01G,0.0605,Escherichia coli,Aminoglycosides,11.67933655
2020,Portugal,J01G,0.0605,Klebsiella pneumoniae,Aminoglycosides,28.2348677
2020,Romania,J01G,0.1589,Acinetobacter spp.,Aminoglycosides,90.11857707
2020,Romania,J01G,0.1589,Escherichia coli,Aminoglycosides,10.89918256
2020,Romania,J01G,0.1589,Klebsiella pneumoniae,Aminoglycosides,49.62406015
2020,Slovenia,J01G,0.0541,Acinetobacter spp.,Aminoglycosides,25.0
2020,Slovenia,J01G,0.0541,Escherichia coli,Aminoglycosides,6.80693069
2020,Slovenia,J01G,0.0541,Klebsiella pneumoniae,Aminoglycosides,10.0
2020,Slovakia,J01G,0.0716,Acinetobacter spp.,Aminoglycosides,28.42105263
2020,Slovakia,J01G,0.0716,Escherichia coli,Aminoglycosides,18.46785225
2020,Slovakia,J01G,0.0716,Klebsiella pneumoniae,Aminoglycosides,48.88888888
2020,Spain,J01G,0.0771,Acinetobacter spp.,Aminoglycosides,53.26086956
2020,Spain,J01G,0.0771,Escherichia coli,Aminoglycosides,13.61604291
2020,Spain,J01G,0.0771,Klebsiella pneumoniae,Aminoglycosides,20.09869896
2020,Sweden,J01G,0.0224,Acinetobacter spp.,Aminoglycosides,8.0
2020,Sweden,J01G,0.0224,Escherichia coli,Aminoglycosides,5.88414634
2020,Sweden,J01G,0.0224,Klebsiella pneumoniae,Aminoglycosides,3.58890701
2021,Austria,J01G,0.0249,Acinetobacter spp.,Aminoglycosides,10.66666666
2021,Austria,J01G,0.0249,Escherichia coli,Aminoglycosides,5.75187969
2021,Austria,J01G,0.0249,Klebsiella pneumoniae,Aminoglycosides,3.40080971
2021,Belgium,J01G,0.0306,Acinetobacter spp.,Aminoglycosides,5.22875816
2021,Belgium,J01G,0.0306,Escherichia coli,Aminoglycosides,6.06983829
2021,Belgium,J01G,0.0306,Klebsiella pneumoniae,Aminoglycosides,9.67365967
2021,Bulgaria,J01G,0.2599,Acinetobacter spp.,Aminoglycosides,81.56682027
2021,Bulgaria,J01G,0.2599,Escherichia coli,Aminoglycosides,26.99619771
2021,Bulgaria,J01G,0.2599,Klebsiella pneumoniae,Aminoglycosides,69.00826446
2021,Croatia,J01G,0.0878,Acinetobacter spp.,Aminoglycosides,98.76543209
2021,Croatia,J01G,0.0878,Escherichia coli,Aminoglycosides,11.72413793
2021,Croatia,J01G,0.0878,Klebsiella pneumoniae,Aminoglycosides,46.62921348
2021,Cyprus,J01G,0.0865,Acinetobacter spp.,Aminoglycosides,89.71962616
2021,Cyprus,J01G,0.0865,Escherichia coli,Aminoglycosides,19.79166666
2021,Cyprus,J01G,0.0865,Klebsiella pneumoniae,Aminoglycosides,36.76470588
2021,Czechia,J01G,0.0762,Acinetobacter spp.,Aminoglycosides,50.81967213
2021,Czechia,J01G,0.0762,Escherichia coli,Aminoglycosides,9.60817717
2021,Czechia,J01G,0.0762,Klebsiella pneumoniae,Aminoglycosides,41.59456118
2021,Denmark,J01G,0.0504,Acinetobacter spp.,Aminoglycosides,7.0
2021,Denmark,J01G,0.0504,Escherichia coli,Aminoglycosides,4.3543294
2021,Denmark,J01G,0.0504,Klebsiella pneumoniae,Aminoglycosides,2.08333333
2021,Estonia,J01G,0.0218,Acinetobacter spp.,Aminoglycosides,
2021,Estonia,J01G,0.0218,Escherichia coli,Aminoglycosides,5.50755939
2021,Estonia,J01G,0.0218,Klebsiella pneumoniae,Aminoglycosides,7.65957446
2021,Finland,J01G,0.0123,Acinetobacter spp.,Aminoglycosides,2.12765957
2021,Finland,J01G,0.0123,Escherichia coli,Aminoglycosides,4.13650465
2021,Finland,J01G,0.0123,Klebsiella pneumoniae,Aminoglycosides,4.22245108
2021,France,J01G,0.0549,Acinetobacter spp.,Aminoglycosides,6.09212481
2021,France,J01G,0.0549,Escherichia coli,Aminoglycosides,5.82337279
2021,France,J01G,0.0549,Klebsiella pneumoniae,Aminoglycosides,17.40331491
2021,Greece,J01G,0.1272,Acinetobacter spp.,Aminoglycosides,91.41055949
2021,Greece,J01G,0.1272,Escherichia coli,Aminoglycosides,18.63699582
2021,Greece,J01G,0.1272,Klebsiella pneumoniae,Aminoglycosides,69.12080057
2021,Hungary,J01G,0.03,Acinetobacter spp.,Aminoglycosides,81.79916317
2021,Hungary,J01G,0.03,Escherichia coli,Aminoglycosides,17.49696233
2021,Hungary,J01G,0.03,Klebsiella pneumoniae,Aminoglycosides,31.7976513
2021,Ireland,J01G,0.0716,Acinetobacter spp.,Aminoglycosides,3.125
2021,Ireland,J01G,0.0716,Escherichia coli,Aminoglycosides,9.57300275
2021,Ireland,J01G,0.0716,Klebsiella pneumoniae,Aminoglycosides,10.55776892
2021,Italy,J01G,0.0537,Acinetobacter spp.,Aminoglycosides,86.41254226
2021,Italy,J01G,0.0537,Escherichia coli,Aminoglycosides,13.49845491
2021,Italy,J01G,0.0537,Klebsiella pneumoniae,Aminoglycosides,30.80381033
2021,Iceland,J01G,0.0219,Acinetobacter spp.,Aminoglycosides,
2021,Iceland,J01G,0.0219,Escherichia coli,Aminoglycosides,9.35251798
2021,Iceland,J01G,0.0219,Klebsiella pneumoniae,Aminoglycosides,0.0
2021,Lithuania,J01G,0.0487,Acinetobacter spp.,Aminoglycosides,93.44729344
2021,Lithuania,J01G,0.0487,Escherichia coli,Aminoglycosides,8.32602979
2021,Lithuania,J01G,0.0487,Klebsiella pneumoniae,Aminoglycosides,28.962818
2021,Luxembourg,J01G,0.023,Acinetobacter spp.,Aminoglycosides,
2021,Luxembourg,J01G,0.023,Escherichia coli,Aminoglycosides,8.75706214
2021,Luxembourg,J01G,0.023,Klebsiella pneumoniae,Aminoglycosides,14.85148514
2021,Latvia,J01G,0.0438,Acinetobacter spp.,Aminoglycosides,68.29268292
2021,Latvia,J01G,0.0438,Escherichia coli,Aminoglycosides,10.91370558
2021,Latvia,J01G,0.0438,Klebsiella pneumoniae,Aminoglycosides,22.22222222
2021,Malta,J01G,0.066,Acinetobacter spp.,Aminoglycosides,
2021,Malta,J01G,0.066,Escherichia coli,Aminoglycosides,12.7090301
2021,Malta,J01G,0.066,Klebsiella pneumoniae,Aminoglycosides,20.0
2021,Netherlands,J01G,0.0434,Acinetobacter spp.,Aminoglycosides,4.18848167
2021,Netherlands,J01G,0.0434,Escherichia coli,Aminoglycosides,5.99148418
2021,Netherlands,J01G,0.0434,Klebsiella pneumoniae,Aminoglycosides,5.59055118
2021,Norway,J01G,0.0802,Acinetobacter spp.,Aminoglycosides,2.38095238
2021,Norway,J01G,0.0802,Escherichia coli,Aminoglycosides,5.39202917
2021,Norway,J01G,0.0802,Klebsiella pneumoniae,Aminoglycosides,5.08905852
2021,Poland,J01G,0.0586,Acinetobacter spp.,Aminoglycosides,74.13793103
2021,Poland,J01G,0.0586,Escherichia coli,Aminoglycosides,13.72369624
2021,Poland,J01G,0.0586,Klebsiella pneumoniae,Aminoglycosides,55.05865102
2021,Portugal,J01G,0.0603,Acinetobacter spp.,Aminoglycosides,12.5
2021,Portugal,J01G,0.0603,Escherichia coli,Aminoglycosides,10.61552185
2021,Portugal,J01G,0.0603,Klebsiella pneumoniae,Aminoglycosides,24.96141975
2021,Romania,J01G,0.1496,Acinetobacter spp.,Aminoglycosides,91.07142857
2021,Romania,J01G,0.1496,Escherichia coli,Aminoglycosides,10.591133
2021,Romania,J01G,0.1496,Klebsiella pneumoniae,Aminoglycosides,51.59090909
2021,Slovenia,J01G,0.0542,Acinetobacter spp.,Aminoglycosides,68.54838709
2021,Slovenia,J01G,0.0542,Escherichia coli,Aminoglycosides,6.60321237
2021,Slovenia,J01G,0.0542,Klebsiella pneumoniae,Aminoglycosides,13.67521367
2021,Slovakia,J01G,0.0737,Acinetobacter spp.,Aminoglycosides,61.9047619
2021,Slovakia,J01G,0.0737,Escherichia coli,Aminoglycosides,14.17797888
2021,Slovakia,J01G,0.0737,Klebsiella pneumoniae,Aminoglycosides,59.70961887
2021,Spain,J01G,0.0774,Acinetobacter spp.,Aminoglycosides,58.06451612
2021,Spain,J01G,0.0774,Escherichia coli,Aminoglycosides,12.39592969
2021,Spain,J01G,0.0774,Klebsiella pneumoniae,Aminoglycosides,20.56247118
2021,Sweden,J01G,0.0192,Acinetobacter spp.,Aminoglycosides,5.07246376
2021,Sweden,J01G,0.0192,Escherichia coli,Aminoglycosides,5.98116321
2021,Sweden,J01G,0.0192,Klebsiella pneumoniae,Aminoglycosides,3.91954615
2022,Austria,J01G,0.0209,Acinetobacter spp.,Aminoglycosides,0.0
2022,Austria,J01G,0.0209,Escherichia coli,Aminoglycosides,5.48033526
2022,Austria,J01G,0.0209,Klebsiella pneumoniae,Aminoglycosides,2.93863439
2022,Belgium,J01G,0.0289,Acinetobacter spp.,Aminoglycosides,1.39860139
2022,Belgium,J01G,0.0289,Escherichia coli,Aminoglycosides,6.40235735
2022,Belgium,J01G,0.0289,Klebsiella pneumoniae,Aminoglycosides,10.6060606
2022,Bulgaria,J01G,0.2358,Acinetobacter spp.,Aminoglycosides,81.25
2022,Bulgaria,J01G,0.2358,Escherichia coli,Aminoglycosides,24.26778242
2022,Bulgaria,J01G,0.2358,Klebsiella pneumoniae,Aminoglycosides,61.92307692
2022,Croatia,J01G,0.0909,Acinetobacter spp.,Aminoglycosides,96.18055555
2022,Croatia,J01G,0.0909,Escherichia coli,Aminoglycosides,16.04060913
2022,Croatia,J01G,0.0909,Klebsiella pneumoniae,Aminoglycosides,41.53005464
2022,Cyprus,J01G,0.0917,Acinetobacter spp.,Aminoglycosides,82.17821782
2022,Cyprus,J01G,0.0917,Escherichia coli,Aminoglycosides,15.17857142
2022,Cyprus,J01G,0.0917,Klebsiella pneumoniae,Aminoglycosides,37.56345177
2022,Czechia,J01G,0.0732,Acinetobacter spp.,Aminoglycosides,37.64705882
2022,Czechia,J01G,0.0732,Escherichia coli,Aminoglycosides,9.4196804
2022,Czechia,J01G,0.0732,Klebsiella pneumoniae,Aminoglycosides,39.86568986
2022,Denmark,J01G,0.048,Acinetobacter spp.,Aminoglycosides,5.15463917
2022,Denmark,J01G,0.048,Escherichia coli,Aminoglycosides,4.75545777
2022,Denmark,J01G,0.048,Klebsiella pneumoniae,Aminoglycosides,2.67062314
2022,Estonia,J01G,0.024,Acinetobacter spp.,Aminoglycosides,
2022,Estonia,J01G,0.024,Escherichia coli,Aminoglycosides,5.59440559
2022,Estonia,J01G,0.024,Klebsiella pneumoniae,Aminoglycosides,8.08510638
2022,Finland,J01G,0.0108,Acinetobacter spp.,Aminoglycosides,3.57142857
2022,Finland,J01G,0.0108,Escherichia coli,Aminoglycosides,4.44240897
2022,Finland,J01G,0.0108,Klebsiella pneumoniae,Aminoglycosides,2.48691099
2022,France,J01G,0.0507,Acinetobacter spp.,Aminoglycosides,7.001321
2022,France,J01G,0.0507,Escherichia coli,Aminoglycosides,6.15094339
2022,France,J01G,0.0507,Klebsiella pneumoniae,Aminoglycosides,16.84031469
2022,Greece,J01G,0.0832,Acinetobacter spp.,Aminoglycosides,89.12901113
2022,Greece,J01G,0.0832,Escherichia coli,Aminoglycosides,19.04761904
2022,Greece,J01G,0.0832,Klebsiella pneumoniae,Aminoglycosides,67.94231835
2022,Hungary,J01G,0.027,Acinetobacter spp.,Aminoglycosides,47.16636197
2022,Hungary,J01G,0.027,Escherichia coli,Aminoglycosides,16.32174931
2022,Hungary,J01G,0.027,Klebsiella pneumoniae,Aminoglycosides,32.57965056
2022,Ireland,J01G,0.0715,Acinetobacter spp.,Aminoglycosides,1.49253731
2022,Ireland,J01G,0.0715,Escherichia coli,Aminoglycosides,8.65512649
2022,Ireland,J01G,0.0715,Klebsiella pneumoniae,Aminoglycosides,7.88912579
2022,Italy,J01G,0.0488,Acinetobacter spp.,Aminoglycosides,85.00176865
2022,Italy,J01G,0.0488,Escherichia coli,Aminoglycosides,14.19757937
2022,Italy,J01G,0.0488,Klebsiella pneumoniae,Aminoglycosides,31.76450156
2022,Iceland,J01G,0.0204,Acinetobacter spp.,Aminoglycosides,
2022,Iceland,J01G,0.0204,Escherichia coli,Aminoglycosides,7.65957446
2022,Iceland,J01G,0.0204,Klebsiella pneumoniae,Aminoglycosides,0.0
2022,Lithuania,J01G,0.0597,Acinetobacter spp.,Aminoglycosides,84.21052631
2022,Lithuania,J01G,0.0597,Escherichia coli,Aminoglycosides,8.33333333
2022,Lithuania,J01G,0.0597,Klebsiella pneumoniae,Aminoglycosides,27.13178294
2022,Luxembourg,J01G,0.0301,Acinetobacter spp.,Aminoglycosides,
2022,Luxembourg,J01G,0.0301,Escherichia coli,Aminoglycosides,7.24946695
2022,Luxembourg,J01G,0.0301,Klebsiella pneumoniae,Aminoglycosides,9.4017094
2022,Latvia,J01G,0.044,Acinetobacter spp.,Aminoglycosides,57.53424657
2022,Latvia,J01G,0.044,Escherichia coli,Aminoglycosides,11.80124223
2022,Latvia,J01G,0.044,Klebsiella pneumoniae,Aminoglycosides,24.65277777
2022,Malta,J01G,0.0488,Acinetobacter spp.,Aminoglycosides,
2022,Malta,J01G,0.0488,Escherichia coli,Aminoglycosides,11.96319018
2022,Malta,J01G,0.0488,Klebsiella pneumoniae,Aminoglycosides,5.83333333
2022,Netherlands,J01G,0.0409,Acinetobacter spp.,Aminoglycosides,2.01005025
2022,Netherlands,J01G,0.0409,Escherichia coli,Aminoglycosides,6.16685144
2022,Netherlands,J01G,0.0409,Klebsiella pneumoniae,Aminoglycosides,6.28158844
2022,Norway,J01G,0.0866,Acinetobacter spp.,Aminoglycosides,2.85714285
2022,Norway,J01G,0.0866,Escherichia coli,Aminoglycosides,5.40328895
2022,Norway,J01G,0.0866,Klebsiella pneumoniae,Aminoglycosides,3.96419437
2022,Poland,J01G,0.0649,Acinetobacter spp.,Aminoglycosides,61.33333333
2022,Poland,J01G,0.0649,Escherichia coli,Aminoglycosides,12.32578397
2022,Poland,J01G,0.0649,Klebsiella pneumoniae,Aminoglycosides,47.42351046
2022,Portugal,J01G,0.0516,Acinetobacter spp.,Aminoglycosides,21.18644067
2022,Portugal,J01G,0.0516,Escherichia coli,Aminoglycosides,11.7063492
2022,Portugal,J01G,0.0516,Klebsiella pneumoniae,Aminoglycosides,23.12768063
2022,Romania,J01G,0.1646,Acinetobacter spp.,Aminoglycosides,88.76404494
2022,Romania,J01G,0.1646,Escherichia coli,Aminoglycosides,11.96013289
2022,Romania,J01G,0.1646,Klebsiella pneumoniae,Aminoglycosides,52.75590551
2022,Slovenia,J01G,0.0502,Acinetobacter spp.,Aminoglycosides,43.33333333
2022,Slovenia,J01G,0.0502,Escherichia coli,Aminoglycosides,7.95180722
2022,Slovenia,J01G,0.0502,Klebsiella pneumoniae,Aminoglycosides,12.36559139
2022,Slovakia,J01G,0.0642,Acinetobacter spp.,Aminoglycosides,64.28571428
2022,Slovakia,J01G,0.0642,Escherichia coli,Aminoglycosides,13.79310344
2022,Slovakia,J01G,0.0642,Klebsiella pneumoniae,Aminoglycosides,43.62745098
2022,Spain,J01G,0.0711,Acinetobacter spp.,Aminoglycosides,32.96703296
2022,Spain,J01G,0.0711,Escherichia coli,Aminoglycosides,12.47998291
2022,Spain,J01G,0.0711,Klebsiella pneumoniae,Aminoglycosides,19.17902725
2023,Austria,J01G,0.0215,Acinetobacter spp.,Aminoglycosides,8.45070422
2023,Austria,J01G,0.0215,Escherichia coli,Aminoglycosides,5.35600425
2023,Austria,J01G,0.0215,Klebsiella pneumoniae,Aminoglycosides,3.97350993
2023,Belgium,J01G,0.0253,Acinetobacter spp.,Aminoglycosides,4.69798657
2023,Belgium,J01G,0.0253,Escherichia coli,Aminoglycosides,7.5761327
2023,Belgium,J01G,0.0253,Klebsiella pneumoniae,Aminoglycosides,11.46095717
2023,Bulgaria,J01G,0.2553,Acinetobacter spp.,Aminoglycosides,86.33879781
2023,Bulgaria,J01G,0.2553,Escherichia coli,Aminoglycosides,28.43137254
2023,Bulgaria,J01G,0.2553,Klebsiella pneumoniae,Aminoglycosides,73.33333333
2023,Croatia,J01G,0.1136,Acinetobacter spp.,Aminoglycosides,92.36641221
2023,Croatia,J01G,0.1136,Escherichia coli,Aminoglycosides,17.76923076
2023,Croatia,J01G,0.1136,Klebsiella pneumoniae,Aminoglycosides,37.43315508
2023,Cyprus,J01G,0.0,Acinetobacter spp.,Aminoglycosides,83.7037037
2023,Cyprus,J01G,0.0,Escherichia coli,Aminoglycosides,18.48484848
2023,Cyprus,J01G,0.0,Klebsiella pneumoniae,Aminoglycosides,33.95348837
2023,Czechia,J01G,0.0717,Acinetobacter spp.,Aminoglycosides,35.16483516
2023,Czechia,J01G,0.0717,Escherichia coli,Aminoglycosides,9.76361767
2023,Czechia,J01G,0.0717,Klebsiella pneumoniae,Aminoglycosides,36.60874775
2023,Denmark,J01G,0.0499,Acinetobacter spp.,Aminoglycosides,2.24719101
2023,Denmark,J01G,0.0499,Escherichia coli,Aminoglycosides,4.4870697
2023,Denmark,J01G,0.0499,Klebsiella pneumoniae,Aminoglycosides,2.64097073
2023,Estonia,J01G,0.0188,Acinetobacter spp.,Aminoglycosides,
2023,Estonia,J01G,0.0188,Escherichia coli,Aminoglycosides,4.93482309
2023,Estonia,J01G,0.0188,Klebsiella pneumoniae,Aminoglycosides,7.66666666
2023,Finland,J01G,0.0103,Acinetobacter spp.,Aminoglycosides,3.03030303
2023,Finland,J01G,0.0103,Escherichia coli,Aminoglycosides,4.83376562
2023,Finland,J01G,0.0103,Klebsiella pneumoniae,Aminoglycosides,5.23415977
2023,Germany,J01G,0.0209,Acinetobacter spp.,Aminoglycosides,2.66836086
2023,Germany,J01G,0.0209,Escherichia coli,Aminoglycosides,5.38582402
2023,Germany,J01G,0.0209,Klebsiella pneumoniae,Aminoglycosides,3.9670273
2023,Greece,J01G,0.0827,Acinetobacter spp.,Aminoglycosides,88.12580231
2023,Greece,J01G,0.0827,Escherichia coli,Aminoglycosides,20.62363238
2023,Greece,J01G,0.0827,Klebsiella pneumoniae,Aminoglycosides,64.74719101
2023,Hungary,J01G,0.0353,Acinetobacter spp.,Aminoglycosides,39.6713615
2023,Hungary,J01G,0.0353,Escherichia coli,Aminoglycosides,14.77850399
2023,Hungary,J01G,0.0353,Klebsiella pneumoniae,Aminoglycosides,31.41862489
2023,Ireland,J01G,0.0702,Acinetobacter spp.,Aminoglycosides,0.0
2023,Ireland,J01G,0.0702,Escherichia coli,Aminoglycosides,8.74316939
2023,Ireland,J01G,0.0702,Klebsiella pneumoniae,Aminoglycosides,8.75656742
2023,Italy,J01G,0.0508,Acinetobacter spp.,Aminoglycosides,73.57072852
2023,Italy,J01G,0.0508,Escherichia coli,Aminoglycosides,16.01035182
2023,Italy,J01G,0.0508,Klebsiella pneumoniae,Aminoglycosides,32.6730518
2023,Iceland,J01G,0.0287,Acinetobacter spp.,Aminoglycosides,
2023,Iceland,J01G,0.0287,Escherichia coli,Aminoglycosides,5.42635658
2023,Iceland,J01G,0.0287,Klebsiella pneumoniae,Aminoglycosides,4.54545454
2023,Lithuania,J01G,0.0572,Acinetobacter spp.,Aminoglycosides,82.5
2023,Lithuania,J01G,0.0572,Escherichia coli,Aminoglycosides,11.33740665
2023,Lithuania,J01G,0.0572,Klebsiella pneumoniae,Aminoglycosides,29.25925925
2023,Luxembourg,J01G,0.042,Acinetobacter spp.,Aminoglycosides,
2023,Luxembourg,J01G,0.042,Escherichia coli,Aminoglycosides,9.97830802
2023,Luxembourg,J01G,0.042,Klebsiella pneumoniae,Aminoglycosides,10.58823529
2023,Latvia,J01G,0.04,Acinetobacter spp.,Aminoglycosides,50.64935064
2023,Latvia,J01G,0.04,Escherichia coli,Aminoglycosides,15.06550218
2023,Latvia,J01G,0.04,Klebsiella pneumoniae,Aminoglycosides,25.73839662
2023,Malta,J01G,0.0686,Acinetobacter spp.,Aminoglycosides,0.0
2023,Malta,J01G,0.0686,Escherichia coli,Aminoglycosides,10.33653846
2023,Malta,J01G,0.0686,Klebsiella pneumoniae,Aminoglycosides,10.88435374
2023,Netherlands,J01G,0.0409,Acinetobacter spp.,Aminoglycosides,4.71698113
2023,Netherlands,J01G,0.0409,Escherichia coli,Aminoglycosides,5.19066445
2023,Netherlands,J01G,0.0409,Klebsiella pneumoniae,Aminoglycosides,6.25
2023,Norway,J01G,0.0898,Acinetobacter spp.,Aminoglycosides,2.5
2023,Norway,J01G,0.0898,Escherichia coli,Aminoglycosides,5.52347476
2023,Norway,J01G,0.0898,Klebsiella pneumoniae,Aminoglycosides,4.1931385
2023,Poland,J01G,0.0638,Acinetobacter spp.,Aminoglycosides,68.12933025
2023,Poland,J01G,0.0638,Escherichia coli,Aminoglycosides,14.13669064
2023,Poland,J01G,0.0638,Klebsiella pneumoniae,Aminoglycosides,49.86130374
2023,Portugal,J01G,0.0492,Acinetobacter spp.,Aminoglycosides,28.28947368
2023,Portugal,J01G,0.0492,Escherichia coli,Aminoglycosides,13.17309193
2023,Portugal,J01G,0.0492,Klebsiella pneumoniae,Aminoglycosides,23.75658279
2023,Romania,J01G,0.1592,Acinetobacter spp.,Aminoglycosides,82.45614035
2023,Romania,J01G,0.1592,Escherichia coli,Aminoglycosides,12.716763
2023,Romania,J01G,0.1592,Klebsiella pneumoniae,Aminoglycosides,57.05368289
2023,Slovenia,J01G,0.0478,Acinetobacter spp.,Aminoglycosides,25.0
2023,Slovenia,J01G,0.0478,Escherichia coli,Aminoglycosides,6.95546064
2023,Slovenia,J01G,0.0478,Klebsiella pneumoniae,Aminoglycosides,17.10914454
2023,Slovakia,J01G,0.0652,Acinetobacter spp.,Aminoglycosides,47.36842105
2023,Slovakia,J01G,0.0652,Escherichia coli,Aminoglycosides,13.81294964
2023,Slovakia,J01G,0.0652,Klebsiella pneumoniae,Aminoglycosides,40.32258064
2023,Spain,J01G,0.0639,Acinetobacter spp.,Aminoglycosides,32.89473684
2023,Spain,J01G,0.0639,Escherichia coli,Aminoglycosides,12.30096784
2023,Spain,J01G,0.0639,Klebsiella pneumoniae,Aminoglycosides,16.79462571
2024,Austria,J01G,0.0199,Acinetobacter spp.,Aminoglycosides,3.65853658
2024,Austria,J01G,0.0199,Escherichia coli,Aminoglycosides,6.1315496
2024,Austria,J01G,0.0199,Klebsiella pneumoniae,Aminoglycosides,4.08970976
2024,Belgium,J01G,0.0239,Acinetobacter spp.,Aminoglycosides,3.22580645
2024,Belgium,J01G,0.0239,Escherichia coli,Aminoglycosides,8.24305228
2024,Belgium,J01G,0.0239,Klebsiella pneumoniae,Aminoglycosides,11.35416666
2024,Bulgaria,J01G,0.2679,Acinetobacter spp.,Aminoglycosides,89.04761904
2024,Bulgaria,J01G,0.2679,Escherichia coli,Aminoglycosides,21.42857142
2024,Bulgaria,J01G,0.2679,Klebsiella pneumoniae,Aminoglycosides,73.81974248
2024,Croatia,J01G,0.0964,Acinetobacter spp.,Aminoglycosides,89.6713615
2024,Croatia,J01G,0.0964,Escherichia coli,Aminoglycosides,18.1042654
2024,Croatia,J01G,0.0964,Klebsiella pneumoniae,Aminoglycosides,41.64989939
2024,Cyprus,J01G,0.0674,Acinetobacter spp.,Aminoglycosides,80.99173553
2024,Cyprus,J01G,0.0674,Escherichia coli,Aminoglycosides,18.25
2024,Cyprus,J01G,0.0674,Klebsiella pneumoniae,Aminoglycosides,41.71779141
2024,Czechia,J01G,0.0764,Acinetobacter spp.,Aminoglycosides,20.58823529
2024,Czechia,J01G,0.0764,Escherichia coli,Aminoglycosides,9.58069805
2024,Czechia,J01G,0.0764,Klebsiella pneumoniae,Aminoglycosides,34.9745331
2024,Estonia,J01G,0.0183,Acinetobacter spp.,Aminoglycosides,
2024,Estonia,J01G,0.0183,Escherichia coli,Aminoglycosides,5.12104283
2024,Estonia,J01G,0.0183,Klebsiella pneumoniae,Aminoglycosides,6.02836879
2024,Finland,J01G,0.0081,Acinetobacter spp.,Aminoglycosides,2.38095238
2024,Finland,J01G,0.0081,Escherichia coli,Aminoglycosides,4.54985479
2024,Finland,J01G,0.0081,Klebsiella pneumoniae,Aminoglycosides,3.11059907
2024,France,J01G,0.0444,Acinetobacter spp.,Aminoglycosides,3.8330494
2024,France,J01G,0.0444,Escherichia coli,Aminoglycosides,7.03463203
2024,France,J01G,0.0444,Klebsiella pneumoniae,Aminoglycosides,15.5673274
2024,Germany,J01G,0.0201,Acinetobacter spp.,Aminoglycosides,4.11111111
2024,Germany,J01G,0.0201,Escherichia coli,Aminoglycosides,5.52985751
2024,Germany,J01G,0.0201,Klebsiella pneumoniae,Aminoglycosides,3.51418616
2024,Greece,J01G,0.1191,Acinetobacter spp.,Aminoglycosides,88.66599799
2024,Greece,J01G,0.1191,Escherichia coli,Aminoglycosides,18.87034659
2024,Greece,J01G,0.1191,Klebsiella pneumoniae,Aminoglycosides,59.55056179
2024,Hungary,J01G,0.0358,Acinetobacter spp.,Aminoglycosides,44.13518886
2024,Hungary,J01G,0.0358,Escherichia coli,Aminoglycosides,13.11314584
2024,Hungary,J01G,0.0358,Klebsiella pneumoniae,Aminoglycosides,28.49206349
2024,Ireland,J01G,0.0766,Acinetobacter spp.,Aminoglycosides,1.75438596
2024,Ireland,J01G,0.0766,Escherichia coli,Aminoglycosides,9.39667128
2024,Ireland,J01G,0.0766,Klebsiella pneumoniae,Aminoglycosides,5.88235294
2024,Italy,J01G,0.0466,Acinetobacter spp.,Aminoglycosides,69.1915977
2024,Italy,J01G,0.0466,Escherichia coli,Aminoglycosides,16.75404385
2024,Italy,J01G,0.0466,Klebsiella pneumoniae,Aminoglycosides,31.72528201
2024,Iceland,J01G,0.0286,Acinetobacter spp.,Aminoglycosides,
2024,Iceland,J01G,0.0286,Escherichia coli,Aminoglycosides,8.96551724
2024,Iceland,J01G,0.0286,Klebsiella pneumoniae,Aminoglycosides,0.0
2024,Lithuania,J01G,0.0517,Acinetobacter spp.,Aminoglycosides,76.38888888
2024,Lithuania,J01G,0.0517,Escherichia coli,Aminoglycosides,9.57876514
2024,Lithuania,J01G,0.0517,Klebsiella pneumoniae,Aminoglycosides,35.59556786
2024,Luxembourg,J01G,0.0306,Acinetobacter spp.,Aminoglycosides,
2024,Luxembourg,J01G,0.0306,Escherichia coli,Aminoglycosides,6.48854961
2024,Luxembourg,J01G,0.0306,Klebsiella pneumoniae,Aminoglycosides,5.92592592
2024,Latvia,J01G,0.0412,Acinetobacter spp.,Aminoglycosides,65.0
2024,Latvia,J01G,0.0412,Escherichia coli,Aminoglycosides,21.75273865
2024,Latvia,J01G,0.0412,Klebsiella pneumoniae,Aminoglycosides,36.07954545
2024,Malta,J01G,0.0509,Acinetobacter spp.,Aminoglycosides,
2024,Malta,J01G,0.0509,Escherichia coli,Aminoglycosides,29.61460446
2024,Malta,J01G,0.0509,Klebsiella pneumoniae,Aminoglycosides,9.6590909
2024,Netherlands,J01G,0.0433,Acinetobacter spp.,Aminoglycosides,5.18867924
2024,Netherlands,J01G,0.0433,Escherichia coli,Aminoglycosides,5.92477532
2024,Netherlands,J01G,0.0433,Klebsiella pneumoniae,Aminoglycosides,8.28698553
2024,Norway,J01G,0.0913,Acinetobacter spp.,Aminoglycosides,1.75438596
2024,Norway,J01G,0.0913,Escherichia coli,Aminoglycosides,5.83501006
2024,Norway,J01G,0.0913,Klebsiella pneumoniae,Aminoglycosides,5.08849557
2024,Poland,J01G,0.0602,Acinetobacter spp.,Aminoglycosides,56.16740088
2024,Poland,J01G,0.0602,Escherichia coli,Aminoglycosides,13.31369661
2024,Poland,J01G,0.0602,Klebsiella pneumoniae,Aminoglycosides,45.53571428
2024,Portugal,J01G,0.0491,Acinetobacter spp.,Aminoglycosides,22.66666666
2024,Portugal,J01G,0.0491,Escherichia coli,Aminoglycosides,13.64702635
2024,Portugal,J01G,0.0491,Klebsiella pneumoniae,Aminoglycosides,20.13586956
2024,Romania,J01G,0.1296,Acinetobacter spp.,Aminoglycosides,89.87012987
2024,Romania,J01G,0.1296,Escherichia coli,Aminoglycosides,12.28668941
2024,Romania,J01G,0.1296,Klebsiella pneumoniae,Aminoglycosides,53.8
2024,Slovenia,J01G,0.0518,Acinetobacter spp.,Aminoglycosides,5.0
2024,Slovenia,J01G,0.0518,Escherichia coli,Aminoglycosides,7.60678759
2024,Slovenia,J01G,0.0518,Klebsiella pneumoniae,Aminoglycosides,10.51136363
2024,Slovakia,J01G,0.0547,Acinetobacter spp.,Aminoglycosides,37.23404255
2024,Slovakia,J01G,0.0547,Escherichia coli,Aminoglycosides,13.51351351
2024,Slovakia,J01G,0.0547,Klebsiella pneumoniae,Aminoglycosides,42.10526315
2024,Spain,J01G,0.0558,Acinetobacter spp.,Aminoglycosides,21.25
2024,Spain,J01G,0.0558,Escherichia coli,Aminoglycosides,12.80924634
2024,Spain,J01G,0.0558,Klebsiella pneumoniae,Aminoglycosides,15.92101203
2012,Belgium,J01M,2.9993,Escherichia coli,Fluoroquinolones,22.16216216
2012,Belgium,J01M,2.9993,Klebsiella pneumoniae,Fluoroquinolones,17.29323308
2012,Bulgaria,J01M,2.521,Acinetobacter spp.,Fluoroquinolones,69.23076923
2012,Bulgaria,J01M,2.521,Escherichia coli,Fluoroquinolones,34.08071748
2012,Bulgaria,J01M,2.521,Klebsiella pneumoniae,Fluoroquinolones,47.24409448
2012,Croatia,J01M,1.6802,Escherichia coli,Fluoroquinolones,17.04035874
2012,Croatia,J01M,1.6802,Klebsiella pneumoniae,Fluoroquinolones,42.90030211
2012,Cyprus,J01M,3.5125,Acinetobacter spp.,Fluoroquinolones,56.52173913
2012,Cyprus,J01M,3.5125,Escherichia coli,Fluoroquinolones,42.04545454
2012,Cyprus,J01M,3.5125,Klebsiella pneumoniae,Fluoroquinolones,21.53846153
2012,Denmark,J01M,0.7404,Acinetobacter spp.,Fluoroquinolones,12.04819277
2012,Denmark,J01M,0.7404,Escherichia coli,Fluoroquinolones,14.12184552
2012,Denmark,J01M,0.7404,Klebsiella pneumoniae,Fluoroquinolones,8.82040382
2012,Estonia,J01M,1.1493,Escherichia coli,Fluoroquinolones,14.14473684
2012,Estonia,J01M,1.1493,Klebsiella pneumoniae,Fluoroquinolones,17.24137931
2012,Finland,J01M,1.1887,Escherichia coli,Fluoroquinolones,11.73308032
2012,Finland,J01M,1.1887,Klebsiella pneumoniae,Fluoroquinolones,2.0522388
2012,France,J01M,2.1818,Acinetobacter spp.,Fluoroquinolones,15.58441558
2012,France,J01M,2.1818,Escherichia coli,Fluoroquinolones,17.84582893
2012,France,J01M,2.1818,Klebsiella pneumoniae,Fluoroquinolones,24.42341809
2012,Greece,J01M,2.5753,Acinetobacter spp.,Fluoroquinolones,93.10631229
2012,Greece,J01M,2.5753,Escherichia coli,Fluoroquinolones,29.08163265
2012,Greece,J01M,2.5753,Klebsiella pneumoniae,Fluoroquinolones,69.67787114
2012,Hungary,J01M,2.1834,Acinetobacter spp.,Fluoroquinolones,78.02469135
2012,Hungary,J01M,2.1834,Escherichia coli,Fluoroquinolones,28.93036611
2012,Hungary,J01M,2.1834,Klebsiella pneumoniae,Fluoroquinolones,41.64948453
2012,Ireland,J01M,0.9859,Escherichia coli,Fluoroquinolones,24.28571428
2012,Ireland,J01M,0.9859,Klebsiella pneumoniae,Fluoroquinolones,7.3964497
2012,Italy,J01M,3.9137,Acinetobacter spp.,Fluoroquinolones,86.01694915
2012,Italy,J01M,3.9137,Escherichia coli,Fluoroquinolones,42.05479452
2012,Italy,J01M,3.9137,Klebsiella pneumoniae,Fluoroquinolones,49.94011976
2012,Iceland,J01M,1.0112,Acinetobacter spp.,Fluoroquinolones,
2012,Iceland,J01M,1.0112,Escherichia coli,Fluoroquinolones,9.70149253
2012,Iceland,J01M,1.0112,Klebsiella pneumoniae,Fluoroquinolones,
2012,Lithuania,J01M,1.3694,Escherichia coli,Fluoroquinolones,14.69298245
2012,Lithuania,J01M,1.3694,Klebsiella pneumoniae,Fluoroquinolones,55.4347826
2012,Luxembourg,J01M,3.0086,Acinetobacter spp.,Fluoroquinolones,
2012,Luxembourg,J01M,3.0086,Escherichia coli,Fluoroquinolones,23.9520958
2012,Luxembourg,J01M,3.0086,Klebsiella pneumoniae,Fluoroquinolones,32.0
2012,Latvia,J01M,1.3313,Escherichia coli,Fluoroquinolones,14.47368421
2012,Latvia,J01M,1.3313,Klebsiella pneumoniae,Fluoroquinolones,46.15384615
2012,Malta,J01M,2.2161,Acinetobacter spp.,Fluoroquinolones,
2012,Malta,J01M,2.2161,Escherichia coli,Fluoroquinolones,30.14354066
2012,Malta,J01M,2.2161,Klebsiella pneumoniae,Fluoroquinolones,26.78571428
2012,Netherlands,J01M,0.9222,Acinetobacter spp.,Fluoroquinolones,6.59340659
2012,Netherlands,J01M,0.9222,Escherichia coli,Fluoroquinolones,15.63556457
2012,Netherlands,J01M,0.9222,Klebsiella pneumoniae,Fluoroquinolones,6.65961945
2012,Norway,J01M,0.6366,Acinetobacter spp.,Fluoroquinolones,0.0
2012,Norway,J01M,0.6366,Escherichia coli,Fluoroquinolones,11.2908899
2012,Norway,J01M,0.6366,Klebsiella pneumoniae,Fluoroquinolones,4.02684563
2012,Portugal,J01M,2.5583,Acinetobacter spp.,Fluoroquinolones,77.38095238
2012,Portugal,J01M,2.5583,Escherichia coli,Fluoroquinolones,30.30583873
2012,Portugal,J01M,2.5583,Klebsiella pneumoniae,Fluoroquinolones,35.77863577
2012,Romania,J01M,3.3623,Acinetobacter spp.,Fluoroquinolones,88.88888888
2012,Romania,J01M,3.3623,Escherichia coli,Fluoroquinolones,29.03225806
2012,Romania,J01M,3.3623,Klebsiella pneumoniae,Fluoroquinolones,50.0
2012,Slovenia,J01M,1.2889,Acinetobacter spp.,Fluoroquinolones,28.0
2012,Slovenia,J01M,1.2889,Escherichia coli,Fluoroquinolones,21.40410958
2012,Slovenia,J01M,1.2889,Klebsiella pneumoniae,Fluoroquinolones,33.07086614
2012,Slovakia,J01M,2.1974,Escherichia coli,Fluoroquinolones,41.29496402
2012,Slovakia,J01M,2.1974,Klebsiella pneumoniae,Fluoroquinolones,66.75531914
2012,Sweden,J01M,0.9082,Escherichia coli,Fluoroquinolones,11.08903738
2012,Sweden,J01M,0.9082,Klebsiella pneumoniae,Fluoroquinolones,3.68474923
2013,Belgium,J01M,2.856,Acinetobacter spp.,Fluoroquinolones,
2013,Belgium,J01M,2.856,Escherichia coli,Fluoroquinolones,22.95161682
2013,Belgium,J01M,2.856,Klebsiella pneumoniae,Fluoroquinolones,22.22222222
2013,Bulgaria,J01M,2.6338,Acinetobacter spp.,Fluoroquinolones,70.21276595
2013,Bulgaria,J01M,2.6338,Escherichia coli,Fluoroquinolones,37.43315508
2013,Bulgaria,J01M,2.6338,Klebsiella pneumoniae,Fluoroquinolones,45.65217391
2013,Croatia,J01M,1.6614,Acinetobacter spp.,Fluoroquinolones,92.85714285
2013,Croatia,J01M,1.6614,Escherichia coli,Fluoroquinolones,20.17543859
2013,Croatia,J01M,1.6614,Klebsiella pneumoniae,Fluoroquinolones,43.16353887
2013,Cyprus,J01M,3.983,Acinetobacter spp.,Fluoroquinolones,60.6060606
2013,Cyprus,J01M,3.983,Escherichia coli,Fluoroquinolones,51.85185185
2013,Cyprus,J01M,3.983,Klebsiella pneumoniae,Fluoroquinolones,23.52941176
2013,Denmark,J01M,0.7014,Acinetobacter spp.,Fluoroquinolones,6.32911392
2013,Denmark,J01M,0.7014,Escherichia coli,Fluoroquinolones,12.44007065
2013,Denmark,J01M,0.7014,Klebsiella pneumoniae,Fluoroquinolones,8.92448512
2013,Estonia,J01M,1.0845,Escherichia coli,Fluoroquinolones,11.83431952
2013,Estonia,J01M,1.0845,Klebsiella pneumoniae,Fluoroquinolones,26.66666666
2013,Finland,J01M,1.131,Acinetobacter spp.,Fluoroquinolones,2.77777777
2013,Finland,J01M,1.131,Escherichia coli,Fluoroquinolones,13.23935876
2013,Finland,J01M,1.131,Klebsiella pneumoniae,Fluoroquinolones,2.60707635
2013,France,J01M,2.09,Acinetobacter spp.,Fluoroquinolones,13.60201511
2013,France,J01M,2.09,Escherichia coli,Fluoroquinolones,16.73453173
2013,France,J01M,2.09,Klebsiella pneumoniae,Fluoroquinolones,29.43632567
2013,Greece,J01M,2.2333,Acinetobacter spp.,Fluoroquinolones,94.95073891
2013,Greece,J01M,2.2333,Escherichia coli,Fluoroquinolones,30.88709677
2013,Greece,J01M,2.2333,Klebsiella pneumoniae,Fluoroquinolones,67.5767918
2013,Hungary,J01M,2.3195,Acinetobacter spp.,Fluoroquinolones,73.51694915
2013,Hungary,J01M,2.3195,Escherichia coli,Fluoroquinolones,30.30726256
2013,Hungary,J01M,2.3195,Klebsiella pneumoniae,Fluoroquinolones,37.65765765
2013,Ireland,J01M,0.9794,Acinetobacter spp.,Fluoroquinolones,1.13636363
2013,Ireland,J01M,0.9794,Escherichia coli,Fluoroquinolones,24.17271993
2013,Ireland,J01M,0.9794,Klebsiella pneumoniae,Fluoroquinolones,14.55696202
2013,Italy,J01M,3.9751,Acinetobacter spp.,Fluoroquinolones,83.05084745
2013,Italy,J01M,3.9751,Escherichia coli,Fluoroquinolones,42.20977596
2013,Italy,J01M,3.9751,Klebsiella pneumoniae,Fluoroquinolones,54.4117647
2013,Iceland,J01M,1.1234,Escherichia coli,Fluoroquinolones,14.65517241
2013,Iceland,J01M,1.1234,Klebsiella pneumoniae,Fluoroquinolones,0.0
2013,Lithuania,J01M,1.1287,Escherichia coli,Fluoroquinolones,15.93533487
2013,Lithuania,J01M,1.1287,Klebsiella pneumoniae,Fluoroquinolones,45.13888888
2013,Luxembourg,J01M,2.8779,Acinetobacter spp.,Fluoroquinolones,
2013,Luxembourg,J01M,2.8779,Escherichia coli,Fluoroquinolones,27.79661016
2013,Luxembourg,J01M,2.8779,Klebsiella pneumoniae,Fluoroquinolones,22.64150943
2013,Latvia,J01M,1.3702,Escherichia coli,Fluoroquinolones,18.65671641
2013,Latvia,J01M,1.3702,Klebsiella pneumoniae,Fluoroquinolones,43.18181818
2013,Malta,J01M,3.1656,Acinetobacter spp.,Fluoroquinolones,
2013,Malta,J01M,3.1656,Escherichia coli,Fluoroquinolones,29.75206611
2013,Malta,J01M,3.1656,Klebsiella pneumoniae,Fluoroquinolones,28.35820895
2013,Netherlands,J01M,0.8677,Acinetobacter spp.,Fluoroquinolones,2.88461538
2013,Netherlands,J01M,0.8677,Escherichia coli,Fluoroquinolones,14.75926203
2013,Netherlands,J01M,0.8677,Klebsiella pneumoniae,Fluoroquinolones,7.37937559
2013,Norway,J01M,0.6075,Acinetobacter spp.,Fluoroquinolones,0.0
2013,Norway,J01M,0.6075,Escherichia coli,Fluoroquinolones,10.8907563
2013,Norway,J01M,0.6075,Klebsiella pneumoniae,Fluoroquinolones,4.87012987
2013,Portugal,J01M,2.3421,Acinetobacter spp.,Fluoroquinolones,68.88888888
2013,Portugal,J01M,2.3421,Escherichia coli,Fluoroquinolones,31.62011173
2013,Portugal,J01M,2.3421,Klebsiella pneumoniae,Fluoroquinolones,35.67508232
2013,Romania,J01M,3.4686,Acinetobacter spp.,Fluoroquinolones,90.5109489
2013,Romania,J01M,3.4686,Escherichia coli,Fluoroquinolones,31.0
2013,Romania,J01M,3.4686,Klebsiella pneumoniae,Fluoroquinolones,51.64319248
2013,Slovenia,J01M,1.3069,Acinetobacter spp.,Fluoroquinolones,28.0
2013,Slovenia,J01M,1.3069,Escherichia coli,Fluoroquinolones,19.85294117
2013,Slovenia,J01M,1.3069,Klebsiella pneumoniae,Fluoroquinolones,32.65306122
2013,Slovakia,J01M,2.4492,Acinetobacter spp.,Fluoroquinolones,58.51063829
2013,Slovakia,J01M,2.4492,Escherichia coli,Fluoroquinolones,40.34653465
2013,Slovakia,J01M,2.4492,Klebsiella pneumoniae,Fluoroquinolones,66.87116564
2013,Sweden,J01M,0.8693,Acinetobacter spp.,Fluoroquinolones,5.4054054
2013,Sweden,J01M,0.8693,Escherichia coli,Fluoroquinolones,11.58238172
2013,Sweden,J01M,0.8693,Klebsiella pneumoniae,Fluoroquinolones,3.93700787
2013,United Kingdom,J01M,0.5815,Acinetobacter spp.,Fluoroquinolones,3.63636363
2013,United Kingdom,J01M,0.5815,Escherichia coli,Fluoroquinolones,16.30465847
2013,United Kingdom,J01M,0.5815,Klebsiella pneumoniae,Fluoroquinolones,8.65800865
2014,Belgium,J01M,2.7606,Acinetobacter spp.,Fluoroquinolones,
2014,Belgium,J01M,2.7606,Escherichia coli,Fluoroquinolones,26.70257791
2014,Belgium,J01M,2.7606,Klebsiella pneumoniae,Fluoroquinolones,18.18181818
2014,Bulgaria,J01M,3.0106,Acinetobacter spp.,Fluoroquinolones,73.91304347
2014,Bulgaria,J01M,3.0106,Escherichia coli,Fluoroquinolones,38.60465116
2014,Bulgaria,J01M,3.0106,Klebsiella pneumoniae,Fluoroquinolones,50.33112582
2014,Croatia,J01M,1.696,Acinetobacter spp.,Fluoroquinolones,92.07317073
2014,Croatia,J01M,1.696,Escherichia coli,Fluoroquinolones,20.05597014
2014,Croatia,J01M,1.696,Klebsiella pneumoniae,Fluoroquinolones,44.84848484
2014,Cyprus,J01M,3.2179,Acinetobacter spp.,Fluoroquinolones,77.58620689
2014,Cyprus,J01M,3.2179,Escherichia coli,Fluoroquinolones,46.40522875
2014,Cyprus,J01M,3.2179,Klebsiella pneumoniae,Fluoroquinolones,26.25
2014,Denmark,J01M,0.6771,Acinetobacter spp.,Fluoroquinolones,2.89855072
2014,Denmark,J01M,0.6771,Escherichia coli,Fluoroquinolones,12.25217197
2014,Denmark,J01M,0.6771,Klebsiella pneumoniae,Fluoroquinolones,6.89289501
2014,Estonia,J01M,1.0863,Escherichia coli,Fluoroquinolones,12.28501228
2014,Estonia,J01M,1.0863,Klebsiella pneumoniae,Fluoroquinolones,21.80451127
2014,Finland,J01M,1.1087,Acinetobacter spp.,Fluoroquinolones,6.4516129
2014,Finland,J01M,1.1087,Escherichia coli,Fluoroquinolones,11.03586656
2014,Finland,J01M,1.1087,Klebsiella pneumoniae,Fluoroquinolones,4.64716006
2014,France,J01M,1.9899,Acinetobacter spp.,Fluoroquinolones,11.89873417
2014,France,J01M,1.9899,Escherichia coli,Fluoroquinolones,17.64820025
2014,France,J01M,1.9899,Klebsiella pneumoniae,Fluoroquinolones,30.98850574
2014,Greece,J01M,2.7745,Acinetobacter spp.,Fluoroquinolones,95.2853598
2014,Greece,J01M,2.7745,Escherichia coli,Fluoroquinolones,32.76018099
2014,Greece,J01M,2.7745,Klebsiella pneumoniae,Fluoroquinolones,67.63875823
2014,Hungary,J01M,2.6365,Acinetobacter spp.,Fluoroquinolones,66.43990929
2014,Hungary,J01M,2.6365,Escherichia coli,Fluoroquinolones,28.43866171
2014,Hungary,J01M,2.6365,Klebsiella pneumoniae,Fluoroquinolones,34.94539781
2014,Ireland,J01M,0.9393,Acinetobacter spp.,Fluoroquinolones,4.65116279
2014,Ireland,J01M,0.9393,Escherichia coli,Fluoroquinolones,24.52830188
2014,Ireland,J01M,0.9393,Klebsiella pneumoniae,Fluoroquinolones,13.52112676
2014,Italy,J01M,3.8055,Acinetobacter spp.,Fluoroquinolones,92.1108742
2014,Italy,J01M,3.8055,Escherichia coli,Fluoroquinolones,43.92651494
2014,Italy,J01M,3.8055,Klebsiella pneumoniae,Fluoroquinolones,55.67567567
2014,Lithuania,J01M,1.074,Acinetobacter spp.,Fluoroquinolones,84.84848484
2014,Lithuania,J01M,1.074,Escherichia coli,Fluoroquinolones,12.83783783
2014,Lithuania,J01M,1.074,Klebsiella pneumoniae,Fluoroquinolones,45.45454545
2014,Luxembourg,J01M,2.7778,Acinetobacter spp.,Fluoroquinolones,
2014,Luxembourg,J01M,2.7778,Escherichia coli,Fluoroquinolones,24.72826086
2014,Luxembourg,J01M,2.7778,Klebsiella pneumoniae,Fluoroquinolones,31.81818181
2014,Latvia,J01M,1.3502,Acinetobacter spp.,Fluoroquinolones,88.46153846
2014,Latvia,J01M,1.3502,Escherichia coli,Fluoroquinolones,17.67955801
2014,Latvia,J01M,1.3502,Klebsiella pneumoniae,Fluoroquinolones,44.8275862
2014,Malta,J01M,3.4206,Acinetobacter spp.,Fluoroquinolones,
2014,Malta,J01M,3.4206,Escherichia coli,Fluoroquinolones,28.73134328
2014,Malta,J01M,3.4206,Klebsiella pneumoniae,Fluoroquinolones,32.32323232
2014,Netherlands,J01M,0.8924,Acinetobacter spp.,Fluoroquinolones,4.30107526
2014,Netherlands,J01M,0.8924,Escherichia coli,Fluoroquinolones,13.96295256
2014,Netherlands,J01M,0.8924,Klebsiella pneumoniae,Fluoroquinolones,4.98664292
2014,Norway,J01M,0.5698,Acinetobacter spp.,Fluoroquinolones,5.88235294
2014,Norway,J01M,0.5698,Escherichia coli,Fluoroquinolones,11.0102489
2014,Norway,J01M,0.5698,Klebsiella pneumoniae,Fluoroquinolones,6.16621983
2014,Poland,J01M,1.3515,Acinetobacter spp.,Fluoroquinolones,82.7027027
2014,Poland,J01M,1.3515,Escherichia coli,Fluoroquinolones,29.23368022
2014,Poland,J01M,1.3515,Klebsiella pneumoniae,Fluoroquinolones,67.91208791
2014,Portugal,J01M,2.2653,Acinetobacter spp.,Fluoroquinolones,52.65151515
2014,Portugal,J01M,2.2653,Escherichia coli,Fluoroquinolones,32.36522777
2014,Portugal,J01M,2.2653,Klebsiella pneumoniae,Fluoroquinolones,36.50700934
2014,Romania,J01M,3.7196,Acinetobacter spp.,Fluoroquinolones,83.73983739
2014,Romania,J01M,3.7196,Escherichia coli,Fluoroquinolones,31.2703583
2014,Romania,J01M,3.7196,Klebsiella pneumoniae,Fluoroquinolones,66.53696498
2014,Slovenia,J01M,1.3213,Acinetobacter spp.,Fluoroquinolones,41.17647058
2014,Slovenia,J01M,1.3213,Escherichia coli,Fluoroquinolones,23.27302631
2014,Slovenia,J01M,1.3213,Klebsiella pneumoniae,Fluoroquinolones,32.61802575
2014,Slovakia,J01M,0.9214,Acinetobacter spp.,Fluoroquinolones,51.76470588
2014,Slovakia,J01M,0.9214,Escherichia coli,Fluoroquinolones,42.95377677
2014,Slovakia,J01M,0.9214,Klebsiella pneumoniae,Fluoroquinolones,70.79107505
2014,Sweden,J01M,0.8484,Acinetobacter spp.,Fluoroquinolones,11.53846153
2014,Sweden,J01M,0.8484,Escherichia coli,Fluoroquinolones,11.2991054
2014,Sweden,J01M,0.8484,Klebsiella pneumoniae,Fluoroquinolones,4.06290956
2014,United Kingdom,J01M,0.5865,Acinetobacter spp.,Fluoroquinolones,11.38211382
2014,United Kingdom,J01M,0.5865,Escherichia coli,Fluoroquinolones,16.81837884
2014,United Kingdom,J01M,0.5865,Klebsiella pneumoniae,Fluoroquinolones,7.69911504
2015,Belgium,J01M,2.7807,Acinetobacter spp.,Fluoroquinolones,0.0
2015,Belgium,J01M,2.7807,Escherichia coli,Fluoroquinolones,26.58869395
2015,Belgium,J01M,2.7807,Klebsiella pneumoniae,Fluoroquinolones,22.69129287
2015,Bulgaria,J01M,3.0408,Acinetobacter spp.,Fluoroquinolones,78.62595419
2015,Bulgaria,J01M,3.0408,Escherichia coli,Fluoroquinolones,35.29411764
2015,Bulgaria,J01M,3.0408,Klebsiella pneumoniae,Fluoroquinolones,37.5
2015,Croatia,J01M,1.7049,Acinetobacter spp.,Fluoroquinolones,92.34693877
2015,Croatia,J01M,1.7049,Escherichia coli,Fluoroquinolones,23.9884393
2015,Croatia,J01M,1.7049,Klebsiella pneumoniae,Fluoroquinolones,48.68421052
2015,Cyprus,J01M,4.5551,Acinetobacter spp.,Fluoroquinolones,83.33333333
2015,Cyprus,J01M,4.5551,Escherichia coli,Fluoroquinolones,45.52845528
2015,Cyprus,J01M,4.5551,Klebsiella pneumoniae,Fluoroquinolones,37.09677419
2015,Denmark,J01M,0.6618,Acinetobacter spp.,Fluoroquinolones,5.88235294
2015,Denmark,J01M,0.6618,Escherichia coli,Fluoroquinolones,11.90371991
2015,Denmark,J01M,0.6618,Klebsiella pneumoniae,Fluoroquinolones,5.34759358
2015,Estonia,J01M,1.0775,Acinetobacter spp.,Fluoroquinolones,
2015,Estonia,J01M,1.0775,Escherichia coli,Fluoroquinolones,15.234375
2015,Estonia,J01M,1.0775,Klebsiella pneumoniae,Fluoroquinolones,33.87096774
2015,Finland,J01M,0.9874,Acinetobacter spp.,Fluoroquinolones,2.32558139
2015,Finland,J01M,0.9874,Escherichia coli,Fluoroquinolones,11.17166212
2015,Finland,J01M,0.9874,Klebsiella pneumoniae,Fluoroquinolones,3.34346504
2015,France,J01M,1.8257,Acinetobacter spp.,Fluoroquinolones,13.48837209
2015,France,J01M,1.8257,Escherichia coli,Fluoroquinolones,17.74868157
2015,France,J01M,1.8257,Klebsiella pneumoniae,Fluoroquinolones,30.66037735
2015,Greece,J01M,2.8974,Acinetobacter spp.,Fluoroquinolones,94.92600422
2015,Greece,J01M,2.8974,Escherichia coli,Fluoroquinolones,30.56255247
2015,Greece,J01M,2.8974,Klebsiella pneumoniae,Fluoroquinolones,66.40826873
2015,Hungary,J01M,2.9199,Acinetobacter spp.,Fluoroquinolones,68.10344827
2015,Hungary,J01M,2.9199,Escherichia coli,Fluoroquinolones,28.99554675
2015,Hungary,J01M,2.9199,Klebsiella pneumoniae,Fluoroquinolones,36.71428571
2015,Ireland,J01M,1.032,Acinetobacter spp.,Fluoroquinolones,4.8192771
2015,Ireland,J01M,1.032,Escherichia coli,Fluoroquinolones,23.07107563
2015,Ireland,J01M,1.032,Klebsiella pneumoniae,Fluoroquinolones,17.01030927
2015,Italy,J01M,3.8038,Acinetobacter spp.,Fluoroquinolones,81.62650602
2015,Italy,J01M,3.8038,Escherichia coli,Fluoroquinolones,44.38282647
2015,Italy,J01M,3.8038,Klebsiella pneumoniae,Fluoroquinolones,53.65
2015,Lithuania,J01M,1.1822,Acinetobacter spp.,Fluoroquinolones,93.15068493
2015,Lithuania,J01M,1.1822,Escherichia coli,Fluoroquinolones,20.58319039
2015,Lithuania,J01M,1.1822,Klebsiella pneumoniae,Fluoroquinolones,45.81005586
2015,Luxembourg,J01M,2.6771,Acinetobacter spp.,Fluoroquinolones,
2015,Luxembourg,J01M,2.6771,Escherichia coli,Fluoroquinolones,24.20749279
2015,Luxembourg,J01M,2.6771,Klebsiella pneumoniae,Fluoroquinolones,20.0
2015,Latvia,J01M,1.3199,Acinetobacter spp.,Fluoroquinolones,78.33333333
2015,Latvia,J01M,1.3199,Escherichia coli,Fluoroquinolones,27.83505154
2015,Latvia,J01M,1.3199,Klebsiella pneumoniae,Fluoroquinolones,41.96428571
2015,Malta,J01M,3.112,Acinetobacter spp.,Fluoroquinolones,
2015,Malta,J01M,3.112,Escherichia coli,Fluoroquinolones,37.39495798
2015,Malta,J01M,3.112,Klebsiella pneumoniae,Fluoroquinolones,26.13636363
2015,Netherlands,J01M,0.8704,Acinetobacter spp.,Fluoroquinolones,5.20833333
2015,Netherlands,J01M,0.8704,Escherichia coli,Fluoroquinolones,13.16087079
2015,Netherlands,J01M,0.8704,Klebsiella pneumoniae,Fluoroquinolones,7.34557595
2015,Norway,J01M,0.5133,Acinetobacter spp.,Fluoroquinolones,9.375
2015,Norway,J01M,0.5133,Escherichia coli,Fluoroquinolones,10.21831412
2015,Norway,J01M,0.5133,Klebsiella pneumoniae,Fluoroquinolones,5.0
2015,Poland,J01M,1.5419,Acinetobacter spp.,Fluoroquinolones,88.06584362
2015,Poland,J01M,1.5419,Escherichia coli,Fluoroquinolones,27.88033099
2015,Poland,J01M,1.5419,Klebsiella pneumoniae,Fluoroquinolones,63.88467374
2015,Portugal,J01M,2.1833,Acinetobacter spp.,Fluoroquinolones,55.84415584
2015,Portugal,J01M,2.1833,Escherichia coli,Fluoroquinolones,29.65928132
2015,Portugal,J01M,2.1833,Klebsiella pneumoniae,Fluoroquinolones,38.58643744
2015,Romania,J01M,3.5031,Acinetobacter spp.,Fluoroquinolones,82.53968253
2015,Romania,J01M,3.5031,Escherichia coli,Fluoroquinolones,30.7277628
2015,Romania,J01M,3.5031,Klebsiella pneumoniae,Fluoroquinolones,61.42322097
2015,Slovenia,J01M,1.3765,Acinetobacter spp.,Fluoroquinolones,58.06451612
2015,Slovenia,J01M,1.3765,Escherichia coli,Fluoroquinolones,24.60377358
2015,Slovenia,J01M,1.3765,Klebsiella pneumoniae,Fluoroquinolones,24.47257383
2015,Slovakia,J01M,2.7089,Acinetobacter spp.,Fluoroquinolones,51.94805194
2015,Slovakia,J01M,2.7089,Escherichia coli,Fluoroquinolones,44.18344519
2015,Slovakia,J01M,2.7089,Klebsiella pneumoniae,Fluoroquinolones,70.04219409
2015,Sweden,J01M,0.8431,Acinetobacter spp.,Fluoroquinolones,3.84615384
2015,Sweden,J01M,0.8431,Escherichia coli,Fluoroquinolones,12.61538461
2015,Sweden,J01M,0.8431,Klebsiella pneumoniae,Fluoroquinolones,4.52039691
2015,United Kingdom,J01M,0.5684,Acinetobacter spp.,Fluoroquinolones,7.1942446
2015,United Kingdom,J01M,0.5684,Escherichia coli,Fluoroquinolones,15.64005505
2015,United Kingdom,J01M,0.5684,Klebsiella pneumoniae,Fluoroquinolones,13.25420375
2016,Belgium,J01M,2.6038,Acinetobacter spp.,Fluoroquinolones,7.69230769
2016,Belgium,J01M,2.6038,Escherichia coli,Fluoroquinolones,24.54592631
2016,Belgium,J01M,2.6038,Klebsiella pneumoniae,Fluoroquinolones,23.61733931
2016,Bulgaria,J01M,3.017,Acinetobacter spp.,Fluoroquinolones,67.9245283
2016,Bulgaria,J01M,3.017,Escherichia coli,Fluoroquinolones,42.19409282
2016,Bulgaria,J01M,3.017,Klebsiella pneumoniae,Fluoroquinolones,55.625
2016,Croatia,J01M,1.7002,Acinetobacter spp.,Fluoroquinolones,94.88636363
2016,Croatia,J01M,1.7002,Escherichia coli,Fluoroquinolones,27.85782901
2016,Croatia,J01M,1.7002,Klebsiella pneumoniae,Fluoroquinolones,43.39622641
2016,Cyprus,J01M,7.0182,Acinetobacter spp.,Fluoroquinolones,71.42857142
2016,Cyprus,J01M,7.0182,Escherichia coli,Fluoroquinolones,46.97986577
2016,Cyprus,J01M,7.0182,Klebsiella pneumoniae,Fluoroquinolones,32.0
2016,Denmark,J01M,0.6259,Acinetobacter spp.,Fluoroquinolones,2.77777777
2016,Denmark,J01M,0.6259,Escherichia coli,Fluoroquinolones,11.0420551
2016,Denmark,J01M,0.6259,Klebsiella pneumoniae,Fluoroquinolones,5.29513888
2016,Estonia,J01M,0.9893,Acinetobacter spp.,Fluoroquinolones,
2016,Estonia,J01M,0.9893,Escherichia coli,Fluoroquinolones,13.87696709
2016,Estonia,J01M,0.9893,Klebsiella pneumoniae,Fluoroquinolones,29.50819672
2016,Finland,J01M,0.9938,Acinetobacter spp.,Fluoroquinolones,0.0
2016,Finland,J01M,0.9938,Escherichia coli,Fluoroquinolones,11.46006655
2016,Finland,J01M,0.9938,Klebsiella pneumoniae,Fluoroquinolones,2.73081924
2016,France,J01M,1.7301,Acinetobacter spp.,Fluoroquinolones,15.04424778
2016,France,J01M,1.7301,Escherichia coli,Fluoroquinolones,16.65629721
2016,France,J01M,1.7301,Klebsiella pneumoniae,Fluoroquinolones,27.65546543
2016,Greece,J01M,2.8204,Acinetobacter spp.,Fluoroquinolones,94.89559164
2016,Greece,J01M,2.8204,Escherichia coli,Fluoroquinolones,32.13190184
2016,Greece,J01M,2.8204,Klebsiella pneumoniae,Fluoroquinolones,68.64406779
2016,Hungary,J01M,2.584,Acinetobacter spp.,Fluoroquinolones,68.01007556
2016,Hungary,J01M,2.584,Escherichia coli,Fluoroquinolones,26.78751258
2016,Hungary,J01M,2.584,Klebsiella pneumoniae,Fluoroquinolones,35.20336605
2016,Ireland,J01M,0.9753,Acinetobacter spp.,Fluoroquinolones,1.47058823
2016,Ireland,J01M,0.9753,Escherichia coli,Fluoroquinolones,22.90969899
2016,Ireland,J01M,0.9753,Klebsiella pneumoniae,Fluoroquinolones,11.25827814
2016,Italy,J01M,3.6267,Acinetobacter spp.,Fluoroquinolones,79.91391678
2016,Italy,J01M,3.6267,Escherichia coli,Fluoroquinolones,43.2605042
2016,Italy,J01M,3.6267,Klebsiella pneumoniae,Fluoroquinolones,56.04982206
2016,Lithuania,J01M,1.1542,Acinetobacter spp.,Fluoroquinolones,87.35632183
2016,Lithuania,J01M,1.1542,Escherichia coli,Fluoroquinolones,19.74683544
2016,Lithuania,J01M,1.1542,Klebsiella pneumoniae,Fluoroquinolones,54.62962962
2016,Luxembourg,J01M,2.6178,Acinetobacter spp.,Fluoroquinolones,
2016,Luxembourg,J01M,2.6178,Escherichia coli,Fluoroquinolones,28.94736842
2016,Luxembourg,J01M,2.6178,Klebsiella pneumoniae,Fluoroquinolones,35.89743589
2016,Latvia,J01M,1.3076,Acinetobacter spp.,Fluoroquinolones,85.29411764
2016,Latvia,J01M,1.3076,Escherichia coli,Fluoroquinolones,27.75510204
2016,Latvia,J01M,1.3076,Klebsiella pneumoniae,Fluoroquinolones,41.75824175
2016,Malta,J01M,2.6724,Acinetobacter spp.,Fluoroquinolones,
2016,Malta,J01M,2.6724,Escherichia coli,Fluoroquinolones,41.46341463
2016,Malta,J01M,2.6724,Klebsiella pneumoniae,Fluoroquinolones,33.33333333
2016,Netherlands,J01M,0.8405,Acinetobacter spp.,Fluoroquinolones,2.23880597
2016,Netherlands,J01M,0.8405,Escherichia coli,Fluoroquinolones,12.8983308
2016,Netherlands,J01M,0.8405,Klebsiella pneumoniae,Fluoroquinolones,7.12121212
2016,Norway,J01M,0.463,Acinetobacter spp.,Fluoroquinolones,3.03030303
2016,Norway,J01M,0.463,Escherichia coli,Fluoroquinolones,10.93879811
2016,Norway,J01M,0.463,Klebsiella pneumoniae,Fluoroquinolones,4.33168316
2016,Poland,J01M,1.6201,Acinetobacter spp.,Fluoroquinolones,82.95165394
2016,Poland,J01M,1.6201,Escherichia coli,Fluoroquinolones,33.06788016
2016,Poland,J01M,1.6201,Klebsiella pneumoniae,Fluoroquinolones,66.84539767
2016,Portugal,J01M,2.0427,Acinetobacter spp.,Fluoroquinolones,50.48543689
2016,Portugal,J01M,2.0427,Escherichia coli,Fluoroquinolones,28.94691336
2016,Portugal,J01M,2.0427,Klebsiella pneumoniae,Fluoroquinolones,41.70212765
2016,Romania,J01M,2.8942,Acinetobacter spp.,Fluoroquinolones,91.08280254
2016,Romania,J01M,2.8942,Escherichia coli,Fluoroquinolones,30.62200956
2016,Romania,J01M,2.8942,Klebsiella pneumoniae,Fluoroquinolones,60.81871345
2016,Slovenia,J01M,1.3493,Acinetobacter spp.,Fluoroquinolones,55.0
2016,Slovenia,J01M,1.3493,Escherichia coli,Fluoroquinolones,25.56338028
2016,Slovenia,J01M,1.3493,Klebsiella pneumoniae,Fluoroquinolones,29.58801498
2016,Slovakia,J01M,2.5506,Acinetobacter spp.,Fluoroquinolones,46.08695652
2016,Slovakia,J01M,2.5506,Escherichia coli,Fluoroquinolones,40.43583535
2016,Slovakia,J01M,2.5506,Klebsiella pneumoniae,Fluoroquinolones,66.30901287
2016,Spain,J01M,3.241,Acinetobacter spp.,Fluoroquinolones,68.86792452
2016,Spain,J01M,3.241,Escherichia coli,Fluoroquinolones,32.82330439
2016,Spain,J01M,3.241,Klebsiella pneumoniae,Fluoroquinolones,22.73269689
2016,Sweden,J01M,0.8196,Acinetobacter spp.,Fluoroquinolones,4.65116279
2016,Sweden,J01M,0.8196,Escherichia coli,Fluoroquinolones,13.6605729
2016,Sweden,J01M,0.8196,Klebsiella pneumoniae,Fluoroquinolones,5.41422048
2016,United Kingdom,J01M,0.553,Acinetobacter spp.,Fluoroquinolones,4.41426146
2016,United Kingdom,J01M,0.553,Escherichia coli,Fluoroquinolones,16.33090066
2016,United Kingdom,J01M,0.553,Klebsiella pneumoniae,Fluoroquinolones,7.47847478
2017,Belgium,J01M,2.3611,Acinetobacter spp.,Fluoroquinolones,10.76923076
2017,Belgium,J01M,2.3611,Escherichia coli,Fluoroquinolones,23.80191693
2017,Belgium,J01M,2.3611,Klebsiella pneumoniae,Fluoroquinolones,23.66127023
2017,Bulgaria,J01M,3.1091,Acinetobacter spp.,Fluoroquinolones,95.65217391
2017,Bulgaria,J01M,3.1091,Escherichia coli,Fluoroquinolones,42.10526315
2017,Bulgaria,J01M,3.1091,Klebsiella pneumoniae,Fluoroquinolones,59.7633136
2017,Croatia,J01M,1.7304,Acinetobacter spp.,Fluoroquinolones,98.03921568
2017,Croatia,J01M,1.7304,Escherichia coli,Fluoroquinolones,28.17391304
2017,Croatia,J01M,1.7304,Klebsiella pneumoniae,Fluoroquinolones,40.77669902
2017,Cyprus,J01M,6.2056,Acinetobacter spp.,Fluoroquinolones,76.0
2017,Cyprus,J01M,6.2056,Escherichia coli,Fluoroquinolones,42.94871794
2017,Cyprus,J01M,6.2056,Klebsiella pneumoniae,Fluoroquinolones,35.2112676
2017,Denmark,J01M,0.5834,Acinetobacter spp.,Fluoroquinolones,1.47058823
2017,Denmark,J01M,0.5834,Escherichia coli,Fluoroquinolones,12.78547725
2017,Denmark,J01M,0.5834,Klebsiella pneumoniae,Fluoroquinolones,9.1293322
2017,Estonia,J01M,0.987,Acinetobacter spp.,Fluoroquinolones,
2017,Estonia,J01M,0.987,Escherichia coli,Fluoroquinolones,17.41357234
2017,Estonia,J01M,0.987,Klebsiella pneumoniae,Fluoroquinolones,24.84472049
2017,Finland,J01M,0.8874,Acinetobacter spp.,Fluoroquinolones,2.7027027
2017,Finland,J01M,0.8874,Escherichia coli,Fluoroquinolones,12.00754005
2017,Finland,J01M,0.8874,Klebsiella pneumoniae,Fluoroquinolones,7.93650793
2017,France,J01M,1.5592,Acinetobacter spp.,Fluoroquinolones,12.26215644
2017,France,J01M,1.5592,Escherichia coli,Fluoroquinolones,15.0210084
2017,France,J01M,1.5592,Klebsiella pneumoniae,Fluoroquinolones,26.78447678
2017,Greece,J01M,2.8021,Acinetobacter spp.,Fluoroquinolones,96.03773584
2017,Greece,J01M,2.8021,Escherichia coli,Fluoroquinolones,32.92349726
2017,Greece,J01M,2.8021,Klebsiella pneumoniae,Fluoroquinolones,66.93907875
2017,Hungary,J01M,2.6083,Acinetobacter spp.,Fluoroquinolones,67.04545454
2017,Hungary,J01M,2.6083,Escherichia coli,Fluoroquinolones,30.61921014
2017,Hungary,J01M,2.6083,Klebsiella pneumoniae,Fluoroquinolones,41.45985401
2017,Ireland,J01M,0.9043,Acinetobacter spp.,Fluoroquinolones,7.57575757
2017,Ireland,J01M,0.9043,Escherichia coli,Fluoroquinolones,23.59730682
2017,Ireland,J01M,0.9043,Klebsiella pneumoniae,Fluoroquinolones,14.85355648
2017,Italy,J01M,3.0724,Acinetobacter spp.,Fluoroquinolones,79.22885572
2017,Italy,J01M,3.0724,Escherichia coli,Fluoroquinolones,44.93880489
2017,Italy,J01M,3.0724,Klebsiella pneumoniae,Fluoroquinolones,55.73770491
2017,Iceland,J01M,0.9123,Acinetobacter spp.,Fluoroquinolones,
2017,Iceland,J01M,0.9123,Escherichia coli,Fluoroquinolones,11.55778894
2017,Iceland,J01M,0.9123,Klebsiella pneumoniae,Fluoroquinolones,
2017,Lithuania,J01M,1.1074,Acinetobacter spp.,Fluoroquinolones,91.86046511
2017,Lithuania,J01M,1.1074,Escherichia coli,Fluoroquinolones,25.20612485
2017,Lithuania,J01M,1.1074,Klebsiella pneumoniae,Fluoroquinolones,64.72392638
2017,Luxembourg,J01M,2.9601,Acinetobacter spp.,Fluoroquinolones,
2017,Luxembourg,J01M,2.9601,Escherichia coli,Fluoroquinolones,22.86374133
2017,Luxembourg,J01M,2.9601,Klebsiella pneumoniae,Fluoroquinolones,28.28282828
2017,Latvia,J01M,1.2714,Acinetobacter spp.,Fluoroquinolones,81.81818181
2017,Latvia,J01M,1.2714,Escherichia coli,Fluoroquinolones,30.3482587
2017,Latvia,J01M,1.2714,Klebsiella pneumoniae,Fluoroquinolones,32.75862068
2017,Malta,J01M,2.4808,Acinetobacter spp.,Fluoroquinolones,
2017,Malta,J01M,2.4808,Escherichia coli,Fluoroquinolones,43.31210191
2017,Malta,J01M,2.4808,Klebsiella pneumoniae,Fluoroquinolones,39.31623931
2017,Netherlands,J01M,0.8198,Acinetobacter spp.,Fluoroquinolones,3.03030303
2017,Netherlands,J01M,0.8198,Escherichia coli,Fluoroquinolones,14.41885234
2017,Netherlands,J01M,0.8198,Klebsiella pneumoniae,Fluoroquinolones,11.7293233
2017,Norway,J01M,0.3995,Acinetobacter spp.,Fluoroquinolones,0.0
2017,Norway,J01M,0.3995,Escherichia coli,Fluoroquinolones,13.5620477
2017,Norway,J01M,0.3995,Klebsiella pneumoniae,Fluoroquinolones,10.24327784
2017,Poland,J01M,1.6613,Acinetobacter spp.,Fluoroquinolones,83.04597701
2017,Poland,J01M,1.6613,Escherichia coli,Fluoroquinolones,35.86244541
2017,Poland,J01M,1.6613,Klebsiella pneumoniae,Fluoroquinolones,66.30581867
2017,Portugal,J01M,1.8579,Acinetobacter spp.,Fluoroquinolones,38.37209302
2017,Portugal,J01M,1.8579,Escherichia coli,Fluoroquinolones,27.27272727
2017,Portugal,J01M,1.8579,Klebsiella pneumoniae,Fluoroquinolones,45.6871345
2017,Romania,J01M,3.249,Acinetobacter spp.,Fluoroquinolones,89.07103825
2017,Romania,J01M,3.249,Escherichia coli,Fluoroquinolones,26.44787644
2017,Romania,J01M,3.249,Klebsiella pneumoniae,Fluoroquinolones,64.09495548
2017,Slovenia,J01M,1.3093,Acinetobacter spp.,Fluoroquinolones,47.22222222
2017,Slovenia,J01M,1.3093,Escherichia coli,Fluoroquinolones,24.87346348
2017,Slovenia,J01M,1.3093,Klebsiella pneumoniae,Fluoroquinolones,30.39215686
2017,Slovakia,J01M,2.3991,Acinetobacter spp.,Fluoroquinolones,52.38095238
2017,Slovakia,J01M,2.3991,Escherichia coli,Fluoroquinolones,43.19727891
2017,Slovakia,J01M,2.3991,Klebsiella pneumoniae,Fluoroquinolones,66.73819742
2017,Spain,J01M,3.1188,Acinetobacter spp.,Fluoroquinolones,68.47826086
2017,Spain,J01M,3.1188,Escherichia coli,Fluoroquinolones,32.50302715
2017,Spain,J01M,3.1188,Klebsiella pneumoniae,Fluoroquinolones,22.54374158
2017,Sweden,J01M,0.7758,Acinetobacter spp.,Fluoroquinolones,0.0
2017,Sweden,J01M,0.7758,Escherichia coli,Fluoroquinolones,15.79312738
2017,Sweden,J01M,0.7758,Klebsiella pneumoniae,Fluoroquinolones,9.76789168
2017,United Kingdom,J01M,0.5698,Acinetobacter spp.,Fluoroquinolones,6.30517023
2017,United Kingdom,J01M,0.5698,Escherichia coli,Fluoroquinolones,17.46894152
2017,United Kingdom,J01M,0.5698,Klebsiella pneumoniae,Fluoroquinolones,9.27640279
2018,Belgium,J01M,1.3325,Acinetobacter spp.,Fluoroquinolones,12.68656716
2018,Belgium,J01M,1.3325,Escherichia coli,Fluoroquinolones,21.80004749
2018,Belgium,J01M,1.3325,Klebsiella pneumoniae,Fluoroquinolones,22.63948497
2018,Bulgaria,J01M,3.1226,Acinetobacter spp.,Fluoroquinolones,78.18181818
2018,Bulgaria,J01M,3.1226,Escherichia coli,Fluoroquinolones,41.78082191
2018,Bulgaria,J01M,3.1226,Klebsiella pneumoniae,Fluoroquinolones,62.69430051
2018,Croatia,J01M,1.7228,Acinetobacter spp.,Fluoroquinolones,96.12903225
2018,Croatia,J01M,1.7228,Escherichia coli,Fluoroquinolones,30.02502085
2018,Croatia,J01M,1.7228,Klebsiella pneumoniae,Fluoroquinolones,48.62385321
2018,Cyprus,J01M,5.2969,Acinetobacter spp.,Fluoroquinolones,89.09090909
2018,Cyprus,J01M,5.2969,Escherichia coli,Fluoroquinolones,42.38410596
2018,Cyprus,J01M,5.2969,Klebsiella pneumoniae,Fluoroquinolones,49.42528735
2018,Denmark,J01M,0.5463,Acinetobacter spp.,Fluoroquinolones,9.09090909
2018,Denmark,J01M,0.5463,Escherichia coli,Fluoroquinolones,13.25659116
2018,Denmark,J01M,0.5463,Klebsiella pneumoniae,Fluoroquinolones,8.52228303
2018,Estonia,J01M,0.8607,Acinetobacter spp.,Fluoroquinolones,
2018,Estonia,J01M,0.8607,Escherichia coli,Fluoroquinolones,17.61158021
2018,Estonia,J01M,0.8607,Klebsiella pneumoniae,Fluoroquinolones,20.97560975
2018,Finland,J01M,0.8208,Acinetobacter spp.,Fluoroquinolones,0.0
2018,Finland,J01M,0.8208,Escherichia coli,Fluoroquinolones,11.48126115
2018,Finland,J01M,0.8208,Klebsiella pneumoniae,Fluoroquinolones,6.31188118
2018,France,J01M,1.5275,Acinetobacter spp.,Fluoroquinolones,12.01629327
2018,France,J01M,1.5275,Escherichia coli,Fluoroquinolones,16.32243028
2018,France,J01M,1.5275,Klebsiella pneumoniae,Fluoroquinolones,30.43043043
2018,Greece,J01M,3.1559,Acinetobacter spp.,Fluoroquinolones,93.48697394
2018,Greece,J01M,3.1559,Escherichia coli,Fluoroquinolones,30.77866339
2018,Greece,J01M,3.1559,Klebsiella pneumoniae,Fluoroquinolones,68.07795698
2018,Hungary,J01M,2.499,Acinetobacter spp.,Fluoroquinolones,66.01123595
2018,Hungary,J01M,2.499,Escherichia coli,Fluoroquinolones,33.24873096
2018,Hungary,J01M,2.499,Klebsiella pneumoniae,Fluoroquinolones,38.00475059
2018,Ireland,J01M,0.8632,Acinetobacter spp.,Fluoroquinolones,0.0
2018,Ireland,J01M,0.8632,Escherichia coli,Fluoroquinolones,23.90364422
2018,Ireland,J01M,0.8632,Klebsiella pneumoniae,Fluoroquinolones,18.01242236
2018,Italy,J01M,3.0127,Acinetobacter spp.,Fluoroquinolones,81.14035087
2018,Italy,J01M,3.0127,Escherichia coli,Fluoroquinolones,41.6630306
2018,Italy,J01M,3.0127,Klebsiella pneumoniae,Fluoroquinolones,52.67732962
2018,Iceland,J01M,0.9062,Acinetobacter spp.,Fluoroquinolones,
2018,Iceland,J01M,0.9062,Escherichia coli,Fluoroquinolones,17.1875
2018,Iceland,J01M,0.9062,Klebsiella pneumoniae,Fluoroquinolones,
2018,Lithuania,J01M,1.0648,Acinetobacter spp.,Fluoroquinolones,90.9090909
2018,Lithuania,J01M,1.0648,Escherichia coli,Fluoroquinolones,19.6557971
2018,Lithuania,J01M,1.0648,Klebsiella pneumoniae,Fluoroquinolones,56.75675675
2018,Luxembourg,J01M,2.2104,Acinetobacter spp.,Fluoroquinolones,
2018,Luxembourg,J01M,2.2104,Escherichia coli,Fluoroquinolones,21.77033492
2018,Luxembourg,J01M,2.2104,Klebsiella pneumoniae,Fluoroquinolones,24.70588235
2018,Latvia,J01M,1.2268,Acinetobacter spp.,Fluoroquinolones,80.85106382
2018,Latvia,J01M,1.2268,Escherichia coli,Fluoroquinolones,24.12790697
2018,Latvia,J01M,1.2268,Klebsiella pneumoniae,Fluoroquinolones,38.5
2018,Malta,J01M,2.5983,Acinetobacter spp.,Fluoroquinolones,
2018,Malta,J01M,2.5983,Escherichia coli,Fluoroquinolones,41.86746987
2018,Malta,J01M,2.5983,Klebsiella pneumoniae,Fluoroquinolones,55.47445255
2018,Netherlands,J01M,0.8129,Acinetobacter spp.,Fluoroquinolones,7.38255033
2018,Netherlands,J01M,0.8129,Escherichia coli,Fluoroquinolones,14.70872613
2018,Netherlands,J01M,0.8129,Klebsiella pneumoniae,Fluoroquinolones,11.63708086
2018,Norway,J01M,0.3602,Acinetobacter spp.,Fluoroquinolones,0.0
2018,Norway,J01M,0.3602,Escherichia coli,Fluoroquinolones,12.87077637
2018,Norway,J01M,0.3602,Klebsiella pneumoniae,Fluoroquinolones,13.06122448
2018,Poland,J01M,1.6592,Acinetobacter spp.,Fluoroquinolones,86.9402985
2018,Poland,J01M,1.6592,Escherichia coli,Fluoroquinolones,34.67082197
2018,Poland,J01M,1.6592,Klebsiella pneumoniae,Fluoroquinolones,68.18558409
2018,Portugal,J01M,1.8198,Acinetobacter spp.,Fluoroquinolones,34.14634146
2018,Portugal,J01M,1.8198,Escherichia coli,Fluoroquinolones,25.46012269
2018,Portugal,J01M,1.8198,Klebsiella pneumoniae,Fluoroquinolones,43.78858024
2018,Romania,J01M,3.2967,Acinetobacter spp.,Fluoroquinolones,88.07339449
2018,Romania,J01M,3.2967,Escherichia coli,Fluoroquinolones,29.10216718
2018,Romania,J01M,3.2967,Klebsiella pneumoniae,Fluoroquinolones,57.36961451
2018,Slovenia,J01M,1.3014,Acinetobacter spp.,Fluoroquinolones,28.2051282
2018,Slovenia,J01M,1.3014,Escherichia coli,Fluoroquinolones,22.78177458
2018,Slovenia,J01M,1.3014,Klebsiella pneumoniae,Fluoroquinolones,27.33564013
2018,Slovakia,J01M,2.3434,Acinetobacter spp.,Fluoroquinolones,56.02836879
2018,Slovakia,J01M,2.3434,Escherichia coli,Fluoroquinolones,42.10526315
2018,Slovakia,J01M,2.3434,Klebsiella pneumoniae,Fluoroquinolones,60.96579476
2018,Spain,J01M,2.9655,Acinetobacter spp.,Fluoroquinolones,56.79012345
2018,Spain,J01M,2.9655,Escherichia coli,Fluoroquinolones,32.11659663
2018,Spain,J01M,2.9655,Klebsiella pneumoniae,Fluoroquinolones,23.76751427
2018,Sweden,J01M,0.748,Acinetobacter spp.,Fluoroquinolones,7.27272727
2018,Sweden,J01M,0.748,Escherichia coli,Fluoroquinolones,18.05503904
2018,Sweden,J01M,0.748,Klebsiella pneumoniae,Fluoroquinolones,10.11959521
2018,United Kingdom,J01M,0.5701,Acinetobacter spp.,Fluoroquinolones,2.91666666
2018,United Kingdom,J01M,0.5701,Escherichia coli,Fluoroquinolones,17.71218889
2018,United Kingdom,J01M,0.5701,Klebsiella pneumoniae,Fluoroquinolones,13.08928571
2019,Austria,J01M,0.898,Acinetobacter spp.,Fluoroquinolones,9.75609756
2019,Austria,J01M,0.898,Escherichia coli,Fluoroquinolones,18.21305841
2019,Austria,J01M,0.898,Klebsiella pneumoniae,Fluoroquinolones,15.67445365
2019,Belgium,J01M,0.7304,Acinetobacter spp.,Fluoroquinolones,8.60215053
2019,Belgium,J01M,0.7304,Escherichia coli,Fluoroquinolones,19.05732484
2019,Belgium,J01M,0.7304,Klebsiella pneumoniae,Fluoroquinolones,19.81505944
2019,Bulgaria,J01M,3.0808,Acinetobacter spp.,Fluoroquinolones,74.24242424
2019,Bulgaria,J01M,3.0808,Escherichia coli,Fluoroquinolones,38.63636363
2019,Bulgaria,J01M,3.0808,Klebsiella pneumoniae,Fluoroquinolones,60.6741573
2019,Croatia,J01M,1.601,Acinetobacter spp.,Fluoroquinolones,93.66197183
2019,Croatia,J01M,1.601,Escherichia coli,Fluoroquinolones,27.25631768
2019,Croatia,J01M,1.601,Klebsiella pneumoniae,Fluoroquinolones,57.86163522
2019,Cyprus,J01M,5.8189,Acinetobacter spp.,Fluoroquinolones,90.625
2019,Cyprus,J01M,5.8189,Escherichia coli,Fluoroquinolones,43.47826086
2019,Cyprus,J01M,5.8189,Klebsiella pneumoniae,Fluoroquinolones,31.66666666
2019,Czechia,J01M,0.6852,Acinetobacter spp.,Fluoroquinolones,32.63157894
2019,Czechia,J01M,0.6852,Escherichia coli,Fluoroquinolones,23.04445694
2019,Czechia,J01M,0.6852,Klebsiella pneumoniae,Fluoroquinolones,48.71959026
2019,Denmark,J01M,0.4924,Acinetobacter spp.,Fluoroquinolones,6.94444444
2019,Denmark,J01M,0.4924,Escherichia coli,Fluoroquinolones,11.47190008
2019,Denmark,J01M,0.4924,Klebsiella pneumoniae,Fluoroquinolones,9.55180014
2019,Estonia,J01M,0.774,Acinetobacter spp.,Fluoroquinolones,
2019,Estonia,J01M,0.774,Escherichia coli,Fluoroquinolones,17.05685618
2019,Estonia,J01M,0.774,Klebsiella pneumoniae,Fluoroquinolones,16.20111731
2019,Finland,J01M,0.6194,Acinetobacter spp.,Fluoroquinolones,0.0
2019,Finland,J01M,0.6194,Escherichia coli,Fluoroquinolones,11.44177449
2019,Finland,J01M,0.6194,Klebsiella pneumoniae,Fluoroquinolones,7.28323699
2019,France,J01M,1.3773,Acinetobacter spp.,Fluoroquinolones,13.3056133
2019,France,J01M,1.3773,Escherichia coli,Fluoroquinolones,15.97051597
2019,France,J01M,1.3773,Klebsiella pneumoniae,Fluoroquinolones,30.89405027
2019,Greece,J01M,3.2378,Acinetobacter spp.,Fluoroquinolones,95.76719576
2019,Greece,J01M,3.2378,Escherichia coli,Fluoroquinolones,29.55665024
2019,Greece,J01M,3.2378,Klebsiella pneumoniae,Fluoroquinolones,66.88102893
2019,Hungary,J01M,2.07,Acinetobacter spp.,Fluoroquinolones,63.34951456
2019,Hungary,J01M,2.07,Escherichia coli,Fluoroquinolones,30.31693077
2019,Hungary,J01M,2.07,Klebsiella pneumoniae,Fluoroquinolones,36.74367436
2019,Ireland,J01M,0.626,Acinetobacter spp.,Fluoroquinolones,7.8125
2019,Ireland,J01M,0.626,Escherichia coli,Fluoroquinolones,20.35370772
2019,Ireland,J01M,0.626,Klebsiella pneumoniae,Fluoroquinolones,17.30038022
2019,Italy,J01M,2.2442,Acinetobacter spp.,Fluoroquinolones,82.45721271
2019,Italy,J01M,2.2442,Escherichia coli,Fluoroquinolones,40.6309388
2019,Italy,J01M,2.2442,Klebsiella pneumoniae,Fluoroquinolones,54.69318772
2019,Iceland,J01M,0.6157,Acinetobacter spp.,Fluoroquinolones,
2019,Iceland,J01M,0.6157,Escherichia coli,Fluoroquinolones,13.09523809
2019,Iceland,J01M,0.6157,Klebsiella pneumoniae,Fluoroquinolones,4.34782608
2019,Lithuania,J01M,1.0171,Acinetobacter spp.,Fluoroquinolones,91.66666666
2019,Lithuania,J01M,1.0171,Escherichia coli,Fluoroquinolones,17.98051372
2019,Lithuania,J01M,1.0171,Klebsiella pneumoniae,Fluoroquinolones,52.05479452
2019,Luxembourg,J01M,1.7156,Acinetobacter spp.,Fluoroquinolones,
2019,Luxembourg,J01M,1.7156,Escherichia coli,Fluoroquinolones,20.52845528
2019,Luxembourg,J01M,1.7156,Klebsiella pneumoniae,Fluoroquinolones,27.18446601
2019,Latvia,J01M,1.0699,Acinetobacter spp.,Fluoroquinolones,83.33333333
2019,Latvia,J01M,1.0699,Escherichia coli,Fluoroquinolones,24.88687782
2019,Latvia,J01M,1.0699,Klebsiella pneumoniae,Fluoroquinolones,36.86868686
2019,Malta,J01M,2.1213,Acinetobacter spp.,Fluoroquinolones,
2019,Malta,J01M,2.1213,Escherichia coli,Fluoroquinolones,40.06024096
2019,Malta,J01M,2.1213,Klebsiella pneumoniae,Fluoroquinolones,44.18604651
2019,Netherlands,J01M,0.7414,Acinetobacter spp.,Fluoroquinolones,7.87401574
2019,Netherlands,J01M,0.7414,Escherichia coli,Fluoroquinolones,14.56563442
2019,Netherlands,J01M,0.7414,Klebsiella pneumoniae,Fluoroquinolones,11.10335195
2019,Norway,J01M,0.3145,Acinetobacter spp.,Fluoroquinolones,0.0
2019,Norway,J01M,0.3145,Escherichia coli,Fluoroquinolones,11.25860373
2019,Norway,J01M,0.3145,Klebsiella pneumoniae,Fluoroquinolones,8.77403846
2019,Poland,J01M,1.5166,Acinetobacter spp.,Fluoroquinolones,85.52631578
2019,Poland,J01M,1.5166,Escherichia coli,Fluoroquinolones,33.01852524
2019,Poland,J01M,1.5166,Klebsiella pneumoniae,Fluoroquinolones,61.25970664
2019,Portugal,J01M,1.6374,Acinetobacter spp.,Fluoroquinolones,26.13636363
2019,Portugal,J01M,1.6374,Escherichia coli,Fluoroquinolones,26.46555745
2019,Portugal,J01M,1.6374,Klebsiella pneumoniae,Fluoroquinolones,45.78402366
2019,Romania,J01M,3.3207,Acinetobacter spp.,Fluoroquinolones,91.22137404
2019,Romania,J01M,3.3207,Escherichia coli,Fluoroquinolones,28.28746177
2019,Romania,J01M,3.3207,Klebsiella pneumoniae,Fluoroquinolones,61.99575371
2019,Slovenia,J01M,1.167,Acinetobacter spp.,Fluoroquinolones,27.5
2019,Slovenia,J01M,1.167,Escherichia coli,Fluoroquinolones,19.00621118
2019,Slovenia,J01M,1.167,Klebsiella pneumoniae,Fluoroquinolones,19.47194719
2019,Slovakia,J01M,1.6627,Acinetobacter spp.,Fluoroquinolones,61.70212765
2019,Slovakia,J01M,1.6627,Escherichia coli,Fluoroquinolones,34.0
2019,Slovakia,J01M,1.6627,Klebsiella pneumoniae,Fluoroquinolones,56.94822888
2019,Spain,J01M,2.5264,Acinetobacter spp.,Fluoroquinolones,54.87804878
2019,Spain,J01M,2.5264,Escherichia coli,Fluoroquinolones,29.52880859
2019,Spain,J01M,2.5264,Klebsiella pneumoniae,Fluoroquinolones,23.95789473
2019,Sweden,J01M,0.6937,Acinetobacter spp.,Fluoroquinolones,7.96460176
2019,Sweden,J01M,0.6937,Escherichia coli,Fluoroquinolones,15.85210369
2019,Sweden,J01M,0.6937,Klebsiella pneumoniae,Fluoroquinolones,10.50866405
2019,United Kingdom,J01M,0.5146,Acinetobacter spp.,Fluoroquinolones,7.07213578
2019,United Kingdom,J01M,0.5146,Escherichia coli,Fluoroquinolones,17.8332155
2019,United Kingdom,J01M,0.5146,Klebsiella pneumoniae,Fluoroquinolones,12.7687665
2020,Austria,J01M,0.6995,Acinetobacter spp.,Fluoroquinolones,10.14492753
2020,Austria,J01M,0.6995,Escherichia coli,Fluoroquinolones,17.3459892
2020,Austria,J01M,0.6995,Klebsiella pneumoniae,Fluoroquinolones,11.95748449
2020,Belgium,J01M,0.5942,Acinetobacter spp.,Fluoroquinolones,15.60283687
2020,Belgium,J01M,0.5942,Escherichia coli,Fluoroquinolones,18.0787037
2020,Belgium,J01M,0.5942,Klebsiella pneumoniae,Fluoroquinolones,22.83205268
2020,Bulgaria,J01M,3.8858,Acinetobacter spp.,Fluoroquinolones,82.94573643
2020,Bulgaria,J01M,3.8858,Escherichia coli,Fluoroquinolones,42.91187739
2020,Bulgaria,J01M,3.8858,Klebsiella pneumoniae,Fluoroquinolones,67.06827309
2020,Croatia,J01M,1.4162,Acinetobacter spp.,Fluoroquinolones,98.21428571
2020,Croatia,J01M,1.4162,Escherichia coli,Fluoroquinolones,29.66101694
2020,Croatia,J01M,1.4162,Klebsiella pneumoniae,Fluoroquinolones,54.10447761
2020,Cyprus,J01M,7.3408,Acinetobacter spp.,Fluoroquinolones,82.75862068
2020,Cyprus,J01M,7.3408,Escherichia coli,Fluoroquinolones,48.24561403
2020,Cyprus,J01M,7.3408,Klebsiella pneumoniae,Fluoroquinolones,50.0
2020,Czechia,J01M,0.5959,Acinetobacter spp.,Fluoroquinolones,35.36585365
2020,Czechia,J01M,0.5959,Escherichia coli,Fluoroquinolones,20.18685352
2020,Czechia,J01M,0.5959,Klebsiella pneumoniae,Fluoroquinolones,44.23337856
2020,Denmark,J01M,0.4377,Acinetobacter spp.,Fluoroquinolones,13.84615384
2020,Denmark,J01M,0.4377,Escherichia coli,Fluoroquinolones,11.2265758
2020,Denmark,J01M,0.4377,Klebsiella pneumoniae,Fluoroquinolones,7.56718528
2020,Estonia,J01M,0.8824,Acinetobacter spp.,Fluoroquinolones,
2020,Estonia,J01M,0.8824,Escherichia coli,Fluoroquinolones,14.07716371
2020,Estonia,J01M,0.8824,Klebsiella pneumoniae,Fluoroquinolones,17.25888324
2020,Finland,J01M,0.5482,Acinetobacter spp.,Fluoroquinolones,8.33333333
2020,Finland,J01M,0.5482,Escherichia coli,Fluoroquinolones,10.53418005
2020,Finland,J01M,0.5482,Klebsiella pneumoniae,Fluoroquinolones,7.39081746
2020,France,J01M,1.2457,Acinetobacter spp.,Fluoroquinolones,9.03522205
2020,France,J01M,1.2457,Escherichia coli,Fluoroquinolones,15.92439011
2020,France,J01M,1.2457,Klebsiella pneumoniae,Fluoroquinolones,28.05438912
2020,Greece,J01M,2.799,Acinetobacter spp.,Fluoroquinolones,95.74759945
2020,Greece,J01M,2.799,Escherichia coli,Fluoroquinolones,32.74336283
2020,Greece,J01M,2.799,Klebsiella pneumoniae,Fluoroquinolones,74.38016528
2020,Hungary,J01M,1.5469,Acinetobacter spp.,Fluoroquinolones,76.98113207
2020,Hungary,J01M,1.5469,Escherichia coli,Fluoroquinolones,30.33707865
2020,Hungary,J01M,1.5469,Klebsiella pneumoniae,Fluoroquinolones,40.79670329
2020,Ireland,J01M,0.4774,Acinetobacter spp.,Fluoroquinolones,7.31707317
2020,Ireland,J01M,0.4774,Escherichia coli,Fluoroquinolones,18.88185654
2020,Ireland,J01M,0.4774,Klebsiella pneumoniae,Fluoroquinolones,17.0781893
2020,Italy,J01M,1.8731,Acinetobacter spp.,Fluoroquinolones,83.42585249
2020,Italy,J01M,1.8731,Escherichia coli,Fluoroquinolones,37.59023354
2020,Italy,J01M,1.8731,Klebsiella pneumoniae,Fluoroquinolones,52.42752769
2020,Iceland,J01M,0.5315,Acinetobacter spp.,Fluoroquinolones,
2020,Iceland,J01M,0.5315,Escherichia coli,Fluoroquinolones,11.83673469
2020,Iceland,J01M,0.5315,Klebsiella pneumoniae,Fluoroquinolones,0.0
2020,Lithuania,J01M,0.9249,Acinetobacter spp.,Fluoroquinolones,92.85714285
2020,Lithuania,J01M,0.9249,Escherichia coli,Fluoroquinolones,18.75
2020,Lithuania,J01M,0.9249,Klebsiella pneumoniae,Fluoroquinolones,45.27845036
2020,Luxembourg,J01M,1.3865,Acinetobacter spp.,Fluoroquinolones,
2020,Luxembourg,J01M,1.3865,Escherichia coli,Fluoroquinolones,21.72897196
2020,Luxembourg,J01M,1.3865,Klebsiella pneumoniae,Fluoroquinolones,31.03448275
2020,Latvia,J01M,0.9259,Acinetobacter spp.,Fluoroquinolones,86.0
2020,Latvia,J01M,0.9259,Escherichia coli,Fluoroquinolones,27.51322751
2020,Latvia,J01M,0.9259,Klebsiella pneumoniae,Fluoroquinolones,41.4893617
2020,Malta,J01M,1.6373,Acinetobacter spp.,Fluoroquinolones,
2020,Malta,J01M,1.6373,Escherichia coli,Fluoroquinolones,35.37906137
2020,Malta,J01M,1.6373,Klebsiella pneumoniae,Fluoroquinolones,37.12121212
2020,Netherlands,J01M,0.7049,Acinetobacter spp.,Fluoroquinolones,4.08163265
2020,Netherlands,J01M,0.7049,Escherichia coli,Fluoroquinolones,13.33778371
2020,Netherlands,J01M,0.7049,Klebsiella pneumoniae,Fluoroquinolones,13.11827956
2020,Norway,J01M,0.2711,Acinetobacter spp.,Fluoroquinolones,0.0
2020,Norway,J01M,0.2711,Escherichia coli,Fluoroquinolones,9.95983935
2020,Norway,J01M,0.2711,Klebsiella pneumoniae,Fluoroquinolones,11.20689655
2020,Poland,J01M,1.2956,Acinetobacter spp.,Fluoroquinolones,88.25136612
2020,Poland,J01M,1.2956,Escherichia coli,Fluoroquinolones,32.99208934
2020,Poland,J01M,1.2956,Klebsiella pneumoniae,Fluoroquinolones,65.16129032
2020,Portugal,J01M,1.2955,Acinetobacter spp.,Fluoroquinolones,17.82178217
2020,Portugal,J01M,1.2955,Escherichia coli,Fluoroquinolones,23.93498716
2020,Portugal,J01M,1.2955,Klebsiella pneumoniae,Fluoroquinolones,42.67722202
2020,Romania,J01M,3.1247,Acinetobacter spp.,Fluoroquinolones,95.28619528
2020,Romania,J01M,3.1247,Escherichia coli,Fluoroquinolones,26.0
2020,Romania,J01M,3.1247,Klebsiella pneumoniae,Fluoroquinolones,66.24472573
2020,Slovenia,J01M,0.9712,Acinetobacter spp.,Fluoroquinolones,27.77777777
2020,Slovenia,J01M,0.9712,Escherichia coli,Fluoroquinolones,18.11997526
2020,Slovenia,J01M,0.9712,Klebsiella pneumoniae,Fluoroquinolones,24.74226804
2020,Slovakia,J01M,1.3167,Acinetobacter spp.,Fluoroquinolones,38.94736842
2020,Slovakia,J01M,1.3167,Escherichia coli,Fluoroquinolones,34.1563786
2020,Slovakia,J01M,1.3167,Klebsiella pneumoniae,Fluoroquinolones,53.84615384
2020,Spain,J01M,1.9731,Acinetobacter spp.,Fluoroquinolones,61.95652173
2020,Spain,J01M,1.9731,Escherichia coli,Fluoroquinolones,28.60623156
2020,Spain,J01M,1.9731,Klebsiella pneumoniae,Fluoroquinolones,25.69756975
2020,Sweden,J01M,0.624,Acinetobacter spp.,Fluoroquinolones,7.14285714
2020,Sweden,J01M,0.624,Escherichia coli,Fluoroquinolones,14.08450704
2020,Sweden,J01M,0.624,Klebsiella pneumoniae,Fluoroquinolones,10.16393442
2021,Austria,J01M,0.6327,Acinetobacter spp.,Fluoroquinolones,13.75
2021,Austria,J01M,0.6327,Escherichia coli,Fluoroquinolones,15.07492327
2021,Austria,J01M,0.6327,Klebsiella pneumoniae,Fluoroquinolones,12.04911742
2021,Belgium,J01M,0.5804,Acinetobacter spp.,Fluoroquinolones,12.32876712
2021,Belgium,J01M,0.5804,Escherichia coli,Fluoroquinolones,18.53420885
2021,Belgium,J01M,0.5804,Klebsiella pneumoniae,Fluoroquinolones,19.00647948
2021,Bulgaria,J01M,4.5122,Acinetobacter spp.,Fluoroquinolones,80.18433179
2021,Bulgaria,J01M,4.5122,Escherichia coli,Fluoroquinolones,33.46007604
2021,Bulgaria,J01M,4.5122,Klebsiella pneumoniae,Fluoroquinolones,71.07438016
2021,Croatia,J01M,1.6774,Acinetobacter spp.,Fluoroquinolones,99.75308641
2021,Croatia,J01M,1.6774,Escherichia coli,Fluoroquinolones,28.98751733
2021,Croatia,J01M,1.6774,Klebsiella pneumoniae,Fluoroquinolones,63.88888888
2021,Cyprus,J01M,4.6942,Acinetobacter spp.,Fluoroquinolones,91.66666666
2021,Cyprus,J01M,4.6942,Escherichia coli,Fluoroquinolones,51.5625
2021,Cyprus,J01M,4.6942,Klebsiella pneumoniae,Fluoroquinolones,49.64539007
2021,Czechia,J01M,0.597,Acinetobacter spp.,Fluoroquinolones,53.27868852
2021,Czechia,J01M,0.597,Escherichia coli,Fluoroquinolones,19.70006816
2021,Czechia,J01M,0.597,Klebsiella pneumoniae,Fluoroquinolones,42.76885043
2021,Denmark,J01M,0.4167,Acinetobacter spp.,Fluoroquinolones,15.53398058
2021,Denmark,J01M,0.4167,Escherichia coli,Fluoroquinolones,10.47207446
2021,Denmark,J01M,0.4167,Klebsiella pneumoniae,Fluoroquinolones,7.13224368
2021,Estonia,J01M,0.7032,Acinetobacter spp.,Fluoroquinolones,
2021,Estonia,J01M,0.7032,Escherichia coli,Fluoroquinolones,13.44902386
2021,Estonia,J01M,0.7032,Klebsiella pneumoniae,Fluoroquinolones,16.59574468
2021,Finland,J01M,0.4873,Acinetobacter spp.,Fluoroquinolones,2.12765957
2021,Finland,J01M,0.4873,Escherichia coli,Fluoroquinolones,9.56566701
2021,Finland,J01M,0.4873,Klebsiella pneumoniae,Fluoroquinolones,5.45829042
2021,France,J01M,1.1639,Acinetobacter spp.,Fluoroquinolones,7.14285714
2021,France,J01M,1.1639,Escherichia coli,Fluoroquinolones,14.75658679
2021,France,J01M,1.1639,Klebsiella pneumoniae,Fluoroquinolones,25.03579464
2021,Greece,J01M,2.3648,Acinetobacter spp.,Fluoroquinolones,97.15536105
2021,Greece,J01M,2.3648,Escherichia coli,Fluoroquinolones,33.92857142
2021,Greece,J01M,2.3648,Klebsiella pneumoniae,Fluoroquinolones,79.97179125
2021,Hungary,J01M,1.5364,Acinetobacter spp.,Fluoroquinolones,85.56557945
2021,Hungary,J01M,1.5364,Escherichia coli,Fluoroquinolones,28.04878048
2021,Hungary,J01M,1.5364,Klebsiella pneumoniae,Fluoroquinolones,37.77372262
2021,Ireland,J01M,0.4263,Acinetobacter spp.,Fluoroquinolones,3.33333333
2021,Ireland,J01M,0.4263,Escherichia coli,Fluoroquinolones,15.97653554
2021,Ireland,J01M,0.4263,Klebsiella pneumoniae,Fluoroquinolones,16.2
2021,Italy,J01M,1.7703,Acinetobacter spp.,Fluoroquinolones,89.287888
2021,Italy,J01M,1.7703,Escherichia coli,Fluoroquinolones,33.3610572
2021,Italy,J01M,1.7703,Klebsiella pneumoniae,Fluoroquinolones,50.74312216
2021,Iceland,J01M,0.496,Acinetobacter spp.,Fluoroquinolones,
2021,Iceland,J01M,0.496,Escherichia coli,Fluoroquinolones,14.44043321
2021,Iceland,J01M,0.496,Klebsiella pneumoniae,Fluoroquinolones,0.0
2021,Lithuania,J01M,0.779,Acinetobacter spp.,Fluoroquinolones,96.67590027
2021,Lithuania,J01M,0.779,Escherichia coli,Fluoroquinolones,17.64705882
2021,Lithuania,J01M,0.779,Klebsiella pneumoniae,Fluoroquinolones,38.23529411
2021,Luxembourg,J01M,1.3782,Acinetobacter spp.,Fluoroquinolones,
2021,Luxembourg,J01M,1.3782,Escherichia coli,Fluoroquinolones,20.9039548
2021,Luxembourg,J01M,1.3782,Klebsiella pneumoniae,Fluoroquinolones,23.76237623
2021,Latvia,J01M,0.8139,Acinetobacter spp.,Fluoroquinolones,86.66666666
2021,Latvia,J01M,0.8139,Escherichia coli,Fluoroquinolones,20.6632653
2021,Latvia,J01M,0.8139,Klebsiella pneumoniae,Fluoroquinolones,30.95238095
2021,Malta,J01M,1.4692,Acinetobacter spp.,Fluoroquinolones,
2021,Malta,J01M,1.4692,Escherichia coli,Fluoroquinolones,30.76923076
2021,Malta,J01M,1.4692,Klebsiella pneumoniae,Fluoroquinolones,34.81481481
2021,Netherlands,J01M,0.6993,Acinetobacter spp.,Fluoroquinolones,3.76344086
2021,Netherlands,J01M,0.6993,Escherichia coli,Fluoroquinolones,13.32319391
2021,Netherlands,J01M,0.6993,Klebsiella pneumoniae,Fluoroquinolones,10.23622047
2021,Norway,J01M,0.2467,Acinetobacter spp.,Fluoroquinolones,4.76190476
2021,Norway,J01M,0.2467,Escherichia coli,Fluoroquinolones,9.87718839
2021,Norway,J01M,0.2467,Klebsiella pneumoniae,Fluoroquinolones,11.76470588
2021,Poland,J01M,1.4558,Acinetobacter spp.,Fluoroquinolones,92.64705882
2021,Poland,J01M,1.4558,Escherichia coli,Fluoroquinolones,33.11287477
2021,Poland,J01M,1.4558,Klebsiella pneumoniae,Fluoroquinolones,70.37815126
2021,Portugal,J01M,1.2575,Acinetobacter spp.,Fluoroquinolones,17.74193548
2021,Portugal,J01M,1.2575,Escherichia coli,Fluoroquinolones,22.49911
2021,Portugal,J01M,1.2575,Klebsiella pneumoniae,Fluoroquinolones,41.60246533
2021,Romania,J01M,3.3309,Acinetobacter spp.,Fluoroquinolones,94.54545454
2021,Romania,J01M,3.3309,Escherichia coli,Fluoroquinolones,24.69879518
2021,Romania,J01M,3.3309,Klebsiella pneumoniae,Fluoroquinolones,67.1641791
2021,Slovenia,J01M,0.9776,Acinetobacter spp.,Fluoroquinolones,73.38709677
2021,Slovenia,J01M,0.9776,Escherichia coli,Fluoroquinolones,16.65675193
2021,Slovenia,J01M,0.9776,Klebsiella pneumoniae,Fluoroquinolones,24.21652421
2021,Slovakia,J01M,1.3587,Acinetobacter spp.,Fluoroquinolones,68.24324324
2021,Slovakia,J01M,1.3587,Escherichia coli,Fluoroquinolones,29.75830815
2021,Slovakia,J01M,1.3587,Klebsiella pneumoniae,Fluoroquinolones,64.9090909
2021,Spain,J01M,1.8936,Acinetobacter spp.,Fluoroquinolones,58.06451612
2021,Spain,J01M,1.8936,Escherichia coli,Fluoroquinolones,26.61471404
2021,Spain,J01M,1.8936,Klebsiella pneumoniae,Fluoroquinolones,27.72140221
2021,Sweden,J01M,0.6191,Acinetobacter spp.,Fluoroquinolones,1.45985401
2021,Sweden,J01M,0.6191,Escherichia coli,Fluoroquinolones,13.66130558
2021,Sweden,J01M,0.6191,Klebsiella pneumoniae,Fluoroquinolones,11.06083459
2022,Austria,J01M,0.6906,Acinetobacter spp.,Fluoroquinolones,1.06382978
2022,Austria,J01M,0.6906,Escherichia coli,Fluoroquinolones,13.93065998
2022,Austria,J01M,0.6906,Klebsiella pneumoniae,Fluoroquinolones,9.97464074
2022,Belgium,J01M,0.6132,Acinetobacter spp.,Fluoroquinolones,8.33333333
2022,Belgium,J01M,0.6132,Escherichia coli,Fluoroquinolones,17.54850088
2022,Belgium,J01M,0.6132,Klebsiella pneumoniae,Fluoroquinolones,20.18038331
2022,Bulgaria,J01M,3.7299,Acinetobacter spp.,Fluoroquinolones,80.625
2022,Bulgaria,J01M,3.7299,Escherichia coli,Fluoroquinolones,40.58577405
2022,Bulgaria,J01M,3.7299,Klebsiella pneumoniae,Fluoroquinolones,65.38461538
2022,Croatia,J01M,1.744,Acinetobacter spp.,Fluoroquinolones,98.61591695
2022,Croatia,J01M,1.744,Escherichia coli,Fluoroquinolones,30.25641025
2022,Croatia,J01M,1.744,Klebsiella pneumoniae,Fluoroquinolones,53.71900826
2022,Cyprus,J01M,4.5648,Acinetobacter spp.,Fluoroquinolones,95.54455445
2022,Cyprus,J01M,4.5648,Escherichia coli,Fluoroquinolones,46.36363636
2022,Cyprus,J01M,4.5648,Klebsiella pneumoniae,Fluoroquinolones,53.92670157
2022,Czechia,J01M,0.6276,Acinetobacter spp.,Fluoroquinolones,41.17647058
2022,Czechia,J01M,0.6276,Escherichia coli,Fluoroquinolones,18.2379349
2022,Czechia,J01M,0.6276,Klebsiella pneumoniae,Fluoroquinolones,43.16239316
2022,Denmark,J01M,0.4412,Acinetobacter spp.,Fluoroquinolones,16.66666666
2022,Denmark,J01M,0.4412,Escherichia coli,Fluoroquinolones,10.70943652
2022,Denmark,J01M,0.4412,Klebsiella pneumoniae,Fluoroquinolones,7.58364312
2022,Estonia,J01M,0.7186,Acinetobacter spp.,Fluoroquinolones,
2022,Estonia,J01M,0.7186,Escherichia coli,Fluoroquinolones,16.31205673
2022,Estonia,J01M,0.7186,Klebsiella pneumoniae,Fluoroquinolones,16.17021276
2022,Finland,J01M,0.5235,Acinetobacter spp.,Fluoroquinolones,3.57142857
2022,Finland,J01M,0.5235,Escherichia coli,Fluoroquinolones,9.90813648
2022,Finland,J01M,0.5235,Klebsiella pneumoniae,Fluoroquinolones,5.66750629
2022,France,J01M,1.3104,Acinetobacter spp.,Fluoroquinolones,6.44753476
2022,France,J01M,1.3104,Escherichia coli,Fluoroquinolones,14.70571444
2022,France,J01M,1.3104,Klebsiella pneumoniae,Fluoroquinolones,24.58333333
2022,Greece,J01M,3.3374,Acinetobacter spp.,Fluoroquinolones,96.46365422
2022,Greece,J01M,3.3374,Escherichia coli,Fluoroquinolones,37.77239709
2022,Greece,J01M,3.3374,Klebsiella pneumoniae,Fluoroquinolones,78.69034406
2022,Hungary,J01M,1.7732,Acinetobacter spp.,Fluoroquinolones,63.81818181
2022,Hungary,J01M,1.7732,Escherichia coli,Fluoroquinolones,29.27696562
2022,Hungary,J01M,1.7732,Klebsiella pneumoniae,Fluoroquinolones,39.55928646
2022,Ireland,J01M,0.4478,Acinetobacter spp.,Fluoroquinolones,1.53846153
2022,Ireland,J01M,0.4478,Escherichia coli,Fluoroquinolones,15.6
2022,Ireland,J01M,0.4478,Klebsiella pneumoniae,Fluoroquinolones,9.87124463
2022,Italy,J01M,1.9736,Acinetobacter spp.,Fluoroquinolones,89.14976876
2022,Italy,J01M,1.9736,Escherichia coli,Fluoroquinolones,31.62717219
2022,Italy,J01M,1.9736,Klebsiella pneumoniae,Fluoroquinolones,48.71015373
2022,Iceland,J01M,0.5046,Acinetobacter spp.,Fluoroquinolones,
2022,Iceland,J01M,0.5046,Escherichia coli,Fluoroquinolones,10.21276595
2022,Iceland,J01M,0.5046,Klebsiella pneumoniae,Fluoroquinolones,9.375
2022,Lithuania,J01M,0.8576,Acinetobacter spp.,Fluoroquinolones,89.20863309
2022,Lithuania,J01M,0.8576,Escherichia coli,Fluoroquinolones,19.02552204
2022,Lithuania,J01M,0.8576,Klebsiella pneumoniae,Fluoroquinolones,39.88326848
2022,Luxembourg,J01M,1.4768,Acinetobacter spp.,Fluoroquinolones,
2022,Luxembourg,J01M,1.4768,Escherichia coli,Fluoroquinolones,16.84434968
2022,Luxembourg,J01M,1.4768,Klebsiella pneumoniae,Fluoroquinolones,21.36752136
2022,Latvia,J01M,0.938,Acinetobacter spp.,Fluoroquinolones,78.33333333
2022,Latvia,J01M,0.938,Escherichia coli,Fluoroquinolones,21.82952182
2022,Latvia,J01M,0.938,Klebsiella pneumoniae,Fluoroquinolones,33.10104529
2022,Malta,J01M,1.9034,Acinetobacter spp.,Fluoroquinolones,
2022,Malta,J01M,1.9034,Escherichia coli,Fluoroquinolones,26.38036809
2022,Malta,J01M,1.9034,Klebsiella pneumoniae,Fluoroquinolones,31.66666666
2022,Netherlands,J01M,0.732,Acinetobacter spp.,Fluoroquinolones,3.03030303
2022,Netherlands,J01M,0.732,Escherichia coli,Fluoroquinolones,13.14293636
2022,Netherlands,J01M,0.732,Klebsiella pneumoniae,Fluoroquinolones,12.63537906
2022,Norway,J01M,0.2441,Acinetobacter spp.,Fluoroquinolones,0.0
2022,Norway,J01M,0.2441,Escherichia coli,Fluoroquinolones,10.52066559
2022,Norway,J01M,0.2441,Klebsiella pneumoniae,Fluoroquinolones,10.06535947
2022,Poland,J01M,1.5,Acinetobacter spp.,Fluoroquinolones,84.29203539
2022,Poland,J01M,1.5,Escherichia coli,Fluoroquinolones,30.81103678
2022,Poland,J01M,1.5,Klebsiella pneumoniae,Fluoroquinolones,60.55182699
2022,Portugal,J01M,1.3809,Acinetobacter spp.,Fluoroquinolones,32.5203252
2022,Portugal,J01M,1.3809,Escherichia coli,Fluoroquinolones,21.44665461
2022,Portugal,J01M,1.3809,Klebsiella pneumoniae,Fluoroquinolones,40.6930693
2022,Romania,J01M,3.4759,Acinetobacter spp.,Fluoroquinolones,91.11111111
2022,Romania,J01M,3.4759,Escherichia coli,Fluoroquinolones,23.76811594
2022,Romania,J01M,3.4759,Klebsiella pneumoniae,Fluoroquinolones,60.35598705
2022,Slovenia,J01M,1.0127,Acinetobacter spp.,Fluoroquinolones,46.66666666
2022,Slovenia,J01M,1.0127,Escherichia coli,Fluoroquinolones,16.56626506
2022,Slovenia,J01M,1.0127,Klebsiella pneumoniae,Fluoroquinolones,22.04301075
2022,Slovakia,J01M,1.4324,Acinetobacter spp.,Fluoroquinolones,65.16129032
2022,Slovakia,J01M,1.4324,Escherichia coli,Fluoroquinolones,32.35294117
2022,Slovakia,J01M,1.4324,Klebsiella pneumoniae,Fluoroquinolones,47.92176039
2022,Spain,J01M,2.1623,Acinetobacter spp.,Fluoroquinolones,39.13043478
2022,Spain,J01M,2.1623,Escherichia coli,Fluoroquinolones,28.60965428
2022,Spain,J01M,2.1623,Klebsiella pneumoniae,Fluoroquinolones,28.83522727
2023,Austria,J01M,0.7952,Acinetobacter spp.,Fluoroquinolones,5.74712643
2023,Austria,J01M,0.7952,Escherichia coli,Fluoroquinolones,15.03050471
2023,Austria,J01M,0.7952,Klebsiella pneumoniae,Fluoroquinolones,13.89102072
2023,Belgium,J01M,0.6062,Acinetobacter spp.,Fluoroquinolones,8.67346938
2023,Belgium,J01M,0.6062,Escherichia coli,Fluoroquinolones,18.23683679
2023,Belgium,J01M,0.6062,Klebsiella pneumoniae,Fluoroquinolones,21.88139059
2023,Bulgaria,J01M,3.2753,Acinetobacter spp.,Fluoroquinolones,90.71038251
2023,Bulgaria,J01M,3.2753,Escherichia coli,Fluoroquinolones,39.86928104
2023,Bulgaria,J01M,3.2753,Klebsiella pneumoniae,Fluoroquinolones,73.33333333
2023,Croatia,J01M,1.7605,Acinetobacter spp.,Fluoroquinolones,96.56488549
2023,Croatia,J01M,1.7605,Escherichia coli,Fluoroquinolones,29.66101694
2023,Croatia,J01M,1.7605,Klebsiella pneumoniae,Fluoroquinolones,56.63716814
2023,Cyprus,J01M,0.0,Acinetobacter spp.,Fluoroquinolones,86.66666666
2023,Cyprus,J01M,0.0,Escherichia coli,Fluoroquinolones,42.90030211
2023,Cyprus,J01M,0.0,Klebsiella pneumoniae,Fluoroquinolones,55.0
2023,Czechia,J01M,0.5101,Acinetobacter spp.,Fluoroquinolones,38.46153846
2023,Czechia,J01M,0.5101,Escherichia coli,Fluoroquinolones,17.17665209
2023,Czechia,J01M,0.5101,Klebsiella pneumoniae,Fluoroquinolones,37.86698621
2023,Denmark,J01M,0.4249,Acinetobacter spp.,Fluoroquinolones,8.98876404
2023,Denmark,J01M,0.4249,Escherichia coli,Fluoroquinolones,10.46671242
2023,Denmark,J01M,0.4249,Klebsiella pneumoniae,Fluoroquinolones,7.09169054
2023,Estonia,J01M,0.7017,Acinetobacter spp.,Fluoroquinolones,
2023,Estonia,J01M,0.7017,Escherichia coli,Fluoroquinolones,13.28273244
2023,Estonia,J01M,0.7017,Klebsiella pneumoniae,Fluoroquinolones,16.83501683
2023,Finland,J01M,0.5269,Acinetobacter spp.,Fluoroquinolones,0.0
2023,Finland,J01M,0.5269,Escherichia coli,Fluoroquinolones,10.30274583
2023,Finland,J01M,0.5269,Klebsiella pneumoniae,Fluoroquinolones,8.94085281
2023,Germany,J01M,0.582,Acinetobacter spp.,Fluoroquinolones,4.45486518
2023,Germany,J01M,0.582,Escherichia coli,Fluoroquinolones,16.67172623
2023,Germany,J01M,0.582,Klebsiella pneumoniae,Fluoroquinolones,11.70016027
2023,Greece,J01M,3.433,Acinetobacter spp.,Fluoroquinolones,95.08301404
2023,Greece,J01M,3.433,Escherichia coli,Fluoroquinolones,37.77538957
2023,Greece,J01M,3.433,Klebsiella pneumoniae,Fluoroquinolones,76.91597414
2023,Hungary,J01M,1.6423,Acinetobacter spp.,Fluoroquinolones,48.95104895
2023,Hungary,J01M,1.6423,Escherichia coli,Fluoroquinolones,25.98828696
2023,Hungary,J01M,1.6423,Klebsiella pneumoniae,Fluoroquinolones,38.01580333
2023,Ireland,J01M,0.4305,Acinetobacter spp.,Fluoroquinolones,1.61290322
2023,Ireland,J01M,0.4305,Escherichia coli,Fluoroquinolones,15.96995427
2023,Ireland,J01M,0.4305,Klebsiella pneumoniae,Fluoroquinolones,15.50802139
2023,Italy,J01M,1.9316,Acinetobacter spp.,Fluoroquinolones,76.93066053
2023,Italy,J01M,1.9316,Escherichia coli,Fluoroquinolones,34.14425034
2023,Italy,J01M,1.9316,Klebsiella pneumoniae,Fluoroquinolones,50.07750793
2023,Iceland,J01M,0.4703,Acinetobacter spp.,Fluoroquinolones,
2023,Iceland,J01M,0.4703,Escherichia coli,Fluoroquinolones,12.79069767
2023,Iceland,J01M,0.4703,Klebsiella pneumoniae,Fluoroquinolones,11.36363636
2023,Lithuania,J01M,0.9443,Acinetobacter spp.,Fluoroquinolones,92.43697478
2023,Lithuania,J01M,0.9443,Escherichia coli,Fluoroquinolones,20.54982817
2023,Lithuania,J01M,0.9443,Klebsiella pneumoniae,Fluoroquinolones,42.10526315
2023,Luxembourg,J01M,1.4612,Acinetobacter spp.,Fluoroquinolones,
2023,Luxembourg,J01M,1.4612,Escherichia coli,Fluoroquinolones,15.61822125
2023,Luxembourg,J01M,1.4612,Klebsiella pneumoniae,Fluoroquinolones,18.82352941
2023,Latvia,J01M,0.8916,Acinetobacter spp.,Fluoroquinolones,83.67346938
2023,Latvia,J01M,0.8916,Escherichia coli,Fluoroquinolones,28.50877192
2023,Latvia,J01M,0.8916,Klebsiella pneumoniae,Fluoroquinolones,36.59574468
2023,Malta,J01M,1.7239,Acinetobacter spp.,Fluoroquinolones,4.76190476
2023,Malta,J01M,1.7239,Escherichia coli,Fluoroquinolones,27.88461538
2023,Malta,J01M,1.7239,Klebsiella pneumoniae,Fluoroquinolones,29.25170068
2023,Netherlands,J01M,0.7518,Acinetobacter spp.,Fluoroquinolones,5.21327014
2023,Netherlands,J01M,0.7518,Escherichia coli,Fluoroquinolones,12.94642857
2023,Netherlands,J01M,0.7518,Klebsiella pneumoniae,Fluoroquinolones,11.30319148
2023,Norway,J01M,0.2355,Acinetobacter spp.,Fluoroquinolones,0.0
2023,Norway,J01M,0.2355,Escherichia coli,Fluoroquinolones,10.12339461
2023,Norway,J01M,0.2355,Klebsiella pneumoniae,Fluoroquinolones,11.74968071
2023,Poland,J01M,1.4264,Acinetobacter spp.,Fluoroquinolones,85.71428571
2023,Poland,J01M,1.4264,Escherichia coli,Fluoroquinolones,32.20394736
2023,Poland,J01M,1.4264,Klebsiella pneumoniae,Fluoroquinolones,63.64795918
2023,Portugal,J01M,1.4022,Acinetobacter spp.,Fluoroquinolones,46.15384615
2023,Portugal,J01M,1.4022,Escherichia coli,Fluoroquinolones,24.33192686
2023,Portugal,J01M,1.4022,Klebsiella pneumoniae,Fluoroquinolones,44.18740849
2023,Romania,J01M,3.4379,Acinetobacter spp.,Fluoroquinolones,87.72455089
2023,Romania,J01M,3.4379,Escherichia coli,Fluoroquinolones,25.40816326
2023,Romania,J01M,3.4379,Klebsiella pneumoniae,Fluoroquinolones,63.95721925
2023,Slovenia,J01M,1.1001,Acinetobacter spp.,Fluoroquinolones,25.0
2023,Slovenia,J01M,1.1001,Escherichia coli,Fluoroquinolones,15.92434411
2023,Slovenia,J01M,1.1001,Klebsiella pneumoniae,Fluoroquinolones,27.13864306
2023,Slovakia,J01M,1.4472,Acinetobacter spp.,Fluoroquinolones,48.68421052
2023,Slovakia,J01M,1.4472,Escherichia coli,Fluoroquinolones,31.16883116
2023,Slovakia,J01M,1.4472,Klebsiella pneumoniae,Fluoroquinolones,45.48387096
2023,Spain,J01M,2.2223,Acinetobacter spp.,Fluoroquinolones,43.03797468
2023,Spain,J01M,2.2223,Escherichia coli,Fluoroquinolones,27.55537069
2023,Spain,J01M,2.2223,Klebsiella pneumoniae,Fluoroquinolones,25.91765081
2024,Austria,J01M,0.682,Acinetobacter spp.,Fluoroquinolones,1.2345679
2024,Austria,J01M,0.682,Escherichia coli,Fluoroquinolones,15.50452564
2024,Austria,J01M,0.682,Klebsiella pneumoniae,Fluoroquinolones,12.53101736
2024,Belgium,J01M,0.5752,Acinetobacter spp.,Fluoroquinolones,6.19469026
2024,Belgium,J01M,0.5752,Escherichia coli,Fluoroquinolones,20.38396386
2024,Belgium,J01M,0.5752,Klebsiella pneumoniae,Fluoroquinolones,23.15608919
2024,Bulgaria,J01M,2.7345,Acinetobacter spp.,Fluoroquinolones,91.9047619
2024,Bulgaria,J01M,2.7345,Escherichia coli,Fluoroquinolones,28.27380952
2024,Bulgaria,J01M,2.7345,Klebsiella pneumoniae,Fluoroquinolones,80.25751072
2024,Croatia,J01M,1.7,Acinetobacter spp.,Fluoroquinolones,93.45794392
2024,Croatia,J01M,1.7,Escherichia coli,Fluoroquinolones,29.13085004
2024,Croatia,J01M,1.7,Klebsiella pneumoniae,Fluoroquinolones,62.37424547
2024,Cyprus,J01M,4.8307,Acinetobacter spp.,Fluoroquinolones,84.92063492
2024,Cyprus,J01M,4.8307,Escherichia coli,Fluoroquinolones,49.25
2024,Cyprus,J01M,4.8307,Klebsiella pneumoniae,Fluoroquinolones,69.9386503
2024,Czechia,J01M,0.5271,Acinetobacter spp.,Fluoroquinolones,27.45098039
2024,Czechia,J01M,0.5271,Escherichia coli,Fluoroquinolones,19.18931583
2024,Czechia,J01M,0.5271,Klebsiella pneumoniae,Fluoroquinolones,35.0311262
2024,Estonia,J01M,0.6399,Acinetobacter spp.,Fluoroquinolones,
2024,Estonia,J01M,0.6399,Escherichia coli,Fluoroquinolones,14.61397058
2024,Estonia,J01M,0.6399,Klebsiella pneumoniae,Fluoroquinolones,13.19444444
2024,Finland,J01M,0.4905,Acinetobacter spp.,Fluoroquinolones,0.0
2024,Finland,J01M,0.4905,Escherichia coli,Fluoroquinolones,9.85233599
2024,Finland,J01M,0.4905,Klebsiella pneumoniae,Fluoroquinolones,7.14285714
2024,France,J01M,1.1277,Acinetobacter spp.,Fluoroquinolones,5.69514237
2024,France,J01M,1.1277,Escherichia coli,Fluoroquinolones,13.80411306
2024,France,J01M,1.1277,Klebsiella pneumoniae,Fluoroquinolones,22.63910969
2024,Germany,J01M,0.5277,Acinetobacter spp.,Fluoroquinolones,4.01119402
2024,Germany,J01M,0.5277,Escherichia coli,Fluoroquinolones,16.95305504
2024,Germany,J01M,0.5277,Klebsiella pneumoniae,Fluoroquinolones,11.23317769
2024,Greece,J01M,3.5137,Acinetobacter spp.,Fluoroquinolones,95.15331355
2024,Greece,J01M,3.5137,Escherichia coli,Fluoroquinolones,36.34085213
2024,Greece,J01M,3.5137,Klebsiella pneumoniae,Fluoroquinolones,69.85125858
2024,Hungary,J01M,1.3584,Acinetobacter spp.,Fluoroquinolones,50.4
2024,Hungary,J01M,1.3584,Escherichia coli,Fluoroquinolones,25.10652245
2024,Hungary,J01M,1.3584,Klebsiella pneumoniae,Fluoroquinolones,36.48
2024,Ireland,J01M,0.3945,Acinetobacter spp.,Fluoroquinolones,5.88235294
2024,Ireland,J01M,0.3945,Escherichia coli,Fluoroquinolones,15.04178272
2024,Ireland,J01M,0.3945,Klebsiella pneumoniae,Fluoroquinolones,9.69072164
2024,Italy,J01M,1.7812,Acinetobacter spp.,Fluoroquinolones,75.10809141
2024,Italy,J01M,1.7812,Escherichia coli,Fluoroquinolones,34.49146583
2024,Italy,J01M,1.7812,Klebsiella pneumoniae,Fluoroquinolones,47.68478763
2024,Iceland,J01M,0.4436,Acinetobacter spp.,Fluoroquinolones,
2024,Iceland,J01M,0.4436,Escherichia coli,Fluoroquinolones,13.79310344
2024,Iceland,J01M,0.4436,Klebsiella pneumoniae,Fluoroquinolones,0.0
2024,Lithuania,J01M,0.8766,Acinetobacter spp.,Fluoroquinolones,80.55555555
2024,Lithuania,J01M,0.8766,Escherichia coli,Fluoroquinolones,20.0464846
2024,Lithuania,J01M,0.8766,Klebsiella pneumoniae,Fluoroquinolones,44.38280166
2024,Luxembourg,J01M,1.4648,Acinetobacter spp.,Fluoroquinolones,
2024,Luxembourg,J01M,1.4648,Escherichia coli,Fluoroquinolones,18.70229007
2024,Luxembourg,J01M,1.4648,Klebsiella pneumoniae,Fluoroquinolones,15.55555555
2024,Latvia,J01M,0.8309,Acinetobacter spp.,Fluoroquinolones,70.49180327
2024,Latvia,J01M,0.8309,Escherichia coli,Fluoroquinolones,30.37974683
2024,Latvia,J01M,0.8309,Klebsiella pneumoniae,Fluoroquinolones,45.58404558
2024,Malta,J01M,1.7481,Acinetobacter spp.,Fluoroquinolones,
2024,Malta,J01M,1.7481,Escherichia coli,Fluoroquinolones,43.00202839
2024,Malta,J01M,1.7481,Klebsiella pneumoniae,Fluoroquinolones,31.25
2024,Netherlands,J01M,0.74,Acinetobacter spp.,Fluoroquinolones,4.65116279
2024,Netherlands,J01M,0.74,Escherichia coli,Fluoroquinolones,13.68327599
2024,Netherlands,J01M,0.74,Klebsiella pneumoniae,Fluoroquinolones,14.51612903
2024,Norway,J01M,0.2202,Acinetobacter spp.,Fluoroquinolones,1.63934426
2024,Norway,J01M,0.2202,Escherichia coli,Fluoroquinolones,9.99495204
2024,Norway,J01M,0.2202,Klebsiella pneumoniae,Fluoroquinolones,11.33333333
2024,Poland,J01M,1.3681,Acinetobacter spp.,Fluoroquinolones,80.64516129
2024,Poland,J01M,1.3681,Escherichia coli,Fluoroquinolones,28.6939679
2024,Poland,J01M,1.3681,Klebsiella pneumoniae,Fluoroquinolones,57.37623762
2024,Portugal,J01M,1.4223,Acinetobacter spp.,Fluoroquinolones,24.84076433
2024,Portugal,J01M,1.4223,Escherichia coli,Fluoroquinolones,23.71644872
2024,Portugal,J01M,1.4223,Klebsiella pneumoniae,Fluoroquinolones,39.5669824
2024,Romania,J01M,2.841,Acinetobacter spp.,Fluoroquinolones,93.57798165
2024,Romania,J01M,2.841,Escherichia coli,Fluoroquinolones,25.18740629
2024,Romania,J01M,2.841,Klebsiella pneumoniae,Fluoroquinolones,64.51335055
2024,Slovenia,J01M,1.0563,Acinetobacter spp.,Fluoroquinolones,10.0
2024,Slovenia,J01M,1.0563,Escherichia coli,Fluoroquinolones,15.91574019
2024,Slovenia,J01M,1.0563,Klebsiella pneumoniae,Fluoroquinolones,20.73863636
2024,Slovakia,J01M,1.3743,Acinetobacter spp.,Fluoroquinolones,39.36170212
2024,Slovakia,J01M,1.3743,Escherichia coli,Fluoroquinolones,30.06451612
2024,Slovakia,J01M,1.3743,Klebsiella pneumoniae,Fluoroquinolones,50.13192612
2024,Spain,J01M,2.1524,Acinetobacter spp.,Fluoroquinolones,24.28571428
2024,Spain,J01M,2.1524,Escherichia coli,Fluoroquinolones,29.9793246
2024,Spain,J01M,2.1524,Klebsiella pneumoniae,Fluoroquinolones,28.25221916
