Country,Year,Bacteria,Antibiotic Group,Resistance (%),Consumption (DDD/1000/day)
Bulgaria,2012,Acinetobacter spp.,Aminoglycosides,58.46,0.28
Cyprus,2012,Acinetobacter spp.,Aminoglycosides,52.17,0.08
Denmark,2012,Acinetobacter spp.,Aminoglycosides,10.39,0.06
Greece,2012,Acinetobacter spp.,Aminoglycosides,78.12,0.14
France,2012,Acinetobacter spp.,Aminoglycosides,12.95,0.09
Hungary,2012,Acinetobacter spp.,Aminoglycosides,68.8,0.04
Iceland,2012,Acinetobacter spp.,Aminoglycosides,,0.02
Italy,2012,Acinetobacter spp.,Aminoglycosides,83.33,0.09
Luxembourg,2012,Acinetobacter spp.,Aminoglycosides,,0.07
Malta,2012,Acinetobacter spp.,Aminoglycosides,,0.06
Netherlands,2012,Acinetobacter spp.,Aminoglycosides,4.55,0.08
Norway,2012,Acinetobacter spp.,Aminoglycosides,4.0,0.07
Portugal,2012,Acinetobacter spp.,Aminoglycosides,65.09,0.08
Romania,2012,Acinetobacter spp.,Aminoglycosides,57.41,0.42
Slovenia,2012,Acinetobacter spp.,Aminoglycosides,20.0,0.06
Belgium,2013,Acinetobacter spp.,Aminoglycosides,,0.05
Bulgaria,2013,Acinetobacter spp.,Aminoglycosides,58.24,0.27
Cyprus,2013,Acinetobacter spp.,Aminoglycosides,60.61,0.06
Denmark,2013,Acinetobacter spp.,Aminoglycosides,1.33,0.05
Greece,2013,Acinetobacter spp.,Aminoglycosides,82.04,0.12
Finland,2013,Acinetobacter spp.,Aminoglycosides,0.0,0.01
France,2013,Acinetobacter spp.,Aminoglycosides,11.25,0.09
Croatia,2013,Acinetobacter spp.,Aminoglycosides,84.07,0.1
Hungary,2013,Acinetobacter spp.,Aminoglycosides,63.21,0.04
Ireland,2013,Acinetobacter spp.,Aminoglycosides,1.14,0.07
Italy,2013,Acinetobacter spp.,Aminoglycosides,81.8,0.07
Luxembourg,2013,Acinetobacter spp.,Aminoglycosides,,0.06
Malta,2013,Acinetobacter spp.,Aminoglycosides,,0.09
Netherlands,2013,Acinetobacter spp.,Aminoglycosides,2.94,0.08
Norway,2013,Acinetobacter spp.,Aminoglycosides,2.78,0.07
Portugal,2013,Acinetobacter spp.,Aminoglycosides,56.28,0.08
Romania,2013,Acinetobacter spp.,Aminoglycosides,80.29,0.39
Sweden,2013,Acinetobacter spp.,Aminoglycosides,8.11,0.03
Slovenia,2013,Acinetobacter spp.,Aminoglycosides,16.0,0.05
Slovakia,2013,Acinetobacter spp.,Aminoglycosides,42.78,0.08
United Kingdom,2013,Acinetobacter spp.,Aminoglycosides,2.45,0.13
Belgium,2014,Acinetobacter spp.,Aminoglycosides,,0.04
Bulgaria,2014,Acinetobacter spp.,Aminoglycosides,60.92,0.29
Cyprus,2014,Acinetobacter spp.,Aminoglycosides,73.68,0.06
Denmark,2014,Acinetobacter spp.,Aminoglycosides,1.67,0.04
Greece,2014,Acinetobacter spp.,Aminoglycosides,83.88,0.14
Finland,2014,Acinetobacter spp.,Aminoglycosides,3.23,0.01
France,2014,Acinetobacter spp.,Aminoglycosides,8.31,0.09
Croatia,2014,Acinetobacter spp.,Aminoglycosides,82.53,0.14
Hungary,2014,Acinetobacter spp.,Aminoglycosides,59.46,0.04
Ireland,2014,Acinetobacter spp.,Aminoglycosides,2.25,0.06
Italy,2014,Acinetobacter spp.,Aminoglycosides,88.29,0.07
Lithuania,2014,Acinetobacter spp.,Aminoglycosides,80.0,0.1
Luxembourg,2014,Acinetobacter spp.,Aminoglycosides,,0.08
Latvia,2014,Acinetobacter spp.,Aminoglycosides,69.23,0.09
Malta,2014,Acinetobacter spp.,Aminoglycosides,,0.11
Netherlands,2014,Acinetobacter spp.,Aminoglycosides,7.61,0.07
Norway,2014,Acinetobacter spp.,Aminoglycosides,3.03,0.07
Poland,2014,Acinetobacter spp.,Aminoglycosides,58.51,0.09
Portugal,2014,Acinetobacter spp.,Aminoglycosides,42.26,0.07
Romania,2014,Acinetobacter spp.,Aminoglycosides,77.87,0.4
Sweden,2014,Acinetobacter spp.,Aminoglycosides,2.78,0.03
Slovenia,2014,Acinetobacter spp.,Aminoglycosides,32.35,0.06
Slovakia,2014,Acinetobacter spp.,Aminoglycosides,40.59,0.08
United Kingdom,2014,Acinetobacter spp.,Aminoglycosides,10.08,0.13
Belgium,2015,Acinetobacter spp.,Aminoglycosides,,0.04
Bulgaria,2015,Acinetobacter spp.,Aminoglycosides,74.14,0.28
Cyprus,2015,Acinetobacter spp.,Aminoglycosides,74.58,0.06
Denmark,2015,Acinetobacter spp.,Aminoglycosides,4.76,0.04
Estonia,2015,Acinetobacter spp.,Aminoglycosides,,0.04
Greece,2015,Acinetobacter spp.,Aminoglycosides,83.7,0.12
Finland,2015,Acinetobacter spp.,Aminoglycosides,2.38,0.02
France,2015,Acinetobacter spp.,Aminoglycosides,11.14,0.09
Croatia,2015,Acinetobacter spp.,Aminoglycosides,88.32,0.1
Hungary,2015,Acinetobacter spp.,Aminoglycosides,60.65,0.04
Ireland,2015,Acinetobacter spp.,Aminoglycosides,3.75,0.09
Italy,2015,Acinetobacter spp.,Aminoglycosides,74.7,0.28
Lithuania,2015,Acinetobacter spp.,Aminoglycosides,90.41,0.1
Luxembourg,2015,Acinetobacter spp.,Aminoglycosides,,0.06
Latvia,2015,Acinetobacter spp.,Aminoglycosides,59.02,0.09
Malta,2015,Acinetobacter spp.,Aminoglycosides,,0.11
Netherlands,2015,Acinetobacter spp.,Aminoglycosides,9.38,0.07
Norway,2015,Acinetobacter spp.,Aminoglycosides,9.38,0.07
Poland,2015,Acinetobacter spp.,Aminoglycosides,70.2,0.09
Portugal,2015,Acinetobacter spp.,Aminoglycosides,46.45,0.07
Romania,2015,Acinetobacter spp.,Aminoglycosides,80.85,0.36
Sweden,2015,Acinetobacter spp.,Aminoglycosides,3.85,0.02
Slovenia,2015,Acinetobacter spp.,Aminoglycosides,41.94,0.06
Slovakia,2015,Acinetobacter spp.,Aminoglycosides,42.86,0.09
United Kingdom,2015,Acinetobacter spp.,Aminoglycosides,1.96,0.12
Belgium,2016,Acinetobacter spp.,Aminoglycosides,1.52,0.04
Bulgaria,2016,Acinetobacter spp.,Aminoglycosides,81.01,0.26
Cyprus,2016,Acinetobacter spp.,Aminoglycosides,57.14,0.07
Denmark,2016,Acinetobacter spp.,Aminoglycosides,0.0,0.05
Estonia,2016,Acinetobacter spp.,Aminoglycosides,,0.03
Greece,2016,Acinetobacter spp.,Aminoglycosides,84.97,0.14
Spain,2016,Acinetobacter spp.,Aminoglycosides,50.94,0.09
Finland,2016,Acinetobacter spp.,Aminoglycosides,3.57,0.02
France,2016,Acinetobacter spp.,Aminoglycosides,12.25,0.09
Croatia,2016,Acinetobacter spp.,Aminoglycosides,82.97,0.1
Hungary,2016,Acinetobacter spp.,Aminoglycosides,59.1,0.04
Ireland,2016,Acinetobacter spp.,Aminoglycosides,1.59,0.09
Italy,2016,Acinetobacter spp.,Aminoglycosides,76.42,0.49
Lithuania,2016,Acinetobacter spp.,Aminoglycosides,82.76,0.08
Luxembourg,2016,Acinetobacter spp.,Aminoglycosides,,0.06
Latvia,2016,Acinetobacter spp.,Aminoglycosides,77.78,0.08
Malta,2016,Acinetobacter spp.,Aminoglycosides,,0.09
Netherlands,2016,Acinetobacter spp.,Aminoglycosides,3.05,0.06
Norway,2016,Acinetobacter spp.,Aminoglycosides,3.12,0.07
Poland,2016,Acinetobacter spp.,Aminoglycosides,72.61,0.05
Portugal,2016,Acinetobacter spp.,Aminoglycosides,39.32,0.07
Romania,2016,Acinetobacter spp.,Aminoglycosides,89.47,0.29
Sweden,2016,Acinetobacter spp.,Aminoglycosides,5.88,0.03
Slovenia,2016,Acinetobacter spp.,Aminoglycosides,43.33,0.06
Slovakia,2016,Acinetobacter spp.,Aminoglycosides,40.87,0.08
United Kingdom,2016,Acinetobacter spp.,Aminoglycosides,3.34,0.12
Belgium,2017,Acinetobacter spp.,Aminoglycosides,13.13,0.04
Bulgaria,2017,Acinetobacter spp.,Aminoglycosides,89.13,0.26
Cyprus,2017,Acinetobacter spp.,Aminoglycosides,76.0,0.07
Denmark,2017,Acinetobacter spp.,Aminoglycosides,0.0,0.06
Estonia,2017,Acinetobacter spp.,Aminoglycosides,,0.04
Greece,2017,Acinetobacter spp.,Aminoglycosides,85.62,0.14
Spain,2017,Acinetobacter spp.,Aminoglycosides,52.17,0.08
Finland,2017,Acinetobacter spp.,Aminoglycosides,0.0,0.01
France,2017,Acinetobacter spp.,Aminoglycosides,9.07,0.08
Croatia,2017,Acinetobacter spp.,Aminoglycosides,83.98,0.1
Hungary,2017,Acinetobacter spp.,Aminoglycosides,56.15,0.04
Ireland,2017,Acinetobacter spp.,Aminoglycosides,3.23,0.1
Iceland,2017,Acinetobacter spp.,Aminoglycosides,,0.03
Italy,2017,Acinetobacter spp.,Aminoglycosides,76.08,0.07
Lithuania,2017,Acinetobacter spp.,Aminoglycosides,81.4,0.07
Luxembourg,2017,Acinetobacter spp.,Aminoglycosides,,0.06
Latvia,2017,Acinetobacter spp.,Aminoglycosides,78.79,0.08
Malta,2017,Acinetobacter spp.,Aminoglycosides,,0.08
Netherlands,2017,Acinetobacter spp.,Aminoglycosides,3.08,0.06
Norway,2017,Acinetobacter spp.,Aminoglycosides,0.0,0.08
Poland,2017,Acinetobacter spp.,Aminoglycosides,72.67,0.08
Portugal,2017,Acinetobacter spp.,Aminoglycosides,28.57,0.06
Romania,2017,Acinetobacter spp.,Aminoglycosides,83.61,0.21
Sweden,2017,Acinetobacter spp.,Aminoglycosides,0.0,0.03
Slovenia,2017,Acinetobacter spp.,Aminoglycosides,41.67,0.06
Slovakia,2017,Acinetobacter spp.,Aminoglycosides,40.0,0.09
United Kingdom,2017,Acinetobacter spp.,Aminoglycosides,4.56,0.13
Belgium,2018,Acinetobacter spp.,Aminoglycosides,7.38,0.03
Bulgaria,2018,Acinetobacter spp.,Aminoglycosides,73.64,0.27
Cyprus,2018,Acinetobacter spp.,Aminoglycosides,75.44,0.08
Denmark,2018,Acinetobacter spp.,Aminoglycosides,7.55,0.05
Estonia,2018,Acinetobacter spp.,Aminoglycosides,,0.03
Greece,2018,Acinetobacter spp.,Aminoglycosides,81.56,0.14
Spain,2018,Acinetobacter spp.,Aminoglycosides,49.38,0.08
Finland,2018,Acinetobacter spp.,Aminoglycosides,7.41,0.02
France,2018,Acinetobacter spp.,Aminoglycosides,8.92,0.07
Croatia,2018,Acinetobacter spp.,Aminoglycosides,91.5,0.1
Hungary,2018,Acinetobacter spp.,Aminoglycosides,48.69,0.03
Ireland,2018,Acinetobacter spp.,Aminoglycosides,3.57,0.1
Iceland,2018,Acinetobacter spp.,Aminoglycosides,,0.03
Italy,2018,Acinetobacter spp.,Aminoglycosides,76.99,0.07
Lithuania,2018,Acinetobacter spp.,Aminoglycosides,85.06,0.06
Luxembourg,2018,Acinetobacter spp.,Aminoglycosides,,0.05
Latvia,2018,Acinetobacter spp.,Aminoglycosides,60.42,0.07
Malta,2018,Acinetobacter spp.,Aminoglycosides,,0.08
Netherlands,2018,Acinetobacter spp.,Aminoglycosides,4.73,0.05
Norway,2018,Acinetobacter spp.,Aminoglycosides,0.0,0.09
Poland,2018,Acinetobacter spp.,Aminoglycosides,67.37,0.08
Portugal,2018,Acinetobacter spp.,Aminoglycosides,25.4,0.06
Romania,2018,Acinetobacter spp.,Aminoglycosides,80.0,0.2
Sweden,2018,Acinetobacter spp.,Aminoglycosides,5.45,0.02
Slovenia,2018,Acinetobacter spp.,Aminoglycosides,20.51,0.06
Slovakia,2018,Acinetobacter spp.,Aminoglycosides,44.44,0.12
United Kingdom,2018,Acinetobacter spp.,Aminoglycosides,5.1,0.13
Austria,2019,Acinetobacter spp.,Aminoglycosides,7.32,0.03
Belgium,2019,Acinetobacter spp.,Aminoglycosides,3.53,0.03
Bulgaria,2019,Acinetobacter spp.,Aminoglycosides,78.03,0.27
Cyprus,2019,Acinetobacter spp.,Aminoglycosides,84.38,0.08
Czechia,2019,Acinetobacter spp.,Aminoglycosides,33.68,0.09
Denmark,2019,Acinetobacter spp.,Aminoglycosides,2.78,0.06
Estonia,2019,Acinetobacter spp.,Aminoglycosides,,0.02
Greece,2019,Acinetobacter spp.,Aminoglycosides,88.66,0.14
Spain,2019,Acinetobacter spp.,Aminoglycosides,46.99,0.08
Finland,2019,Acinetobacter spp.,Aminoglycosides,0.0,0.02
France,2019,Acinetobacter spp.,Aminoglycosides,14.59,0.07
Croatia,2019,Acinetobacter spp.,Aminoglycosides,92.14,0.09
Hungary,2019,Acinetobacter spp.,Aminoglycosides,50.6,0.03
Ireland,2019,Acinetobacter spp.,Aminoglycosides,1.75,0.1
Iceland,2019,Acinetobacter spp.,Aminoglycosides,,0.03
Italy,2019,Acinetobacter spp.,Aminoglycosides,78.8,0.06
Lithuania,2019,Acinetobacter spp.,Aminoglycosides,83.18,0.06
Luxembourg,2019,Acinetobacter spp.,Aminoglycosides,,0.04
Latvia,2019,Acinetobacter spp.,Aminoglycosides,68.18,0.06
Malta,2019,Acinetobacter spp.,Aminoglycosides,,0.1
Netherlands,2019,Acinetobacter spp.,Aminoglycosides,3.23,0.05
Norway,2019,Acinetobacter spp.,Aminoglycosides,4.35,0.1
Poland,2019,Acinetobacter spp.,Aminoglycosides,70.79,0.07
Portugal,2019,Acinetobacter spp.,Aminoglycosides,24.73,0.06
Romania,2019,Acinetobacter spp.,Aminoglycosides,83.82,0.19
Sweden,2019,Acinetobacter spp.,Aminoglycosides,5.31,0.02
Slovenia,2019,Acinetobacter spp.,Aminoglycosides,25.0,0.06
Slovakia,2019,Acinetobacter spp.,Aminoglycosides,46.39,0.08
United Kingdom,2019,Acinetobacter spp.,Aminoglycosides,5.13,0.13
Austria,2020,Acinetobacter spp.,Aminoglycosides,7.58,0.03
Belgium,2020,Acinetobacter spp.,Aminoglycosides,2.7,0.03
Bulgaria,2020,Acinetobacter spp.,Aminoglycosides,75.97,0.27
Cyprus,2020,Acinetobacter spp.,Aminoglycosides,77.59,0.09
Czechia,2020,Acinetobacter spp.,Aminoglycosides,34.15,0.08
Denmark,2020,Acinetobacter spp.,Aminoglycosides,4.62,0.05
Estonia,2020,Acinetobacter spp.,Aminoglycosides,,0.02
Greece,2020,Acinetobacter spp.,Aminoglycosides,90.37,0.13
Spain,2020,Acinetobacter spp.,Aminoglycosides,53.26,0.08
Finland,2020,Acinetobacter spp.,Aminoglycosides,2.7,0.02
France,2020,Acinetobacter spp.,Aminoglycosides,8.32,0.06
Croatia,2020,Acinetobacter spp.,Aminoglycosides,96.44,0.07
Hungary,2020,Acinetobacter spp.,Aminoglycosides,72.37,0.04
Ireland,2020,Acinetobacter spp.,Aminoglycosides,2.08,0.08
Iceland,2020,Acinetobacter spp.,Aminoglycosides,,0.03
Italy,2020,Acinetobacter spp.,Aminoglycosides,80.25,0.06
Lithuania,2020,Acinetobacter spp.,Aminoglycosides,86.27,0.05
Luxembourg,2020,Acinetobacter spp.,Aminoglycosides,,0.02
Latvia,2020,Acinetobacter spp.,Aminoglycosides,63.46,0.06
Malta,2020,Acinetobacter spp.,Aminoglycosides,,0.05
Netherlands,2020,Acinetobacter spp.,Aminoglycosides,1.34,0.04
Norway,2020,Acinetobacter spp.,Aminoglycosides,0.0,0.08
Poland,2020,Acinetobacter spp.,Aminoglycosides,70.8,0.06
Portugal,2020,Acinetobacter spp.,Aminoglycosides,12.5,0.06
Romania,2020,Acinetobacter spp.,Aminoglycosides,90.12,0.16
Sweden,2020,Acinetobacter spp.,Aminoglycosides,8.0,0.02
Slovenia,2020,Acinetobacter spp.,Aminoglycosides,25.0,0.05
Slovakia,2020,Acinetobacter spp.,Aminoglycosides,28.42,0.07
Austria,2021,Acinetobacter spp.,Aminoglycosides,10.67,0.02
Belgium,2021,Acinetobacter spp.,Aminoglycosides,5.23,0.03
Bulgaria,2021,Acinetobacter spp.,Aminoglycosides,81.57,0.26
Cyprus,2021,Acinetobacter spp.,Aminoglycosides,89.72,0.09
Czechia,2021,Acinetobacter spp.,Aminoglycosides,50.82,0.08
Denmark,2021,Acinetobacter spp.,Aminoglycosides,7.0,0.05
Estonia,2021,Acinetobacter spp.,Aminoglycosides,,0.02
Greece,2021,Acinetobacter spp.,Aminoglycosides,91.41,0.13
Spain,2021,Acinetobacter spp.,Aminoglycosides,58.06,0.08
Finland,2021,Acinetobacter spp.,Aminoglycosides,2.13,0.01
France,2021,Acinetobacter spp.,Aminoglycosides,6.09,0.05
Croatia,2021,Acinetobacter spp.,Aminoglycosides,98.77,0.09
Hungary,2021,Acinetobacter spp.,Aminoglycosides,81.8,0.03
Ireland,2021,Acinetobacter spp.,Aminoglycosides,3.12,0.07
Iceland,2021,Acinetobacter spp.,Aminoglycosides,,0.02
Italy,2021,Acinetobacter spp.,Aminoglycosides,86.41,0.05
Lithuania,2021,Acinetobacter spp.,Aminoglycosides,93.45,0.05
Luxembourg,2021,Acinetobacter spp.,Aminoglycosides,,0.02
Latvia,2021,Acinetobacter spp.,Aminoglycosides,68.29,0.04
Malta,2021,Acinetobacter spp.,Aminoglycosides,,0.07
Netherlands,2021,Acinetobacter spp.,Aminoglycosides,4.19,0.04
Norway,2021,Acinetobacter spp.,Aminoglycosides,2.38,0.08
Poland,2021,Acinetobacter spp.,Aminoglycosides,74.14,0.06
Portugal,2021,Acinetobacter spp.,Aminoglycosides,12.5,0.06
Romania,2021,Acinetobacter spp.,Aminoglycosides,91.07,0.15
Sweden,2021,Acinetobacter spp.,Aminoglycosides,5.07,0.02
Slovenia,2021,Acinetobacter spp.,Aminoglycosides,68.55,0.05
Slovakia,2021,Acinetobacter spp.,Aminoglycosides,61.9,0.07
Austria,2022,Acinetobacter spp.,Aminoglycosides,0.0,0.02
Belgium,2022,Acinetobacter spp.,Aminoglycosides,1.4,0.03
Bulgaria,2022,Acinetobacter spp.,Aminoglycosides,81.25,0.24
Cyprus,2022,Acinetobacter spp.,Aminoglycosides,82.18,0.09
Czechia,2022,Acinetobacter spp.,Aminoglycosides,37.65,0.07
Denmark,2022,Acinetobacter spp.,Aminoglycosides,5.15,0.05
Estonia,2022,Acinetobacter spp.,Aminoglycosides,,0.02
Greece,2022,Acinetobacter spp.,Aminoglycosides,89.13,0.08
Spain,2022,Acinetobacter spp.,Aminoglycosides,32.97,0.07
Finland,2022,Acinetobacter spp.,Aminoglycosides,3.57,0.01
France,2022,Acinetobacter spp.,Aminoglycosides,7.0,0.05
Croatia,2022,Acinetobacter spp.,Aminoglycosides,96.18,0.09
Hungary,2022,Acinetobacter spp.,Aminoglycosides,47.17,0.03
Ireland,2022,Acinetobacter spp.,Aminoglycosides,1.49,0.07
Iceland,2022,Acinetobacter spp.,Aminoglycosides,,0.02
Italy,2022,Acinetobacter spp.,Aminoglycosides,85.0,0.05
Lithuania,2022,Acinetobacter spp.,Aminoglycosides,84.21,0.06
Luxembourg,2022,Acinetobacter spp.,Aminoglycosides,,0.03
Latvia,2022,Acinetobacter spp.,Aminoglycosides,57.53,0.04
Malta,2022,Acinetobacter spp.,Aminoglycosides,,0.05
Netherlands,2022,Acinetobacter spp.,Aminoglycosides,2.01,0.04
Norway,2022,Acinetobacter spp.,Aminoglycosides,2.86,0.09
Poland,2022,Acinetobacter spp.,Aminoglycosides,61.33,0.06
Portugal,2022,Acinetobacter spp.,Aminoglycosides,21.19,0.05
Romania,2022,Acinetobacter spp.,Aminoglycosides,88.76,0.16
Slovenia,2022,Acinetobacter spp.,Aminoglycosides,43.33,0.05
Slovakia,2022,Acinetobacter spp.,Aminoglycosides,64.29,0.06
Austria,2023,Acinetobacter spp.,Aminoglycosides,8.45,0.02
Belgium,2023,Acinetobacter spp.,Aminoglycosides,4.7,0.03
Bulgaria,2023,Acinetobacter spp.,Aminoglycosides,86.34,0.26
Cyprus,2023,Acinetobacter spp.,Aminoglycosides,83.7,0.0
Czechia,2023,Acinetobacter spp.,Aminoglycosides,35.16,0.07
Germany,2023,Acinetobacter spp.,Aminoglycosides,2.67,0.02
Denmark,2023,Acinetobacter spp.,Aminoglycosides,2.25,0.05
Estonia,2023,Acinetobacter spp.,Aminoglycosides,,0.02
Greece,2023,Acinetobacter spp.,Aminoglycosides,88.13,0.08
Spain,2023,Acinetobacter spp.,Aminoglycosides,32.89,0.06
Finland,2023,Acinetobacter spp.,Aminoglycosides,3.03,0.01
Croatia,2023,Acinetobacter spp.,Aminoglycosides,92.37,0.11
Hungary,2023,Acinetobacter spp.,Aminoglycosides,39.67,0.04
Ireland,2023,Acinetobacter spp.,Aminoglycosides,0.0,0.07
Iceland,2023,Acinetobacter spp.,Aminoglycosides,,0.03
Italy,2023,Acinetobacter spp.,Aminoglycosides,73.57,0.05
Lithuania,2023,Acinetobacter spp.,Aminoglycosides,82.5,0.06
Luxembourg,2023,Acinetobacter spp.,Aminoglycosides,,0.04
Latvia,2023,Acinetobacter spp.,Aminoglycosides,50.65,0.04
Malta,2023,Acinetobacter spp.,Aminoglycosides,0.0,0.07
Netherlands,2023,Acinetobacter spp.,Aminoglycosides,4.72,0.04
Norway,2023,Acinetobacter spp.,Aminoglycosides,2.5,0.09
Poland,2023,Acinetobacter spp.,Aminoglycosides,68.13,0.06
Portugal,2023,Acinetobacter spp.,Aminoglycosides,28.29,0.05
Romania,2023,Acinetobacter spp.,Aminoglycosides,82.46,0.16
Slovenia,2023,Acinetobacter spp.,Aminoglycosides,25.0,0.05
Slovakia,2023,Acinetobacter spp.,Aminoglycosides,47.37,0.07
Austria,2024,Acinetobacter spp.,Aminoglycosides,3.66,0.02
Belgium,2024,Acinetobacter spp.,Aminoglycosides,3.23,0.02
Bulgaria,2024,Acinetobacter spp.,Aminoglycosides,89.05,0.27
Cyprus,2024,Acinetobacter spp.,Aminoglycosides,80.99,0.07
Czechia,2024,Acinetobacter spp.,Aminoglycosides,20.59,0.08
Germany,2024,Acinetobacter spp.,Aminoglycosides,4.11,0.02
Estonia,2024,Acinetobacter spp.,Aminoglycosides,,0.02
Greece,2024,Acinetobacter spp.,Aminoglycosides,88.67,0.12
Spain,2024,Acinetobacter spp.,Aminoglycosides,21.25,0.06
Finland,2024,Acinetobacter spp.,Aminoglycosides,2.38,0.01
France,2024,Acinetobacter spp.,Aminoglycosides,3.83,0.04
Croatia,2024,Acinetobacter spp.,Aminoglycosides,89.67,0.1
Hungary,2024,Acinetobacter spp.,Aminoglycosides,44.14,0.04
Ireland,2024,Acinetobacter spp.,Aminoglycosides,1.75,0.08
Iceland,2024,Acinetobacter spp.,Aminoglycosides,,0.03
Italy,2024,Acinetobacter spp.,Aminoglycosides,69.19,0.05
Lithuania,2024,Acinetobacter spp.,Aminoglycosides,76.39,0.05
Luxembourg,2024,Acinetobacter spp.,Aminoglycosides,,0.03
Latvia,2024,Acinetobacter spp.,Aminoglycosides,65.0,0.04
Malta,2024,Acinetobacter spp.,Aminoglycosides,,0.05
Netherlands,2024,Acinetobacter spp.,Aminoglycosides,5.19,0.04
Norway,2024,Acinetobacter spp.,Aminoglycosides,1.75,0.09
Poland,2024,Acinetobacter spp.,Aminoglycosides,56.17,0.06
Portugal,2024,Acinetobacter spp.,Aminoglycosides,22.67,0.05
Romania,2024,Acinetobacter spp.,Aminoglycosides,89.87,0.13
Slovenia,2024,Acinetobacter spp.,Aminoglycosides,5.0,0.05
Slovakia,2024,Acinetobacter spp.,Aminoglycosides,37.23,0.05
Bulgaria,2012,Acinetobacter spp.,Fluoroquinolones,69.23,2.52
Cyprus,2012,Acinetobacter spp.,Fluoroquinolones,56.52,3.51
Denmark,2012,Acinetobacter spp.,Fluoroquinolones,12.05,0.74
Greece,2012,Acinetobacter spp.,Fluoroquinolones,93.11,2.58
France,2012,Acinetobacter spp.,Fluoroquinolones,15.58,2.18
Hungary,2012,Acinetobacter spp.,Fluoroquinolones,78.02,2.18
Iceland,2012,Acinetobacter spp.,Fluoroquinolones,,1.01
Italy,2012,Acinetobacter spp.,Fluoroquinolones,86.02,3.91
Luxembourg,2012,Acinetobacter spp.,Fluoroquinolones,,3.01
Malta,2012,Acinetobacter spp.,Fluoroquinolones,,2.22
Netherlands,2012,Acinetobacter spp.,Fluoroquinolones,6.59,0.92
Norway,2012,Acinetobacter spp.,Fluoroquinolones,0.0,0.64
Portugal,2012,Acinetobacter spp.,Fluoroquinolones,77.38,2.56
Romania,2012,Acinetobacter spp.,Fluoroquinolones,88.89,3.36
Slovenia,2012,Acinetobacter spp.,Fluoroquinolones,28.0,1.29
Belgium,2013,Acinetobacter spp.,Fluoroquinolones,,2.86
Bulgaria,2013,Acinetobacter spp.,Fluoroquinolones,70.21,2.63
Cyprus,2013,Acinetobacter spp.,Fluoroquinolones,60.61,3.98
Denmark,2013,Acinetobacter spp.,Fluoroquinolones,6.33,0.7
Greece,2013,Acinetobacter spp.,Fluoroquinolones,94.95,2.23
Finland,2013,Acinetobacter spp.,Fluoroquinolones,2.78,1.13
France,2013,Acinetobacter spp.,Fluoroquinolones,13.6,2.09
Croatia,2013,Acinetobacter spp.,Fluoroquinolones,92.86,1.66
Hungary,2013,Acinetobacter spp.,Fluoroquinolones,73.52,2.32
Ireland,2013,Acinetobacter spp.,Fluoroquinolones,1.14,0.98
Italy,2013,Acinetobacter spp.,Fluoroquinolones,83.05,3.98
Luxembourg,2013,Acinetobacter spp.,Fluoroquinolones,,2.88
Malta,2013,Acinetobacter spp.,Fluoroquinolones,,3.17
Netherlands,2013,Acinetobacter spp.,Fluoroquinolones,2.88,0.87
Norway,2013,Acinetobacter spp.,Fluoroquinolones,0.0,0.61
Portugal,2013,Acinetobacter spp.,Fluoroquinolones,68.89,2.34
Romania,2013,Acinetobacter spp.,Fluoroquinolones,90.51,3.47
Sweden,2013,Acinetobacter spp.,Fluoroquinolones,5.41,0.87
Slovenia,2013,Acinetobacter spp.,Fluoroquinolones,28.0,1.31
Slovakia,2013,Acinetobacter spp.,Fluoroquinolones,58.51,2.45
United Kingdom,2013,Acinetobacter spp.,Fluoroquinolones,3.64,0.58
Belgium,2014,Acinetobacter spp.,Fluoroquinolones,,2.76
Bulgaria,2014,Acinetobacter spp.,Fluoroquinolones,73.91,3.01
Cyprus,2014,Acinetobacter spp.,Fluoroquinolones,77.59,3.22
Denmark,2014,Acinetobacter spp.,Fluoroquinolones,2.9,0.68
Greece,2014,Acinetobacter spp.,Fluoroquinolones,95.29,2.77
Finland,2014,Acinetobacter spp.,Fluoroquinolones,6.45,1.11
France,2014,Acinetobacter spp.,Fluoroquinolones,11.9,1.99
Croatia,2014,Acinetobacter spp.,Fluoroquinolones,92.07,1.7
Hungary,2014,Acinetobacter spp.,Fluoroquinolones,66.44,2.64
Ireland,2014,Acinetobacter spp.,Fluoroquinolones,4.65,0.94
Italy,2014,Acinetobacter spp.,Fluoroquinolones,92.11,3.81
Lithuania,2014,Acinetobacter spp.,Fluoroquinolones,84.85,1.07
Luxembourg,2014,Acinetobacter spp.,Fluoroquinolones,,2.78
Latvia,2014,Acinetobacter spp.,Fluoroquinolones,88.46,1.35
Malta,2014,Acinetobacter spp.,Fluoroquinolones,,3.42
Netherlands,2014,Acinetobacter spp.,Fluoroquinolones,4.3,0.89
Norway,2014,Acinetobacter spp.,Fluoroquinolones,5.88,0.57
Poland,2014,Acinetobacter spp.,Fluoroquinolones,82.7,1.35
Portugal,2014,Acinetobacter spp.,Fluoroquinolones,52.65,2.27
Romania,2014,Acinetobacter spp.,Fluoroquinolones,83.74,3.72
Sweden,2014,Acinetobacter spp.,Fluoroquinolones,11.54,0.85
Slovenia,2014,Acinetobacter spp.,Fluoroquinolones,41.18,1.32
Slovakia,2014,Acinetobacter spp.,Fluoroquinolones,51.76,0.92
United Kingdom,2014,Acinetobacter spp.,Fluoroquinolones,11.38,0.59
Belgium,2015,Acinetobacter spp.,Fluoroquinolones,0.0,2.78
Bulgaria,2015,Acinetobacter spp.,Fluoroquinolones,78.63,3.04
Cyprus,2015,Acinetobacter spp.,Fluoroquinolones,83.33,4.56
Denmark,2015,Acinetobacter spp.,Fluoroquinolones,5.88,0.66
Estonia,2015,Acinetobacter spp.,Fluoroquinolones,,1.08
Greece,2015,Acinetobacter spp.,Fluoroquinolones,94.93,2.9
Finland,2015,Acinetobacter spp.,Fluoroquinolones,2.33,0.99
France,2015,Acinetobacter spp.,Fluoroquinolones,13.49,1.83
Croatia,2015,Acinetobacter spp.,Fluoroquinolones,92.35,1.7
Hungary,2015,Acinetobacter spp.,Fluoroquinolones,68.1,2.92
Ireland,2015,Acinetobacter spp.,Fluoroquinolones,4.82,1.03
Italy,2015,Acinetobacter spp.,Fluoroquinolones,81.63,3.8
Lithuania,2015,Acinetobacter spp.,Fluoroquinolones,93.15,1.18
Luxembourg,2015,Acinetobacter spp.,Fluoroquinolones,,2.68
Latvia,2015,Acinetobacter spp.,Fluoroquinolones,78.33,1.32
Malta,2015,Acinetobacter spp.,Fluoroquinolones,,3.11
Netherlands,2015,Acinetobacter spp.,Fluoroquinolones,5.21,0.87
Norway,2015,Acinetobacter spp.,Fluoroquinolones,9.38,0.51
Poland,2015,Acinetobacter spp.,Fluoroquinolones,88.07,1.54
Portugal,2015,Acinetobacter spp.,Fluoroquinolones,55.84,2.18
Romania,2015,Acinetobacter spp.,Fluoroquinolones,82.54,3.5
Sweden,2015,Acinetobacter spp.,Fluoroquinolones,3.85,0.84
Slovenia,2015,Acinetobacter spp.,Fluoroquinolones,58.06,1.38
Slovakia,2015,Acinetobacter spp.,Fluoroquinolones,51.95,2.71
United Kingdom,2015,Acinetobacter spp.,Fluoroquinolones,7.19,0.57
Belgium,2016,Acinetobacter spp.,Fluoroquinolones,7.69,2.6
Bulgaria,2016,Acinetobacter spp.,Fluoroquinolones,67.92,3.02
Cyprus,2016,Acinetobacter spp.,Fluoroquinolones,71.43,7.02
Denmark,2016,Acinetobacter spp.,Fluoroquinolones,2.78,0.63
Estonia,2016,Acinetobacter spp.,Fluoroquinolones,,0.99
Greece,2016,Acinetobacter spp.,Fluoroquinolones,94.9,2.82
Spain,2016,Acinetobacter spp.,Fluoroquinolones,68.87,3.24
Finland,2016,Acinetobacter spp.,Fluoroquinolones,0.0,0.99
France,2016,Acinetobacter spp.,Fluoroquinolones,15.04,1.73
Croatia,2016,Acinetobacter spp.,Fluoroquinolones,94.89,1.7
Hungary,2016,Acinetobacter spp.,Fluoroquinolones,68.01,2.58
Ireland,2016,Acinetobacter spp.,Fluoroquinolones,1.47,0.98
Italy,2016,Acinetobacter spp.,Fluoroquinolones,79.91,3.63
Lithuania,2016,Acinetobacter spp.,Fluoroquinolones,87.36,1.15
Luxembourg,2016,Acinetobacter spp.,Fluoroquinolones,,2.62
Latvia,2016,Acinetobacter spp.,Fluoroquinolones,85.29,1.31
Malta,2016,Acinetobacter spp.,Fluoroquinolones,,2.67
Netherlands,2016,Acinetobacter spp.,Fluoroquinolones,2.24,0.84
Norway,2016,Acinetobacter spp.,Fluoroquinolones,3.03,0.46
Poland,2016,Acinetobacter spp.,Fluoroquinolones,82.95,1.62
Portugal,2016,Acinetobacter spp.,Fluoroquinolones,50.49,2.04
Romania,2016,Acinetobacter spp.,Fluoroquinolones,91.08,2.89
Sweden,2016,Acinetobacter spp.,Fluoroquinolones,4.65,0.82
Slovenia,2016,Acinetobacter spp.,Fluoroquinolones,55.0,1.35
Slovakia,2016,Acinetobacter spp.,Fluoroquinolones,46.09,2.55
United Kingdom,2016,Acinetobacter spp.,Fluoroquinolones,4.41,0.55
Belgium,2017,Acinetobacter spp.,Fluoroquinolones,10.77,2.36
Bulgaria,2017,Acinetobacter spp.,Fluoroquinolones,95.65,3.11
Cyprus,2017,Acinetobacter spp.,Fluoroquinolones,76.0,6.21
Denmark,2017,Acinetobacter spp.,Fluoroquinolones,1.47,0.58
Estonia,2017,Acinetobacter spp.,Fluoroquinolones,,0.99
Greece,2017,Acinetobacter spp.,Fluoroquinolones,96.04,2.8
Spain,2017,Acinetobacter spp.,Fluoroquinolones,68.48,3.12
Finland,2017,Acinetobacter spp.,Fluoroquinolones,2.7,0.89
France,2017,Acinetobacter spp.,Fluoroquinolones,12.26,1.56
Croatia,2017,Acinetobacter spp.,Fluoroquinolones,98.04,1.73
Hungary,2017,Acinetobacter spp.,Fluoroquinolones,67.05,2.61
Ireland,2017,Acinetobacter spp.,Fluoroquinolones,7.58,0.9
Iceland,2017,Acinetobacter spp.,Fluoroquinolones,,0.91
Italy,2017,Acinetobacter spp.,Fluoroquinolones,79.23,3.07
Lithuania,2017,Acinetobacter spp.,Fluoroquinolones,91.86,1.11
Luxembourg,2017,Acinetobacter spp.,Fluoroquinolones,,2.96
Latvia,2017,Acinetobacter spp.,Fluoroquinolones,81.82,1.27
Malta,2017,Acinetobacter spp.,Fluoroquinolones,,2.48
Netherlands,2017,Acinetobacter spp.,Fluoroquinolones,3.03,0.82
Norway,2017,Acinetobacter spp.,Fluoroquinolones,0.0,0.4
Poland,2017,Acinetobacter spp.,Fluoroquinolones,83.05,1.66
Portugal,2017,Acinetobacter spp.,Fluoroquinolones,38.37,1.86
Romania,2017,Acinetobacter spp.,Fluoroquinolones,89.07,3.25
Sweden,2017,Acinetobacter spp.,Fluoroquinolones,0.0,0.78
Slovenia,2017,Acinetobacter spp.,Fluoroquinolones,47.22,1.31
Slovakia,2017,Acinetobacter spp.,Fluoroquinolones,52.38,2.4
United Kingdom,2017,Acinetobacter spp.,Fluoroquinolones,6.31,0.57
Belgium,2018,Acinetobacter spp.,Fluoroquinolones,12.69,1.33
Bulgaria,2018,Acinetobacter spp.,Fluoroquinolones,78.18,3.12
Cyprus,2018,Acinetobacter spp.,Fluoroquinolones,89.09,5.3
Denmark,2018,Acinetobacter spp.,Fluoroquinolones,9.09,0.55
Estonia,2018,Acinetobacter spp.,Fluoroquinolones,,0.86
Greece,2018,Acinetobacter spp.,Fluoroquinolones,93.49,3.16
Spain,2018,Acinetobacter spp.,Fluoroquinolones,56.79,2.97
Finland,2018,Acinetobacter spp.,Fluoroquinolones,0.0,0.82
France,2018,Acinetobacter spp.,Fluoroquinolones,12.02,1.53
Croatia,2018,Acinetobacter spp.,Fluoroquinolones,96.13,1.72
Hungary,2018,Acinetobacter spp.,Fluoroquinolones,66.01,2.5
Ireland,2018,Acinetobacter spp.,Fluoroquinolones,0.0,0.86
Iceland,2018,Acinetobacter spp.,Fluoroquinolones,,0.91
Italy,2018,Acinetobacter spp.,Fluoroquinolones,81.14,3.01
Lithuania,2018,Acinetobacter spp.,Fluoroquinolones,90.91,1.06
Luxembourg,2018,Acinetobacter spp.,Fluoroquinolones,,2.21
Latvia,2018,Acinetobacter spp.,Fluoroquinolones,80.85,1.23
Malta,2018,Acinetobacter spp.,Fluoroquinolones,,2.6
Netherlands,2018,Acinetobacter spp.,Fluoroquinolones,7.38,0.81
Norway,2018,Acinetobacter spp.,Fluoroquinolones,0.0,0.36
Poland,2018,Acinetobacter spp.,Fluoroquinolones,86.94,1.66
Portugal,2018,Acinetobacter spp.,Fluoroquinolones,34.15,1.82
Romania,2018,Acinetobacter spp.,Fluoroquinolones,88.07,3.3
Sweden,2018,Acinetobacter spp.,Fluoroquinolones,7.27,0.75
Slovenia,2018,Acinetobacter spp.,Fluoroquinolones,28.21,1.3
Slovakia,2018,Acinetobacter spp.,Fluoroquinolones,56.03,2.34
United Kingdom,2018,Acinetobacter spp.,Fluoroquinolones,2.92,0.57
Austria,2019,Acinetobacter spp.,Fluoroquinolones,9.76,0.9
Belgium,2019,Acinetobacter spp.,Fluoroquinolones,8.6,0.73
Bulgaria,2019,Acinetobacter spp.,Fluoroquinolones,74.24,3.08
Cyprus,2019,Acinetobacter spp.,Fluoroquinolones,90.62,5.82
Czechia,2019,Acinetobacter spp.,Fluoroquinolones,32.63,0.69
Denmark,2019,Acinetobacter spp.,Fluoroquinolones,6.94,0.49
Estonia,2019,Acinetobacter spp.,Fluoroquinolones,,0.77
Greece,2019,Acinetobacter spp.,Fluoroquinolones,95.77,3.24
Spain,2019,Acinetobacter spp.,Fluoroquinolones,54.88,2.53
Finland,2019,Acinetobacter spp.,Fluoroquinolones,0.0,0.62
France,2019,Acinetobacter spp.,Fluoroquinolones,13.31,1.38
Croatia,2019,Acinetobacter spp.,Fluoroquinolones,93.66,1.6
Hungary,2019,Acinetobacter spp.,Fluoroquinolones,63.35,2.07
Ireland,2019,Acinetobacter spp.,Fluoroquinolones,7.81,0.63
Iceland,2019,Acinetobacter spp.,Fluoroquinolones,,0.62
Italy,2019,Acinetobacter spp.,Fluoroquinolones,82.46,2.24
Lithuania,2019,Acinetobacter spp.,Fluoroquinolones,91.67,1.02
Luxembourg,2019,Acinetobacter spp.,Fluoroquinolones,,1.72
Latvia,2019,Acinetobacter spp.,Fluoroquinolones,83.33,1.07
Malta,2019,Acinetobacter spp.,Fluoroquinolones,,2.12
Netherlands,2019,Acinetobacter spp.,Fluoroquinolones,7.87,0.74
Norway,2019,Acinetobacter spp.,Fluoroquinolones,0.0,0.31
Poland,2019,Acinetobacter spp.,Fluoroquinolones,85.53,1.52
Portugal,2019,Acinetobacter spp.,Fluoroquinolones,26.14,1.64
Romania,2019,Acinetobacter spp.,Fluoroquinolones,91.22,3.32
Sweden,2019,Acinetobacter spp.,Fluoroquinolones,7.96,0.69
Slovenia,2019,Acinetobacter spp.,Fluoroquinolones,27.5,1.17
Slovakia,2019,Acinetobacter spp.,Fluoroquinolones,61.7,1.66
United Kingdom,2019,Acinetobacter spp.,Fluoroquinolones,7.07,0.51
Austria,2020,Acinetobacter spp.,Fluoroquinolones,10.14,0.7
Belgium,2020,Acinetobacter spp.,Fluoroquinolones,15.6,0.59
Bulgaria,2020,Acinetobacter spp.,Fluoroquinolones,82.95,3.89
Cyprus,2020,Acinetobacter spp.,Fluoroquinolones,82.76,7.34
Czechia,2020,Acinetobacter spp.,Fluoroquinolones,35.37,0.6
Denmark,2020,Acinetobacter spp.,Fluoroquinolones,13.85,0.44
Estonia,2020,Acinetobacter spp.,Fluoroquinolones,,0.88
Greece,2020,Acinetobacter spp.,Fluoroquinolones,95.75,2.8
Spain,2020,Acinetobacter spp.,Fluoroquinolones,61.96,1.97
Finland,2020,Acinetobacter spp.,Fluoroquinolones,8.33,0.55
France,2020,Acinetobacter spp.,Fluoroquinolones,9.04,1.25
Croatia,2020,Acinetobacter spp.,Fluoroquinolones,98.21,1.42
Hungary,2020,Acinetobacter spp.,Fluoroquinolones,76.98,1.55
Ireland,2020,Acinetobacter spp.,Fluoroquinolones,7.32,0.48
Iceland,2020,Acinetobacter spp.,Fluoroquinolones,,0.53
Italy,2020,Acinetobacter spp.,Fluoroquinolones,83.43,1.87
Lithuania,2020,Acinetobacter spp.,Fluoroquinolones,92.86,0.92
Luxembourg,2020,Acinetobacter spp.,Fluoroquinolones,,1.39
Latvia,2020,Acinetobacter spp.,Fluoroquinolones,86.0,0.93
Malta,2020,Acinetobacter spp.,Fluoroquinolones,,1.64
Netherlands,2020,Acinetobacter spp.,Fluoroquinolones,4.08,0.7
Norway,2020,Acinetobacter spp.,Fluoroquinolones,0.0,0.27
Poland,2020,Acinetobacter spp.,Fluoroquinolones,88.25,1.3
Portugal,2020,Acinetobacter spp.,Fluoroquinolones,17.82,1.3
Romania,2020,Acinetobacter spp.,Fluoroquinolones,95.29,3.12
Sweden,2020,Acinetobacter spp.,Fluoroquinolones,7.14,0.62
Slovenia,2020,Acinetobacter spp.,Fluoroquinolones,27.78,0.97
Slovakia,2020,Acinetobacter spp.,Fluoroquinolones,38.95,1.32
Austria,2021,Acinetobacter spp.,Fluoroquinolones,13.75,0.63
Belgium,2021,Acinetobacter spp.,Fluoroquinolones,12.33,0.58
Bulgaria,2021,Acinetobacter spp.,Fluoroquinolones,80.18,4.51
Cyprus,2021,Acinetobacter spp.,Fluoroquinolones,91.67,4.69
Czechia,2021,Acinetobacter spp.,Fluoroquinolones,53.28,0.6
Denmark,2021,Acinetobacter spp.,Fluoroquinolones,15.53,0.42
Estonia,2021,Acinetobacter spp.,Fluoroquinolones,,0.7
Greece,2021,Acinetobacter spp.,Fluoroquinolones,97.16,2.36
Spain,2021,Acinetobacter spp.,Fluoroquinolones,58.06,1.89
Finland,2021,Acinetobacter spp.,Fluoroquinolones,2.13,0.49
France,2021,Acinetobacter spp.,Fluoroquinolones,7.14,1.16
Croatia,2021,Acinetobacter spp.,Fluoroquinolones,99.75,1.68
Hungary,2021,Acinetobacter spp.,Fluoroquinolones,85.57,1.54
Ireland,2021,Acinetobacter spp.,Fluoroquinolones,3.33,0.43
Iceland,2021,Acinetobacter spp.,Fluoroquinolones,,0.5
Italy,2021,Acinetobacter spp.,Fluoroquinolones,89.29,1.77
Lithuania,2021,Acinetobacter spp.,Fluoroquinolones,96.68,0.78
Luxembourg,2021,Acinetobacter spp.,Fluoroquinolones,,1.38
Latvia,2021,Acinetobacter spp.,Fluoroquinolones,86.67,0.81
Malta,2021,Acinetobacter spp.,Fluoroquinolones,,1.47
Netherlands,2021,Acinetobacter spp.,Fluoroquinolones,3.76,0.7
Norway,2021,Acinetobacter spp.,Fluoroquinolones,4.76,0.25
Poland,2021,Acinetobacter spp.,Fluoroquinolones,92.65,1.46
Portugal,2021,Acinetobacter spp.,Fluoroquinolones,17.74,1.26
Romania,2021,Acinetobacter spp.,Fluoroquinolones,94.55,3.33
Sweden,2021,Acinetobacter spp.,Fluoroquinolones,1.46,0.62
Slovenia,2021,Acinetobacter spp.,Fluoroquinolones,73.39,0.98
Slovakia,2021,Acinetobacter spp.,Fluoroquinolones,68.24,1.36
Austria,2022,Acinetobacter spp.,Fluoroquinolones,1.06,0.69
Belgium,2022,Acinetobacter spp.,Fluoroquinolones,8.33,0.61
Bulgaria,2022,Acinetobacter spp.,Fluoroquinolones,80.62,3.73
Cyprus,2022,Acinetobacter spp.,Fluoroquinolones,95.54,4.56
Czechia,2022,Acinetobacter spp.,Fluoroquinolones,41.18,0.63
Denmark,2022,Acinetobacter spp.,Fluoroquinolones,16.67,0.44
Estonia,2022,Acinetobacter spp.,Fluoroquinolones,,0.72
Greece,2022,Acinetobacter spp.,Fluoroquinolones,96.46,3.34
Spain,2022,Acinetobacter spp.,Fluoroquinolones,39.13,2.16
Finland,2022,Acinetobacter spp.,Fluoroquinolones,3.57,0.52
France,2022,Acinetobacter spp.,Fluoroquinolones,6.45,1.31
Croatia,2022,Acinetobacter spp.,Fluoroquinolones,98.62,1.74
Hungary,2022,Acinetobacter spp.,Fluoroquinolones,63.82,1.77
Ireland,2022,Acinetobacter spp.,Fluoroquinolones,1.54,0.45
Iceland,2022,Acinetobacter spp.,Fluoroquinolones,,0.5
Italy,2022,Acinetobacter spp.,Fluoroquinolones,89.15,1.97
Lithuania,2022,Acinetobacter spp.,Fluoroquinolones,89.21,0.86
Luxembourg,2022,Acinetobacter spp.,Fluoroquinolones,,1.48
Latvia,2022,Acinetobacter spp.,Fluoroquinolones,78.33,0.94
Malta,2022,Acinetobacter spp.,Fluoroquinolones,,1.9
Netherlands,2022,Acinetobacter spp.,Fluoroquinolones,3.03,0.73
Norway,2022,Acinetobacter spp.,Fluoroquinolones,0.0,0.24
Poland,2022,Acinetobacter spp.,Fluoroquinolones,84.29,1.5
Portugal,2022,Acinetobacter spp.,Fluoroquinolones,32.52,1.38
Romania,2022,Acinetobacter spp.,Fluoroquinolones,91.11,3.48
Slovenia,2022,Acinetobacter spp.,Fluoroquinolones,46.67,1.01
Slovakia,2022,Acinetobacter spp.,Fluoroquinolones,65.16,1.43
Austria,2023,Acinetobacter spp.,Fluoroquinolones,5.75,0.8
Belgium,2023,Acinetobacter spp.,Fluoroquinolones,8.67,0.61
Bulgaria,2023,Acinetobacter spp.,Fluoroquinolones,90.71,3.28
Cyprus,2023,Acinetobacter spp.,Fluoroquinolones,86.67,0.0
Czechia,2023,Acinetobacter spp.,Fluoroquinolones,38.46,0.51
Germany,2023,Acinetobacter spp.,Fluoroquinolones,4.45,0.58
Denmark,2023,Acinetobacter spp.,Fluoroquinolones,8.99,0.42
Estonia,2023,Acinetobacter spp.,Fluoroquinolones,,0.7
Greece,2023,Acinetobacter spp.,Fluoroquinolones,95.08,3.43
Spain,2023,Acinetobacter spp.,Fluoroquinolones,43.04,2.22
Finland,2023,Acinetobacter spp.,Fluoroquinolones,0.0,0.53
Croatia,2023,Acinetobacter spp.,Fluoroquinolones,96.56,1.76
Hungary,2023,Acinetobacter spp.,Fluoroquinolones,48.95,1.64
Ireland,2023,Acinetobacter spp.,Fluoroquinolones,1.61,0.43
Iceland,2023,Acinetobacter spp.,Fluoroquinolones,,0.47
Italy,2023,Acinetobacter spp.,Fluoroquinolones,76.93,1.93
Lithuania,2023,Acinetobacter spp.,Fluoroquinolones,92.44,0.94
Luxembourg,2023,Acinetobacter spp.,Fluoroquinolones,,1.46
Latvia,2023,Acinetobacter spp.,Fluoroquinolones,83.67,0.89
Malta,2023,Acinetobacter spp.,Fluoroquinolones,4.76,1.72
Netherlands,2023,Acinetobacter spp.,Fluoroquinolones,5.21,0.75
Norway,2023,Acinetobacter spp.,Fluoroquinolones,0.0,0.24
Poland,2023,Acinetobacter spp.,Fluoroquinolones,85.71,1.43
Portugal,2023,Acinetobacter spp.,Fluoroquinolones,46.15,1.4
Romania,2023,Acinetobacter spp.,Fluoroquinolones,87.72,3.44
Slovenia,2023,Acinetobacter spp.,Fluoroquinolones,25.0,1.1
Slovakia,2023,Acinetobacter spp.,Fluoroquinolones,48.68,1.45
Austria,2024,Acinetobacter spp.,Fluoroquinolones,1.23,0.68
Belgium,2024,Acinetobacter spp.,Fluoroquinolones,6.19,0.58
Bulgaria,2024,Acinetobacter spp.,Fluoroquinolones,91.9,2.73
Cyprus,2024,Acinetobacter spp.,Fluoroquinolones,84.92,4.83
Czechia,2024,Acinetobacter spp.,Fluoroquinolones,27.45,0.53
Germany,2024,Acinetobacter spp.,Fluoroquinolones,4.01,0.53
Estonia,2024,Acinetobacter spp.,Fluoroquinolones,,0.64
Greece,2024,Acinetobacter spp.,Fluoroquinolones,95.15,3.51
Spain,2024,Acinetobacter spp.,Fluoroquinolones,24.29,2.15
Finland,2024,Acinetobacter spp.,Fluoroquinolones,0.0,0.49
France,2024,Acinetobacter spp.,Fluoroquinolones,5.7,1.13
Croatia,2024,Acinetobacter spp.,Fluoroquinolones,93.46,1.7
Hungary,2024,Acinetobacter spp.,Fluoroquinolones,50.4,1.36
Ireland,2024,Acinetobacter spp.,Fluoroquinolones,5.88,0.39
Iceland,2024,Acinetobacter spp.,Fluoroquinolones,,0.44
Italy,2024,Acinetobacter spp.,Fluoroquinolones,75.11,1.78
Lithuania,2024,Acinetobacter spp.,Fluoroquinolones,80.56,0.88
Luxembourg,2024,Acinetobacter spp.,Fluoroquinolones,,1.46
Latvia,2024,Acinetobacter spp.,Fluoroquinolones,70.49,0.83
Malta,2024,Acinetobacter spp.,Fluoroquinolones,,1.75
Netherlands,2024,Acinetobacter spp.,Fluoroquinolones,4.65,0.74
Norway,2024,Acinetobacter spp.,Fluoroquinolones,1.64,0.22
Poland,2024,Acinetobacter spp.,Fluoroquinolones,80.65,1.37
Portugal,2024,Acinetobacter spp.,Fluoroquinolones,24.84,1.42
Romania,2024,Acinetobacter spp.,Fluoroquinolones,93.58,2.84
Slovenia,2024,Acinetobacter spp.,Fluoroquinolones,10.0,1.06
Slovakia,2024,Acinetobacter spp.,Fluoroquinolones,39.36,1.37
Greece,2000,Escherichia coli,Aminoglycosides,4.47,0.32
Netherlands,2000,Escherichia coli,Aminoglycosides,2.01,0.03
Belgium,2001,Escherichia coli,Aminoglycosides,4.26,0.08
Bulgaria,2001,Escherichia coli,Aminoglycosides,15.79,1.55
Estonia,2001,Escherichia coli,Aminoglycosides,7.84,0.31
Greece,2001,Escherichia coli,Aminoglycosides,4.75,0.26
Finland,2001,Escherichia coli,Aminoglycosides,0.09,0.03
Croatia,2001,Escherichia coli,Aminoglycosides,6.04,0.17
Hungary,2001,Escherichia coli,Aminoglycosides,3.69,0.05
Iceland,2001,Escherichia coli,Aminoglycosides,3.53,0.04
Luxembourg,2001,Escherichia coli,Aminoglycosides,4.66,0.09
Netherlands,2001,Escherichia coli,Aminoglycosides,2.23,0.03
Norway,2001,Escherichia coli,Aminoglycosides,0.76,0.05
Poland,2001,Escherichia coli,Aminoglycosides,5.0,0.35
Sweden,2001,Escherichia coli,Aminoglycosides,0.89,0.02
Slovenia,2001,Escherichia coli,Aminoglycosides,2.01,0.08
Slovakia,2001,Escherichia coli,Aminoglycosides,2.22,0.19
Belgium,2002,Escherichia coli,Aminoglycosides,5.67,0.08
Bulgaria,2002,Escherichia coli,Aminoglycosides,16.67,1.36
Germany,2002,Escherichia coli,Aminoglycosides,5.07,0.05
Estonia,2002,Escherichia coli,Aminoglycosides,10.45,0.28
Greece,2002,Escherichia coli,Aminoglycosides,6.33,0.28
Finland,2002,Escherichia coli,Aminoglycosides,0.84,0.03
France,2002,Escherichia coli,Aminoglycosides,4.25,0.15
Croatia,2002,Escherichia coli,Aminoglycosides,6.73,0.2
Hungary,2002,Escherichia coli,Aminoglycosides,6.07,0.06
Iceland,2002,Escherichia coli,Aminoglycosides,1.22,0.04
Luxembourg,2002,Escherichia coli,Aminoglycosides,3.63,0.1
Netherlands,2002,Escherichia coli,Aminoglycosides,2.37,0.04
Norway,2002,Escherichia coli,Aminoglycosides,0.71,0.06
Poland,2002,Escherichia coli,Aminoglycosides,10.53,0.25
Sweden,2002,Escherichia coli,Aminoglycosides,0.44,0.02
Slovenia,2002,Escherichia coli,Aminoglycosides,3.42,0.08
Slovakia,2002,Escherichia coli,Aminoglycosides,3.26,0.15
Belgium,2003,Escherichia coli,Aminoglycosides,4.67,0.09
Bulgaria,2003,Escherichia coli,Aminoglycosides,22.15,1.21
Germany,2003,Escherichia coli,Aminoglycosides,5.25,0.04
Estonia,2003,Escherichia coli,Aminoglycosides,3.06,0.25
Greece,2003,Escherichia coli,Aminoglycosides,5.5,0.29
Finland,2003,Escherichia coli,Aminoglycosides,1.23,0.03
France,2003,Escherichia coli,Aminoglycosides,5.12,0.12
Croatia,2003,Escherichia coli,Aminoglycosides,7.19,0.14
Hungary,2003,Escherichia coli,Aminoglycosides,7.75,0.05
Iceland,2003,Escherichia coli,Aminoglycosides,2.04,0.04
Luxembourg,2003,Escherichia coli,Aminoglycosides,3.52,0.09
Norway,2003,Escherichia coli,Aminoglycosides,0.45,0.06
Poland,2003,Escherichia coli,Aminoglycosides,8.94,0.0
Sweden,2003,Escherichia coli,Aminoglycosides,1.03,0.01
Slovenia,2003,Escherichia coli,Aminoglycosides,2.24,0.08
Slovakia,2003,Escherichia coli,Aminoglycosides,5.91,0.07
Belgium,2004,Escherichia coli,Aminoglycosides,4.54,0.08
Bulgaria,2004,Escherichia coli,Aminoglycosides,20.62,0.39
Germany,2004,Escherichia coli,Aminoglycosides,4.28,0.04
Estonia,2004,Escherichia coli,Aminoglycosides,1.81,0.32
Greece,2004,Escherichia coli,Aminoglycosides,5.76,0.28
Finland,2004,Escherichia coli,Aminoglycosides,2.25,0.03
France,2004,Escherichia coli,Aminoglycosides,4.29,0.13
Croatia,2004,Escherichia coli,Aminoglycosides,5.79,0.12
Hungary,2004,Escherichia coli,Aminoglycosides,9.52,0.05
Ireland,2004,Escherichia coli,Aminoglycosides,5.27,0.04
Iceland,2004,Escherichia coli,Aminoglycosides,0.85,0.04
Luxembourg,2004,Escherichia coli,Aminoglycosides,3.7,0.09
Norway,2004,Escherichia coli,Aminoglycosides,0.84,0.06
Poland,2004,Escherichia coli,Aminoglycosides,5.24,0.05
Sweden,2004,Escherichia coli,Aminoglycosides,1.18,0.02
Slovenia,2004,Escherichia coli,Aminoglycosides,4.36,0.09
Slovakia,2004,Escherichia coli,Aminoglycosides,12.14,0.08
Belgium,2005,Escherichia coli,Aminoglycosides,4.16,0.08
Bulgaria,2005,Escherichia coli,Aminoglycosides,22.87,0.35
Denmark,2005,Escherichia coli,Aminoglycosides,1.95,0.06
Estonia,2005,Escherichia coli,Aminoglycosides,3.9,0.2
Greece,2005,Escherichia coli,Aminoglycosides,6.76,0.28
Finland,2005,Escherichia coli,Aminoglycosides,2.05,0.03
France,2005,Escherichia coli,Aminoglycosides,4.77,0.13
Croatia,2005,Escherichia coli,Aminoglycosides,4.24,0.12
Hungary,2005,Escherichia coli,Aminoglycosides,8.95,0.05
Ireland,2005,Escherichia coli,Aminoglycosides,7.45,0.04
Iceland,2005,Escherichia coli,Aminoglycosides,0.77,0.05
Italy,2005,Escherichia coli,Aminoglycosides,11.39,0.06
Luxembourg,2005,Escherichia coli,Aminoglycosides,7.45,0.1
Norway,2005,Escherichia coli,Aminoglycosides,1.73,0.07
Sweden,2005,Escherichia coli,Aminoglycosides,1.35,0.02
Slovenia,2005,Escherichia coli,Aminoglycosides,3.81,0.08
Slovakia,2005,Escherichia coli,Aminoglycosides,10.31,0.08
Belgium,2006,Escherichia coli,Aminoglycosides,5.85,0.06
Bulgaria,2006,Escherichia coli,Aminoglycosides,28.19,0.41
Cyprus,2006,Escherichia coli,Aminoglycosides,7.78,0.1
Denmark,2006,Escherichia coli,Aminoglycosides,2.94,0.06
Estonia,2006,Escherichia coli,Aminoglycosides,2.35,0.08
Greece,2006,Escherichia coli,Aminoglycosides,6.89,3.33
Finland,2006,Escherichia coli,Aminoglycosides,2.17,0.02
France,2006,Escherichia coli,Aminoglycosides,5.96,0.13
Croatia,2006,Escherichia coli,Aminoglycosides,5.92,0.12
Hungary,2006,Escherichia coli,Aminoglycosides,12.18,0.05
Ireland,2006,Escherichia coli,Aminoglycosides,6.99,0.08
Lithuania,2006,Escherichia coli,Aminoglycosides,14.62,1.55
Luxembourg,2006,Escherichia coli,Aminoglycosides,5.99,0.09
Latvia,2006,Escherichia coli,Aminoglycosides,4.84,0.42
Norway,2006,Escherichia coli,Aminoglycosides,1.91,0.07
Sweden,2006,Escherichia coli,Aminoglycosides,1.56,0.02
Slovenia,2006,Escherichia coli,Aminoglycosides,6.42,0.08
Belgium,2007,Escherichia coli,Aminoglycosides,4.95,0.07
Bulgaria,2007,Escherichia coli,Aminoglycosides,18.4,0.41
Cyprus,2007,Escherichia coli,Aminoglycosides,11.01,0.41
Denmark,2007,Escherichia coli,Aminoglycosides,3.48,0.06
Estonia,2007,Escherichia coli,Aminoglycosides,5.58,0.13
Greece,2007,Escherichia coli,Aminoglycosides,8.52,2.51
Finland,2007,Escherichia coli,Aminoglycosides,2.74,0.02
France,2007,Escherichia coli,Aminoglycosides,5.71,0.13
Croatia,2007,Escherichia coli,Aminoglycosides,5.93,0.11
Hungary,2007,Escherichia coli,Aminoglycosides,10.56,0.04
Ireland,2007,Escherichia coli,Aminoglycosides,9.41,0.1
Italy,2007,Escherichia coli,Aminoglycosides,13.92,0.08
Lithuania,2007,Escherichia coli,Aminoglycosides,12.34,0.36
Luxembourg,2007,Escherichia coli,Aminoglycosides,5.15,0.09
Latvia,2007,Escherichia coli,Aminoglycosides,14.47,0.45
Malta,2007,Escherichia coli,Aminoglycosides,19.66,0.05
Norway,2007,Escherichia coli,Aminoglycosides,2.98,0.07
Sweden,2007,Escherichia coli,Aminoglycosides,2.24,0.02
Slovenia,2007,Escherichia coli,Aminoglycosides,6.82,0.07
Belgium,2008,Escherichia coli,Aminoglycosides,4.35,0.06
Bulgaria,2008,Escherichia coli,Aminoglycosides,30.61,0.39
Cyprus,2008,Escherichia coli,Aminoglycosides,10.08,0.08
Denmark,2008,Escherichia coli,Aminoglycosides,4.09,0.05
Estonia,2008,Escherichia coli,Aminoglycosides,4.58,0.12
Greece,2008,Escherichia coli,Aminoglycosides,14.61,2.61
Finland,2008,Escherichia coli,Aminoglycosides,3.6,0.02
France,2008,Escherichia coli,Aminoglycosides,6.49,0.12
Croatia,2008,Escherichia coli,Aminoglycosides,5.14,0.12
Hungary,2008,Escherichia coli,Aminoglycosides,12.83,0.04
Ireland,2008,Escherichia coli,Aminoglycosides,9.11,0.12
Italy,2008,Escherichia coli,Aminoglycosides,13.66,0.12
Lithuania,2008,Escherichia coli,Aminoglycosides,12.25,0.38
Luxembourg,2008,Escherichia coli,Aminoglycosides,7.59,0.08
Latvia,2008,Escherichia coli,Aminoglycosides,10.0,0.43
Malta,2008,Escherichia coli,Aminoglycosides,21.88,0.06
Norway,2008,Escherichia coli,Aminoglycosides,3.23,0.07
Sweden,2008,Escherichia coli,Aminoglycosides,2.26,0.02
Slovenia,2008,Escherichia coli,Aminoglycosides,6.52,0.07
Belgium,2009,Escherichia coli,Aminoglycosides,7.28,0.06
Bulgaria,2009,Escherichia coli,Aminoglycosides,17.19,0.36
Cyprus,2009,Escherichia coli,Aminoglycosides,9.56,0.1
Denmark,2009,Escherichia coli,Aminoglycosides,4.42,0.05
Estonia,2009,Escherichia coli,Aminoglycosides,3.45,0.07
Greece,2009,Escherichia coli,Aminoglycosides,14.33,0.25
Finland,2009,Escherichia coli,Aminoglycosides,2.8,0.02
France,2009,Escherichia coli,Aminoglycosides,7.82,0.12
Hungary,2009,Escherichia coli,Aminoglycosides,15.87,0.04
Ireland,2009,Escherichia coli,Aminoglycosides,8.51,0.11
Lithuania,2009,Escherichia coli,Aminoglycosides,15.15,0.24
Luxembourg,2009,Escherichia coli,Aminoglycosides,8.97,0.07
Latvia,2009,Escherichia coli,Aminoglycosides,11.63,0.32
Malta,2009,Escherichia coli,Aminoglycosides,20.89,0.05
Norway,2009,Escherichia coli,Aminoglycosides,3.31,0.07
Portugal,2009,Escherichia coli,Aminoglycosides,10.58,0.09
Romania,2009,Escherichia coli,Aminoglycosides,15.79,0.25
Sweden,2009,Escherichia coli,Aminoglycosides,,0.03
Slovenia,2009,Escherichia coli,Aminoglycosides,9.85,0.07
Belgium,2010,Escherichia coli,Aminoglycosides,5.62,0.05
Bulgaria,2010,Escherichia coli,Aminoglycosides,14.67,0.33
Cyprus,2010,Escherichia coli,Aminoglycosides,15.94,0.09
Denmark,2010,Escherichia coli,Aminoglycosides,5.83,0.03
Estonia,2010,Escherichia coli,Aminoglycosides,4.91,0.14
Greece,2010,Escherichia coli,Aminoglycosides,16.59,0.31
Finland,2010,Escherichia coli,Aminoglycosides,3.78,0.02
France,2010,Escherichia coli,Aminoglycosides,7.07,0.11
Croatia,2010,Escherichia coli,Aminoglycosides,6.37,0.14
Hungary,2010,Escherichia coli,Aminoglycosides,19.87,0.04
Ireland,2010,Escherichia coli,Aminoglycosides,9.69,0.12
Iceland,2010,Escherichia coli,Aminoglycosides,2.88,0.0
Italy,2010,Escherichia coli,Aminoglycosides,16.24,0.1
Lithuania,2010,Escherichia coli,Aminoglycosides,14.2,0.15
Luxembourg,2010,Escherichia coli,Aminoglycosides,6.5,0.07
Latvia,2010,Escherichia coli,Aminoglycosides,11.34,0.32
Malta,2010,Escherichia coli,Aminoglycosides,22.4,0.08
Netherlands,2010,Escherichia coli,Aminoglycosides,7.21,0.09
Norway,2010,Escherichia coli,Aminoglycosides,4.32,0.07
Portugal,2010,Escherichia coli,Aminoglycosides,12.03,0.09
Sweden,2010,Escherichia coli,Aminoglycosides,3.44,0.03
Slovenia,2010,Escherichia coli,Aminoglycosides,8.82,0.07
Belgium,2011,Escherichia coli,Aminoglycosides,7.12,0.05
Bulgaria,2011,Escherichia coli,Aminoglycosides,17.61,0.32
Cyprus,2011,Escherichia coli,Aminoglycosides,23.19,0.04
Denmark,2011,Escherichia coli,Aminoglycosides,6.4,0.05
Estonia,2011,Escherichia coli,Aminoglycosides,4.84,0.06
Greece,2011,Escherichia coli,Aminoglycosides,16.74,0.18
Finland,2011,Escherichia coli,Aminoglycosides,5.26,0.02
France,2011,Escherichia coli,Aminoglycosides,7.77,0.1
Croatia,2011,Escherichia coli,Aminoglycosides,7.11,0.11
Hungary,2011,Escherichia coli,Aminoglycosides,14.55,0.04
Ireland,2011,Escherichia coli,Aminoglycosides,10.12,0.11
Iceland,2011,Escherichia coli,Aminoglycosides,6.2,0.02
Italy,2011,Escherichia coli,Aminoglycosides,20.75,0.08
Lithuania,2011,Escherichia coli,Aminoglycosides,9.69,0.15
Luxembourg,2011,Escherichia coli,Aminoglycosides,7.91,0.06
Latvia,2011,Escherichia coli,Aminoglycosides,10.69,0.07
Malta,2011,Escherichia coli,Aminoglycosides,15.07,0.1
Netherlands,2011,Escherichia coli,Aminoglycosides,7.62,0.09
Norway,2011,Escherichia coli,Aminoglycosides,4.09,0.07
Portugal,2011,Escherichia coli,Aminoglycosides,13.81,0.08
Romania,2011,Escherichia coli,Aminoglycosides,18.0,0.46
Sweden,2011,Escherichia coli,Aminoglycosides,4.76,0.03
Slovenia,2011,Escherichia coli,Aminoglycosides,9.58,0.06
Slovakia,2011,Escherichia coli,Aminoglycosides,17.7,0.17
Belgium,2012,Escherichia coli,Aminoglycosides,7.28,0.05
Bulgaria,2012,Escherichia coli,Aminoglycosides,26.48,0.28
Cyprus,2012,Escherichia coli,Aminoglycosides,21.02,0.08
Denmark,2012,Escherichia coli,Aminoglycosides,7.3,0.06
Estonia,2012,Escherichia coli,Aminoglycosides,7.57,0.08
Greece,2012,Escherichia coli,Aminoglycosides,17.78,0.14
Finland,2012,Escherichia coli,Aminoglycosides,6.08,0.02
France,2012,Escherichia coli,Aminoglycosides,8.12,0.09
Croatia,2012,Escherichia coli,Aminoglycosides,6.99,0.11
Hungary,2012,Escherichia coli,Aminoglycosides,17.09,0.04
Ireland,2012,Escherichia coli,Aminoglycosides,10.69,0.09
Iceland,2012,Escherichia coli,Aminoglycosides,3.62,0.02
Italy,2012,Escherichia coli,Aminoglycosides,22.33,0.09
Lithuania,2012,Escherichia coli,Aminoglycosides,9.57,0.19
Luxembourg,2012,Escherichia coli,Aminoglycosides,6.29,0.07
Latvia,2012,Escherichia coli,Aminoglycosides,11.69,0.12
Malta,2012,Escherichia coli,Aminoglycosides,11.48,0.06
Netherlands,2012,Escherichia coli,Aminoglycosides,7.43,0.08
Norway,2012,Escherichia coli,Aminoglycosides,5.76,0.07
Portugal,2012,Escherichia coli,Aminoglycosides,16.25,0.08
Romania,2012,Escherichia coli,Aminoglycosides,24.32,0.42
Sweden,2012,Escherichia coli,Aminoglycosides,5.82,0.03
Slovenia,2012,Escherichia coli,Aminoglycosides,8.39,0.06
Slovakia,2012,Escherichia coli,Aminoglycosides,20.75,0.07
Belgium,2013,Escherichia coli,Aminoglycosides,7.34,0.05
Bulgaria,2013,Escherichia coli,Aminoglycosides,31.02,0.27
Cyprus,2013,Escherichia coli,Aminoglycosides,24.69,0.06
Denmark,2013,Escherichia coli,Aminoglycosides,6.51,0.05
Estonia,2013,Escherichia coli,Aminoglycosides,7.33,0.06
Greece,2013,Escherichia coli,Aminoglycosides,16.95,0.12
Finland,2013,Escherichia coli,Aminoglycosides,6.49,0.01
France,2013,Escherichia coli,Aminoglycosides,7.77,0.09
Croatia,2013,Escherichia coli,Aminoglycosides,7.68,0.1
Hungary,2013,Escherichia coli,Aminoglycosides,16.96,0.04
Ireland,2013,Escherichia coli,Aminoglycosides,11.16,0.07
Iceland,2013,Escherichia coli,Aminoglycosides,4.13,0.02
Italy,2013,Escherichia coli,Aminoglycosides,18.96,0.07
Lithuania,2013,Escherichia coli,Aminoglycosides,10.72,0.14
Luxembourg,2013,Escherichia coli,Aminoglycosides,7.02,0.06
Latvia,2013,Escherichia coli,Aminoglycosides,5.22,0.1
Malta,2013,Escherichia coli,Aminoglycosides,9.09,0.09
Netherlands,2013,Escherichia coli,Aminoglycosides,6.51,0.08
Norway,2013,Escherichia coli,Aminoglycosides,6.4,0.07
Portugal,2013,Escherichia coli,Aminoglycosides,15.2,0.08
Romania,2013,Escherichia coli,Aminoglycosides,14.77,0.39
Sweden,2013,Escherichia coli,Aminoglycosides,6.04,0.03
Slovenia,2013,Escherichia coli,Aminoglycosides,9.31,0.05
Slovakia,2013,Escherichia coli,Aminoglycosides,24.04,0.08
United Kingdom,2013,Escherichia coli,Aminoglycosides,9.04,0.13
Belgium,2014,Escherichia coli,Aminoglycosides,8.85,0.04
Bulgaria,2014,Escherichia coli,Aminoglycosides,29.1,0.29
Cyprus,2014,Escherichia coli,Aminoglycosides,17.65,0.06
Denmark,2014,Escherichia coli,Aminoglycosides,7.28,0.04
Estonia,2014,Escherichia coli,Aminoglycosides,6.81,0.07
Greece,2014,Escherichia coli,Aminoglycosides,15.59,0.14
Finland,2014,Escherichia coli,Aminoglycosides,4.56,0.01
France,2014,Escherichia coli,Aminoglycosides,7.73,0.09
Croatia,2014,Escherichia coli,Aminoglycosides,10.86,0.14
Hungary,2014,Escherichia coli,Aminoglycosides,14.72,0.04
Ireland,2014,Escherichia coli,Aminoglycosides,12.09,0.06
Italy,2014,Escherichia coli,Aminoglycosides,19.35,0.07
Lithuania,2014,Escherichia coli,Aminoglycosides,10.62,0.1
Luxembourg,2014,Escherichia coli,Aminoglycosides,7.9,0.08
Latvia,2014,Escherichia coli,Aminoglycosides,8.29,0.09
Malta,2014,Escherichia coli,Aminoglycosides,9.7,0.11
Netherlands,2014,Escherichia coli,Aminoglycosides,6.36,0.07
Norway,2014,Escherichia coli,Aminoglycosides,5.94,0.07
Poland,2014,Escherichia coli,Aminoglycosides,9.83,0.09
Portugal,2014,Escherichia coli,Aminoglycosides,15.11,0.07
Romania,2014,Escherichia coli,Aminoglycosides,17.16,0.4
Sweden,2014,Escherichia coli,Aminoglycosides,6.06,0.03
Slovenia,2014,Escherichia coli,Aminoglycosides,11.27,0.06
Slovakia,2014,Escherichia coli,Aminoglycosides,22.75,0.08
United Kingdom,2014,Escherichia coli,Aminoglycosides,8.85,0.13
Belgium,2015,Escherichia coli,Aminoglycosides,8.36,0.04
Bulgaria,2015,Escherichia coli,Aminoglycosides,19.78,0.28
Cyprus,2015,Escherichia coli,Aminoglycosides,13.82,0.06
Denmark,2015,Escherichia coli,Aminoglycosides,6.8,0.04
Estonia,2015,Escherichia coli,Aminoglycosides,9.34,0.04
Greece,2015,Escherichia coli,Aminoglycosides,16.08,0.12
Finland,2015,Escherichia coli,Aminoglycosides,5.42,0.02
France,2015,Escherichia coli,Aminoglycosides,8.15,0.09
Croatia,2015,Escherichia coli,Aminoglycosides,12.7,0.1
Hungary,2015,Escherichia coli,Aminoglycosides,13.56,0.04
Ireland,2015,Escherichia coli,Aminoglycosides,11.83,0.09
Italy,2015,Escherichia coli,Aminoglycosides,20.17,0.28
Lithuania,2015,Escherichia coli,Aminoglycosides,10.12,0.1
Luxembourg,2015,Escherichia coli,Aminoglycosides,8.93,0.06
Latvia,2015,Escherichia coli,Aminoglycosides,14.14,0.09
Malta,2015,Escherichia coli,Aminoglycosides,12.18,0.11
Netherlands,2015,Escherichia coli,Aminoglycosides,6.08,0.07
Norway,2015,Escherichia coli,Aminoglycosides,6.0,0.07
Poland,2015,Escherichia coli,Aminoglycosides,11.2,0.09
Portugal,2015,Escherichia coli,Aminoglycosides,13.83,0.07
Romania,2015,Escherichia coli,Aminoglycosides,18.31,0.36
Sweden,2015,Escherichia coli,Aminoglycosides,6.42,0.02
Slovenia,2015,Escherichia coli,Aminoglycosides,12.9,0.06
Slovakia,2015,Escherichia coli,Aminoglycosides,24.22,0.09
United Kingdom,2015,Escherichia coli,Aminoglycosides,9.95,0.12
Belgium,2016,Escherichia coli,Aminoglycosides,8.4,0.04
Bulgaria,2016,Escherichia coli,Aminoglycosides,34.76,0.26
Cyprus,2016,Escherichia coli,Aminoglycosides,16.11,0.07
Denmark,2016,Escherichia coli,Aminoglycosides,6.07,0.05
Estonia,2016,Escherichia coli,Aminoglycosides,7.41,0.03
Greece,2016,Escherichia coli,Aminoglycosides,16.83,0.14
Spain,2016,Escherichia coli,Aminoglycosides,14.53,0.09
Finland,2016,Escherichia coli,Aminoglycosides,4.93,0.02
France,2016,Escherichia coli,Aminoglycosides,7.91,0.09
Croatia,2016,Escherichia coli,Aminoglycosides,15.68,0.1
Hungary,2016,Escherichia coli,Aminoglycosides,13.25,0.04
Ireland,2016,Escherichia coli,Aminoglycosides,11.23,0.09
Italy,2016,Escherichia coli,Aminoglycosides,18.98,0.49
Lithuania,2016,Escherichia coli,Aminoglycosides,7.96,0.08
Luxembourg,2016,Escherichia coli,Aminoglycosides,9.09,0.06
Latvia,2016,Escherichia coli,Aminoglycosides,12.7,0.08
Malta,2016,Escherichia coli,Aminoglycosides,10.37,0.09
Netherlands,2016,Escherichia coli,Aminoglycosides,6.19,0.06
Norway,2016,Escherichia coli,Aminoglycosides,5.51,0.07
Poland,2016,Escherichia coli,Aminoglycosides,13.29,0.05
Portugal,2016,Escherichia coli,Aminoglycosides,13.15,0.07
Romania,2016,Escherichia coli,Aminoglycosides,14.98,0.29
Sweden,2016,Escherichia coli,Aminoglycosides,7.22,0.03
Slovenia,2016,Escherichia coli,Aminoglycosides,10.63,0.06
Slovakia,2016,Escherichia coli,Aminoglycosides,20.17,0.08
United Kingdom,2016,Escherichia coli,Aminoglycosides,9.86,0.12
Belgium,2017,Escherichia coli,Aminoglycosides,8.09,0.04
Bulgaria,2017,Escherichia coli,Aminoglycosides,36.24,0.26
Cyprus,2017,Escherichia coli,Aminoglycosides,21.79,0.07
Denmark,2017,Escherichia coli,Aminoglycosides,5.99,0.06
Estonia,2017,Escherichia coli,Aminoglycosides,5.73,0.04
Greece,2017,Escherichia coli,Aminoglycosides,16.97,0.14
Spain,2017,Escherichia coli,Aminoglycosides,13.7,0.08
Finland,2017,Escherichia coli,Aminoglycosides,4.96,0.01
France,2017,Escherichia coli,Aminoglycosides,7.04,0.08
Croatia,2017,Escherichia coli,Aminoglycosides,16.64,0.1
Hungary,2017,Escherichia coli,Aminoglycosides,15.1,0.04
Ireland,2017,Escherichia coli,Aminoglycosides,11.94,0.1
Iceland,2017,Escherichia coli,Aminoglycosides,5.63,0.03
Italy,2017,Escherichia coli,Aminoglycosides,18.42,0.07
Lithuania,2017,Escherichia coli,Aminoglycosides,8.25,0.07
Luxembourg,2017,Escherichia coli,Aminoglycosides,10.39,0.06
Latvia,2017,Escherichia coli,Aminoglycosides,13.43,0.08
Malta,2017,Escherichia coli,Aminoglycosides,10.83,0.08
Netherlands,2017,Escherichia coli,Aminoglycosides,5.9,0.06
Norway,2017,Escherichia coli,Aminoglycosides,7.18,0.08
Poland,2017,Escherichia coli,Aminoglycosides,14.01,0.08
Portugal,2017,Escherichia coli,Aminoglycosides,11.93,0.06
Romania,2017,Escherichia coli,Aminoglycosides,15.2,0.21
Sweden,2017,Escherichia coli,Aminoglycosides,6.5,0.03
Slovenia,2017,Escherichia coli,Aminoglycosides,11.43,0.06
Slovakia,2017,Escherichia coli,Aminoglycosides,22.51,0.09
United Kingdom,2017,Escherichia coli,Aminoglycosides,9.96,0.13
Belgium,2018,Escherichia coli,Aminoglycosides,7.4,0.03
Bulgaria,2018,Escherichia coli,Aminoglycosides,28.36,0.27
Cyprus,2018,Escherichia coli,Aminoglycosides,19.87,0.08
Denmark,2018,Escherichia coli,Aminoglycosides,5.75,0.05
Estonia,2018,Escherichia coli,Aminoglycosides,6.24,0.03
Greece,2018,Escherichia coli,Aminoglycosides,15.49,0.14
Spain,2018,Escherichia coli,Aminoglycosides,14.12,0.08
Finland,2018,Escherichia coli,Aminoglycosides,4.26,0.02
France,2018,Escherichia coli,Aminoglycosides,7.39,0.07
Croatia,2018,Escherichia coli,Aminoglycosides,14.88,0.1
Hungary,2018,Escherichia coli,Aminoglycosides,17.4,0.03
Ireland,2018,Escherichia coli,Aminoglycosides,11.74,0.1
Iceland,2018,Escherichia coli,Aminoglycosides,6.09,0.03
Italy,2018,Escherichia coli,Aminoglycosides,16.04,0.07
Lithuania,2018,Escherichia coli,Aminoglycosides,7.89,0.06
Luxembourg,2018,Escherichia coli,Aminoglycosides,7.33,0.05
Latvia,2018,Escherichia coli,Aminoglycosides,8.91,0.07
Malta,2018,Escherichia coli,Aminoglycosides,9.94,0.08
Netherlands,2018,Escherichia coli,Aminoglycosides,6.31,0.05
Norway,2018,Escherichia coli,Aminoglycosides,5.75,0.09
Poland,2018,Escherichia coli,Aminoglycosides,15.11,0.08
Portugal,2018,Escherichia coli,Aminoglycosides,12.15,0.06
Romania,2018,Escherichia coli,Aminoglycosides,12.79,0.2
Sweden,2018,Escherichia coli,Aminoglycosides,7.74,0.02
Slovenia,2018,Escherichia coli,Aminoglycosides,9.41,0.06
Slovakia,2018,Escherichia coli,Aminoglycosides,21.57,0.12
United Kingdom,2018,Escherichia coli,Aminoglycosides,10.47,0.13
Austria,2019,Escherichia coli,Aminoglycosides,6.95,0.03
Belgium,2019,Escherichia coli,Aminoglycosides,6.91,0.03
Bulgaria,2019,Escherichia coli,Aminoglycosides,24.43,0.27
Cyprus,2019,Escherichia coli,Aminoglycosides,10.87,0.08
Czechia,2019,Escherichia coli,Aminoglycosides,11.41,0.09
Denmark,2019,Escherichia coli,Aminoglycosides,5.47,0.06
Estonia,2019,Escherichia coli,Aminoglycosides,5.29,0.02
Greece,2019,Escherichia coli,Aminoglycosides,12.94,0.14
Spain,2019,Escherichia coli,Aminoglycosides,13.56,0.08
Finland,2019,Escherichia coli,Aminoglycosides,4.79,0.02
France,2019,Escherichia coli,Aminoglycosides,7.01,0.07
Croatia,2019,Escherichia coli,Aminoglycosides,14.84,0.09
Hungary,2019,Escherichia coli,Aminoglycosides,15.72,0.03
Ireland,2019,Escherichia coli,Aminoglycosides,11.76,0.1
Iceland,2019,Escherichia coli,Aminoglycosides,4.69,0.03
Italy,2019,Escherichia coli,Aminoglycosides,15.91,0.06
Lithuania,2019,Escherichia coli,Aminoglycosides,7.62,0.06
Luxembourg,2019,Escherichia coli,Aminoglycosides,10.16,0.04
Latvia,2019,Escherichia coli,Aminoglycosides,11.59,0.06
Malta,2019,Escherichia coli,Aminoglycosides,9.94,0.1
Netherlands,2019,Escherichia coli,Aminoglycosides,6.99,0.05
Norway,2019,Escherichia coli,Aminoglycosides,5.6,0.1
Poland,2019,Escherichia coli,Aminoglycosides,12.62,0.07
Portugal,2019,Escherichia coli,Aminoglycosides,12.06,0.06
Romania,2019,Escherichia coli,Aminoglycosides,11.62,0.19
Sweden,2019,Escherichia coli,Aminoglycosides,6.01,0.02
Slovenia,2019,Escherichia coli,Aminoglycosides,7.83,0.06
Slovakia,2019,Escherichia coli,Aminoglycosides,16.65,0.08
United Kingdom,2019,Escherichia coli,Aminoglycosides,10.66,0.13
Austria,2020,Escherichia coli,Aminoglycosides,6.25,0.03
Belgium,2020,Escherichia coli,Aminoglycosides,7.47,0.03
Bulgaria,2020,Escherichia coli,Aminoglycosides,34.25,0.27
Cyprus,2020,Escherichia coli,Aminoglycosides,21.05,0.09
Czechia,2020,Escherichia coli,Aminoglycosides,10.17,0.08
Denmark,2020,Escherichia coli,Aminoglycosides,5.54,0.05
Estonia,2020,Escherichia coli,Aminoglycosides,5.48,0.02
Greece,2020,Escherichia coli,Aminoglycosides,18.68,0.13
Spain,2020,Escherichia coli,Aminoglycosides,13.62,0.08
Finland,2020,Escherichia coli,Aminoglycosides,5.71,0.02
France,2020,Escherichia coli,Aminoglycosides,6.66,0.06
Croatia,2020,Escherichia coli,Aminoglycosides,14.86,0.07
Hungary,2020,Escherichia coli,Aminoglycosides,16.68,0.04
Ireland,2020,Escherichia coli,Aminoglycosides,10.64,0.08
Iceland,2020,Escherichia coli,Aminoglycosides,7.76,0.03
Italy,2020,Escherichia coli,Aminoglycosides,14.94,0.06
Lithuania,2020,Escherichia coli,Aminoglycosides,10.25,0.05
Luxembourg,2020,Escherichia coli,Aminoglycosides,8.88,0.02
Latvia,2020,Escherichia coli,Aminoglycosides,11.41,0.06
Malta,2020,Escherichia coli,Aminoglycosides,12.64,0.05
Netherlands,2020,Escherichia coli,Aminoglycosides,6.42,0.04
Norway,2020,Escherichia coli,Aminoglycosides,5.66,0.08
Poland,2020,Escherichia coli,Aminoglycosides,14.51,0.06
Portugal,2020,Escherichia coli,Aminoglycosides,11.68,0.06
Romania,2020,Escherichia coli,Aminoglycosides,10.9,0.16
Sweden,2020,Escherichia coli,Aminoglycosides,5.88,0.02
Slovenia,2020,Escherichia coli,Aminoglycosides,6.81,0.05
Slovakia,2020,Escherichia coli,Aminoglycosides,18.47,0.07
Austria,2021,Escherichia coli,Aminoglycosides,5.75,0.02
Belgium,2021,Escherichia coli,Aminoglycosides,6.07,0.03
Bulgaria,2021,Escherichia coli,Aminoglycosides,27.0,0.26
Cyprus,2021,Escherichia coli,Aminoglycosides,19.79,0.09
Czechia,2021,Escherichia coli,Aminoglycosides,9.61,0.08
Denmark,2021,Escherichia coli,Aminoglycosides,4.35,0.05
Estonia,2021,Escherichia coli,Aminoglycosides,5.51,0.02
Greece,2021,Escherichia coli,Aminoglycosides,18.64,0.13
Spain,2021,Escherichia coli,Aminoglycosides,12.4,0.08
Finland,2021,Escherichia coli,Aminoglycosides,4.14,0.01
France,2021,Escherichia coli,Aminoglycosides,5.82,0.05
Croatia,2021,Escherichia coli,Aminoglycosides,11.72,0.09
Hungary,2021,Escherichia coli,Aminoglycosides,17.5,0.03
Ireland,2021,Escherichia coli,Aminoglycosides,9.57,0.07
Iceland,2021,Escherichia coli,Aminoglycosides,9.35,0.02
Italy,2021,Escherichia coli,Aminoglycosides,13.5,0.05
Lithuania,2021,Escherichia coli,Aminoglycosides,8.33,0.05
Luxembourg,2021,Escherichia coli,Aminoglycosides,8.76,0.02
Latvia,2021,Escherichia coli,Aminoglycosides,10.91,0.04
Malta,2021,Escherichia coli,Aminoglycosides,12.71,0.07
Netherlands,2021,Escherichia coli,Aminoglycosides,5.99,0.04
Norway,2021,Escherichia coli,Aminoglycosides,5.39,0.08
Poland,2021,Escherichia coli,Aminoglycosides,13.72,0.06
Portugal,2021,Escherichia coli,Aminoglycosides,10.62,0.06
Romania,2021,Escherichia coli,Aminoglycosides,10.59,0.15
Sweden,2021,Escherichia coli,Aminoglycosides,5.98,0.02
Slovenia,2021,Escherichia coli,Aminoglycosides,6.6,0.05
Slovakia,2021,Escherichia coli,Aminoglycosides,14.18,0.07
Austria,2022,Escherichia coli,Aminoglycosides,5.48,0.02
Belgium,2022,Escherichia coli,Aminoglycosides,6.4,0.03
Bulgaria,2022,Escherichia coli,Aminoglycosides,24.27,0.24
Cyprus,2022,Escherichia coli,Aminoglycosides,15.18,0.09
Czechia,2022,Escherichia coli,Aminoglycosides,9.42,0.07
Denmark,2022,Escherichia coli,Aminoglycosides,4.76,0.05
Estonia,2022,Escherichia coli,Aminoglycosides,5.59,0.02
Greece,2022,Escherichia coli,Aminoglycosides,19.05,0.08
Spain,2022,Escherichia coli,Aminoglycosides,12.48,0.07
Finland,2022,Escherichia coli,Aminoglycosides,4.44,0.01
France,2022,Escherichia coli,Aminoglycosides,6.15,0.05
Croatia,2022,Escherichia coli,Aminoglycosides,16.04,0.09
Hungary,2022,Escherichia coli,Aminoglycosides,16.32,0.03
Ireland,2022,Escherichia coli,Aminoglycosides,8.66,0.07
Iceland,2022,Escherichia coli,Aminoglycosides,7.66,0.02
Italy,2022,Escherichia coli,Aminoglycosides,14.2,0.05
Lithuania,2022,Escherichia coli,Aminoglycosides,8.33,0.06
Luxembourg,2022,Escherichia coli,Aminoglycosides,7.25,0.03
Latvia,2022,Escherichia coli,Aminoglycosides,11.8,0.04
Malta,2022,Escherichia coli,Aminoglycosides,11.96,0.05
Netherlands,2022,Escherichia coli,Aminoglycosides,6.17,0.04
Norway,2022,Escherichia coli,Aminoglycosides,5.4,0.09
Poland,2022,Escherichia coli,Aminoglycosides,12.33,0.06
Portugal,2022,Escherichia coli,Aminoglycosides,11.71,0.05
Romania,2022,Escherichia coli,Aminoglycosides,11.96,0.16
Slovenia,2022,Escherichia coli,Aminoglycosides,7.95,0.05
Slovakia,2022,Escherichia coli,Aminoglycosides,13.79,0.06
Austria,2023,Escherichia coli,Aminoglycosides,5.36,0.02
Belgium,2023,Escherichia coli,Aminoglycosides,7.58,0.03
Bulgaria,2023,Escherichia coli,Aminoglycosides,28.43,0.26
Cyprus,2023,Escherichia coli,Aminoglycosides,18.48,0.0
Czechia,2023,Escherichia coli,Aminoglycosides,9.76,0.07
Germany,2023,Escherichia coli,Aminoglycosides,5.39,0.02
Denmark,2023,Escherichia coli,Aminoglycosides,4.49,0.05
Estonia,2023,Escherichia coli,Aminoglycosides,4.93,0.02
Greece,2023,Escherichia coli,Aminoglycosides,20.62,0.08
Spain,2023,Escherichia coli,Aminoglycosides,12.3,0.06
Finland,2023,Escherichia coli,Aminoglycosides,4.83,0.01
Croatia,2023,Escherichia coli,Aminoglycosides,17.77,0.11
Hungary,2023,Escherichia coli,Aminoglycosides,14.78,0.04
Ireland,2023,Escherichia coli,Aminoglycosides,8.74,0.07
Iceland,2023,Escherichia coli,Aminoglycosides,5.43,0.03
Italy,2023,Escherichia coli,Aminoglycosides,16.01,0.05
Lithuania,2023,Escherichia coli,Aminoglycosides,11.34,0.06
Luxembourg,2023,Escherichia coli,Aminoglycosides,9.98,0.04
Latvia,2023,Escherichia coli,Aminoglycosides,15.07,0.04
Malta,2023,Escherichia coli,Aminoglycosides,10.34,0.07
Netherlands,2023,Escherichia coli,Aminoglycosides,5.19,0.04
Norway,2023,Escherichia coli,Aminoglycosides,5.52,0.09
Poland,2023,Escherichia coli,Aminoglycosides,14.14,0.06
Portugal,2023,Escherichia coli,Aminoglycosides,13.17,0.05
Romania,2023,Escherichia coli,Aminoglycosides,12.72,0.16
Slovenia,2023,Escherichia coli,Aminoglycosides,6.96,0.05
Slovakia,2023,Escherichia coli,Aminoglycosides,13.81,0.07
Austria,2024,Escherichia coli,Aminoglycosides,6.13,0.02
Belgium,2024,Escherichia coli,Aminoglycosides,8.24,0.02
Bulgaria,2024,Escherichia coli,Aminoglycosides,21.43,0.27
Cyprus,2024,Escherichia coli,Aminoglycosides,18.25,0.07
Czechia,2024,Escherichia coli,Aminoglycosides,9.58,0.08
Germany,2024,Escherichia coli,Aminoglycosides,5.53,0.02
Estonia,2024,Escherichia coli,Aminoglycosides,5.12,0.02
Greece,2024,Escherichia coli,Aminoglycosides,18.87,0.12
Spain,2024,Escherichia coli,Aminoglycosides,12.81,0.06
Finland,2024,Escherichia coli,Aminoglycosides,4.55,0.01
France,2024,Escherichia coli,Aminoglycosides,7.03,0.04
Croatia,2024,Escherichia coli,Aminoglycosides,18.1,0.1
Hungary,2024,Escherichia coli,Aminoglycosides,13.11,0.04
Ireland,2024,Escherichia coli,Aminoglycosides,9.4,0.08
Iceland,2024,Escherichia coli,Aminoglycosides,8.97,0.03
Italy,2024,Escherichia coli,Aminoglycosides,16.75,0.05
Lithuania,2024,Escherichia coli,Aminoglycosides,9.58,0.05
Luxembourg,2024,Escherichia coli,Aminoglycosides,6.49,0.03
Latvia,2024,Escherichia coli,Aminoglycosides,21.75,0.04
Malta,2024,Escherichia coli,Aminoglycosides,29.61,0.05
Netherlands,2024,Escherichia coli,Aminoglycosides,5.92,0.04
Norway,2024,Escherichia coli,Aminoglycosides,5.84,0.09
Poland,2024,Escherichia coli,Aminoglycosides,13.31,0.06
Portugal,2024,Escherichia coli,Aminoglycosides,13.65,0.05
Romania,2024,Escherichia coli,Aminoglycosides,12.29,0.13
Slovenia,2024,Escherichia coli,Aminoglycosides,7.61,0.05
Slovakia,2024,Escherichia coli,Aminoglycosides,13.51,0.05
Greece,2000,Escherichia coli,Third-generation cephalosporins,3.6,7.29
Netherlands,2000,Escherichia coli,Third-generation cephalosporins,0.1,0.15
Sweden,2000,Escherichia coli,Third-generation cephalosporins,,0.81
Belgium,2001,Escherichia coli,Third-generation cephalosporins,1.8,3.64
Bulgaria,2001,Escherichia coli,Third-generation cephalosporins,6.67,2.5
Estonia,2001,Escherichia coli,Third-generation cephalosporins,5.88,0.68
Greece,2001,Escherichia coli,Third-generation cephalosporins,5.45,7.25
Finland,2001,Escherichia coli,Third-generation cephalosporins,0.17,3.14
Croatia,2001,Escherichia coli,Third-generation cephalosporins,1.65,3.75
Hungary,2001,Escherichia coli,Third-generation cephalosporins,0.38,2.59
Iceland,2001,Escherichia coli,Third-generation cephalosporins,0.0,0.53
Luxembourg,2001,Escherichia coli,Third-generation cephalosporins,0.53,5.82
Netherlands,2001,Escherichia coli,Third-generation cephalosporins,0.55,0.14
Norway,2001,Escherichia coli,Third-generation cephalosporins,0.31,0.52
Poland,2001,Escherichia coli,Third-generation cephalosporins,7.07,2.76
Sweden,2001,Escherichia coli,Third-generation cephalosporins,0.34,0.78
Slovenia,2001,Escherichia coli,Third-generation cephalosporins,0.25,0.86
Slovakia,2001,Escherichia coli,Third-generation cephalosporins,6.67,3.01
Belgium,2002,Escherichia coli,Third-generation cephalosporins,2.79,3.83
Bulgaria,2002,Escherichia coli,Third-generation cephalosporins,13.33,1.43
Germany,2002,Escherichia coli,Third-generation cephalosporins,0.94,0.89
Estonia,2002,Escherichia coli,Third-generation cephalosporins,1.54,0.81
Greece,2002,Escherichia coli,Third-generation cephalosporins,6.37,7.4
Finland,2002,Escherichia coli,Third-generation cephalosporins,0.63,3.13
France,2002,Escherichia coli,Third-generation cephalosporins,0.76,3.99
Croatia,2002,Escherichia coli,Third-generation cephalosporins,2.86,4.35
Hungary,2002,Escherichia coli,Third-generation cephalosporins,2.0,2.43
Iceland,2002,Escherichia coli,Third-generation cephalosporins,0.0,0.54
Luxembourg,2002,Escherichia coli,Third-generation cephalosporins,0.52,5.82
Netherlands,2002,Escherichia coli,Third-generation cephalosporins,1.0,0.15
Norway,2002,Escherichia coli,Third-generation cephalosporins,0.18,0.55
Poland,2002,Escherichia coli,Third-generation cephalosporins,6.15,2.45
Sweden,2002,Escherichia coli,Third-generation cephalosporins,0.33,0.74
Slovenia,2002,Escherichia coli,Third-generation cephalosporins,1.22,1.03
Slovakia,2002,Escherichia coli,Third-generation cephalosporins,1.87,2.78
Belgium,2003,Escherichia coli,Third-generation cephalosporins,3.5,3.72
Bulgaria,2003,Escherichia coli,Third-generation cephalosporins,18.35,1.43
Germany,2003,Escherichia coli,Third-generation cephalosporins,0.61,1.21
Estonia,2003,Escherichia coli,Third-generation cephalosporins,1.03,0.84
Greece,2003,Escherichia coli,Third-generation cephalosporins,5.6,6.86
Finland,2003,Escherichia coli,Third-generation cephalosporins,1.03,3.13
France,2003,Escherichia coli,Third-generation cephalosporins,0.97,3.56
Croatia,2003,Escherichia coli,Third-generation cephalosporins,4.39,4.66
Hungary,2003,Escherichia coli,Third-generation cephalosporins,0.95,2.54
Iceland,2003,Escherichia coli,Third-generation cephalosporins,1.01,0.5
Luxembourg,2003,Escherichia coli,Third-generation cephalosporins,0.88,6.12
Norway,2003,Escherichia coli,Third-generation cephalosporins,0.25,0.54
Poland,2003,Escherichia coli,Third-generation cephalosporins,4.07,0.0
Sweden,2003,Escherichia coli,Third-generation cephalosporins,0.42,0.71
Slovenia,2003,Escherichia coli,Third-generation cephalosporins,0.75,1.06
Slovakia,2003,Escherichia coli,Third-generation cephalosporins,0.42,2.49
Belgium,2004,Escherichia coli,Third-generation cephalosporins,2.65,3.54
Bulgaria,2004,Escherichia coli,Third-generation cephalosporins,21.56,1.69
Germany,2004,Escherichia coli,Third-generation cephalosporins,1.9,1.26
Estonia,2004,Escherichia coli,Third-generation cephalosporins,3.61,0.97
Greece,2004,Escherichia coli,Third-generation cephalosporins,6.04,7.14
Finland,2004,Escherichia coli,Third-generation cephalosporins,1.52,2.97
France,2004,Escherichia coli,Third-generation cephalosporins,0.95,3.29
Croatia,2004,Escherichia coli,Third-generation cephalosporins,2.62,4.04
Hungary,2004,Escherichia coli,Third-generation cephalosporins,3.23,2.46
Ireland,2004,Escherichia coli,Third-generation cephalosporins,1.93,1.97
Iceland,2004,Escherichia coli,Third-generation cephalosporins,0.0,0.43
Luxembourg,2004,Escherichia coli,Third-generation cephalosporins,0.46,5.44
Norway,2004,Escherichia coli,Third-generation cephalosporins,0.66,0.52
Poland,2004,Escherichia coli,Third-generation cephalosporins,5.24,2.53
Sweden,2004,Escherichia coli,Third-generation cephalosporins,0.73,0.67
Slovenia,2004,Escherichia coli,Third-generation cephalosporins,1.4,1.07
Slovakia,2004,Escherichia coli,Third-generation cephalosporins,7.14,2.49
Belgium,2005,Escherichia coli,Third-generation cephalosporins,3.61,3.44
Bulgaria,2005,Escherichia coli,Third-generation cephalosporins,28.08,2.08
Denmark,2005,Escherichia coli,Third-generation cephalosporins,1.15,0.27
Estonia,2005,Escherichia coli,Third-generation cephalosporins,1.29,1.06
Greece,2005,Escherichia coli,Third-generation cephalosporins,7.02,7.86
Finland,2005,Escherichia coli,Third-generation cephalosporins,1.77,3.11
France,2005,Escherichia coli,Third-generation cephalosporins,1.39,3.49
Croatia,2005,Escherichia coli,Third-generation cephalosporins,0.78,4.24
Hungary,2005,Escherichia coli,Third-generation cephalosporins,3.75,2.57
Ireland,2005,Escherichia coli,Third-generation cephalosporins,3.56,1.87
Iceland,2005,Escherichia coli,Third-generation cephalosporins,0.0,0.51
Italy,2005,Escherichia coli,Third-generation cephalosporins,8.48,3.14
Luxembourg,2005,Escherichia coli,Third-generation cephalosporins,3.19,5.8
Norway,2005,Escherichia coli,Third-generation cephalosporins,0.83,0.47
Sweden,2005,Escherichia coli,Third-generation cephalosporins,1.28,0.66
Slovenia,2005,Escherichia coli,Third-generation cephalosporins,1.67,1.08
Slovakia,2005,Escherichia coli,Third-generation cephalosporins,8.25,3.92
Belgium,2006,Escherichia coli,Third-generation cephalosporins,2.91,0.38
Bulgaria,2006,Escherichia coli,Third-generation cephalosporins,28.57,2.24
Cyprus,2006,Escherichia coli,Third-generation cephalosporins,15.56,6.25
Denmark,2006,Escherichia coli,Third-generation cephalosporins,2.45,0.3
Estonia,2006,Escherichia coli,Third-generation cephalosporins,0.47,1.15
Greece,2006,Escherichia coli,Third-generation cephalosporins,6.08,7.75
Finland,2006,Escherichia coli,Third-generation cephalosporins,1.82,3.16
France,2006,Escherichia coli,Third-generation cephalosporins,1.97,3.01
Croatia,2006,Escherichia coli,Third-generation cephalosporins,1.42,3.92
Hungary,2006,Escherichia coli,Third-generation cephalosporins,4.96,2.35
Ireland,2006,Escherichia coli,Third-generation cephalosporins,3.5,2.03
Lithuania,2006,Escherichia coli,Third-generation cephalosporins,4.68,0.87
Luxembourg,2006,Escherichia coli,Third-generation cephalosporins,1.8,4.95
Latvia,2006,Escherichia coli,Third-generation cephalosporins,6.45,1.71
Norway,2006,Escherichia coli,Third-generation cephalosporins,1.4,0.48
Sweden,2006,Escherichia coli,Third-generation cephalosporins,1.53,0.66
Slovenia,2006,Escherichia coli,Third-generation cephalosporins,1.67,0.9
Belgium,2007,Escherichia coli,Third-generation cephalosporins,3.93,2.72
Bulgaria,2007,Escherichia coli,Third-generation cephalosporins,22.83,2.43
Cyprus,2007,Escherichia coli,Third-generation cephalosporins,18.35,7.01
Denmark,2007,Escherichia coli,Third-generation cephalosporins,3.25,0.35
Estonia,2007,Escherichia coli,Third-generation cephalosporins,1.38,1.22
Greece,2007,Escherichia coli,Third-generation cephalosporins,7.63,8.92
Finland,2007,Escherichia coli,Third-generation cephalosporins,1.54,3.27
France,2007,Escherichia coli,Third-generation cephalosporins,2.49,3.2
Croatia,2007,Escherichia coli,Third-generation cephalosporins,2.67,4.2
Hungary,2007,Escherichia coli,Third-generation cephalosporins,5.41,1.87
Ireland,2007,Escherichia coli,Third-generation cephalosporins,5.4,2.04
Italy,2007,Escherichia coli,Third-generation cephalosporins,11.45,2.95
Lithuania,2007,Escherichia coli,Third-generation cephalosporins,6.81,1.8
Luxembourg,2007,Escherichia coli,Third-generation cephalosporins,4.04,5.19
Latvia,2007,Escherichia coli,Third-generation cephalosporins,14.47,1.94
Malta,2007,Escherichia coli,Third-generation cephalosporins,12.82,3.27
Norway,2007,Escherichia coli,Third-generation cephalosporins,2.16,0.48
Sweden,2007,Escherichia coli,Third-generation cephalosporins,2.27,0.58
Slovenia,2007,Escherichia coli,Third-generation cephalosporins,4.23,0.92
Belgium,2008,Escherichia coli,Third-generation cephalosporins,4.19,2.35
Bulgaria,2008,Escherichia coli,Third-generation cephalosporins,29.25,2.76
Cyprus,2008,Escherichia coli,Third-generation cephalosporins,19.33,6.58
Denmark,2008,Escherichia coli,Third-generation cephalosporins,4.06,0.37
Estonia,2008,Escherichia coli,Third-generation cephalosporins,4.58,1.31
Greece,2008,Escherichia coli,Third-generation cephalosporins,9.93,9.5
Finland,2008,Escherichia coli,Third-generation cephalosporins,2.11,3.28
France,2008,Escherichia coli,Third-generation cephalosporins,3.82,2.77
Croatia,2008,Escherichia coli,Third-generation cephalosporins,3.83,4.54
Hungary,2008,Escherichia coli,Third-generation cephalosporins,9.18,2.11
Ireland,2008,Escherichia coli,Third-generation cephalosporins,5.92,1.68
Italy,2008,Escherichia coli,Third-generation cephalosporins,15.91,3.12
Lithuania,2008,Escherichia coli,Third-generation cephalosporins,5.59,3.2
Luxembourg,2008,Escherichia coli,Third-generation cephalosporins,6.29,4.92
Latvia,2008,Escherichia coli,Third-generation cephalosporins,11.11,1.63
Malta,2008,Escherichia coli,Third-generation cephalosporins,20.97,5.24
Norway,2008,Escherichia coli,Third-generation cephalosporins,2.56,0.47
Sweden,2008,Escherichia coli,Third-generation cephalosporins,2.26,0.54
Slovenia,2008,Escherichia coli,Third-generation cephalosporins,4.23,0.81
Belgium,2009,Escherichia coli,Third-generation cephalosporins,6.45,2.19
Bulgaria,2009,Escherichia coli,Third-generation cephalosporins,19.17,3.0
Cyprus,2009,Escherichia coli,Third-generation cephalosporins,13.97,6.45
Denmark,2009,Escherichia coli,Third-generation cephalosporins,6.17,0.38
Estonia,2009,Escherichia coli,Third-generation cephalosporins,2.19,1.25
Greece,2009,Escherichia coli,Third-generation cephalosporins,10.14,9.3
Finland,2009,Escherichia coli,Third-generation cephalosporins,2.8,3.28
France,2009,Escherichia coli,Third-generation cephalosporins,6.72,3.18
Hungary,2009,Escherichia coli,Third-generation cephalosporins,12.93,2.23
Ireland,2009,Escherichia coli,Third-generation cephalosporins,6.5,1.44
Lithuania,2009,Escherichia coli,Third-generation cephalosporins,7.85,1.26
Luxembourg,2009,Escherichia coli,Third-generation cephalosporins,8.31,5.0
Latvia,2009,Escherichia coli,Third-generation cephalosporins,11.63,1.18
Malta,2009,Escherichia coli,Third-generation cephalosporins,14.56,5.84
Norway,2009,Escherichia coli,Third-generation cephalosporins,2.28,0.44
Portugal,2009,Escherichia coli,Third-generation cephalosporins,9.21,2.34
Romania,2009,Escherichia coli,Third-generation cephalosporins,13.56,2.96
Sweden,2009,Escherichia coli,Third-generation cephalosporins,,0.44
Slovenia,2009,Escherichia coli,Third-generation cephalosporins,4.59,0.81
Belgium,2010,Escherichia coli,Third-generation cephalosporins,5.17,1.96
Bulgaria,2010,Escherichia coli,Third-generation cephalosporins,24.84,3.1
Cyprus,2010,Escherichia coli,Third-generation cephalosporins,20.14,5.4
Denmark,2010,Escherichia coli,Third-generation cephalosporins,7.6,0.37
Estonia,2010,Escherichia coli,Third-generation cephalosporins,5.5,1.36
Greece,2010,Escherichia coli,Third-generation cephalosporins,14.2,9.01
Finland,2010,Escherichia coli,Third-generation cephalosporins,3.75,3.22
France,2010,Escherichia coli,Third-generation cephalosporins,7.25,2.97
Croatia,2010,Escherichia coli,Third-generation cephalosporins,8.73,3.94
Hungary,2010,Escherichia coli,Third-generation cephalosporins,19.45,2.2
Ireland,2010,Escherichia coli,Third-generation cephalosporins,7.69,1.36
Iceland,2010,Escherichia coli,Third-generation cephalosporins,3.85,0.61
Italy,2010,Escherichia coli,Third-generation cephalosporins,21.04,2.92
Lithuania,2010,Escherichia coli,Third-generation cephalosporins,8.71,1.09
Luxembourg,2010,Escherichia coli,Third-generation cephalosporins,9.32,4.69
Latvia,2010,Escherichia coli,Third-generation cephalosporins,12.24,1.76
Malta,2010,Escherichia coli,Third-generation cephalosporins,15.62,5.41
Netherlands,2010,Escherichia coli,Third-generation cephalosporins,4.93,0.2
Norway,2010,Escherichia coli,Third-generation cephalosporins,3.69,0.44
Portugal,2010,Escherichia coli,Third-generation cephalosporins,10.43,2.2
Sweden,2010,Escherichia coli,Third-generation cephalosporins,2.91,0.39
Slovenia,2010,Escherichia coli,Third-generation cephalosporins,6.62,0.75
Belgium,2011,Escherichia coli,Third-generation cephalosporins,6.05,1.89
Bulgaria,2011,Escherichia coli,Third-generation cephalosporins,22.91,3.38
Cyprus,2011,Escherichia coli,Third-generation cephalosporins,36.23,3.07
Denmark,2011,Escherichia coli,Third-generation cephalosporins,8.49,0.37
Estonia,2011,Escherichia coli,Third-generation cephalosporins,12.22,1.5
Greece,2011,Escherichia coli,Third-generation cephalosporins,14.91,8.29
Finland,2011,Escherichia coli,Third-generation cephalosporins,5.0,3.33
France,2011,Escherichia coli,Third-generation cephalosporins,8.17,2.82
Croatia,2011,Escherichia coli,Third-generation cephalosporins,9.56,3.47
Hungary,2011,Escherichia coli,Third-generation cephalosporins,15.11,2.18
Ireland,2011,Escherichia coli,Third-generation cephalosporins,8.96,1.35
Iceland,2011,Escherichia coli,Third-generation cephalosporins,6.15,0.62
Italy,2011,Escherichia coli,Third-generation cephalosporins,19.84,2.89
Lithuania,2011,Escherichia coli,Third-generation cephalosporins,7.01,1.32
Luxembourg,2011,Escherichia coli,Third-generation cephalosporins,8.22,4.44
Latvia,2011,Escherichia coli,Third-generation cephalosporins,15.91,0.52
Malta,2011,Escherichia coli,Third-generation cephalosporins,12.79,6.02
Netherlands,2011,Escherichia coli,Third-generation cephalosporins,5.84,0.2
Norway,2011,Escherichia coli,Third-generation cephalosporins,3.65,0.43
Portugal,2011,Escherichia coli,Third-generation cephalosporins,11.26,2.04
Romania,2011,Escherichia coli,Third-generation cephalosporins,21.05,4.06
Sweden,2011,Escherichia coli,Third-generation cephalosporins,3.65,0.35
Slovenia,2011,Escherichia coli,Third-generation cephalosporins,8.78,0.68
Slovakia,2011,Escherichia coli,Third-generation cephalosporins,30.95,3.88
Belgium,2012,Escherichia coli,Third-generation cephalosporins,6.88,1.91
Bulgaria,2012,Escherichia coli,Third-generation cephalosporins,38.12,3.25
Cyprus,2012,Escherichia coli,Third-generation cephalosporins,31.82,5.36
Denmark,2012,Escherichia coli,Third-generation cephalosporins,7.86,0.32
Estonia,2012,Escherichia coli,Third-generation cephalosporins,7.87,1.53
Greece,2012,Escherichia coli,Third-generation cephalosporins,16.22,7.09
Finland,2012,Escherichia coli,Third-generation cephalosporins,6.2,3.21
France,2012,Escherichia coli,Third-generation cephalosporins,9.96,2.68
Croatia,2012,Escherichia coli,Third-generation cephalosporins,7.62,4.07
Hungary,2012,Escherichia coli,Third-generation cephalosporins,17.43,2.06
Ireland,2012,Escherichia coli,Third-generation cephalosporins,9.18,1.38
Iceland,2012,Escherichia coli,Third-generation cephalosporins,5.07,0.69
Italy,2012,Escherichia coli,Third-generation cephalosporins,26.29,2.78
Lithuania,2012,Escherichia coli,Third-generation cephalosporins,4.76,1.49
Luxembourg,2012,Escherichia coli,Third-generation cephalosporins,11.38,4.26
Latvia,2012,Escherichia coli,Third-generation cephalosporins,12.99,1.11
Malta,2012,Escherichia coli,Third-generation cephalosporins,12.92,5.51
Netherlands,2012,Escherichia coli,Third-generation cephalosporins,6.08,0.21
Norway,2012,Escherichia coli,Third-generation cephalosporins,4.9,0.42
Portugal,2012,Escherichia coli,Third-generation cephalosporins,13.51,1.95
Romania,2012,Escherichia coli,Third-generation cephalosporins,25.13,4.36
Sweden,2012,Escherichia coli,Third-generation cephalosporins,4.46,0.35
Slovenia,2012,Escherichia coli,Third-generation cephalosporins,9.5,0.61
Slovakia,2012,Escherichia coli,Third-generation cephalosporins,30.74,4.01
Belgium,2013,Escherichia coli,Third-generation cephalosporins,8.0,1.92
Bulgaria,2013,Escherichia coli,Third-generation cephalosporins,39.57,3.57
Cyprus,2013,Escherichia coli,Third-generation cephalosporins,38.89,4.85
Denmark,2013,Escherichia coli,Third-generation cephalosporins,8.08,0.39
Estonia,2013,Escherichia coli,Third-generation cephalosporins,7.35,1.64
Greece,2013,Escherichia coli,Third-generation cephalosporins,17.21,7.92
Finland,2013,Escherichia coli,Third-generation cephalosporins,7.07,3.19
France,2013,Escherichia coli,Third-generation cephalosporins,9.52,2.55
Croatia,2013,Escherichia coli,Third-generation cephalosporins,8.75,3.47
Hungary,2013,Escherichia coli,Third-generation cephalosporins,18.86,2.12
Ireland,2013,Escherichia coli,Third-generation cephalosporins,10.65,1.52
Iceland,2013,Escherichia coli,Third-generation cephalosporins,4.96,0.76
Italy,2013,Escherichia coli,Third-generation cephalosporins,26.19,2.9
Lithuania,2013,Escherichia coli,Third-generation cephalosporins,7.6,1.84
Luxembourg,2013,Escherichia coli,Third-generation cephalosporins,10.63,4.41
Latvia,2013,Escherichia coli,Third-generation cephalosporins,13.97,1.18
Malta,2013,Escherichia coli,Third-generation cephalosporins,8.68,5.76
Netherlands,2013,Escherichia coli,Third-generation cephalosporins,6.08,0.22
Norway,2013,Escherichia coli,Third-generation cephalosporins,5.52,0.41
Portugal,2013,Escherichia coli,Third-generation cephalosporins,14.94,1.83
Romania,2013,Escherichia coli,Third-generation cephalosporins,22.82,4.81
Sweden,2013,Escherichia coli,Third-generation cephalosporins,5.2,0.35
Slovenia,2013,Escherichia coli,Third-generation cephalosporins,8.74,0.59
Slovakia,2013,Escherichia coli,Third-generation cephalosporins,29.74,5.15
United Kingdom,2013,Escherichia coli,Third-generation cephalosporins,14.71,0.48
Belgium,2014,Escherichia coli,Third-generation cephalosporins,9.74,1.8
Bulgaria,2014,Escherichia coli,Third-generation cephalosporins,40.37,4.17
Cyprus,2014,Escherichia coli,Third-generation cephalosporins,28.76,4.47
Denmark,2014,Escherichia coli,Third-generation cephalosporins,7.01,0.42
Estonia,2014,Escherichia coli,Third-generation cephalosporins,9.27,1.7
Greece,2014,Escherichia coli,Third-generation cephalosporins,21.03,7.79
Finland,2014,Escherichia coli,Third-generation cephalosporins,5.46,3.14
France,2014,Escherichia coli,Third-generation cephalosporins,9.94,2.37
Croatia,2014,Escherichia coli,Third-generation cephalosporins,10.84,3.33
Hungary,2014,Escherichia coli,Third-generation cephalosporins,16.43,2.19
Ireland,2014,Escherichia coli,Third-generation cephalosporins,10.74,1.27
Italy,2014,Escherichia coli,Third-generation cephalosporins,28.67,2.75
Lithuania,2014,Escherichia coli,Third-generation cephalosporins,8.08,1.71
Luxembourg,2014,Escherichia coli,Third-generation cephalosporins,11.96,3.92
Latvia,2014,Escherichia coli,Third-generation cephalosporins,10.91,1.14
Malta,2014,Escherichia coli,Third-generation cephalosporins,10.82,4.81
Netherlands,2014,Escherichia coli,Third-generation cephalosporins,6.12,0.23
Norway,2014,Escherichia coli,Third-generation cephalosporins,5.79,0.38
Poland,2014,Escherichia coli,Third-generation cephalosporins,10.51,2.73
Portugal,2014,Escherichia coli,Third-generation cephalosporins,16.42,1.84
Romania,2014,Escherichia coli,Third-generation cephalosporins,29.41,5.33
Sweden,2014,Escherichia coli,Third-generation cephalosporins,5.56,0.31
Slovenia,2014,Escherichia coli,Third-generation cephalosporins,12.75,0.58
Slovakia,2014,Escherichia coli,Third-generation cephalosporins,31.83,5.05
United Kingdom,2014,Escherichia coli,Third-generation cephalosporins,10.32,0.47
Belgium,2015,Escherichia coli,Third-generation cephalosporins,9.68,1.83
Bulgaria,2015,Escherichia coli,Third-generation cephalosporins,38.54,4.75
Cyprus,2015,Escherichia coli,Third-generation cephalosporins,28.46,5.25
Denmark,2015,Escherichia coli,Third-generation cephalosporins,7.48,0.32
Estonia,2015,Escherichia coli,Third-generation cephalosporins,11.38,1.78
Greece,2015,Escherichia coli,Third-generation cephalosporins,19.84,8.04
Finland,2015,Escherichia coli,Third-generation cephalosporins,6.06,2.99
France,2015,Escherichia coli,Third-generation cephalosporins,10.98,2.44
Croatia,2015,Escherichia coli,Third-generation cephalosporins,12.52,3.28
Hungary,2015,Escherichia coli,Third-generation cephalosporins,16.73,2.31
Ireland,2015,Escherichia coli,Third-generation cephalosporins,11.37,1.34
Italy,2015,Escherichia coli,Third-generation cephalosporins,30.08,2.69
Lithuania,2015,Escherichia coli,Third-generation cephalosporins,16.01,1.87
Luxembourg,2015,Escherichia coli,Third-generation cephalosporins,12.68,3.99
Latvia,2015,Escherichia coli,Third-generation cephalosporins,17.91,1.19
Malta,2015,Escherichia coli,Third-generation cephalosporins,11.76,4.34
Netherlands,2015,Escherichia coli,Third-generation cephalosporins,6.08,0.24
Norway,2015,Escherichia coli,Third-generation cephalosporins,6.03,0.35
Poland,2015,Escherichia coli,Third-generation cephalosporins,11.93,3.2
Portugal,2015,Escherichia coli,Third-generation cephalosporins,16.09,1.96
Romania,2015,Escherichia coli,Third-generation cephalosporins,26.83,5.27
Sweden,2015,Escherichia coli,Third-generation cephalosporins,6.24,0.3
Slovenia,2015,Escherichia coli,Third-generation cephalosporins,13.65,0.61
Slovakia,2015,Escherichia coli,Third-generation cephalosporins,30.01,5.45
United Kingdom,2015,Escherichia coli,Third-generation cephalosporins,11.26,0.43
Belgium,2016,Escherichia coli,Third-generation cephalosporins,10.49,1.69
Bulgaria,2016,Escherichia coli,Third-generation cephalosporins,41.6,4.96
Cyprus,2016,Escherichia coli,Third-generation cephalosporins,30.2,5.17
Denmark,2016,Escherichia coli,Third-generation cephalosporins,6.57,0.29
Estonia,2016,Escherichia coli,Third-generation cephalosporins,8.99,1.71
Greece,2016,Escherichia coli,Third-generation cephalosporins,17.64,7.95
Spain,2016,Escherichia coli,Third-generation cephalosporins,14.97,2.67
Finland,2016,Escherichia coli,Third-generation cephalosporins,6.9,3.01
France,2016,Escherichia coli,Third-generation cephalosporins,11.23,2.27
Croatia,2016,Escherichia coli,Third-generation cephalosporins,14.74,2.99
Hungary,2016,Escherichia coli,Third-generation cephalosporins,16.71,2.38
Ireland,2016,Escherichia coli,Third-generation cephalosporins,11.39,1.34
Italy,2016,Escherichia coli,Third-generation cephalosporins,29.77,2.56
Lithuania,2016,Escherichia coli,Third-generation cephalosporins,14.72,1.97
Luxembourg,2016,Escherichia coli,Third-generation cephalosporins,13.64,3.91
Latvia,2016,Escherichia coli,Third-generation cephalosporins,24.11,1.21
Malta,2016,Escherichia coli,Third-generation cephalosporins,14.63,3.79
Netherlands,2016,Escherichia coli,Third-generation cephalosporins,6.59,0.23
Norway,2016,Escherichia coli,Third-generation cephalosporins,5.56,0.33
Poland,2016,Escherichia coli,Third-generation cephalosporins,13.72,3.2
Portugal,2016,Escherichia coli,Third-generation cephalosporins,16.06,1.95
Romania,2016,Escherichia coli,Third-generation cephalosporins,23.44,4.94
Sweden,2016,Escherichia coli,Third-generation cephalosporins,8.26,0.3
Slovenia,2016,Escherichia coli,Third-generation cephalosporins,12.54,0.63
Slovakia,2016,Escherichia coli,Third-generation cephalosporins,29.73,5.37
United Kingdom,2016,Escherichia coli,Third-generation cephalosporins,9.24,0.4
Belgium,2017,Escherichia coli,Third-generation cephalosporins,9.74,1.54
Bulgaria,2017,Escherichia coli,Third-generation cephalosporins,41.3,5.21
Cyprus,2017,Escherichia coli,Third-generation cephalosporins,30.77,5.81
Denmark,2017,Escherichia coli,Third-generation cephalosporins,6.9,0.33
Estonia,2017,Escherichia coli,Third-generation cephalosporins,8.76,1.73
Greece,2017,Escherichia coli,Third-generation cephalosporins,18.3,8.2
Spain,2017,Escherichia coli,Third-generation cephalosporins,12.81,2.67
Finland,2017,Escherichia coli,Third-generation cephalosporins,6.85,2.78
France,2017,Escherichia coli,Third-generation cephalosporins,10.22,1.92
Croatia,2017,Escherichia coli,Third-generation cephalosporins,16.46,3.02
Hungary,2017,Escherichia coli,Third-generation cephalosporins,20.12,2.46
Ireland,2017,Escherichia coli,Third-generation cephalosporins,11.98,1.27
Iceland,2017,Escherichia coli,Third-generation cephalosporins,6.1,0.89
Italy,2017,Escherichia coli,Third-generation cephalosporins,29.49,2.33
Lithuania,2017,Escherichia coli,Third-generation cephalosporins,16.78,2.07
Luxembourg,2017,Escherichia coli,Third-generation cephalosporins,9.7,2.86
Latvia,2017,Escherichia coli,Third-generation cephalosporins,21.95,1.3
Malta,2017,Escherichia coli,Third-generation cephalosporins,15.61,3.4
Netherlands,2017,Escherichia coli,Third-generation cephalosporins,6.37,0.24
Norway,2017,Escherichia coli,Third-generation cephalosporins,5.87,0.33
Poland,2017,Escherichia coli,Third-generation cephalosporins,16.68,4.63
Portugal,2017,Escherichia coli,Third-generation cephalosporins,15.59,2.04
Romania,2017,Escherichia coli,Third-generation cephalosporins,18.73,4.95
Sweden,2017,Escherichia coli,Third-generation cephalosporins,7.36,0.24
Slovenia,2017,Escherichia coli,Third-generation cephalosporins,12.47,0.68
Slovakia,2017,Escherichia coli,Third-generation cephalosporins,30.92,5.0
United Kingdom,2017,Escherichia coli,Third-generation cephalosporins,10.26,0.4
Belgium,2018,Escherichia coli,Third-generation cephalosporins,9.02,1.62
Bulgaria,2018,Escherichia coli,Third-generation cephalosporins,38.7,5.62
Cyprus,2018,Escherichia coli,Third-generation cephalosporins,37.09,5.88
Denmark,2018,Escherichia coli,Third-generation cephalosporins,7.66,0.28
Estonia,2018,Escherichia coli,Third-generation cephalosporins,9.76,1.69
Greece,2018,Escherichia coli,Third-generation cephalosporins,19.33,8.42
Spain,2018,Escherichia coli,Third-generation cephalosporins,13.76,2.75
Finland,2018,Escherichia coli,Third-generation cephalosporins,7.61,2.9
France,2018,Escherichia coli,Third-generation cephalosporins,9.59,1.73
Croatia,2018,Escherichia coli,Third-generation cephalosporins,14.81,3.05
Hungary,2018,Escherichia coli,Third-generation cephalosporins,22.62,2.5
Ireland,2018,Escherichia coli,Third-generation cephalosporins,12.88,1.34
Iceland,2018,Escherichia coli,Third-generation cephalosporins,8.08,0.86
Italy,2018,Escherichia coli,Third-generation cephalosporins,28.7,2.5
Lithuania,2018,Escherichia coli,Third-generation cephalosporins,15.33,2.11
Luxembourg,2018,Escherichia coli,Third-generation cephalosporins,12.5,3.29
Latvia,2018,Escherichia coli,Third-generation cephalosporins,20.4,1.22
Malta,2018,Escherichia coli,Third-generation cephalosporins,15.36,2.94
Netherlands,2018,Escherichia coli,Third-generation cephalosporins,7.32,0.26
Norway,2018,Escherichia coli,Third-generation cephalosporins,6.75,0.32
Poland,2018,Escherichia coli,Third-generation cephalosporins,17.6,3.45
Portugal,2018,Escherichia coli,Third-generation cephalosporins,14.71,2.01
Romania,2018,Escherichia coli,Third-generation cephalosporins,20.18,5.17
Sweden,2018,Escherichia coli,Third-generation cephalosporins,8.33,0.24
Slovenia,2018,Escherichia coli,Third-generation cephalosporins,11.33,0.63
Slovakia,2018,Escherichia coli,Third-generation cephalosporins,30.11,6.7
United Kingdom,2018,Escherichia coli,Third-generation cephalosporins,10.97,0.38
Austria,2019,Escherichia coli,Third-generation cephalosporins,9.32,1.92
Belgium,2019,Escherichia coli,Third-generation cephalosporins,9.98,1.58
Bulgaria,2019,Escherichia coli,Third-generation cephalosporins,38.64,5.48
Cyprus,2019,Escherichia coli,Third-generation cephalosporins,20.65,6.4
Czechia,2019,Escherichia coli,Third-generation cephalosporins,15.91,2.54
Denmark,2019,Escherichia coli,Third-generation cephalosporins,7.54,0.26
Estonia,2019,Escherichia coli,Third-generation cephalosporins,11.54,1.69
Greece,2019,Escherichia coli,Third-generation cephalosporins,18.95,8.11
Spain,2019,Escherichia coli,Third-generation cephalosporins,14.12,2.76
Finland,2019,Escherichia coli,Third-generation cephalosporins,7.85,2.63
France,2019,Escherichia coli,Third-generation cephalosporins,8.85,1.61
Croatia,2019,Escherichia coli,Third-generation cephalosporins,15.94,3.11
Hungary,2019,Escherichia coli,Third-generation cephalosporins,20.6,2.44
Ireland,2019,Escherichia coli,Third-generation cephalosporins,12.07,1.38
Iceland,2019,Escherichia coli,Third-generation cephalosporins,7.0,0.8
Italy,2019,Escherichia coli,Third-generation cephalosporins,30.87,2.73
Lithuania,2019,Escherichia coli,Third-generation cephalosporins,13.87,2.18
Luxembourg,2019,Escherichia coli,Third-generation cephalosporins,12.6,3.19
Latvia,2019,Escherichia coli,Third-generation cephalosporins,19.68,1.27
Malta,2019,Escherichia coli,Third-generation cephalosporins,17.47,3.12
Netherlands,2019,Escherichia coli,Third-generation cephalosporins,7.52,0.26
Norway,2019,Escherichia coli,Third-generation cephalosporins,6.18,0.31
Poland,2019,Escherichia coli,Third-generation cephalosporins,17.12,4.06
Portugal,2019,Escherichia coli,Third-generation cephalosporins,16.1,2.04
Romania,2019,Escherichia coli,Third-generation cephalosporins,20.33,5.39
Sweden,2019,Escherichia coli,Third-generation cephalosporins,7.82,0.22
Slovenia,2019,Escherichia coli,Third-generation cephalosporins,9.81,0.71
Slovakia,2019,Escherichia coli,Third-generation cephalosporins,23.05,5.26
United Kingdom,2019,Escherichia coli,Third-generation cephalosporins,11.51,0.37
Austria,2020,Escherichia coli,Third-generation cephalosporins,9.47,1.45
Belgium,2020,Escherichia coli,Third-generation cephalosporins,9.88,1.13
Bulgaria,2020,Escherichia coli,Third-generation cephalosporins,41.38,5.27
Cyprus,2020,Escherichia coli,Third-generation cephalosporins,29.82,6.19
Czechia,2020,Escherichia coli,Third-generation cephalosporins,13.28,1.91
Denmark,2020,Escherichia coli,Third-generation cephalosporins,6.7,0.24
Estonia,2020,Escherichia coli,Third-generation cephalosporins,8.27,1.53
Greece,2020,Escherichia coli,Third-generation cephalosporins,21.87,6.3
Spain,2020,Escherichia coli,Third-generation cephalosporins,14.08,2.33
Finland,2020,Escherichia coli,Third-generation cephalosporins,7.17,2.28
France,2020,Escherichia coli,Third-generation cephalosporins,9.47,1.2
Croatia,2020,Escherichia coli,Third-generation cephalosporins,16.57,2.59
Hungary,2020,Escherichia coli,Third-generation cephalosporins,20.13,1.8
Ireland,2020,Escherichia coli,Third-generation cephalosporins,11.82,1.16
Iceland,2020,Escherichia coli,Third-generation cephalosporins,11.02,0.75
Italy,2020,Escherichia coli,Third-generation cephalosporins,26.41,2.13
Lithuania,2020,Escherichia coli,Third-generation cephalosporins,15.94,1.99
Luxembourg,2020,Escherichia coli,Third-generation cephalosporins,11.45,2.16
Latvia,2020,Escherichia coli,Third-generation cephalosporins,24.07,1.09
Malta,2020,Escherichia coli,Third-generation cephalosporins,12.27,2.25
Netherlands,2020,Escherichia coli,Third-generation cephalosporins,6.65,0.26
Norway,2020,Escherichia coli,Third-generation cephalosporins,5.79,0.28
Poland,2020,Escherichia coli,Third-generation cephalosporins,17.45,2.85
Portugal,2020,Escherichia coli,Third-generation cephalosporins,14.45,1.78
Romania,2020,Escherichia coli,Third-generation cephalosporins,19.69,4.49
Sweden,2020,Escherichia coli,Third-generation cephalosporins,7.87,0.21
Slovenia,2020,Escherichia coli,Third-generation cephalosporins,10.58,0.7
Slovakia,2020,Escherichia coli,Third-generation cephalosporins,27.1,3.69
Austria,2021,Escherichia coli,Third-generation cephalosporins,8.29,1.52
Belgium,2021,Escherichia coli,Third-generation cephalosporins,8.26,1.14
Bulgaria,2021,Escherichia coli,Third-generation cephalosporins,37.26,6.1
Cyprus,2021,Escherichia coli,Third-generation cephalosporins,32.81,5.16
Czechia,2021,Escherichia coli,Third-generation cephalosporins,14.42,2.01
Denmark,2021,Escherichia coli,Third-generation cephalosporins,6.17,0.23
Estonia,2021,Escherichia coli,Third-generation cephalosporins,8.07,1.39
Greece,2021,Escherichia coli,Third-generation cephalosporins,21.73,4.96
Spain,2021,Escherichia coli,Third-generation cephalosporins,13.16,2.38
Finland,2021,Escherichia coli,Third-generation cephalosporins,6.6,2.19
France,2021,Escherichia coli,Third-generation cephalosporins,8.34,1.22
Croatia,2021,Escherichia coli,Third-generation cephalosporins,18.6,2.96
Hungary,2021,Escherichia coli,Third-generation cephalosporins,20.4,1.71
Ireland,2021,Escherichia coli,Third-generation cephalosporins,9.96,1.16
Iceland,2021,Escherichia coli,Third-generation cephalosporins,10.43,0.83
Italy,2021,Escherichia coli,Third-generation cephalosporins,24.38,2.01
Lithuania,2021,Escherichia coli,Third-generation cephalosporins,13.62,1.93
Luxembourg,2021,Escherichia coli,Third-generation cephalosporins,11.3,2.01
Latvia,2021,Escherichia coli,Third-generation cephalosporins,18.32,0.99
Malta,2021,Escherichia coli,Third-generation cephalosporins,13.71,1.65
Netherlands,2021,Escherichia coli,Third-generation cephalosporins,6.65,0.26
Norway,2021,Escherichia coli,Third-generation cephalosporins,5.5,0.29
Poland,2021,Escherichia coli,Third-generation cephalosporins,18.73,2.86
Portugal,2021,Escherichia coli,Third-generation cephalosporins,13.09,1.92
Romania,2021,Escherichia coli,Third-generation cephalosporins,18.79,4.65
Sweden,2021,Escherichia coli,Third-generation cephalosporins,7.12,0.22
Slovenia,2021,Escherichia coli,Third-generation cephalosporins,9.28,0.79
Slovakia,2021,Escherichia coli,Third-generation cephalosporins,23.11,4.0
Austria,2022,Escherichia coli,Third-generation cephalosporins,8.32,1.61
Belgium,2022,Escherichia coli,Third-generation cephalosporins,8.76,1.3
Bulgaria,2022,Escherichia coli,Third-generation cephalosporins,40.17,6.86
Cyprus,2022,Escherichia coli,Third-generation cephalosporins,32.44,6.48
Czechia,2022,Escherichia coli,Third-generation cephalosporins,14.75,2.51
Denmark,2022,Escherichia coli,Third-generation cephalosporins,6.63,0.23
Estonia,2022,Escherichia coli,Third-generation cephalosporins,11.76,1.67
Greece,2022,Escherichia coli,Third-generation cephalosporins,23.32,7.46
Spain,2022,Escherichia coli,Third-generation cephalosporins,14.88,2.77
Finland,2022,Escherichia coli,Third-generation cephalosporins,6.11,2.22
France,2022,Escherichia coli,Third-generation cephalosporins,8.44,1.42
Croatia,2022,Escherichia coli,Third-generation cephalosporins,17.43,3.33
Hungary,2022,Escherichia coli,Third-generation cephalosporins,22.57,1.92
Ireland,2022,Escherichia coli,Third-generation cephalosporins,9.68,1.55
Iceland,2022,Escherichia coli,Third-generation cephalosporins,9.79,1.04
Italy,2022,Escherichia coli,Third-generation cephalosporins,24.24,2.6
Lithuania,2022,Escherichia coli,Third-generation cephalosporins,15.43,2.39
Luxembourg,2022,Escherichia coli,Third-generation cephalosporins,10.45,2.38
Latvia,2022,Escherichia coli,Third-generation cephalosporins,20.04,1.23
Malta,2022,Escherichia coli,Third-generation cephalosporins,11.35,2.95
Netherlands,2022,Escherichia coli,Third-generation cephalosporins,7.75,0.26
Norway,2022,Escherichia coli,Third-generation cephalosporins,5.83,0.31
Poland,2022,Escherichia coli,Third-generation cephalosporins,18.69,3.54
Portugal,2022,Escherichia coli,Third-generation cephalosporins,14.1,2.26
Romania,2022,Escherichia coli,Third-generation cephalosporins,17.83,5.03
Slovenia,2022,Escherichia coli,Third-generation cephalosporins,9.34,0.85
Slovakia,2022,Escherichia coli,Third-generation cephalosporins,23.7,5.38
Austria,2023,Escherichia coli,Third-generation cephalosporins,9.85,1.62
Belgium,2023,Escherichia coli,Third-generation cephalosporins,10.09,1.18
Bulgaria,2023,Escherichia coli,Third-generation cephalosporins,37.25,7.37
Cyprus,2023,Escherichia coli,Third-generation cephalosporins,34.74,0.0
Czechia,2023,Escherichia coli,Third-generation cephalosporins,15.88,2.96
Germany,2023,Escherichia coli,Third-generation cephalosporins,9.73,2.77
Denmark,2023,Escherichia coli,Third-generation cephalosporins,6.32,0.21
Estonia,2023,Escherichia coli,Third-generation cephalosporins,11.44,1.59
Greece,2023,Escherichia coli,Third-generation cephalosporins,22.83,6.66
Spain,2023,Escherichia coli,Third-generation cephalosporins,16.22,2.9
Finland,2023,Escherichia coli,Third-generation cephalosporins,7.09,2.13
Croatia,2023,Escherichia coli,Third-generation cephalosporins,20.02,3.56
Hungary,2023,Escherichia coli,Third-generation cephalosporins,21.34,2.14
Ireland,2023,Escherichia coli,Third-generation cephalosporins,10.42,0.77
Iceland,2023,Escherichia coli,Third-generation cephalosporins,12.02,1.24
Italy,2023,Escherichia coli,Third-generation cephalosporins,26.68,2.95
Lithuania,2023,Escherichia coli,Third-generation cephalosporins,16.96,2.77
Luxembourg,2023,Escherichia coli,Third-generation cephalosporins,11.71,2.38
Latvia,2023,Escherichia coli,Third-generation cephalosporins,25.54,1.32
Malta,2023,Escherichia coli,Third-generation cephalosporins,11.3,2.99
Netherlands,2023,Escherichia coli,Third-generation cephalosporins,7.97,0.27
Norway,2023,Escherichia coli,Third-generation cephalosporins,5.62,0.3
Poland,2023,Escherichia coli,Third-generation cephalosporins,19.56,3.5
Portugal,2023,Escherichia coli,Third-generation cephalosporins,17.2,2.14
Romania,2023,Escherichia coli,Third-generation cephalosporins,19.09,5.02
Slovenia,2023,Escherichia coli,Third-generation cephalosporins,8.66,0.7
Slovakia,2023,Escherichia coli,Third-generation cephalosporins,21.55,4.76
Austria,2024,Escherichia coli,Third-generation cephalosporins,10.55,1.76
Belgium,2024,Escherichia coli,Third-generation cephalosporins,11.92,1.09
Bulgaria,2024,Escherichia coli,Third-generation cephalosporins,34.52,7.08
Cyprus,2024,Escherichia coli,Third-generation cephalosporins,38.75,5.66
Czechia,2024,Escherichia coli,Third-generation cephalosporins,15.79,2.35
Germany,2024,Escherichia coli,Third-generation cephalosporins,10.61,2.46
Estonia,2024,Escherichia coli,Third-generation cephalosporins,9.95,1.43
Greece,2024,Escherichia coli,Third-generation cephalosporins,25.5,7.09
Spain,2024,Escherichia coli,Third-generation cephalosporins,16.83,2.86
Finland,2024,Escherichia coli,Third-generation cephalosporins,7.45,2.01
France,2024,Escherichia coli,Third-generation cephalosporins,10.47,1.3
Croatia,2024,Escherichia coli,Third-generation cephalosporins,19.39,3.51
Hungary,2024,Escherichia coli,Third-generation cephalosporins,20.74,2.2
Ireland,2024,Escherichia coli,Third-generation cephalosporins,11.91,1.12
Iceland,2024,Escherichia coli,Third-generation cephalosporins,14.14,1.04
Italy,2024,Escherichia coli,Third-generation cephalosporins,27.73,2.8
Lithuania,2024,Escherichia coli,Third-generation cephalosporins,15.82,2.2
Luxembourg,2024,Escherichia coli,Third-generation cephalosporins,12.98,2.37
Latvia,2024,Escherichia coli,Third-generation cephalosporins,28.86,1.37
Malta,2024,Escherichia coli,Third-generation cephalosporins,24.75,2.52
Netherlands,2024,Escherichia coli,Third-generation cephalosporins,9.1,0.3
Norway,2024,Escherichia coli,Third-generation cephalosporins,6.79,0.3
Poland,2024,Escherichia coli,Third-generation cephalosporins,18.81,3.24
Portugal,2024,Escherichia coli,Third-generation cephalosporins,18.71,2.26
Romania,2024,Escherichia coli,Third-generation cephalosporins,20.67,5.56
Slovenia,2024,Escherichia coli,Third-generation cephalosporins,9.07,0.98
Slovakia,2024,Escherichia coli,Third-generation cephalosporins,24.58,5.1
Greece,2000,Escherichia coli,Fluoroquinolones,4.29,1.91
Netherlands,2000,Escherichia coli,Fluoroquinolones,3.36,0.89
Sweden,2000,Escherichia coli,Fluoroquinolones,,1.22
Belgium,2001,Escherichia coli,Fluoroquinolones,8.9,2.88
Bulgaria,2001,Escherichia coli,Fluoroquinolones,7.87,1.6
Estonia,2001,Escherichia coli,Fluoroquinolones,0.0,0.82
Greece,2001,Escherichia coli,Fluoroquinolones,9.46,2.29
Finland,2001,Escherichia coli,Fluoroquinolones,5.4,1.45
Croatia,2001,Escherichia coli,Fluoroquinolones,4.52,1.53
Hungary,2001,Escherichia coli,Fluoroquinolones,5.06,1.28
Iceland,2001,Escherichia coli,Fluoroquinolones,3.7,0.71
Luxembourg,2001,Escherichia coli,Fluoroquinolones,4.23,2.81
Netherlands,2001,Escherichia coli,Fluoroquinolones,5.42,0.88
Norway,2001,Escherichia coli,Fluoroquinolones,1.31,0.39
Poland,2001,Escherichia coli,Fluoroquinolones,8.6,1.17
Sweden,2001,Escherichia coli,Fluoroquinolones,3.74,1.27
Slovenia,2001,Escherichia coli,Fluoroquinolones,8.04,1.55
Slovakia,2001,Escherichia coli,Fluoroquinolones,15.56,1.94
Belgium,2002,Escherichia coli,Fluoroquinolones,13.24,2.95
Bulgaria,2002,Escherichia coli,Fluoroquinolones,14.07,1.35
Germany,2002,Escherichia coli,Fluoroquinolones,14.51,1.12
Estonia,2002,Escherichia coli,Fluoroquinolones,4.92,0.71
Greece,2002,Escherichia coli,Fluoroquinolones,13.14,2.62
Finland,2002,Escherichia coli,Fluoroquinolones,6.34,1.53
France,2002,Escherichia coli,Fluoroquinolones,8.19,2.4
Croatia,2002,Escherichia coli,Fluoroquinolones,5.31,1.77
Hungary,2002,Escherichia coli,Fluoroquinolones,10.37,1.58
Iceland,2002,Escherichia coli,Fluoroquinolones,2.7,0.71
Luxembourg,2002,Escherichia coli,Fluoroquinolones,9.43,2.69
Netherlands,2002,Escherichia coli,Fluoroquinolones,5.43,0.87
Norway,2002,Escherichia coli,Fluoroquinolones,1.71,0.43
Poland,2002,Escherichia coli,Fluoroquinolones,10.53,1.21
Sweden,2002,Escherichia coli,Fluoroquinolones,5.1,1.17
Slovenia,2002,Escherichia coli,Fluoroquinolones,11.98,1.64
Slovakia,2002,Escherichia coli,Fluoroquinolones,14.49,1.86
Belgium,2003,Escherichia coli,Fluoroquinolones,11.57,3.01
Bulgaria,2003,Escherichia coli,Fluoroquinolones,19.35,0.44
Germany,2003,Escherichia coli,Fluoroquinolones,13.96,1.05
Estonia,2003,Escherichia coli,Fluoroquinolones,4.6,0.79
Greece,2003,Escherichia coli,Fluoroquinolones,12.27,2.01
Finland,2003,Escherichia coli,Fluoroquinolones,5.1,1.27
France,2003,Escherichia coli,Fluoroquinolones,9.32,2.38
Croatia,2003,Escherichia coli,Fluoroquinolones,7.13,1.78
Hungary,2003,Escherichia coli,Fluoroquinolones,14.9,1.75
Iceland,2003,Escherichia coli,Fluoroquinolones,5.56,0.71
Luxembourg,2003,Escherichia coli,Fluoroquinolones,11.95,3.02
Norway,2003,Escherichia coli,Fluoroquinolones,1.87,0.47
Poland,2003,Escherichia coli,Fluoroquinolones,6.61,0.0
Sweden,2003,Escherichia coli,Fluoroquinolones,6.57,1.17
Slovenia,2003,Escherichia coli,Fluoroquinolones,11.22,1.42
Slovakia,2003,Escherichia coli,Fluoroquinolones,20.17,1.58
Belgium,2004,Escherichia coli,Fluoroquinolones,15.38,2.72
Bulgaria,2004,Escherichia coli,Fluoroquinolones,23.93,1.61
Germany,2004,Escherichia coli,Fluoroquinolones,24.35,1.15
Estonia,2004,Escherichia coli,Fluoroquinolones,6.41,0.93
Greece,2004,Escherichia coli,Fluoroquinolones,11.62,1.83
Finland,2004,Escherichia coli,Fluoroquinolones,7.26,1.25
France,2004,Escherichia coli,Fluoroquinolones,8.23,2.41
Croatia,2004,Escherichia coli,Fluoroquinolones,8.24,1.66
Hungary,2004,Escherichia coli,Fluoroquinolones,19.42,1.86
Ireland,2004,Escherichia coli,Fluoroquinolones,12.12,0.8
Iceland,2004,Escherichia coli,Fluoroquinolones,1.77,0.64
Luxembourg,2004,Escherichia coli,Fluoroquinolones,17.59,2.72
Norway,2004,Escherichia coli,Fluoroquinolones,4.37,0.51
Poland,2004,Escherichia coli,Fluoroquinolones,8.56,1.0
Sweden,2004,Escherichia coli,Fluoroquinolones,7.58,1.15
Slovenia,2004,Escherichia coli,Fluoroquinolones,12.39,1.35
Slovakia,2004,Escherichia coli,Fluoroquinolones,24.03,1.55
Belgium,2005,Escherichia coli,Fluoroquinolones,16.84,2.72
Bulgaria,2005,Escherichia coli,Fluoroquinolones,28.57,2.28
Denmark,2005,Escherichia coli,Fluoroquinolones,4.75,0.46
Estonia,2005,Escherichia coli,Fluoroquinolones,5.3,1.01
Greece,2005,Escherichia coli,Fluoroquinolones,12.32,1.84
Finland,2005,Escherichia coli,Fluoroquinolones,7.4,1.24
France,2005,Escherichia coli,Fluoroquinolones,11.02,2.51
Croatia,2005,Escherichia coli,Fluoroquinolones,8.79,1.77
Hungary,2005,Escherichia coli,Fluoroquinolones,21.92,2.16
Ireland,2005,Escherichia coli,Fluoroquinolones,16.87,0.91
Iceland,2005,Escherichia coli,Fluoroquinolones,3.42,0.79
Italy,2005,Escherichia coli,Fluoroquinolones,28.24,3.33
Luxembourg,2005,Escherichia coli,Fluoroquinolones,18.62,2.92
Norway,2005,Escherichia coli,Fluoroquinolones,4.68,0.56
Sweden,2005,Escherichia coli,Fluoroquinolones,6.32,1.16
Slovenia,2005,Escherichia coli,Fluoroquinolones,12.02,1.41
Slovakia,2005,Escherichia coli,Fluoroquinolones,14.39,1.94
Belgium,2006,Escherichia coli,Fluoroquinolones,19.37,0.25
Bulgaria,2006,Escherichia coli,Fluoroquinolones,26.18,1.92
Cyprus,2006,Escherichia coli,Fluoroquinolones,34.83,3.83
Denmark,2006,Escherichia coli,Fluoroquinolones,6.62,0.53
Estonia,2006,Escherichia coli,Fluoroquinolones,6.57,1.04
Greece,2006,Escherichia coli,Fluoroquinolones,14.48,2.12
Finland,2006,Escherichia coli,Fluoroquinolones,8.21,1.24
France,2006,Escherichia coli,Fluoroquinolones,13.82,2.51
Croatia,2006,Escherichia coli,Fluoroquinolones,15.46,1.78
Hungary,2006,Escherichia coli,Fluoroquinolones,26.61,2.05
Ireland,2006,Escherichia coli,Fluoroquinolones,20.97,1.14
Lithuania,2006,Escherichia coli,Fluoroquinolones,12.28,0.83
Luxembourg,2006,Escherichia coli,Fluoroquinolones,19.76,2.83
Latvia,2006,Escherichia coli,Fluoroquinolones,10.0,1.37
Norway,2006,Escherichia coli,Fluoroquinolones,4.87,0.53
Sweden,2006,Escherichia coli,Fluoroquinolones,7.95,1.16
Slovenia,2006,Escherichia coli,Fluoroquinolones,15.2,1.33
Belgium,2007,Escherichia coli,Fluoroquinolones,19.17,2.51
Bulgaria,2007,Escherichia coli,Fluoroquinolones,34.65,2.05
Cyprus,2007,Escherichia coli,Fluoroquinolones,39.45,3.77
Denmark,2007,Escherichia coli,Fluoroquinolones,9.3,0.63
Estonia,2007,Escherichia coli,Fluoroquinolones,6.73,1.07
Greece,2007,Escherichia coli,Fluoroquinolones,19.15,2.93
Finland,2007,Escherichia coli,Fluoroquinolones,7.7,1.28
France,2007,Escherichia coli,Fluoroquinolones,14.79,2.6
Croatia,2007,Escherichia coli,Fluoroquinolones,13.14,1.62
Hungary,2007,Escherichia coli,Fluoroquinolones,26.31,1.73
Ireland,2007,Escherichia coli,Fluoroquinolones,21.31,1.16
Italy,2007,Escherichia coli,Fluoroquinolones,31.53,3.78
Lithuania,2007,Escherichia coli,Fluoroquinolones,9.48,1.46
Luxembourg,2007,Escherichia coli,Fluoroquinolones,21.45,3.07
Latvia,2007,Escherichia coli,Fluoroquinolones,17.11,1.4
Malta,2007,Escherichia coli,Fluoroquinolones,35.04,1.82
Norway,2007,Escherichia coli,Fluoroquinolones,7.09,0.57
Sweden,2007,Escherichia coli,Fluoroquinolones,10.32,1.07
Slovenia,2007,Escherichia coli,Fluoroquinolones,17.16,1.37
Belgium,2008,Escherichia coli,Fluoroquinolones,16.84,2.63
Bulgaria,2008,Escherichia coli,Fluoroquinolones,31.51,2.19
Cyprus,2008,Escherichia coli,Fluoroquinolones,45.38,4.28
Denmark,2008,Escherichia coli,Fluoroquinolones,10.17,0.72
Estonia,2008,Escherichia coli,Fluoroquinolones,6.75,1.2
Greece,2008,Escherichia coli,Fluoroquinolones,22.41,2.97
Finland,2008,Escherichia coli,Fluoroquinolones,8.72,1.17
France,2008,Escherichia coli,Fluoroquinolones,15.7,2.4
Croatia,2008,Escherichia coli,Fluoroquinolones,14.99,1.67
Hungary,2008,Escherichia coli,Fluoroquinolones,26.12,2.0
Ireland,2008,Escherichia coli,Fluoroquinolones,22.63,1.19
Italy,2008,Escherichia coli,Fluoroquinolones,37.6,3.91
Lithuania,2008,Escherichia coli,Fluoroquinolones,13.82,1.55
Luxembourg,2008,Escherichia coli,Fluoroquinolones,22.11,3.02
Latvia,2008,Escherichia coli,Fluoroquinolones,14.44,1.35
Malta,2008,Escherichia coli,Fluoroquinolones,33.59,1.92
Norway,2008,Escherichia coli,Fluoroquinolones,7.39,0.61
Sweden,2008,Escherichia coli,Fluoroquinolones,10.28,0.99
Slovenia,2008,Escherichia coli,Fluoroquinolones,16.93,1.34
Belgium,2009,Escherichia coli,Fluoroquinolones,19.95,2.85
Bulgaria,2009,Escherichia coli,Fluoroquinolones,27.98,2.08
Cyprus,2009,Escherichia coli,Fluoroquinolones,43.38,4.1
Denmark,2009,Escherichia coli,Fluoroquinolones,13.18,0.73
Estonia,2009,Escherichia coli,Fluoroquinolones,8.28,1.02
Greece,2009,Escherichia coli,Fluoroquinolones,23.42,2.85
Finland,2009,Escherichia coli,Fluoroquinolones,9.18,1.25
France,2009,Escherichia coli,Fluoroquinolones,18.56,2.31
Hungary,2009,Escherichia coli,Fluoroquinolones,30.5,2.04
Ireland,2009,Escherichia coli,Fluoroquinolones,21.7,1.04
Lithuania,2009,Escherichia coli,Fluoroquinolones,14.58,1.22
Luxembourg,2009,Escherichia coli,Fluoroquinolones,25.58,3.07
Latvia,2009,Escherichia coli,Fluoroquinolones,23.53,1.2
Malta,2009,Escherichia coli,Fluoroquinolones,30.38,1.81
Norway,2009,Escherichia coli,Fluoroquinolones,8.69,0.6
Portugal,2009,Escherichia coli,Fluoroquinolones,27.72,3.13
Romania,2009,Escherichia coli,Fluoroquinolones,18.18,1.59
Sweden,2009,Escherichia coli,Fluoroquinolones,,0.94
Slovenia,2009,Escherichia coli,Fluoroquinolones,18.25,1.31
Belgium,2010,Escherichia coli,Fluoroquinolones,21.55,2.93
Bulgaria,2010,Escherichia coli,Fluoroquinolones,33.11,2.09
Cyprus,2010,Escherichia coli,Fluoroquinolones,42.75,4.07
Denmark,2010,Escherichia coli,Fluoroquinolones,13.74,0.71
Estonia,2010,Escherichia coli,Fluoroquinolones,8.37,1.0
Greece,2010,Escherichia coli,Fluoroquinolones,24.41,2.85
Finland,2010,Escherichia coli,Fluoroquinolones,9.22,1.22
France,2010,Escherichia coli,Fluoroquinolones,17.54,2.29
Croatia,2010,Escherichia coli,Fluoroquinolones,17.01,1.52
Hungary,2010,Escherichia coli,Fluoroquinolones,36.58,2.24
Ireland,2010,Escherichia coli,Fluoroquinolones,22.86,1.03
Iceland,2010,Escherichia coli,Fluoroquinolones,10.53,1.02
Italy,2010,Escherichia coli,Fluoroquinolones,39.2,3.92
Lithuania,2010,Escherichia coli,Fluoroquinolones,13.51,1.08
Luxembourg,2010,Escherichia coli,Fluoroquinolones,26.27,3.11
Latvia,2010,Escherichia coli,Fluoroquinolones,14.43,1.24
Malta,2010,Escherichia coli,Fluoroquinolones,34.38,2.02
Netherlands,2010,Escherichia coli,Fluoroquinolones,13.88,0.99
Norway,2010,Escherichia coli,Fluoroquinolones,8.73,0.63
Portugal,2010,Escherichia coli,Fluoroquinolones,27.28,3.06
Sweden,2010,Escherichia coli,Fluoroquinolones,10.51,0.93
Slovenia,2010,Escherichia coli,Fluoroquinolones,19.33,1.34
Belgium,2011,Escherichia coli,Fluoroquinolones,21.53,2.97
Bulgaria,2011,Escherichia coli,Fluoroquinolones,30.17,2.37
Cyprus,2011,Escherichia coli,Fluoroquinolones,47.45,1.91
Denmark,2011,Escherichia coli,Fluoroquinolones,14.07,0.76
Estonia,2011,Escherichia coli,Fluoroquinolones,9.94,1.04
Greece,2011,Escherichia coli,Fluoroquinolones,26.59,2.84
Finland,2011,Escherichia coli,Fluoroquinolones,10.96,1.29
France,2011,Escherichia coli,Fluoroquinolones,17.92,2.04
Croatia,2011,Escherichia coli,Fluoroquinolones,20.27,1.51
Hungary,2011,Escherichia coli,Fluoroquinolones,31.16,2.17
Ireland,2011,Escherichia coli,Fluoroquinolones,22.94,1.05
Iceland,2011,Escherichia coli,Fluoroquinolones,14.05,1.05
Italy,2011,Escherichia coli,Fluoroquinolones,40.55,3.89
Lithuania,2011,Escherichia coli,Fluoroquinolones,12.86,1.19
Luxembourg,2011,Escherichia coli,Fluoroquinolones,24.08,3.09
Latvia,2011,Escherichia coli,Fluoroquinolones,16.79,0.77
Malta,2011,Escherichia coli,Fluoroquinolones,31.96,2.06
Netherlands,2011,Escherichia coli,Fluoroquinolones,14.44,0.95
Norway,2011,Escherichia coli,Fluoroquinolones,8.98,0.64
Portugal,2011,Escherichia coli,Fluoroquinolones,27.23,2.78
Romania,2011,Escherichia coli,Fluoroquinolones,28.0,3.39
Sweden,2011,Escherichia coli,Fluoroquinolones,10.06,0.93
Slovenia,2011,Escherichia coli,Fluoroquinolones,20.66,1.31
Slovakia,2011,Escherichia coli,Fluoroquinolones,41.81,2.41
Belgium,2012,Escherichia coli,Fluoroquinolones,22.16,3.0
Bulgaria,2012,Escherichia coli,Fluoroquinolones,34.08,2.52
Cyprus,2012,Escherichia coli,Fluoroquinolones,42.05,3.51
Denmark,2012,Escherichia coli,Fluoroquinolones,14.12,0.74
Estonia,2012,Escherichia coli,Fluoroquinolones,14.14,1.15
Greece,2012,Escherichia coli,Fluoroquinolones,29.08,2.58
Finland,2012,Escherichia coli,Fluoroquinolones,11.73,1.19
France,2012,Escherichia coli,Fluoroquinolones,17.85,2.18
Croatia,2012,Escherichia coli,Fluoroquinolones,17.04,1.68
Hungary,2012,Escherichia coli,Fluoroquinolones,28.93,2.18
Ireland,2012,Escherichia coli,Fluoroquinolones,24.29,0.99
Iceland,2012,Escherichia coli,Fluoroquinolones,9.7,1.01
Italy,2012,Escherichia coli,Fluoroquinolones,42.05,3.91
Lithuania,2012,Escherichia coli,Fluoroquinolones,14.69,1.37
Luxembourg,2012,Escherichia coli,Fluoroquinolones,23.95,3.01
Latvia,2012,Escherichia coli,Fluoroquinolones,14.47,1.33
Malta,2012,Escherichia coli,Fluoroquinolones,30.14,2.22
Netherlands,2012,Escherichia coli,Fluoroquinolones,15.64,0.92
Norway,2012,Escherichia coli,Fluoroquinolones,11.29,0.64
Portugal,2012,Escherichia coli,Fluoroquinolones,30.31,2.56
Romania,2012,Escherichia coli,Fluoroquinolones,29.03,3.36
Sweden,2012,Escherichia coli,Fluoroquinolones,11.09,0.91
Slovenia,2012,Escherichia coli,Fluoroquinolones,21.4,1.29
Slovakia,2012,Escherichia coli,Fluoroquinolones,41.29,2.2
Belgium,2013,Escherichia coli,Fluoroquinolones,22.95,2.86
Bulgaria,2013,Escherichia coli,Fluoroquinolones,37.43,2.63
Cyprus,2013,Escherichia coli,Fluoroquinolones,51.85,3.98
Denmark,2013,Escherichia coli,Fluoroquinolones,12.44,0.7
Estonia,2013,Escherichia coli,Fluoroquinolones,11.83,1.08
Greece,2013,Escherichia coli,Fluoroquinolones,30.89,2.23
Finland,2013,Escherichia coli,Fluoroquinolones,13.24,1.13
France,2013,Escherichia coli,Fluoroquinolones,16.73,2.09
Croatia,2013,Escherichia coli,Fluoroquinolones,20.18,1.66
Hungary,2013,Escherichia coli,Fluoroquinolones,30.31,2.32
Ireland,2013,Escherichia coli,Fluoroquinolones,24.17,0.98
Iceland,2013,Escherichia coli,Fluoroquinolones,14.66,1.12
Italy,2013,Escherichia coli,Fluoroquinolones,42.21,3.98
Lithuania,2013,Escherichia coli,Fluoroquinolones,15.94,1.13
Luxembourg,2013,Escherichia coli,Fluoroquinolones,27.8,2.88
Latvia,2013,Escherichia coli,Fluoroquinolones,18.66,1.37
Malta,2013,Escherichia coli,Fluoroquinolones,29.75,3.17
Netherlands,2013,Escherichia coli,Fluoroquinolones,14.76,0.87
Norway,2013,Escherichia coli,Fluoroquinolones,10.89,0.61
Portugal,2013,Escherichia coli,Fluoroquinolones,31.62,2.34
Romania,2013,Escherichia coli,Fluoroquinolones,31.0,3.47
Sweden,2013,Escherichia coli,Fluoroquinolones,11.58,0.87
Slovenia,2013,Escherichia coli,Fluoroquinolones,19.85,1.31
Slovakia,2013,Escherichia coli,Fluoroquinolones,40.35,2.45
United Kingdom,2013,Escherichia coli,Fluoroquinolones,16.3,0.58
Belgium,2014,Escherichia coli,Fluoroquinolones,26.7,2.76
Bulgaria,2014,Escherichia coli,Fluoroquinolones,38.6,3.01
Cyprus,2014,Escherichia coli,Fluoroquinolones,46.41,3.22
Denmark,2014,Escherichia coli,Fluoroquinolones,12.25,0.68
Estonia,2014,Escherichia coli,Fluoroquinolones,12.29,1.09
Greece,2014,Escherichia coli,Fluoroquinolones,32.76,2.77
Finland,2014,Escherichia coli,Fluoroquinolones,11.04,1.11
France,2014,Escherichia coli,Fluoroquinolones,17.65,1.99
Croatia,2014,Escherichia coli,Fluoroquinolones,20.06,1.7
Hungary,2014,Escherichia coli,Fluoroquinolones,28.44,2.64
Ireland,2014,Escherichia coli,Fluoroquinolones,24.53,0.94
Italy,2014,Escherichia coli,Fluoroquinolones,43.93,3.81
Lithuania,2014,Escherichia coli,Fluoroquinolones,12.84,1.07
Luxembourg,2014,Escherichia coli,Fluoroquinolones,24.73,2.78
Latvia,2014,Escherichia coli,Fluoroquinolones,17.68,1.35
Malta,2014,Escherichia coli,Fluoroquinolones,28.73,3.42
Netherlands,2014,Escherichia coli,Fluoroquinolones,13.96,0.89
Norway,2014,Escherichia coli,Fluoroquinolones,11.01,0.57
Poland,2014,Escherichia coli,Fluoroquinolones,29.23,1.35
Portugal,2014,Escherichia coli,Fluoroquinolones,32.37,2.27
Romania,2014,Escherichia coli,Fluoroquinolones,31.27,3.72
Sweden,2014,Escherichia coli,Fluoroquinolones,11.3,0.85
Slovenia,2014,Escherichia coli,Fluoroquinolones,23.27,1.32
Slovakia,2014,Escherichia coli,Fluoroquinolones,42.95,0.92
United Kingdom,2014,Escherichia coli,Fluoroquinolones,16.82,0.59
Belgium,2015,Escherichia coli,Fluoroquinolones,26.59,2.78
Bulgaria,2015,Escherichia coli,Fluoroquinolones,35.29,3.04
Cyprus,2015,Escherichia coli,Fluoroquinolones,45.53,4.56
Denmark,2015,Escherichia coli,Fluoroquinolones,11.9,0.66
Estonia,2015,Escherichia coli,Fluoroquinolones,15.23,1.08
Greece,2015,Escherichia coli,Fluoroquinolones,30.56,2.9
Finland,2015,Escherichia coli,Fluoroquinolones,11.17,0.99
France,2015,Escherichia coli,Fluoroquinolones,17.75,1.83
Croatia,2015,Escherichia coli,Fluoroquinolones,23.99,1.7
Hungary,2015,Escherichia coli,Fluoroquinolones,29.0,2.92
Ireland,2015,Escherichia coli,Fluoroquinolones,23.07,1.03
Italy,2015,Escherichia coli,Fluoroquinolones,44.38,3.8
Lithuania,2015,Escherichia coli,Fluoroquinolones,20.58,1.18
Luxembourg,2015,Escherichia coli,Fluoroquinolones,24.21,2.68
Latvia,2015,Escherichia coli,Fluoroquinolones,27.84,1.32
Malta,2015,Escherichia coli,Fluoroquinolones,37.39,3.11
Netherlands,2015,Escherichia coli,Fluoroquinolones,13.16,0.87
Norway,2015,Escherichia coli,Fluoroquinolones,10.22,0.51
Poland,2015,Escherichia coli,Fluoroquinolones,27.88,1.54
Portugal,2015,Escherichia coli,Fluoroquinolones,29.66,2.18
Romania,2015,Escherichia coli,Fluoroquinolones,30.73,3.5
Sweden,2015,Escherichia coli,Fluoroquinolones,12.62,0.84
Slovenia,2015,Escherichia coli,Fluoroquinolones,24.6,1.38
Slovakia,2015,Escherichia coli,Fluoroquinolones,44.18,2.71
United Kingdom,2015,Escherichia coli,Fluoroquinolones,15.64,0.57
Belgium,2016,Escherichia coli,Fluoroquinolones,24.55,2.6
Bulgaria,2016,Escherichia coli,Fluoroquinolones,42.19,3.02
Cyprus,2016,Escherichia coli,Fluoroquinolones,46.98,7.02
Denmark,2016,Escherichia coli,Fluoroquinolones,11.04,0.63
Estonia,2016,Escherichia coli,Fluoroquinolones,13.88,0.99
Greece,2016,Escherichia coli,Fluoroquinolones,32.13,2.82
Spain,2016,Escherichia coli,Fluoroquinolones,32.82,3.24
Finland,2016,Escherichia coli,Fluoroquinolones,11.46,0.99
France,2016,Escherichia coli,Fluoroquinolones,16.66,1.73
Croatia,2016,Escherichia coli,Fluoroquinolones,27.86,1.7
Hungary,2016,Escherichia coli,Fluoroquinolones,26.79,2.58
Ireland,2016,Escherichia coli,Fluoroquinolones,22.91,0.98
Italy,2016,Escherichia coli,Fluoroquinolones,43.26,3.63
Lithuania,2016,Escherichia coli,Fluoroquinolones,19.75,1.15
Luxembourg,2016,Escherichia coli,Fluoroquinolones,28.95,2.62
Latvia,2016,Escherichia coli,Fluoroquinolones,27.76,1.31
Malta,2016,Escherichia coli,Fluoroquinolones,41.46,2.67
Netherlands,2016,Escherichia coli,Fluoroquinolones,12.9,0.84
Norway,2016,Escherichia coli,Fluoroquinolones,10.94,0.46
Poland,2016,Escherichia coli,Fluoroquinolones,33.07,1.62
Portugal,2016,Escherichia coli,Fluoroquinolones,28.95,2.04
Romania,2016,Escherichia coli,Fluoroquinolones,30.62,2.89
Sweden,2016,Escherichia coli,Fluoroquinolones,13.66,0.82
Slovenia,2016,Escherichia coli,Fluoroquinolones,25.56,1.35
Slovakia,2016,Escherichia coli,Fluoroquinolones,40.44,2.55
United Kingdom,2016,Escherichia coli,Fluoroquinolones,16.33,0.55
Belgium,2017,Escherichia coli,Fluoroquinolones,23.8,2.36
Bulgaria,2017,Escherichia coli,Fluoroquinolones,42.11,3.11
Cyprus,2017,Escherichia coli,Fluoroquinolones,42.95,6.21
Denmark,2017,Escherichia coli,Fluoroquinolones,12.79,0.58
Estonia,2017,Escherichia coli,Fluoroquinolones,17.41,0.99
Greece,2017,Escherichia coli,Fluoroquinolones,32.92,2.8
Spain,2017,Escherichia coli,Fluoroquinolones,32.5,3.12
Finland,2017,Escherichia coli,Fluoroquinolones,12.01,0.89
France,2017,Escherichia coli,Fluoroquinolones,15.02,1.56
Croatia,2017,Escherichia coli,Fluoroquinolones,28.17,1.73
Hungary,2017,Escherichia coli,Fluoroquinolones,30.62,2.61
Ireland,2017,Escherichia coli,Fluoroquinolones,23.6,0.9
Iceland,2017,Escherichia coli,Fluoroquinolones,11.56,0.91
Italy,2017,Escherichia coli,Fluoroquinolones,44.94,3.07
Lithuania,2017,Escherichia coli,Fluoroquinolones,25.21,1.11
Luxembourg,2017,Escherichia coli,Fluoroquinolones,22.86,2.96
Latvia,2017,Escherichia coli,Fluoroquinolones,30.35,1.27
Malta,2017,Escherichia coli,Fluoroquinolones,43.31,2.48
Netherlands,2017,Escherichia coli,Fluoroquinolones,14.42,0.82
Norway,2017,Escherichia coli,Fluoroquinolones,13.56,0.4
Poland,2017,Escherichia coli,Fluoroquinolones,35.86,1.66
Portugal,2017,Escherichia coli,Fluoroquinolones,27.27,1.86
Romania,2017,Escherichia coli,Fluoroquinolones,26.45,3.25
Sweden,2017,Escherichia coli,Fluoroquinolones,15.79,0.78
Slovenia,2017,Escherichia coli,Fluoroquinolones,24.87,1.31
Slovakia,2017,Escherichia coli,Fluoroquinolones,43.2,2.4
United Kingdom,2017,Escherichia coli,Fluoroquinolones,17.47,0.57
Belgium,2018,Escherichia coli,Fluoroquinolones,21.8,1.33
Bulgaria,2018,Escherichia coli,Fluoroquinolones,41.78,3.12
Cyprus,2018,Escherichia coli,Fluoroquinolones,42.38,5.3
Denmark,2018,Escherichia coli,Fluoroquinolones,13.26,0.55
Estonia,2018,Escherichia coli,Fluoroquinolones,17.61,0.86
Greece,2018,Escherichia coli,Fluoroquinolones,30.78,3.16
Spain,2018,Escherichia coli,Fluoroquinolones,32.12,2.97
Finland,2018,Escherichia coli,Fluoroquinolones,11.48,0.82
France,2018,Escherichia coli,Fluoroquinolones,16.32,1.53
Croatia,2018,Escherichia coli,Fluoroquinolones,30.03,1.72
Hungary,2018,Escherichia coli,Fluoroquinolones,33.25,2.5
Ireland,2018,Escherichia coli,Fluoroquinolones,23.9,0.86
Iceland,2018,Escherichia coli,Fluoroquinolones,17.19,0.91
Italy,2018,Escherichia coli,Fluoroquinolones,41.66,3.01
Lithuania,2018,Escherichia coli,Fluoroquinolones,19.66,1.06
Luxembourg,2018,Escherichia coli,Fluoroquinolones,21.77,2.21
Latvia,2018,Escherichia coli,Fluoroquinolones,24.13,1.23
Malta,2018,Escherichia coli,Fluoroquinolones,41.87,2.6
Netherlands,2018,Escherichia coli,Fluoroquinolones,14.71,0.81
Norway,2018,Escherichia coli,Fluoroquinolones,12.87,0.36
Poland,2018,Escherichia coli,Fluoroquinolones,34.67,1.66
Portugal,2018,Escherichia coli,Fluoroquinolones,25.46,1.82
Romania,2018,Escherichia coli,Fluoroquinolones,29.1,3.3
Sweden,2018,Escherichia coli,Fluoroquinolones,18.06,0.75
Slovenia,2018,Escherichia coli,Fluoroquinolones,22.78,1.3
Slovakia,2018,Escherichia coli,Fluoroquinolones,42.11,2.34
United Kingdom,2018,Escherichia coli,Fluoroquinolones,17.71,0.57
Austria,2019,Escherichia coli,Fluoroquinolones,18.21,0.9
Belgium,2019,Escherichia coli,Fluoroquinolones,19.06,0.73
Bulgaria,2019,Escherichia coli,Fluoroquinolones,38.64,3.08
Cyprus,2019,Escherichia coli,Fluoroquinolones,43.48,5.82
Czechia,2019,Escherichia coli,Fluoroquinolones,23.04,0.69
Denmark,2019,Escherichia coli,Fluoroquinolones,11.47,0.49
Estonia,2019,Escherichia coli,Fluoroquinolones,17.06,0.77
Greece,2019,Escherichia coli,Fluoroquinolones,29.56,3.24
Spain,2019,Escherichia coli,Fluoroquinolones,29.53,2.53
Finland,2019,Escherichia coli,Fluoroquinolones,11.44,0.62
France,2019,Escherichia coli,Fluoroquinolones,15.97,1.38
Croatia,2019,Escherichia coli,Fluoroquinolones,27.26,1.6
Hungary,2019,Escherichia coli,Fluoroquinolones,30.32,2.07
Ireland,2019,Escherichia coli,Fluoroquinolones,20.35,0.63
Iceland,2019,Escherichia coli,Fluoroquinolones,13.1,0.62
Italy,2019,Escherichia coli,Fluoroquinolones,40.63,2.24
Lithuania,2019,Escherichia coli,Fluoroquinolones,17.98,1.02
Luxembourg,2019,Escherichia coli,Fluoroquinolones,20.53,1.72
Latvia,2019,Escherichia coli,Fluoroquinolones,24.89,1.07
Malta,2019,Escherichia coli,Fluoroquinolones,40.06,2.12
Netherlands,2019,Escherichia coli,Fluoroquinolones,14.57,0.74
Norway,2019,Escherichia coli,Fluoroquinolones,11.26,0.31
Poland,2019,Escherichia coli,Fluoroquinolones,33.02,1.52
Portugal,2019,Escherichia coli,Fluoroquinolones,26.47,1.64
Romania,2019,Escherichia coli,Fluoroquinolones,28.29,3.32
Sweden,2019,Escherichia coli,Fluoroquinolones,15.85,0.69
Slovenia,2019,Escherichia coli,Fluoroquinolones,19.01,1.17
Slovakia,2019,Escherichia coli,Fluoroquinolones,34.0,1.66
United Kingdom,2019,Escherichia coli,Fluoroquinolones,17.83,0.51
Austria,2020,Escherichia coli,Fluoroquinolones,17.35,0.7
Belgium,2020,Escherichia coli,Fluoroquinolones,18.08,0.59
Bulgaria,2020,Escherichia coli,Fluoroquinolones,42.91,3.89
Cyprus,2020,Escherichia coli,Fluoroquinolones,48.25,7.34
Czechia,2020,Escherichia coli,Fluoroquinolones,20.19,0.6
Denmark,2020,Escherichia coli,Fluoroquinolones,11.23,0.44
Estonia,2020,Escherichia coli,Fluoroquinolones,14.08,0.88
Greece,2020,Escherichia coli,Fluoroquinolones,32.74,2.8
Spain,2020,Escherichia coli,Fluoroquinolones,28.61,1.97
Finland,2020,Escherichia coli,Fluoroquinolones,10.53,0.55
France,2020,Escherichia coli,Fluoroquinolones,15.92,1.25
Croatia,2020,Escherichia coli,Fluoroquinolones,29.66,1.42
Hungary,2020,Escherichia coli,Fluoroquinolones,30.34,1.55
Ireland,2020,Escherichia coli,Fluoroquinolones,18.88,0.48
Iceland,2020,Escherichia coli,Fluoroquinolones,11.84,0.53
Italy,2020,Escherichia coli,Fluoroquinolones,37.59,1.87
Lithuania,2020,Escherichia coli,Fluoroquinolones,18.75,0.92
Luxembourg,2020,Escherichia coli,Fluoroquinolones,21.73,1.39
Latvia,2020,Escherichia coli,Fluoroquinolones,27.51,0.93
Malta,2020,Escherichia coli,Fluoroquinolones,35.38,1.64
Netherlands,2020,Escherichia coli,Fluoroquinolones,13.34,0.7
Norway,2020,Escherichia coli,Fluoroquinolones,9.96,0.27
Poland,2020,Escherichia coli,Fluoroquinolones,32.99,1.3
Portugal,2020,Escherichia coli,Fluoroquinolones,23.93,1.3
Romania,2020,Escherichia coli,Fluoroquinolones,26.0,3.12
Sweden,2020,Escherichia coli,Fluoroquinolones,14.08,0.62
Slovenia,2020,Escherichia coli,Fluoroquinolones,18.12,0.97
Slovakia,2020,Escherichia coli,Fluoroquinolones,34.16,1.32
Austria,2021,Escherichia coli,Fluoroquinolones,15.07,0.63
Belgium,2021,Escherichia coli,Fluoroquinolones,18.53,0.58
Bulgaria,2021,Escherichia coli,Fluoroquinolones,33.46,4.51
Cyprus,2021,Escherichia coli,Fluoroquinolones,51.56,4.69
Czechia,2021,Escherichia coli,Fluoroquinolones,19.7,0.6
Denmark,2021,Escherichia coli,Fluoroquinolones,10.47,0.42
Estonia,2021,Escherichia coli,Fluoroquinolones,13.45,0.7
Greece,2021,Escherichia coli,Fluoroquinolones,33.93,2.36
Spain,2021,Escherichia coli,Fluoroquinolones,26.61,1.89
Finland,2021,Escherichia coli,Fluoroquinolones,9.57,0.49
France,2021,Escherichia coli,Fluoroquinolones,14.76,1.16
Croatia,2021,Escherichia coli,Fluoroquinolones,28.99,1.68
Hungary,2021,Escherichia coli,Fluoroquinolones,28.05,1.54
Ireland,2021,Escherichia coli,Fluoroquinolones,15.98,0.43
Iceland,2021,Escherichia coli,Fluoroquinolones,14.44,0.5
Italy,2021,Escherichia coli,Fluoroquinolones,33.36,1.77
Lithuania,2021,Escherichia coli,Fluoroquinolones,17.65,0.78
Luxembourg,2021,Escherichia coli,Fluoroquinolones,20.9,1.38
Latvia,2021,Escherichia coli,Fluoroquinolones,20.66,0.81
Malta,2021,Escherichia coli,Fluoroquinolones,30.77,1.47
Netherlands,2021,Escherichia coli,Fluoroquinolones,13.32,0.7
Norway,2021,Escherichia coli,Fluoroquinolones,9.88,0.25
Poland,2021,Escherichia coli,Fluoroquinolones,33.11,1.46
Portugal,2021,Escherichia coli,Fluoroquinolones,22.5,1.26
Romania,2021,Escherichia coli,Fluoroquinolones,24.7,3.33
Sweden,2021,Escherichia coli,Fluoroquinolones,13.66,0.62
Slovenia,2021,Escherichia coli,Fluoroquinolones,16.66,0.98
Slovakia,2021,Escherichia coli,Fluoroquinolones,29.76,1.36
Austria,2022,Escherichia coli,Fluoroquinolones,13.93,0.69
Belgium,2022,Escherichia coli,Fluoroquinolones,17.55,0.61
Bulgaria,2022,Escherichia coli,Fluoroquinolones,40.59,3.73
Cyprus,2022,Escherichia coli,Fluoroquinolones,46.36,4.56
Czechia,2022,Escherichia coli,Fluoroquinolones,18.24,0.63
Denmark,2022,Escherichia coli,Fluoroquinolones,10.71,0.44
Estonia,2022,Escherichia coli,Fluoroquinolones,16.31,0.72
Greece,2022,Escherichia coli,Fluoroquinolones,37.77,3.34
Spain,2022,Escherichia coli,Fluoroquinolones,28.61,2.16
Finland,2022,Escherichia coli,Fluoroquinolones,9.91,0.52
France,2022,Escherichia coli,Fluoroquinolones,14.71,1.31
Croatia,2022,Escherichia coli,Fluoroquinolones,30.26,1.74
Hungary,2022,Escherichia coli,Fluoroquinolones,29.28,1.77
Ireland,2022,Escherichia coli,Fluoroquinolones,15.6,0.45
Iceland,2022,Escherichia coli,Fluoroquinolones,10.21,0.5
Italy,2022,Escherichia coli,Fluoroquinolones,31.63,1.97
Lithuania,2022,Escherichia coli,Fluoroquinolones,19.03,0.86
Luxembourg,2022,Escherichia coli,Fluoroquinolones,16.84,1.48
Latvia,2022,Escherichia coli,Fluoroquinolones,21.83,0.94
Malta,2022,Escherichia coli,Fluoroquinolones,26.38,1.9
Netherlands,2022,Escherichia coli,Fluoroquinolones,13.14,0.73
Norway,2022,Escherichia coli,Fluoroquinolones,10.52,0.24
Poland,2022,Escherichia coli,Fluoroquinolones,30.81,1.5
Portugal,2022,Escherichia coli,Fluoroquinolones,21.45,1.38
Romania,2022,Escherichia coli,Fluoroquinolones,23.77,3.48
Slovenia,2022,Escherichia coli,Fluoroquinolones,16.57,1.01
Slovakia,2022,Escherichia coli,Fluoroquinolones,32.35,1.43
Austria,2023,Escherichia coli,Fluoroquinolones,15.03,0.8
Belgium,2023,Escherichia coli,Fluoroquinolones,18.24,0.61
Bulgaria,2023,Escherichia coli,Fluoroquinolones,39.87,3.28
Cyprus,2023,Escherichia coli,Fluoroquinolones,42.9,0.0
Czechia,2023,Escherichia coli,Fluoroquinolones,17.18,0.51
Germany,2023,Escherichia coli,Fluoroquinolones,16.67,0.58
Denmark,2023,Escherichia coli,Fluoroquinolones,10.47,0.42
Estonia,2023,Escherichia coli,Fluoroquinolones,13.28,0.7
Greece,2023,Escherichia coli,Fluoroquinolones,37.78,3.43
Spain,2023,Escherichia coli,Fluoroquinolones,27.56,2.22
Finland,2023,Escherichia coli,Fluoroquinolones,10.3,0.53
Croatia,2023,Escherichia coli,Fluoroquinolones,29.66,1.76
Hungary,2023,Escherichia coli,Fluoroquinolones,25.99,1.64
Ireland,2023,Escherichia coli,Fluoroquinolones,15.97,0.43
Iceland,2023,Escherichia coli,Fluoroquinolones,12.79,0.47
Italy,2023,Escherichia coli,Fluoroquinolones,34.14,1.93
Lithuania,2023,Escherichia coli,Fluoroquinolones,20.55,0.94
Luxembourg,2023,Escherichia coli,Fluoroquinolones,15.62,1.46
Latvia,2023,Escherichia coli,Fluoroquinolones,28.51,0.89
Malta,2023,Escherichia coli,Fluoroquinolones,27.88,1.72
Netherlands,2023,Escherichia coli,Fluoroquinolones,12.95,0.75
Norway,2023,Escherichia coli,Fluoroquinolones,10.12,0.24
Poland,2023,Escherichia coli,Fluoroquinolones,32.2,1.43
Portugal,2023,Escherichia coli,Fluoroquinolones,24.33,1.4
Romania,2023,Escherichia coli,Fluoroquinolones,25.41,3.44
Slovenia,2023,Escherichia coli,Fluoroquinolones,15.92,1.1
Slovakia,2023,Escherichia coli,Fluoroquinolones,31.17,1.45
Austria,2024,Escherichia coli,Fluoroquinolones,15.5,0.68
Belgium,2024,Escherichia coli,Fluoroquinolones,20.38,0.58
Bulgaria,2024,Escherichia coli,Fluoroquinolones,28.27,2.73
Cyprus,2024,Escherichia coli,Fluoroquinolones,49.25,4.83
Czechia,2024,Escherichia coli,Fluoroquinolones,19.19,0.53
Germany,2024,Escherichia coli,Fluoroquinolones,16.95,0.53
Estonia,2024,Escherichia coli,Fluoroquinolones,14.61,0.64
Greece,2024,Escherichia coli,Fluoroquinolones,36.34,3.51
Spain,2024,Escherichia coli,Fluoroquinolones,29.98,2.15
Finland,2024,Escherichia coli,Fluoroquinolones,9.85,0.49
France,2024,Escherichia coli,Fluoroquinolones,13.8,1.13
Croatia,2024,Escherichia coli,Fluoroquinolones,29.13,1.7
Hungary,2024,Escherichia coli,Fluoroquinolones,25.11,1.36
Ireland,2024,Escherichia coli,Fluoroquinolones,15.04,0.39
Iceland,2024,Escherichia coli,Fluoroquinolones,13.79,0.44
Italy,2024,Escherichia coli,Fluoroquinolones,34.49,1.78
Lithuania,2024,Escherichia coli,Fluoroquinolones,20.05,0.88
Luxembourg,2024,Escherichia coli,Fluoroquinolones,18.7,1.46
Latvia,2024,Escherichia coli,Fluoroquinolones,30.38,0.83
Malta,2024,Escherichia coli,Fluoroquinolones,43.0,1.75
Netherlands,2024,Escherichia coli,Fluoroquinolones,13.68,0.74
Norway,2024,Escherichia coli,Fluoroquinolones,9.99,0.22
Poland,2024,Escherichia coli,Fluoroquinolones,28.69,1.37
Portugal,2024,Escherichia coli,Fluoroquinolones,23.72,1.42
Romania,2024,Escherichia coli,Fluoroquinolones,25.19,2.84
Slovenia,2024,Escherichia coli,Fluoroquinolones,15.92,1.06
Slovakia,2024,Escherichia coli,Fluoroquinolones,30.06,1.37
Bulgaria,2005,Klebsiella pneumoniae,Aminoglycosides,52.94,0.35
Estonia,2005,Klebsiella pneumoniae,Aminoglycosides,7.89,0.2
Greece,2005,Klebsiella pneumoniae,Aminoglycosides,58.73,0.28
Finland,2005,Klebsiella pneumoniae,Aminoglycosides,2.67,0.03
France,2005,Klebsiella pneumoniae,Aminoglycosides,5.13,0.13
Croatia,2005,Klebsiella pneumoniae,Aminoglycosides,35.71,0.12
Hungary,2005,Klebsiella pneumoniae,Aminoglycosides,25.72,0.05
Ireland,2005,Klebsiella pneumoniae,Aminoglycosides,2.44,0.04
Iceland,2005,Klebsiella pneumoniae,Aminoglycosides,0.0,0.05
Italy,2005,Klebsiella pneumoniae,Aminoglycosides,7.89,0.06
Norway,2005,Klebsiella pneumoniae,Aminoglycosides,3.11,0.07
Sweden,2005,Klebsiella pneumoniae,Aminoglycosides,1.43,0.02
Slovenia,2005,Klebsiella pneumoniae,Aminoglycosides,16.67,0.08
Bulgaria,2006,Klebsiella pneumoniae,Aminoglycosides,60.0,0.41
Cyprus,2006,Klebsiella pneumoniae,Aminoglycosides,11.54,0.1
Denmark,2006,Klebsiella pneumoniae,Aminoglycosides,1.98,0.06
Estonia,2006,Klebsiella pneumoniae,Aminoglycosides,8.7,0.08
Greece,2006,Klebsiella pneumoniae,Aminoglycosides,51.25,3.33
Finland,2006,Klebsiella pneumoniae,Aminoglycosides,1.35,0.02
France,2006,Klebsiella pneumoniae,Aminoglycosides,6.76,0.13
Croatia,2006,Klebsiella pneumoniae,Aminoglycosides,32.51,0.12
Hungary,2006,Klebsiella pneumoniae,Aminoglycosides,19.67,0.05
Ireland,2006,Klebsiella pneumoniae,Aminoglycosides,8.06,0.08
Lithuania,2006,Klebsiella pneumoniae,Aminoglycosides,25.71,1.55
Luxembourg,2006,Klebsiella pneumoniae,Aminoglycosides,0.0,0.09
Latvia,2006,Klebsiella pneumoniae,Aminoglycosides,25.0,0.42
Norway,2006,Klebsiella pneumoniae,Aminoglycosides,0.38,0.07
Sweden,2006,Klebsiella pneumoniae,Aminoglycosides,0.16,0.02
Slovenia,2006,Klebsiella pneumoniae,Aminoglycosides,17.93,0.08
Bulgaria,2007,Klebsiella pneumoniae,Aminoglycosides,58.62,0.41
Cyprus,2007,Klebsiella pneumoniae,Aminoglycosides,12.82,0.41
Denmark,2007,Klebsiella pneumoniae,Aminoglycosides,6.01,0.06
Estonia,2007,Klebsiella pneumoniae,Aminoglycosides,1.61,0.13
Greece,2007,Klebsiella pneumoniae,Aminoglycosides,51.8,2.51
Finland,2007,Klebsiella pneumoniae,Aminoglycosides,0.76,0.02
France,2007,Klebsiella pneumoniae,Aminoglycosides,10.72,0.13
Croatia,2007,Klebsiella pneumoniae,Aminoglycosides,38.57,0.11
Hungary,2007,Klebsiella pneumoniae,Aminoglycosides,28.84,0.04
Ireland,2007,Klebsiella pneumoniae,Aminoglycosides,9.75,0.1
Italy,2007,Klebsiella pneumoniae,Aminoglycosides,24.93,0.08
Lithuania,2007,Klebsiella pneumoniae,Aminoglycosides,36.59,0.36
Luxembourg,2007,Klebsiella pneumoniae,Aminoglycosides,3.92,0.09
Latvia,2007,Klebsiella pneumoniae,Aminoglycosides,22.22,0.45
Malta,2007,Klebsiella pneumoniae,Aminoglycosides,0.0,0.05
Norway,2007,Klebsiella pneumoniae,Aminoglycosides,0.62,0.07
Sweden,2007,Klebsiella pneumoniae,Aminoglycosides,1.08,0.02
Slovenia,2007,Klebsiella pneumoniae,Aminoglycosides,22.35,0.07
Bulgaria,2008,Klebsiella pneumoniae,Aminoglycosides,57.14,0.39
Cyprus,2008,Klebsiella pneumoniae,Aminoglycosides,14.52,0.08
Denmark,2008,Klebsiella pneumoniae,Aminoglycosides,6.94,0.05
Estonia,2008,Klebsiella pneumoniae,Aminoglycosides,15.49,0.12
Greece,2008,Klebsiella pneumoniae,Aminoglycosides,53.26,2.61
Finland,2008,Klebsiella pneumoniae,Aminoglycosides,1.42,0.02
France,2008,Klebsiella pneumoniae,Aminoglycosides,16.64,0.12
Croatia,2008,Klebsiella pneumoniae,Aminoglycosides,51.82,0.12
Hungary,2008,Klebsiella pneumoniae,Aminoglycosides,34.96,0.04
Ireland,2008,Klebsiella pneumoniae,Aminoglycosides,9.48,0.12
Italy,2008,Klebsiella pneumoniae,Aminoglycosides,23.93,0.12
Lithuania,2008,Klebsiella pneumoniae,Aminoglycosides,40.74,0.38
Luxembourg,2008,Klebsiella pneumoniae,Aminoglycosides,9.62,0.08
Latvia,2008,Klebsiella pneumoniae,Aminoglycosides,51.28,0.43
Malta,2008,Klebsiella pneumoniae,Aminoglycosides,0.0,0.06
Norway,2008,Klebsiella pneumoniae,Aminoglycosides,1.44,0.07
Sweden,2008,Klebsiella pneumoniae,Aminoglycosides,1.09,0.02
Slovenia,2008,Klebsiella pneumoniae,Aminoglycosides,22.93,0.07
Belgium,2009,Klebsiella pneumoniae,Aminoglycosides,12.07,0.06
Bulgaria,2009,Klebsiella pneumoniae,Aminoglycosides,61.05,0.36
Cyprus,2009,Klebsiella pneumoniae,Aminoglycosides,16.98,0.1
Denmark,2009,Klebsiella pneumoniae,Aminoglycosides,7.18,0.05
Estonia,2009,Klebsiella pneumoniae,Aminoglycosides,15.0,0.07
Greece,2009,Klebsiella pneumoniae,Aminoglycosides,57.81,0.25
Finland,2009,Klebsiella pneumoniae,Aminoglycosides,1.15,0.02
France,2009,Klebsiella pneumoniae,Aminoglycosides,19.23,0.12
Hungary,2009,Klebsiella pneumoniae,Aminoglycosides,40.5,0.04
Ireland,2009,Klebsiella pneumoniae,Aminoglycosides,11.08,0.11
Lithuania,2009,Klebsiella pneumoniae,Aminoglycosides,55.88,0.24
Luxembourg,2009,Klebsiella pneumoniae,Aminoglycosides,17.86,0.07
Latvia,2009,Klebsiella pneumoniae,Aminoglycosides,44.19,0.32
Malta,2009,Klebsiella pneumoniae,Aminoglycosides,0.0,0.05
Norway,2009,Klebsiella pneumoniae,Aminoglycosides,3.05,0.07
Portugal,2009,Klebsiella pneumoniae,Aminoglycosides,20.54,0.09
Romania,2009,Klebsiella pneumoniae,Aminoglycosides,,0.25
Sweden,2009,Klebsiella pneumoniae,Aminoglycosides,,0.03
Slovenia,2009,Klebsiella pneumoniae,Aminoglycosides,27.51,0.07
Belgium,2010,Klebsiella pneumoniae,Aminoglycosides,1.9,0.05
Bulgaria,2010,Klebsiella pneumoniae,Aminoglycosides,69.6,0.33
Cyprus,2010,Klebsiella pneumoniae,Aminoglycosides,14.93,0.09
Denmark,2010,Klebsiella pneumoniae,Aminoglycosides,6.13,0.03
Estonia,2010,Klebsiella pneumoniae,Aminoglycosides,25.76,0.14
Greece,2010,Klebsiella pneumoniae,Aminoglycosides,59.99,0.31
Finland,2010,Klebsiella pneumoniae,Aminoglycosides,3.76,0.02
France,2010,Klebsiella pneumoniae,Aminoglycosides,17.51,0.11
Croatia,2010,Klebsiella pneumoniae,Aminoglycosides,48.39,0.14
Hungary,2010,Klebsiella pneumoniae,Aminoglycosides,46.29,0.04
Ireland,2010,Klebsiella pneumoniae,Aminoglycosides,6.94,0.12
Iceland,2010,Klebsiella pneumoniae,Aminoglycosides,0.0,0.0
Italy,2010,Klebsiella pneumoniae,Aminoglycosides,25.5,0.1
Lithuania,2010,Klebsiella pneumoniae,Aminoglycosides,51.85,0.15
Luxembourg,2010,Klebsiella pneumoniae,Aminoglycosides,5.08,0.07
Latvia,2010,Klebsiella pneumoniae,Aminoglycosides,53.97,0.32
Malta,2010,Klebsiella pneumoniae,Aminoglycosides,12.28,0.08
Netherlands,2010,Klebsiella pneumoniae,Aminoglycosides,6.07,0.09
Norway,2010,Klebsiella pneumoniae,Aminoglycosides,1.7,0.07
Portugal,2010,Klebsiella pneumoniae,Aminoglycosides,26.68,0.09
Sweden,2010,Klebsiella pneumoniae,Aminoglycosides,1.64,0.03
Slovenia,2010,Klebsiella pneumoniae,Aminoglycosides,22.45,0.07
Belgium,2011,Klebsiella pneumoniae,Aminoglycosides,8.89,0.05
Bulgaria,2011,Klebsiella pneumoniae,Aminoglycosides,71.19,0.32
Cyprus,2011,Klebsiella pneumoniae,Aminoglycosides,24.1,0.04
Denmark,2011,Klebsiella pneumoniae,Aminoglycosides,5.84,0.05
Estonia,2011,Klebsiella pneumoniae,Aminoglycosides,12.22,0.06
Greece,2011,Klebsiella pneumoniae,Aminoglycosides,68.43,0.18
Finland,2011,Klebsiella pneumoniae,Aminoglycosides,1.24,0.02
France,2011,Klebsiella pneumoniae,Aminoglycosides,22.1,0.1
Croatia,2011,Klebsiella pneumoniae,Aminoglycosides,43.24,0.11
Hungary,2011,Klebsiella pneumoniae,Aminoglycosides,53.02,0.04
Ireland,2011,Klebsiella pneumoniae,Aminoglycosides,7.24,0.11
Iceland,2011,Klebsiella pneumoniae,Aminoglycosides,0.0,0.02
Italy,2011,Klebsiella pneumoniae,Aminoglycosides,34.52,0.08
Lithuania,2011,Klebsiella pneumoniae,Aminoglycosides,55.47,0.15
Luxembourg,2011,Klebsiella pneumoniae,Aminoglycosides,29.17,0.06
Latvia,2011,Klebsiella pneumoniae,Aminoglycosides,33.85,0.07
Malta,2011,Klebsiella pneumoniae,Aminoglycosides,9.62,0.1
Netherlands,2011,Klebsiella pneumoniae,Aminoglycosides,7.6,0.09
Norway,2011,Klebsiella pneumoniae,Aminoglycosides,2.82,0.07
Portugal,2011,Klebsiella pneumoniae,Aminoglycosides,31.5,0.08
Romania,2011,Klebsiella pneumoniae,Aminoglycosides,,0.46
Sweden,2011,Klebsiella pneumoniae,Aminoglycosides,1.96,0.03
Slovenia,2011,Klebsiella pneumoniae,Aminoglycosides,21.98,0.06
Slovakia,2011,Klebsiella pneumoniae,Aminoglycosides,65.95,0.17
Belgium,2012,Klebsiella pneumoniae,Aminoglycosides,11.59,0.05
Bulgaria,2012,Klebsiella pneumoniae,Aminoglycosides,53.97,0.28
Cyprus,2012,Klebsiella pneumoniae,Aminoglycosides,15.38,0.08
Denmark,2012,Klebsiella pneumoniae,Aminoglycosides,5.99,0.06
Estonia,2012,Klebsiella pneumoniae,Aminoglycosides,13.19,0.08
Greece,2012,Klebsiella pneumoniae,Aminoglycosides,59.9,0.14
Finland,2012,Klebsiella pneumoniae,Aminoglycosides,0.39,0.02
France,2012,Klebsiella pneumoniae,Aminoglycosides,23.24,0.09
Croatia,2012,Klebsiella pneumoniae,Aminoglycosides,46.08,0.11
Hungary,2012,Klebsiella pneumoniae,Aminoglycosides,41.46,0.04
Ireland,2012,Klebsiella pneumoniae,Aminoglycosides,9.17,0.09
Iceland,2012,Klebsiella pneumoniae,Aminoglycosides,,0.02
Italy,2012,Klebsiella pneumoniae,Aminoglycosides,36.99,0.09
Lithuania,2012,Klebsiella pneumoniae,Aminoglycosides,63.78,0.19
Luxembourg,2012,Klebsiella pneumoniae,Aminoglycosides,26.0,0.07
Latvia,2012,Klebsiella pneumoniae,Aminoglycosides,51.28,0.12
Malta,2012,Klebsiella pneumoniae,Aminoglycosides,26.79,0.06
Netherlands,2012,Klebsiella pneumoniae,Aminoglycosides,6.44,0.08
Norway,2012,Klebsiella pneumoniae,Aminoglycosides,2.41,0.07
Portugal,2012,Klebsiella pneumoniae,Aminoglycosides,31.79,0.08
Romania,2012,Klebsiella pneumoniae,Aminoglycosides,54.55,0.42
Sweden,2012,Klebsiella pneumoniae,Aminoglycosides,2.46,0.03
Slovenia,2012,Klebsiella pneumoniae,Aminoglycosides,20.47,0.06
Slovakia,2012,Klebsiella pneumoniae,Aminoglycosides,63.13,0.07
Belgium,2013,Klebsiella pneumoniae,Aminoglycosides,11.93,0.05
Bulgaria,2013,Klebsiella pneumoniae,Aminoglycosides,50.76,0.27
Cyprus,2013,Klebsiella pneumoniae,Aminoglycosides,22.06,0.06
Denmark,2013,Klebsiella pneumoniae,Aminoglycosides,4.4,0.05
Estonia,2013,Klebsiella pneumoniae,Aminoglycosides,10.11,0.06
Greece,2013,Klebsiella pneumoniae,Aminoglycosides,55.18,0.12
Finland,2013,Klebsiella pneumoniae,Aminoglycosides,1.71,0.01
France,2013,Klebsiella pneumoniae,Aminoglycosides,26.63,0.09
Croatia,2013,Klebsiella pneumoniae,Aminoglycosides,50.81,0.1
Hungary,2013,Klebsiella pneumoniae,Aminoglycosides,37.0,0.04
Ireland,2013,Klebsiella pneumoniae,Aminoglycosides,17.35,0.07
Iceland,2013,Klebsiella pneumoniae,Aminoglycosides,0.0,0.02
Italy,2013,Klebsiella pneumoniae,Aminoglycosides,32.54,0.07
Lithuania,2013,Klebsiella pneumoniae,Aminoglycosides,47.59,0.14
Luxembourg,2013,Klebsiella pneumoniae,Aminoglycosides,28.3,0.06
Latvia,2013,Klebsiella pneumoniae,Aminoglycosides,48.91,0.1
Malta,2013,Klebsiella pneumoniae,Aminoglycosides,26.87,0.09
Netherlands,2013,Klebsiella pneumoniae,Aminoglycosides,6.99,0.08
Norway,2013,Klebsiella pneumoniae,Aminoglycosides,2.33,0.07
Portugal,2013,Klebsiella pneumoniae,Aminoglycosides,29.39,0.08
Romania,2013,Klebsiella pneumoniae,Aminoglycosides,57.28,0.39
Sweden,2013,Klebsiella pneumoniae,Aminoglycosides,2.91,0.03
Slovenia,2013,Klebsiella pneumoniae,Aminoglycosides,20.0,0.05
Slovakia,2013,Klebsiella pneumoniae,Aminoglycosides,63.93,0.08
United Kingdom,2013,Klebsiella pneumoniae,Aminoglycosides,6.36,0.13
Belgium,2014,Klebsiella pneumoniae,Aminoglycosides,10.85,0.04
Bulgaria,2014,Klebsiella pneumoniae,Aminoglycosides,65.73,0.29
Cyprus,2014,Klebsiella pneumoniae,Aminoglycosides,28.75,0.06
Denmark,2014,Klebsiella pneumoniae,Aminoglycosides,4.88,0.04
Estonia,2014,Klebsiella pneumoniae,Aminoglycosides,18.52,0.07
Greece,2014,Klebsiella pneumoniae,Aminoglycosides,59.33,0.14
Finland,2014,Klebsiella pneumoniae,Aminoglycosides,2.33,0.01
France,2014,Klebsiella pneumoniae,Aminoglycosides,27.65,0.09
Croatia,2014,Klebsiella pneumoniae,Aminoglycosides,48.8,0.14
Hungary,2014,Klebsiella pneumoniae,Aminoglycosides,31.77,0.04
Ireland,2014,Klebsiella pneumoniae,Aminoglycosides,12.15,0.06
Italy,2014,Klebsiella pneumoniae,Aminoglycosides,36.22,0.07
Lithuania,2014,Klebsiella pneumoniae,Aminoglycosides,49.34,0.1
Luxembourg,2014,Klebsiella pneumoniae,Aminoglycosides,19.7,0.08
Latvia,2014,Klebsiella pneumoniae,Aminoglycosides,43.22,0.09
Malta,2014,Klebsiella pneumoniae,Aminoglycosides,28.28,0.11
Netherlands,2014,Klebsiella pneumoniae,Aminoglycosides,4.36,0.07
Norway,2014,Klebsiella pneumoniae,Aminoglycosides,4.84,0.07
Poland,2014,Klebsiella pneumoniae,Aminoglycosides,59.12,0.09
Portugal,2014,Klebsiella pneumoniae,Aminoglycosides,30.54,0.07
Romania,2014,Klebsiella pneumoniae,Aminoglycosides,67.6,0.4
Sweden,2014,Klebsiella pneumoniae,Aminoglycosides,3.26,0.03
Slovenia,2014,Klebsiella pneumoniae,Aminoglycosides,20.17,0.06
Slovakia,2014,Klebsiella pneumoniae,Aminoglycosides,68.22,0.08
United Kingdom,2014,Klebsiella pneumoniae,Aminoglycosides,5.54,0.13
Belgium,2015,Klebsiella pneumoniae,Aminoglycosides,11.58,0.04
Bulgaria,2015,Klebsiella pneumoniae,Aminoglycosides,59.52,0.28
Cyprus,2015,Klebsiella pneumoniae,Aminoglycosides,37.1,0.06
Denmark,2015,Klebsiella pneumoniae,Aminoglycosides,2.56,0.04
Estonia,2015,Klebsiella pneumoniae,Aminoglycosides,21.31,0.04
Greece,2015,Klebsiella pneumoniae,Aminoglycosides,50.68,0.12
Finland,2015,Klebsiella pneumoniae,Aminoglycosides,1.92,0.02
France,2015,Klebsiella pneumoniae,Aminoglycosides,26.32,0.09
Croatia,2015,Klebsiella pneumoniae,Aminoglycosides,43.16,0.1
Hungary,2015,Klebsiella pneumoniae,Aminoglycosides,34.56,0.04
Ireland,2015,Klebsiella pneumoniae,Aminoglycosides,15.94,0.09
Italy,2015,Klebsiella pneumoniae,Aminoglycosides,34.0,0.28
Lithuania,2015,Klebsiella pneumoniae,Aminoglycosides,46.37,0.1
Luxembourg,2015,Klebsiella pneumoniae,Aminoglycosides,15.0,0.06
Latvia,2015,Klebsiella pneumoniae,Aminoglycosides,43.36,0.09
Malta,2015,Klebsiella pneumoniae,Aminoglycosides,22.73,0.11
Netherlands,2015,Klebsiella pneumoniae,Aminoglycosides,6.93,0.07
Norway,2015,Klebsiella pneumoniae,Aminoglycosides,3.57,0.07
Poland,2015,Klebsiella pneumoniae,Aminoglycosides,58.56,0.09
Portugal,2015,Klebsiella pneumoniae,Aminoglycosides,32.58,0.07
Romania,2015,Klebsiella pneumoniae,Aminoglycosides,54.14,0.36
Sweden,2015,Klebsiella pneumoniae,Aminoglycosides,3.18,0.02
Slovenia,2015,Klebsiella pneumoniae,Aminoglycosides,18.99,0.06
Slovakia,2015,Klebsiella pneumoniae,Aminoglycosides,66.53,0.09
United Kingdom,2015,Klebsiella pneumoniae,Aminoglycosides,9.25,0.12
Belgium,2016,Klebsiella pneumoniae,Aminoglycosides,13.81,0.04
Bulgaria,2016,Klebsiella pneumoniae,Aminoglycosides,64.44,0.26
Cyprus,2016,Klebsiella pneumoniae,Aminoglycosides,22.67,0.07
Denmark,2016,Klebsiella pneumoniae,Aminoglycosides,3.21,0.05
Estonia,2016,Klebsiella pneumoniae,Aminoglycosides,21.31,0.03
Greece,2016,Klebsiella pneumoniae,Aminoglycosides,52.86,0.14
Spain,2016,Klebsiella pneumoniae,Aminoglycosides,15.49,0.09
Finland,2016,Klebsiella pneumoniae,Aminoglycosides,2.34,0.02
France,2016,Klebsiella pneumoniae,Aminoglycosides,26.24,0.09
Croatia,2016,Klebsiella pneumoniae,Aminoglycosides,36.08,0.1
Hungary,2016,Klebsiella pneumoniae,Aminoglycosides,34.72,0.04
Ireland,2016,Klebsiella pneumoniae,Aminoglycosides,11.48,0.09
Italy,2016,Klebsiella pneumoniae,Aminoglycosides,36.13,0.49
Lithuania,2016,Klebsiella pneumoniae,Aminoglycosides,49.23,0.08
Luxembourg,2016,Klebsiella pneumoniae,Aminoglycosides,26.92,0.06
Latvia,2016,Klebsiella pneumoniae,Aminoglycosides,38.46,0.08
Malta,2016,Klebsiella pneumoniae,Aminoglycosides,22.55,0.09
Netherlands,2016,Klebsiella pneumoniae,Aminoglycosides,6.82,0.06
Norway,2016,Klebsiella pneumoniae,Aminoglycosides,3.34,0.07
Poland,2016,Klebsiella pneumoniae,Aminoglycosides,56.65,0.05
Portugal,2016,Klebsiella pneumoniae,Aminoglycosides,35.04,0.07
Romania,2016,Klebsiella pneumoniae,Aminoglycosides,61.9,0.29
Sweden,2016,Klebsiella pneumoniae,Aminoglycosides,3.42,0.03
Slovenia,2016,Klebsiella pneumoniae,Aminoglycosides,16.48,0.06
Slovakia,2016,Klebsiella pneumoniae,Aminoglycosides,62.45,0.08
United Kingdom,2016,Klebsiella pneumoniae,Aminoglycosides,6.65,0.12
Belgium,2017,Klebsiella pneumoniae,Aminoglycosides,12.48,0.04
Bulgaria,2017,Klebsiella pneumoniae,Aminoglycosides,63.1,0.26
Cyprus,2017,Klebsiella pneumoniae,Aminoglycosides,26.76,0.07
Denmark,2017,Klebsiella pneumoniae,Aminoglycosides,3.2,0.06
Estonia,2017,Klebsiella pneumoniae,Aminoglycosides,12.42,0.04
Greece,2017,Klebsiella pneumoniae,Aminoglycosides,53.19,0.14
Spain,2017,Klebsiella pneumoniae,Aminoglycosides,17.45,0.08
Finland,2017,Klebsiella pneumoniae,Aminoglycosides,2.91,0.01
France,2017,Klebsiella pneumoniae,Aminoglycosides,23.77,0.08
Croatia,2017,Klebsiella pneumoniae,Aminoglycosides,30.87,0.1
Hungary,2017,Klebsiella pneumoniae,Aminoglycosides,37.81,0.04
Ireland,2017,Klebsiella pneumoniae,Aminoglycosides,11.9,0.1
Iceland,2017,Klebsiella pneumoniae,Aminoglycosides,,0.03
Italy,2017,Klebsiella pneumoniae,Aminoglycosides,34.46,0.07
Lithuania,2017,Klebsiella pneumoniae,Aminoglycosides,53.73,0.07
Luxembourg,2017,Klebsiella pneumoniae,Aminoglycosides,18.18,0.06
Latvia,2017,Klebsiella pneumoniae,Aminoglycosides,29.57,0.08
Malta,2017,Klebsiella pneumoniae,Aminoglycosides,31.62,0.08
Netherlands,2017,Klebsiella pneumoniae,Aminoglycosides,7.44,0.06
Norway,2017,Klebsiella pneumoniae,Aminoglycosides,4.23,0.08
Poland,2017,Klebsiella pneumoniae,Aminoglycosides,55.45,0.08
Portugal,2017,Klebsiella pneumoniae,Aminoglycosides,33.53,0.06
Romania,2017,Klebsiella pneumoniae,Aminoglycosides,58.58,0.21
Sweden,2017,Klebsiella pneumoniae,Aminoglycosides,4.74,0.03
Slovenia,2017,Klebsiella pneumoniae,Aminoglycosides,16.03,0.06
Slovakia,2017,Klebsiella pneumoniae,Aminoglycosides,61.11,0.09
United Kingdom,2017,Klebsiella pneumoniae,Aminoglycosides,7.94,0.13
Belgium,2018,Klebsiella pneumoniae,Aminoglycosides,12.45,0.03
Bulgaria,2018,Klebsiella pneumoniae,Aminoglycosides,59.16,0.27
Cyprus,2018,Klebsiella pneumoniae,Aminoglycosides,36.78,0.08
Denmark,2018,Klebsiella pneumoniae,Aminoglycosides,3.29,0.05
Estonia,2018,Klebsiella pneumoniae,Aminoglycosides,10.24,0.03
Greece,2018,Klebsiella pneumoniae,Aminoglycosides,54.4,0.14
Spain,2018,Klebsiella pneumoniae,Aminoglycosides,19.35,0.08
Finland,2018,Klebsiella pneumoniae,Aminoglycosides,2.58,0.02
France,2018,Klebsiella pneumoniae,Aminoglycosides,24.82,0.07
Croatia,2018,Klebsiella pneumoniae,Aminoglycosides,36.36,0.1
Hungary,2018,Klebsiella pneumoniae,Aminoglycosides,32.66,0.03
Ireland,2018,Klebsiella pneumoniae,Aminoglycosides,13.04,0.1
Iceland,2018,Klebsiella pneumoniae,Aminoglycosides,,0.03
Italy,2018,Klebsiella pneumoniae,Aminoglycosides,26.98,0.07
Lithuania,2018,Klebsiella pneumoniae,Aminoglycosides,48.51,0.06
Luxembourg,2018,Klebsiella pneumoniae,Aminoglycosides,20.0,0.05
Latvia,2018,Klebsiella pneumoniae,Aminoglycosides,31.03,0.07
Malta,2018,Klebsiella pneumoniae,Aminoglycosides,46.72,0.08
Netherlands,2018,Klebsiella pneumoniae,Aminoglycosides,6.97,0.05
Norway,2018,Klebsiella pneumoniae,Aminoglycosides,5.29,0.09
Poland,2018,Klebsiella pneumoniae,Aminoglycosides,54.24,0.08
Portugal,2018,Klebsiella pneumoniae,Aminoglycosides,34.37,0.06
Romania,2018,Klebsiella pneumoniae,Aminoglycosides,50.92,0.2
Sweden,2018,Klebsiella pneumoniae,Aminoglycosides,3.04,0.02
Slovenia,2018,Klebsiella pneumoniae,Aminoglycosides,12.8,0.06
Slovakia,2018,Klebsiella pneumoniae,Aminoglycosides,54.84,0.12
United Kingdom,2018,Klebsiella pneumoniae,Aminoglycosides,9.07,0.13
Austria,2019,Klebsiella pneumoniae,Aminoglycosides,5.46,0.03
Belgium,2019,Klebsiella pneumoniae,Aminoglycosides,11.39,0.03
Bulgaria,2019,Klebsiella pneumoniae,Aminoglycosides,57.3,0.27
Cyprus,2019,Klebsiella pneumoniae,Aminoglycosides,24.14,0.08
Czechia,2019,Klebsiella pneumoniae,Aminoglycosides,47.66,0.09
Denmark,2019,Klebsiella pneumoniae,Aminoglycosides,3.46,0.06
Estonia,2019,Klebsiella pneumoniae,Aminoglycosides,6.15,0.02
Greece,2019,Klebsiella pneumoniae,Aminoglycosides,55.16,0.14
Spain,2019,Klebsiella pneumoniae,Aminoglycosides,18.19,0.08
Finland,2019,Klebsiella pneumoniae,Aminoglycosides,4.21,0.02
France,2019,Klebsiella pneumoniae,Aminoglycosides,23.43,0.07
Croatia,2019,Klebsiella pneumoniae,Aminoglycosides,42.77,0.09
Hungary,2019,Klebsiella pneumoniae,Aminoglycosides,30.81,0.03
Ireland,2019,Klebsiella pneumoniae,Aminoglycosides,11.03,0.1
Iceland,2019,Klebsiella pneumoniae,Aminoglycosides,8.7,0.03
Italy,2019,Klebsiella pneumoniae,Aminoglycosides,32.56,0.06
Lithuania,2019,Klebsiella pneumoniae,Aminoglycosides,39.77,0.06
Luxembourg,2019,Klebsiella pneumoniae,Aminoglycosides,17.48,0.04
Latvia,2019,Klebsiella pneumoniae,Aminoglycosides,28.28,0.06
Malta,2019,Klebsiella pneumoniae,Aminoglycosides,26.36,0.1
Netherlands,2019,Klebsiella pneumoniae,Aminoglycosides,6.0,0.05
Norway,2019,Klebsiella pneumoniae,Aminoglycosides,6.14,0.1
Poland,2019,Klebsiella pneumoniae,Aminoglycosides,47.52,0.07
Portugal,2019,Klebsiella pneumoniae,Aminoglycosides,32.24,0.06
Romania,2019,Klebsiella pneumoniae,Aminoglycosides,53.04,0.19
Sweden,2019,Klebsiella pneumoniae,Aminoglycosides,4.18,0.02
Slovenia,2019,Klebsiella pneumoniae,Aminoglycosides,8.25,0.06
Slovakia,2019,Klebsiella pneumoniae,Aminoglycosides,49.32,0.08
United Kingdom,2019,Klebsiella pneumoniae,Aminoglycosides,8.21,0.13
Austria,2020,Klebsiella pneumoniae,Aminoglycosides,3.69,0.03
Belgium,2020,Klebsiella pneumoniae,Aminoglycosides,13.08,0.03
Bulgaria,2020,Klebsiella pneumoniae,Aminoglycosides,66.96,0.27
Cyprus,2020,Klebsiella pneumoniae,Aminoglycosides,22.35,0.09
Czechia,2020,Klebsiella pneumoniae,Aminoglycosides,42.54,0.08
Denmark,2020,Klebsiella pneumoniae,Aminoglycosides,3.26,0.05
Estonia,2020,Klebsiella pneumoniae,Aminoglycosides,8.12,0.02
Greece,2020,Klebsiella pneumoniae,Aminoglycosides,61.0,0.13
Spain,2020,Klebsiella pneumoniae,Aminoglycosides,20.1,0.08
Finland,2020,Klebsiella pneumoniae,Aminoglycosides,5.77,0.02
France,2020,Klebsiella pneumoniae,Aminoglycosides,18.82,0.06
Croatia,2020,Klebsiella pneumoniae,Aminoglycosides,38.15,0.07
Hungary,2020,Klebsiella pneumoniae,Aminoglycosides,34.94,0.04
Ireland,2020,Klebsiella pneumoniae,Aminoglycosides,11.55,0.08
Iceland,2020,Klebsiella pneumoniae,Aminoglycosides,0.0,0.03
Italy,2020,Klebsiella pneumoniae,Aminoglycosides,31.59,0.06
Lithuania,2020,Klebsiella pneumoniae,Aminoglycosides,33.9,0.05
Luxembourg,2020,Klebsiella pneumoniae,Aminoglycosides,20.69,0.02
Latvia,2020,Klebsiella pneumoniae,Aminoglycosides,20.97,0.06
Malta,2020,Klebsiella pneumoniae,Aminoglycosides,23.48,0.05
Netherlands,2020,Klebsiella pneumoniae,Aminoglycosides,7.3,0.04
Norway,2020,Klebsiella pneumoniae,Aminoglycosides,7.26,0.08
Poland,2020,Klebsiella pneumoniae,Aminoglycosides,49.95,0.06
Portugal,2020,Klebsiella pneumoniae,Aminoglycosides,28.23,0.06
Romania,2020,Klebsiella pneumoniae,Aminoglycosides,49.62,0.16
Sweden,2020,Klebsiella pneumoniae,Aminoglycosides,3.59,0.02
Slovenia,2020,Klebsiella pneumoniae,Aminoglycosides,10.0,0.05
Slovakia,2020,Klebsiella pneumoniae,Aminoglycosides,48.89,0.07
Austria,2021,Klebsiella pneumoniae,Aminoglycosides,3.4,0.02
Belgium,2021,Klebsiella pneumoniae,Aminoglycosides,9.67,0.03
Bulgaria,2021,Klebsiella pneumoniae,Aminoglycosides,69.01,0.26
Cyprus,2021,Klebsiella pneumoniae,Aminoglycosides,36.76,0.09
Czechia,2021,Klebsiella pneumoniae,Aminoglycosides,41.59,0.08
Denmark,2021,Klebsiella pneumoniae,Aminoglycosides,2.08,0.05
Estonia,2021,Klebsiella pneumoniae,Aminoglycosides,7.66,0.02
Greece,2021,Klebsiella pneumoniae,Aminoglycosides,69.12,0.13
Spain,2021,Klebsiella pneumoniae,Aminoglycosides,20.56,0.08
Finland,2021,Klebsiella pneumoniae,Aminoglycosides,4.22,0.01
France,2021,Klebsiella pneumoniae,Aminoglycosides,17.4,0.05
Croatia,2021,Klebsiella pneumoniae,Aminoglycosides,46.63,0.09
Hungary,2021,Klebsiella pneumoniae,Aminoglycosides,31.8,0.03
Ireland,2021,Klebsiella pneumoniae,Aminoglycosides,10.56,0.07
Iceland,2021,Klebsiella pneumoniae,Aminoglycosides,0.0,0.02
Italy,2021,Klebsiella pneumoniae,Aminoglycosides,30.8,0.05
Lithuania,2021,Klebsiella pneumoniae,Aminoglycosides,28.96,0.05
Luxembourg,2021,Klebsiella pneumoniae,Aminoglycosides,14.85,0.02
Latvia,2021,Klebsiella pneumoniae,Aminoglycosides,22.22,0.04
Malta,2021,Klebsiella pneumoniae,Aminoglycosides,20.0,0.07
Netherlands,2021,Klebsiella pneumoniae,Aminoglycosides,5.59,0.04
Norway,2021,Klebsiella pneumoniae,Aminoglycosides,5.09,0.08
Poland,2021,Klebsiella pneumoniae,Aminoglycosides,55.06,0.06
Portugal,2021,Klebsiella pneumoniae,Aminoglycosides,24.96,0.06
Romania,2021,Klebsiella pneumoniae,Aminoglycosides,51.59,0.15
Sweden,2021,Klebsiella pneumoniae,Aminoglycosides,3.92,0.02
Slovenia,2021,Klebsiella pneumoniae,Aminoglycosides,13.68,0.05
Slovakia,2021,Klebsiella pneumoniae,Aminoglycosides,59.71,0.07
Austria,2022,Klebsiella pneumoniae,Aminoglycosides,2.94,0.02
Belgium,2022,Klebsiella pneumoniae,Aminoglycosides,10.61,0.03
Bulgaria,2022,Klebsiella pneumoniae,Aminoglycosides,61.92,0.24
Cyprus,2022,Klebsiella pneumoniae,Aminoglycosides,37.56,0.09
Czechia,2022,Klebsiella pneumoniae,Aminoglycosides,39.87,0.07
Denmark,2022,Klebsiella pneumoniae,Aminoglycosides,2.67,0.05
Estonia,2022,Klebsiella pneumoniae,Aminoglycosides,8.09,0.02
Greece,2022,Klebsiella pneumoniae,Aminoglycosides,67.94,0.08
Spain,2022,Klebsiella pneumoniae,Aminoglycosides,19.18,0.07
Finland,2022,Klebsiella pneumoniae,Aminoglycosides,2.49,0.01
France,2022,Klebsiella pneumoniae,Aminoglycosides,16.84,0.05
Croatia,2022,Klebsiella pneumoniae,Aminoglycosides,41.53,0.09
Hungary,2022,Klebsiella pneumoniae,Aminoglycosides,32.58,0.03
Ireland,2022,Klebsiella pneumoniae,Aminoglycosides,7.89,0.07
Iceland,2022,Klebsiella pneumoniae,Aminoglycosides,0.0,0.02
Italy,2022,Klebsiella pneumoniae,Aminoglycosides,31.76,0.05
Lithuania,2022,Klebsiella pneumoniae,Aminoglycosides,27.13,0.06
Luxembourg,2022,Klebsiella pneumoniae,Aminoglycosides,9.4,0.03
Latvia,2022,Klebsiella pneumoniae,Aminoglycosides,24.65,0.04
Malta,2022,Klebsiella pneumoniae,Aminoglycosides,5.83,0.05
Netherlands,2022,Klebsiella pneumoniae,Aminoglycosides,6.28,0.04
Norway,2022,Klebsiella pneumoniae,Aminoglycosides,3.96,0.09
Poland,2022,Klebsiella pneumoniae,Aminoglycosides,47.42,0.06
Portugal,2022,Klebsiella pneumoniae,Aminoglycosides,23.13,0.05
Romania,2022,Klebsiella pneumoniae,Aminoglycosides,52.76,0.16
Slovenia,2022,Klebsiella pneumoniae,Aminoglycosides,12.37,0.05
Slovakia,2022,Klebsiella pneumoniae,Aminoglycosides,43.63,0.06
Austria,2023,Klebsiella pneumoniae,Aminoglycosides,3.97,0.02
Belgium,2023,Klebsiella pneumoniae,Aminoglycosides,11.46,0.03
Bulgaria,2023,Klebsiella pneumoniae,Aminoglycosides,73.33,0.26
Cyprus,2023,Klebsiella pneumoniae,Aminoglycosides,33.95,0.0
Czechia,2023,Klebsiella pneumoniae,Aminoglycosides,36.61,0.07
Germany,2023,Klebsiella pneumoniae,Aminoglycosides,3.97,0.02
Denmark,2023,Klebsiella pneumoniae,Aminoglycosides,2.64,0.05
Estonia,2023,Klebsiella pneumoniae,Aminoglycosides,7.67,0.02
Greece,2023,Klebsiella pneumoniae,Aminoglycosides,64.75,0.08
Spain,2023,Klebsiella pneumoniae,Aminoglycosides,16.79,0.06
Finland,2023,Klebsiella pneumoniae,Aminoglycosides,5.23,0.01
Croatia,2023,Klebsiella pneumoniae,Aminoglycosides,37.43,0.11
Hungary,2023,Klebsiella pneumoniae,Aminoglycosides,31.42,0.04
Ireland,2023,Klebsiella pneumoniae,Aminoglycosides,8.76,0.07
Iceland,2023,Klebsiella pneumoniae,Aminoglycosides,4.55,0.03
Italy,2023,Klebsiella pneumoniae,Aminoglycosides,32.67,0.05
Lithuania,2023,Klebsiella pneumoniae,Aminoglycosides,29.26,0.06
Luxembourg,2023,Klebsiella pneumoniae,Aminoglycosides,10.59,0.04
Latvia,2023,Klebsiella pneumoniae,Aminoglycosides,25.74,0.04
Malta,2023,Klebsiella pneumoniae,Aminoglycosides,10.88,0.07
Netherlands,2023,Klebsiella pneumoniae,Aminoglycosides,6.25,0.04
Norway,2023,Klebsiella pneumoniae,Aminoglycosides,4.19,0.09
Poland,2023,Klebsiella pneumoniae,Aminoglycosides,49.86,0.06
Portugal,2023,Klebsiella pneumoniae,Aminoglycosides,23.76,0.05
Romania,2023,Klebsiella pneumoniae,Aminoglycosides,57.05,0.16
Slovenia,2023,Klebsiella pneumoniae,Aminoglycosides,17.11,0.05
Slovakia,2023,Klebsiella pneumoniae,Aminoglycosides,40.32,0.07
Austria,2024,Klebsiella pneumoniae,Aminoglycosides,4.09,0.02
Belgium,2024,Klebsiella pneumoniae,Aminoglycosides,11.35,0.02
Bulgaria,2024,Klebsiella pneumoniae,Aminoglycosides,73.82,0.27
Cyprus,2024,Klebsiella pneumoniae,Aminoglycosides,41.72,0.07
Czechia,2024,Klebsiella pneumoniae,Aminoglycosides,34.97,0.08
Germany,2024,Klebsiella pneumoniae,Aminoglycosides,3.51,0.02
Estonia,2024,Klebsiella pneumoniae,Aminoglycosides,6.03,0.02
Greece,2024,Klebsiella pneumoniae,Aminoglycosides,59.55,0.12
Spain,2024,Klebsiella pneumoniae,Aminoglycosides,15.92,0.06
Finland,2024,Klebsiella pneumoniae,Aminoglycosides,3.11,0.01
France,2024,Klebsiella pneumoniae,Aminoglycosides,15.57,0.04
Croatia,2024,Klebsiella pneumoniae,Aminoglycosides,41.65,0.1
Hungary,2024,Klebsiella pneumoniae,Aminoglycosides,28.49,0.04
Ireland,2024,Klebsiella pneumoniae,Aminoglycosides,5.88,0.08
Iceland,2024,Klebsiella pneumoniae,Aminoglycosides,0.0,0.03
Italy,2024,Klebsiella pneumoniae,Aminoglycosides,31.73,0.05
Lithuania,2024,Klebsiella pneumoniae,Aminoglycosides,35.6,0.05
Luxembourg,2024,Klebsiella pneumoniae,Aminoglycosides,5.93,0.03
Latvia,2024,Klebsiella pneumoniae,Aminoglycosides,36.08,0.04
Malta,2024,Klebsiella pneumoniae,Aminoglycosides,9.66,0.05
Netherlands,2024,Klebsiella pneumoniae,Aminoglycosides,8.29,0.04
Norway,2024,Klebsiella pneumoniae,Aminoglycosides,5.09,0.09
Poland,2024,Klebsiella pneumoniae,Aminoglycosides,45.54,0.06
Portugal,2024,Klebsiella pneumoniae,Aminoglycosides,20.14,0.05
Romania,2024,Klebsiella pneumoniae,Aminoglycosides,53.8,0.13
Slovenia,2024,Klebsiella pneumoniae,Aminoglycosides,10.51,0.05
Slovakia,2024,Klebsiella pneumoniae,Aminoglycosides,42.11,0.05
Bulgaria,2005,Klebsiella pneumoniae,Third-generation cephalosporins,50.0,2.08
Estonia,2005,Klebsiella pneumoniae,Third-generation cephalosporins,8.11,1.06
Greece,2005,Klebsiella pneumoniae,Third-generation cephalosporins,60.59,7.86
Finland,2005,Klebsiella pneumoniae,Third-generation cephalosporins,2.29,3.11
France,2005,Klebsiella pneumoniae,Third-generation cephalosporins,4.13,3.49
Croatia,2005,Klebsiella pneumoniae,Third-generation cephalosporins,45.54,4.24
Hungary,2005,Klebsiella pneumoniae,Third-generation cephalosporins,27.65,2.57
Ireland,2005,Klebsiella pneumoniae,Third-generation cephalosporins,7.14,1.87
Iceland,2005,Klebsiella pneumoniae,Third-generation cephalosporins,0.0,0.51
Italy,2005,Klebsiella pneumoniae,Third-generation cephalosporins,19.53,3.14
Norway,2005,Klebsiella pneumoniae,Third-generation cephalosporins,2.07,0.47
Sweden,2005,Klebsiella pneumoniae,Third-generation cephalosporins,1.42,0.66
Slovenia,2005,Klebsiella pneumoniae,Third-generation cephalosporins,19.23,1.08
Bulgaria,2006,Klebsiella pneumoniae,Third-generation cephalosporins,60.0,2.24
Cyprus,2006,Klebsiella pneumoniae,Third-generation cephalosporins,26.92,6.25
Denmark,2006,Klebsiella pneumoniae,Third-generation cephalosporins,3.72,0.3
Estonia,2006,Klebsiella pneumoniae,Third-generation cephalosporins,8.51,1.15
Greece,2006,Klebsiella pneumoniae,Third-generation cephalosporins,57.91,7.75
Finland,2006,Klebsiella pneumoniae,Third-generation cephalosporins,0.88,3.16
France,2006,Klebsiella pneumoniae,Third-generation cephalosporins,6.13,3.01
Croatia,2006,Klebsiella pneumoniae,Third-generation cephalosporins,34.15,3.92
Hungary,2006,Klebsiella pneumoniae,Third-generation cephalosporins,20.27,2.35
Ireland,2006,Klebsiella pneumoniae,Third-generation cephalosporins,8.54,2.03
Lithuania,2006,Klebsiella pneumoniae,Third-generation cephalosporins,22.86,0.87
Luxembourg,2006,Klebsiella pneumoniae,Third-generation cephalosporins,9.52,4.95
Latvia,2006,Klebsiella pneumoniae,Third-generation cephalosporins,35.71,1.71
Norway,2006,Klebsiella pneumoniae,Third-generation cephalosporins,1.52,0.48
Sweden,2006,Klebsiella pneumoniae,Third-generation cephalosporins,1.45,0.66
Slovenia,2006,Klebsiella pneumoniae,Third-generation cephalosporins,24.14,0.9
Bulgaria,2007,Klebsiella pneumoniae,Third-generation cephalosporins,55.17,2.43
Cyprus,2007,Klebsiella pneumoniae,Third-generation cephalosporins,30.77,7.01
Denmark,2007,Klebsiella pneumoniae,Third-generation cephalosporins,10.37,0.35
Estonia,2007,Klebsiella pneumoniae,Third-generation cephalosporins,3.17,1.22
Greece,2007,Klebsiella pneumoniae,Third-generation cephalosporins,61.83,8.92
Finland,2007,Klebsiella pneumoniae,Third-generation cephalosporins,1.47,3.27
France,2007,Klebsiella pneumoniae,Third-generation cephalosporins,10.08,3.2
Croatia,2007,Klebsiella pneumoniae,Third-generation cephalosporins,40.36,4.2
Hungary,2007,Klebsiella pneumoniae,Third-generation cephalosporins,25.24,1.87
Ireland,2007,Klebsiella pneumoniae,Third-generation cephalosporins,7.63,2.04
Italy,2007,Klebsiella pneumoniae,Third-generation cephalosporins,34.88,2.95
Lithuania,2007,Klebsiella pneumoniae,Third-generation cephalosporins,26.83,1.8
Luxembourg,2007,Klebsiella pneumoniae,Third-generation cephalosporins,1.96,5.19
Latvia,2007,Klebsiella pneumoniae,Third-generation cephalosporins,44.44,1.94
Malta,2007,Klebsiella pneumoniae,Third-generation cephalosporins,7.14,3.27
Norway,2007,Klebsiella pneumoniae,Third-generation cephalosporins,1.56,0.48
Sweden,2007,Klebsiella pneumoniae,Third-generation cephalosporins,1.39,0.58
Slovenia,2007,Klebsiella pneumoniae,Third-generation cephalosporins,27.65,0.92
Bulgaria,2008,Klebsiella pneumoniae,Third-generation cephalosporins,73.47,2.76
Cyprus,2008,Klebsiella pneumoniae,Third-generation cephalosporins,35.48,6.58
Denmark,2008,Klebsiella pneumoniae,Third-generation cephalosporins,9.19,0.37
Estonia,2008,Klebsiella pneumoniae,Third-generation cephalosporins,11.59,1.31
Greece,2008,Klebsiella pneumoniae,Third-generation cephalosporins,65.74,9.5
Finland,2008,Klebsiella pneumoniae,Third-generation cephalosporins,1.74,3.28
France,2008,Klebsiella pneumoniae,Third-generation cephalosporins,15.2,2.77
Croatia,2008,Klebsiella pneumoniae,Third-generation cephalosporins,54.38,4.54
Hungary,2008,Klebsiella pneumoniae,Third-generation cephalosporins,34.96,2.11
Ireland,2008,Klebsiella pneumoniae,Third-generation cephalosporins,10.82,1.68
Italy,2008,Klebsiella pneumoniae,Third-generation cephalosporins,38.93,3.12
Lithuania,2008,Klebsiella pneumoniae,Third-generation cephalosporins,35.85,3.2
Luxembourg,2008,Klebsiella pneumoniae,Third-generation cephalosporins,19.23,4.92
Latvia,2008,Klebsiella pneumoniae,Third-generation cephalosporins,57.5,1.63
Malta,2008,Klebsiella pneumoniae,Third-generation cephalosporins,0.0,5.24
Norway,2008,Klebsiella pneumoniae,Third-generation cephalosporins,1.72,0.47
Sweden,2008,Klebsiella pneumoniae,Third-generation cephalosporins,2.3,0.54
Slovenia,2008,Klebsiella pneumoniae,Third-generation cephalosporins,26.11,0.81
Belgium,2009,Klebsiella pneumoniae,Third-generation cephalosporins,14.79,2.19
Bulgaria,2009,Klebsiella pneumoniae,Third-generation cephalosporins,69.47,3.0
Cyprus,2009,Klebsiella pneumoniae,Third-generation cephalosporins,41.51,6.45
Denmark,2009,Klebsiella pneumoniae,Third-generation cephalosporins,11.24,0.38
Estonia,2009,Klebsiella pneumoniae,Third-generation cephalosporins,17.24,1.25
Greece,2009,Klebsiella pneumoniae,Third-generation cephalosporins,68.67,9.3
Finland,2009,Klebsiella pneumoniae,Third-generation cephalosporins,1.36,3.28
France,2009,Klebsiella pneumoniae,Third-generation cephalosporins,18.65,3.18
Hungary,2009,Klebsiella pneumoniae,Third-generation cephalosporins,38.44,2.23
Ireland,2009,Klebsiella pneumoniae,Third-generation cephalosporins,11.15,1.44
Lithuania,2009,Klebsiella pneumoniae,Third-generation cephalosporins,56.72,1.26
Luxembourg,2009,Klebsiella pneumoniae,Third-generation cephalosporins,25.0,5.0
Latvia,2009,Klebsiella pneumoniae,Third-generation cephalosporins,54.55,1.18
Malta,2009,Klebsiella pneumoniae,Third-generation cephalosporins,0.0,5.84
Norway,2009,Klebsiella pneumoniae,Third-generation cephalosporins,2.78,0.44
Portugal,2009,Klebsiella pneumoniae,Third-generation cephalosporins,27.52,2.34
Romania,2009,Klebsiella pneumoniae,Third-generation cephalosporins,,2.96
Sweden,2009,Klebsiella pneumoniae,Third-generation cephalosporins,,0.44
Slovenia,2009,Klebsiella pneumoniae,Third-generation cephalosporins,31.22,0.81
Belgium,2010,Klebsiella pneumoniae,Third-generation cephalosporins,12.59,1.96
Bulgaria,2010,Klebsiella pneumoniae,Third-generation cephalosporins,75.59,3.1
Cyprus,2010,Klebsiella pneumoniae,Third-generation cephalosporins,34.33,5.4
Denmark,2010,Klebsiella pneumoniae,Third-generation cephalosporins,10.55,0.37
Estonia,2010,Klebsiella pneumoniae,Third-generation cephalosporins,17.28,1.36
Greece,2010,Klebsiella pneumoniae,Third-generation cephalosporins,74.61,9.01
Finland,2010,Klebsiella pneumoniae,Third-generation cephalosporins,4.03,3.22
France,2010,Klebsiella pneumoniae,Third-generation cephalosporins,17.83,2.97
Croatia,2010,Klebsiella pneumoniae,Third-generation cephalosporins,55.52,3.94
Hungary,2010,Klebsiella pneumoniae,Third-generation cephalosporins,45.9,2.2
Ireland,2010,Klebsiella pneumoniae,Third-generation cephalosporins,8.49,1.36
Iceland,2010,Klebsiella pneumoniae,Third-generation cephalosporins,3.7,0.61
Italy,2010,Klebsiella pneumoniae,Third-generation cephalosporins,46.5,2.92
Lithuania,2010,Klebsiella pneumoniae,Third-generation cephalosporins,50.62,1.09
Luxembourg,2010,Klebsiella pneumoniae,Third-generation cephalosporins,5.08,4.69
Latvia,2010,Klebsiella pneumoniae,Third-generation cephalosporins,54.69,1.76
Malta,2010,Klebsiella pneumoniae,Third-generation cephalosporins,12.28,5.41
Netherlands,2010,Klebsiella pneumoniae,Third-generation cephalosporins,7.17,0.2
Norway,2010,Klebsiella pneumoniae,Third-generation cephalosporins,2.09,0.44
Portugal,2010,Klebsiella pneumoniae,Third-generation cephalosporins,28.28,2.2
Sweden,2010,Klebsiella pneumoniae,Third-generation cephalosporins,2.38,0.39
Slovenia,2010,Klebsiella pneumoniae,Third-generation cephalosporins,22.45,0.75
Belgium,2011,Klebsiella pneumoniae,Third-generation cephalosporins,13.62,1.89
Bulgaria,2011,Klebsiella pneumoniae,Third-generation cephalosporins,80.99,3.38
Cyprus,2011,Klebsiella pneumoniae,Third-generation cephalosporins,40.96,3.07
Denmark,2011,Klebsiella pneumoniae,Third-generation cephalosporins,11.15,0.37
Estonia,2011,Klebsiella pneumoniae,Third-generation cephalosporins,39.53,1.5
Greece,2011,Klebsiella pneumoniae,Third-generation cephalosporins,75.8,8.29
Finland,2011,Klebsiella pneumoniae,Third-generation cephalosporins,2.48,3.33
France,2011,Klebsiella pneumoniae,Third-generation cephalosporins,25.33,2.82
Croatia,2011,Klebsiella pneumoniae,Third-generation cephalosporins,48.16,3.47
Hungary,2011,Klebsiella pneumoniae,Third-generation cephalosporins,53.13,2.18
Ireland,2011,Klebsiella pneumoniae,Third-generation cephalosporins,7.57,1.35
Iceland,2011,Klebsiella pneumoniae,Third-generation cephalosporins,7.69,0.62
Italy,2011,Klebsiella pneumoniae,Third-generation cephalosporins,45.93,2.89
Lithuania,2011,Klebsiella pneumoniae,Third-generation cephalosporins,60.58,1.32
Luxembourg,2011,Klebsiella pneumoniae,Third-generation cephalosporins,35.42,4.44
Latvia,2011,Klebsiella pneumoniae,Third-generation cephalosporins,38.46,0.52
Malta,2011,Klebsiella pneumoniae,Third-generation cephalosporins,13.46,6.02
Netherlands,2011,Klebsiella pneumoniae,Third-generation cephalosporins,6.81,0.2
Norway,2011,Klebsiella pneumoniae,Third-generation cephalosporins,2.85,0.43
Portugal,2011,Klebsiella pneumoniae,Third-generation cephalosporins,35.39,2.04
Romania,2011,Klebsiella pneumoniae,Third-generation cephalosporins,44.0,4.06
Sweden,2011,Klebsiella pneumoniae,Third-generation cephalosporins,2.33,0.35
Slovenia,2011,Klebsiella pneumoniae,Third-generation cephalosporins,30.17,0.68
Slovakia,2011,Klebsiella pneumoniae,Third-generation cephalosporins,68.24,3.88
Belgium,2012,Klebsiella pneumoniae,Third-generation cephalosporins,16.48,1.91
Bulgaria,2012,Klebsiella pneumoniae,Third-generation cephalosporins,74.8,3.25
Cyprus,2012,Klebsiella pneumoniae,Third-generation cephalosporins,23.08,5.36
Denmark,2012,Klebsiella pneumoniae,Third-generation cephalosporins,10.47,0.32
Estonia,2012,Klebsiella pneumoniae,Third-generation cephalosporins,17.78,1.53
Greece,2012,Klebsiella pneumoniae,Third-generation cephalosporins,70.87,7.09
Finland,2012,Klebsiella pneumoniae,Third-generation cephalosporins,1.68,3.21
France,2012,Klebsiella pneumoniae,Third-generation cephalosporins,22.62,2.68
Croatia,2012,Klebsiella pneumoniae,Third-generation cephalosporins,52.11,4.07
Hungary,2012,Klebsiella pneumoniae,Third-generation cephalosporins,43.0,2.06
Ireland,2012,Klebsiella pneumoniae,Third-generation cephalosporins,9.51,1.38
Iceland,2012,Klebsiella pneumoniae,Third-generation cephalosporins,,0.69
Italy,2012,Klebsiella pneumoniae,Third-generation cephalosporins,47.89,2.78
Lithuania,2012,Klebsiella pneumoniae,Third-generation cephalosporins,63.98,1.49
Luxembourg,2012,Klebsiella pneumoniae,Third-generation cephalosporins,34.0,4.26
Latvia,2012,Klebsiella pneumoniae,Third-generation cephalosporins,62.82,1.11
Malta,2012,Klebsiella pneumoniae,Third-generation cephalosporins,26.79,5.51
Netherlands,2012,Klebsiella pneumoniae,Third-generation cephalosporins,7.51,0.21
Norway,2012,Klebsiella pneumoniae,Third-generation cephalosporins,3.22,0.42
Portugal,2012,Klebsiella pneumoniae,Third-generation cephalosporins,38.67,1.95
Romania,2012,Klebsiella pneumoniae,Third-generation cephalosporins,60.78,4.36
Sweden,2012,Klebsiella pneumoniae,Third-generation cephalosporins,2.87,0.35
Slovenia,2012,Klebsiella pneumoniae,Third-generation cephalosporins,28.35,0.61
Slovakia,2012,Klebsiella pneumoniae,Third-generation cephalosporins,62.7,4.01
Belgium,2013,Klebsiella pneumoniae,Third-generation cephalosporins,15.32,1.92
Bulgaria,2013,Klebsiella pneumoniae,Third-generation cephalosporins,69.57,3.57
Cyprus,2013,Klebsiella pneumoniae,Third-generation cephalosporins,30.88,4.85
Denmark,2013,Klebsiella pneumoniae,Third-generation cephalosporins,11.53,0.39
Estonia,2013,Klebsiella pneumoniae,Third-generation cephalosporins,23.33,1.64
Greece,2013,Klebsiella pneumoniae,Third-generation cephalosporins,70.12,7.92
Finland,2013,Klebsiella pneumoniae,Third-generation cephalosporins,2.18,3.19
France,2013,Klebsiella pneumoniae,Third-generation cephalosporins,28.02,2.55
Croatia,2013,Klebsiella pneumoniae,Third-generation cephalosporins,50.0,3.47
Hungary,2013,Klebsiella pneumoniae,Third-generation cephalosporins,37.34,2.12
Ireland,2013,Klebsiella pneumoniae,Third-generation cephalosporins,19.3,1.52
Iceland,2013,Klebsiella pneumoniae,Third-generation cephalosporins,0.0,0.76
Italy,2013,Klebsiella pneumoniae,Third-generation cephalosporins,55.1,2.9
Lithuania,2013,Klebsiella pneumoniae,Third-generation cephalosporins,44.14,1.84
Luxembourg,2013,Klebsiella pneumoniae,Third-generation cephalosporins,33.96,4.41
Latvia,2013,Klebsiella pneumoniae,Third-generation cephalosporins,66.3,1.18
Malta,2013,Klebsiella pneumoniae,Third-generation cephalosporins,28.36,5.76
Netherlands,2013,Klebsiella pneumoniae,Third-generation cephalosporins,7.57,0.22
Norway,2013,Klebsiella pneumoniae,Third-generation cephalosporins,4.03,0.41
Portugal,2013,Klebsiella pneumoniae,Third-generation cephalosporins,36.99,1.83
Romania,2013,Klebsiella pneumoniae,Third-generation cephalosporins,67.29,4.81
Sweden,2013,Klebsiella pneumoniae,Third-generation cephalosporins,3.62,0.35
Slovenia,2013,Klebsiella pneumoniae,Third-generation cephalosporins,28.98,0.59
Slovakia,2013,Klebsiella pneumoniae,Third-generation cephalosporins,66.39,5.15
United Kingdom,2013,Klebsiella pneumoniae,Third-generation cephalosporins,13.65,0.48
Belgium,2014,Klebsiella pneumoniae,Third-generation cephalosporins,16.29,1.8
Bulgaria,2014,Klebsiella pneumoniae,Third-generation cephalosporins,74.83,4.17
Cyprus,2014,Klebsiella pneumoniae,Third-generation cephalosporins,32.5,4.47
Denmark,2014,Klebsiella pneumoniae,Third-generation cephalosporins,7.57,0.42
Estonia,2014,Klebsiella pneumoniae,Third-generation cephalosporins,20.74,1.7
Greece,2014,Klebsiella pneumoniae,Third-generation cephalosporins,72.53,7.79
Finland,2014,Klebsiella pneumoniae,Third-generation cephalosporins,2.41,3.14
France,2014,Klebsiella pneumoniae,Third-generation cephalosporins,29.56,2.37
Croatia,2014,Klebsiella pneumoniae,Third-generation cephalosporins,47.9,3.33
Hungary,2014,Klebsiella pneumoniae,Third-generation cephalosporins,35.56,2.19
Ireland,2014,Klebsiella pneumoniae,Third-generation cephalosporins,11.58,1.27
Italy,2014,Klebsiella pneumoniae,Third-generation cephalosporins,56.48,2.75
Lithuania,2014,Klebsiella pneumoniae,Third-generation cephalosporins,52.6,1.71
Luxembourg,2014,Klebsiella pneumoniae,Third-generation cephalosporins,34.85,3.92
Latvia,2014,Klebsiella pneumoniae,Third-generation cephalosporins,52.88,1.14
Malta,2014,Klebsiella pneumoniae,Third-generation cephalosporins,28.28,4.81
Netherlands,2014,Klebsiella pneumoniae,Third-generation cephalosporins,5.88,0.23
Norway,2014,Klebsiella pneumoniae,Third-generation cephalosporins,5.9,0.38
Poland,2014,Klebsiella pneumoniae,Third-generation cephalosporins,68.17,2.73
Portugal,2014,Klebsiella pneumoniae,Third-generation cephalosporins,40.89,1.84
Romania,2014,Klebsiella pneumoniae,Third-generation cephalosporins,73.83,5.33
Sweden,2014,Klebsiella pneumoniae,Third-generation cephalosporins,4.5,0.31
Slovenia,2014,Klebsiella pneumoniae,Third-generation cephalosporins,26.61,0.58
Slovakia,2014,Klebsiella pneumoniae,Third-generation cephalosporins,69.37,5.05
United Kingdom,2014,Klebsiella pneumoniae,Third-generation cephalosporins,9.3,0.47
Belgium,2015,Klebsiella pneumoniae,Third-generation cephalosporins,19.7,1.83
Bulgaria,2015,Klebsiella pneumoniae,Third-generation cephalosporins,75.0,4.75
Cyprus,2015,Klebsiella pneumoniae,Third-generation cephalosporins,43.55,5.25
Denmark,2015,Klebsiella pneumoniae,Third-generation cephalosporins,7.75,0.32
Estonia,2015,Klebsiella pneumoniae,Third-generation cephalosporins,23.66,1.78
Greece,2015,Klebsiella pneumoniae,Third-generation cephalosporins,69.54,8.04
Finland,2015,Klebsiella pneumoniae,Third-generation cephalosporins,2.95,2.99
France,2015,Klebsiella pneumoniae,Third-generation cephalosporins,30.54,2.44
Croatia,2015,Klebsiella pneumoniae,Third-generation cephalosporins,46.84,3.28
Hungary,2015,Klebsiella pneumoniae,Third-generation cephalosporins,37.22,2.31
Ireland,2015,Klebsiella pneumoniae,Third-generation cephalosporins,14.73,1.34
Italy,2015,Klebsiella pneumoniae,Third-generation cephalosporins,55.88,2.69
Lithuania,2015,Klebsiella pneumoniae,Third-generation cephalosporins,51.69,1.87
Luxembourg,2015,Klebsiella pneumoniae,Third-generation cephalosporins,28.33,3.99
Latvia,2015,Klebsiella pneumoniae,Third-generation cephalosporins,46.96,1.19
Malta,2015,Klebsiella pneumoniae,Third-generation cephalosporins,15.91,4.34
Netherlands,2015,Klebsiella pneumoniae,Third-generation cephalosporins,9.43,0.24
Norway,2015,Klebsiella pneumoniae,Third-generation cephalosporins,4.99,0.35
Poland,2015,Klebsiella pneumoniae,Third-generation cephalosporins,64.2,3.2
Portugal,2015,Klebsiella pneumoniae,Third-generation cephalosporins,40.4,1.96
Romania,2015,Klebsiella pneumoniae,Third-generation cephalosporins,70.74,5.27
Sweden,2015,Klebsiella pneumoniae,Third-generation cephalosporins,3.3,0.3
Slovenia,2015,Klebsiella pneumoniae,Third-generation cephalosporins,22.78,0.61
Slovakia,2015,Klebsiella pneumoniae,Third-generation cephalosporins,67.16,5.45
United Kingdom,2015,Klebsiella pneumoniae,Third-generation cephalosporins,10.48,0.43
Belgium,2016,Klebsiella pneumoniae,Third-generation cephalosporins,22.87,1.69
Bulgaria,2016,Klebsiella pneumoniae,Third-generation cephalosporins,72.5,4.96
Cyprus,2016,Klebsiella pneumoniae,Third-generation cephalosporins,30.67,5.17
Denmark,2016,Klebsiella pneumoniae,Third-generation cephalosporins,7.51,0.29
Estonia,2016,Klebsiella pneumoniae,Third-generation cephalosporins,32.79,1.71
Greece,2016,Klebsiella pneumoniae,Third-generation cephalosporins,72.48,7.95
Spain,2016,Klebsiella pneumoniae,Third-generation cephalosporins,22.36,2.67
Finland,2016,Klebsiella pneumoniae,Third-generation cephalosporins,4.08,3.01
France,2016,Klebsiella pneumoniae,Third-generation cephalosporins,28.88,2.27
Croatia,2016,Klebsiella pneumoniae,Third-generation cephalosporins,48.6,2.99
Hungary,2016,Klebsiella pneumoniae,Third-generation cephalosporins,37.53,2.38
Ireland,2016,Klebsiella pneumoniae,Third-generation cephalosporins,13.5,1.34
Italy,2016,Klebsiella pneumoniae,Third-generation cephalosporins,55.83,2.56
Lithuania,2016,Klebsiella pneumoniae,Third-generation cephalosporins,56.75,1.97
Luxembourg,2016,Klebsiella pneumoniae,Third-generation cephalosporins,35.9,3.91
Latvia,2016,Klebsiella pneumoniae,Third-generation cephalosporins,47.37,1.21
Malta,2016,Klebsiella pneumoniae,Third-generation cephalosporins,21.57,3.79
Netherlands,2016,Klebsiella pneumoniae,Third-generation cephalosporins,10.53,0.23
Norway,2016,Klebsiella pneumoniae,Third-generation cephalosporins,5.8,0.33
Poland,2016,Klebsiella pneumoniae,Third-generation cephalosporins,64.45,3.2
Portugal,2016,Klebsiella pneumoniae,Third-generation cephalosporins,46.7,1.95
Romania,2016,Klebsiella pneumoniae,Third-generation cephalosporins,68.02,4.94
Sweden,2016,Klebsiella pneumoniae,Third-generation cephalosporins,4.88,0.3
Slovenia,2016,Klebsiella pneumoniae,Third-generation cephalosporins,22.85,0.63
Slovakia,2016,Klebsiella pneumoniae,Third-generation cephalosporins,61.29,5.37
United Kingdom,2016,Klebsiella pneumoniae,Third-generation cephalosporins,8.87,0.4
Belgium,2017,Klebsiella pneumoniae,Third-generation cephalosporins,19.3,1.54
Bulgaria,2017,Klebsiella pneumoniae,Third-generation cephalosporins,76.33,5.21
Cyprus,2017,Klebsiella pneumoniae,Third-generation cephalosporins,46.48,5.81
Denmark,2017,Klebsiella pneumoniae,Third-generation cephalosporins,7.29,0.33
Estonia,2017,Klebsiella pneumoniae,Third-generation cephalosporins,21.12,1.73
Greece,2017,Klebsiella pneumoniae,Third-generation cephalosporins,69.16,8.2
Spain,2017,Klebsiella pneumoniae,Third-generation cephalosporins,21.28,2.67
Finland,2017,Klebsiella pneumoniae,Third-generation cephalosporins,4.57,2.78
France,2017,Klebsiella pneumoniae,Third-generation cephalosporins,28.84,1.92
Croatia,2017,Klebsiella pneumoniae,Third-generation cephalosporins,41.75,3.02
Hungary,2017,Klebsiella pneumoniae,Third-generation cephalosporins,41.13,2.46
Ireland,2017,Klebsiella pneumoniae,Third-generation cephalosporins,14.64,1.27
Iceland,2017,Klebsiella pneumoniae,Third-generation cephalosporins,,0.89
Italy,2017,Klebsiella pneumoniae,Third-generation cephalosporins,54.6,2.33
Lithuania,2017,Klebsiella pneumoniae,Third-generation cephalosporins,63.19,2.07
Luxembourg,2017,Klebsiella pneumoniae,Third-generation cephalosporins,27.27,2.86
Latvia,2017,Klebsiella pneumoniae,Third-generation cephalosporins,33.62,1.3
Malta,2017,Klebsiella pneumoniae,Third-generation cephalosporins,35.04,3.4
Netherlands,2017,Klebsiella pneumoniae,Third-generation cephalosporins,10.91,0.24
Norway,2017,Klebsiella pneumoniae,Third-generation cephalosporins,5.76,0.33
Poland,2017,Klebsiella pneumoniae,Third-generation cephalosporins,63.01,4.63
Portugal,2017,Klebsiella pneumoniae,Third-generation cephalosporins,44.91,2.04
Romania,2017,Klebsiella pneumoniae,Third-generation cephalosporins,62.54,4.95
Sweden,2017,Klebsiella pneumoniae,Third-generation cephalosporins,5.61,0.24
Slovenia,2017,Klebsiella pneumoniae,Third-generation cephalosporins,23.72,0.68
Slovakia,2017,Klebsiella pneumoniae,Third-generation cephalosporins,63.18,5.0
United Kingdom,2017,Klebsiella pneumoniae,Third-generation cephalosporins,11.36,0.4
Belgium,2018,Klebsiella pneumoniae,Third-generation cephalosporins,21.39,1.62
Bulgaria,2018,Klebsiella pneumoniae,Third-generation cephalosporins,77.72,5.62
Cyprus,2018,Klebsiella pneumoniae,Third-generation cephalosporins,48.28,5.88
Denmark,2018,Klebsiella pneumoniae,Third-generation cephalosporins,6.47,0.28
Estonia,2018,Klebsiella pneumoniae,Third-generation cephalosporins,13.59,1.69
Greece,2018,Klebsiella pneumoniae,Third-generation cephalosporins,70.73,8.42
Spain,2018,Klebsiella pneumoniae,Third-generation cephalosporins,25.48,2.75
Finland,2018,Klebsiella pneumoniae,Third-generation cephalosporins,4.47,2.9
France,2018,Klebsiella pneumoniae,Third-generation cephalosporins,30.76,1.73
Croatia,2018,Klebsiella pneumoniae,Third-generation cephalosporins,44.34,3.05
Hungary,2018,Klebsiella pneumoniae,Third-generation cephalosporins,40.21,2.5
Ireland,2018,Klebsiella pneumoniae,Third-generation cephalosporins,14.49,1.34
Iceland,2018,Klebsiella pneumoniae,Third-generation cephalosporins,,0.86
Italy,2018,Klebsiella pneumoniae,Third-generation cephalosporins,53.58,2.5
Lithuania,2018,Klebsiella pneumoniae,Third-generation cephalosporins,55.8,2.11
Luxembourg,2018,Klebsiella pneumoniae,Third-generation cephalosporins,29.41,3.29
Latvia,2018,Klebsiella pneumoniae,Third-generation cephalosporins,37.75,1.22
Malta,2018,Klebsiella pneumoniae,Third-generation cephalosporins,53.28,2.94
Netherlands,2018,Klebsiella pneumoniae,Third-generation cephalosporins,10.72,0.26
Norway,2018,Klebsiella pneumoniae,Third-generation cephalosporins,7.46,0.32
Poland,2018,Klebsiella pneumoniae,Third-generation cephalosporins,64.64,3.45
Portugal,2018,Klebsiella pneumoniae,Third-generation cephalosporins,49.98,2.01
Romania,2018,Klebsiella pneumoniae,Third-generation cephalosporins,61.4,5.17
Sweden,2018,Klebsiella pneumoniae,Third-generation cephalosporins,5.51,0.24
Slovenia,2018,Klebsiella pneumoniae,Third-generation cephalosporins,14.88,0.63
Slovakia,2018,Klebsiella pneumoniae,Third-generation cephalosporins,55.94,6.7
United Kingdom,2018,Klebsiella pneumoniae,Third-generation cephalosporins,12.99,0.38
Austria,2019,Klebsiella pneumoniae,Third-generation cephalosporins,10.33,1.92
Belgium,2019,Klebsiella pneumoniae,Third-generation cephalosporins,19.5,1.58
Bulgaria,2019,Klebsiella pneumoniae,Third-generation cephalosporins,75.66,5.48
Cyprus,2019,Klebsiella pneumoniae,Third-generation cephalosporins,48.33,6.4
Czechia,2019,Klebsiella pneumoniae,Third-generation cephalosporins,50.67,2.54
Denmark,2019,Klebsiella pneumoniae,Third-generation cephalosporins,6.65,0.26
Estonia,2019,Klebsiella pneumoniae,Third-generation cephalosporins,10.61,1.69
Greece,2019,Klebsiella pneumoniae,Third-generation cephalosporins,66.45,8.11
Spain,2019,Klebsiella pneumoniae,Third-generation cephalosporins,25.25,2.76
Finland,2019,Klebsiella pneumoniae,Third-generation cephalosporins,6.34,2.63
France,2019,Klebsiella pneumoniae,Third-generation cephalosporins,30.18,1.61
Croatia,2019,Klebsiella pneumoniae,Third-generation cephalosporins,53.0,3.11
Hungary,2019,Klebsiella pneumoniae,Third-generation cephalosporins,36.66,2.44
Ireland,2019,Klebsiella pneumoniae,Third-generation cephalosporins,17.65,1.38
Iceland,2019,Klebsiella pneumoniae,Third-generation cephalosporins,4.35,0.8
Italy,2019,Klebsiella pneumoniae,Third-generation cephalosporins,57.59,2.73
Lithuania,2019,Klebsiella pneumoniae,Third-generation cephalosporins,55.0,2.18
Luxembourg,2019,Klebsiella pneumoniae,Third-generation cephalosporins,25.24,3.19
Latvia,2019,Klebsiella pneumoniae,Third-generation cephalosporins,36.87,1.27
Malta,2019,Klebsiella pneumoniae,Third-generation cephalosporins,37.21,3.12
Netherlands,2019,Klebsiella pneumoniae,Third-generation cephalosporins,9.62,0.26
Norway,2019,Klebsiella pneumoniae,Third-generation cephalosporins,7.69,0.31
Poland,2019,Klebsiella pneumoniae,Third-generation cephalosporins,58.32,4.06
Portugal,2019,Klebsiella pneumoniae,Third-generation cephalosporins,47.65,2.04
Romania,2019,Klebsiella pneumoniae,Third-generation cephalosporins,64.09,5.39
Sweden,2019,Klebsiella pneumoniae,Third-generation cephalosporins,8.3,0.22
Slovenia,2019,Klebsiella pneumoniae,Third-generation cephalosporins,16.5,0.71
Slovakia,2019,Klebsiella pneumoniae,Third-generation cephalosporins,57.49,5.26
United Kingdom,2019,Klebsiella pneumoniae,Third-generation cephalosporins,13.21,0.37
Austria,2020,Klebsiella pneumoniae,Third-generation cephalosporins,7.83,1.45
Belgium,2020,Klebsiella pneumoniae,Third-generation cephalosporins,19.74,1.13
Bulgaria,2020,Klebsiella pneumoniae,Third-generation cephalosporins,79.12,5.27
Cyprus,2020,Klebsiella pneumoniae,Third-generation cephalosporins,54.65,6.19
Czechia,2020,Klebsiella pneumoniae,Third-generation cephalosporins,45.86,1.91
Denmark,2020,Klebsiella pneumoniae,Third-generation cephalosporins,6.01,0.24
Estonia,2020,Klebsiella pneumoniae,Third-generation cephalosporins,11.56,1.53
Greece,2020,Klebsiella pneumoniae,Third-generation cephalosporins,74.52,6.3
Spain,2020,Klebsiella pneumoniae,Third-generation cephalosporins,26.64,2.33
Finland,2020,Klebsiella pneumoniae,Third-generation cephalosporins,7.21,2.28
France,2020,Klebsiella pneumoniae,Third-generation cephalosporins,27.85,1.2
Croatia,2020,Klebsiella pneumoniae,Third-generation cephalosporins,52.22,2.59
Hungary,2020,Klebsiella pneumoniae,Third-generation cephalosporins,40.38,1.8
Ireland,2020,Klebsiella pneumoniae,Third-generation cephalosporins,18.69,1.16
Iceland,2020,Klebsiella pneumoniae,Third-generation cephalosporins,0.0,0.75
Italy,2020,Klebsiella pneumoniae,Third-generation cephalosporins,54.33,2.13
Lithuania,2020,Klebsiella pneumoniae,Third-generation cephalosporins,42.62,1.99
Luxembourg,2020,Klebsiella pneumoniae,Third-generation cephalosporins,26.44,2.16
Latvia,2020,Klebsiella pneumoniae,Third-generation cephalosporins,48.4,1.09
Malta,2020,Klebsiella pneumoniae,Third-generation cephalosporins,38.64,2.25
Netherlands,2020,Klebsiella pneumoniae,Third-generation cephalosporins,11.17,0.26
Norway,2020,Klebsiella pneumoniae,Third-generation cephalosporins,10.11,0.28
Poland,2020,Klebsiella pneumoniae,Third-generation cephalosporins,62.96,2.85
Portugal,2020,Klebsiella pneumoniae,Third-generation cephalosporins,47.57,1.78
Romania,2020,Klebsiella pneumoniae,Third-generation cephalosporins,67.92,4.49
Sweden,2020,Klebsiella pneumoniae,Third-generation cephalosporins,8.09,0.21
Slovenia,2020,Klebsiella pneumoniae,Third-generation cephalosporins,15.81,0.7
Slovakia,2020,Klebsiella pneumoniae,Third-generation cephalosporins,54.39,3.69
Austria,2021,Klebsiella pneumoniae,Third-generation cephalosporins,9.81,1.52
Belgium,2021,Klebsiella pneumoniae,Third-generation cephalosporins,18.9,1.14
Bulgaria,2021,Klebsiella pneumoniae,Third-generation cephalosporins,81.4,6.1
Cyprus,2021,Klebsiella pneumoniae,Third-generation cephalosporins,54.61,5.16
Czechia,2021,Klebsiella pneumoniae,Third-generation cephalosporins,49.69,2.01
Denmark,2021,Klebsiella pneumoniae,Third-generation cephalosporins,5.13,0.23
Estonia,2021,Klebsiella pneumoniae,Third-generation cephalosporins,12.77,1.39
Greece,2021,Klebsiella pneumoniae,Third-generation cephalosporins,80.37,4.96
Spain,2021,Klebsiella pneumoniae,Third-generation cephalosporins,27.55,2.38
Finland,2021,Klebsiella pneumoniae,Third-generation cephalosporins,5.56,2.19
France,2021,Klebsiella pneumoniae,Third-generation cephalosporins,25.42,1.22
Croatia,2021,Klebsiella pneumoniae,Third-generation cephalosporins,62.05,2.96
Hungary,2021,Klebsiella pneumoniae,Third-generation cephalosporins,38.65,1.71
Ireland,2021,Klebsiella pneumoniae,Third-generation cephalosporins,15.54,1.16
Iceland,2021,Klebsiella pneumoniae,Third-generation cephalosporins,3.45,0.83
Italy,2021,Klebsiella pneumoniae,Third-generation cephalosporins,53.63,2.01
Lithuania,2021,Klebsiella pneumoniae,Third-generation cephalosporins,42.97,1.93
Luxembourg,2021,Klebsiella pneumoniae,Third-generation cephalosporins,25.74,2.01
Latvia,2021,Klebsiella pneumoniae,Third-generation cephalosporins,35.97,0.99
Malta,2021,Klebsiella pneumoniae,Third-generation cephalosporins,28.89,1.65
Netherlands,2021,Klebsiella pneumoniae,Third-generation cephalosporins,10.08,0.26
Norway,2021,Klebsiella pneumoniae,Third-generation cephalosporins,7.37,0.29
Poland,2021,Klebsiella pneumoniae,Third-generation cephalosporins,69.97,2.86
Portugal,2021,Klebsiella pneumoniae,Third-generation cephalosporins,45.02,1.92
Romania,2021,Klebsiella pneumoniae,Third-generation cephalosporins,70.79,4.65
Sweden,2021,Klebsiella pneumoniae,Third-generation cephalosporins,6.95,0.22
Slovenia,2021,Klebsiella pneumoniae,Third-generation cephalosporins,21.65,0.79
Slovakia,2021,Klebsiella pneumoniae,Third-generation cephalosporins,68.44,4.0
Austria,2022,Klebsiella pneumoniae,Third-generation cephalosporins,9.57,1.61
Belgium,2022,Klebsiella pneumoniae,Third-generation cephalosporins,18.32,1.3
Bulgaria,2022,Klebsiella pneumoniae,Third-generation cephalosporins,78.46,6.86
Cyprus,2022,Klebsiella pneumoniae,Third-generation cephalosporins,63.82,6.48
Czechia,2022,Klebsiella pneumoniae,Third-generation cephalosporins,49.57,2.51
Denmark,2022,Klebsiella pneumoniae,Third-generation cephalosporins,5.23,0.23
Estonia,2022,Klebsiella pneumoniae,Third-generation cephalosporins,14.89,1.67
Greece,2022,Klebsiella pneumoniae,Third-generation cephalosporins,78.25,7.46
Spain,2022,Klebsiella pneumoniae,Third-generation cephalosporins,26.68,2.77
Finland,2022,Klebsiella pneumoniae,Third-generation cephalosporins,4.79,2.22
France,2022,Klebsiella pneumoniae,Third-generation cephalosporins,25.03,1.42
Croatia,2022,Klebsiella pneumoniae,Third-generation cephalosporins,54.2,3.33
Hungary,2022,Klebsiella pneumoniae,Third-generation cephalosporins,40.74,1.92
Ireland,2022,Klebsiella pneumoniae,Third-generation cephalosporins,12.58,1.55
Iceland,2022,Klebsiella pneumoniae,Third-generation cephalosporins,3.12,1.04
Italy,2022,Klebsiella pneumoniae,Third-generation cephalosporins,53.3,2.6
Lithuania,2022,Klebsiella pneumoniae,Third-generation cephalosporins,39.85,2.39
Luxembourg,2022,Klebsiella pneumoniae,Third-generation cephalosporins,18.8,2.38
Latvia,2022,Klebsiella pneumoniae,Third-generation cephalosporins,38.68,1.23
Malta,2022,Klebsiella pneumoniae,Third-generation cephalosporins,27.5,2.95
Netherlands,2022,Klebsiella pneumoniae,Third-generation cephalosporins,9.82,0.26
Norway,2022,Klebsiella pneumoniae,Third-generation cephalosporins,6.63,0.31
Poland,2022,Klebsiella pneumoniae,Third-generation cephalosporins,61.93,3.54
Portugal,2022,Klebsiella pneumoniae,Third-generation cephalosporins,45.2,2.26
Romania,2022,Klebsiella pneumoniae,Third-generation cephalosporins,63.52,5.03
Slovenia,2022,Klebsiella pneumoniae,Third-generation cephalosporins,20.7,0.85
Slovakia,2022,Klebsiella pneumoniae,Third-generation cephalosporins,56.14,5.38
Austria,2023,Klebsiella pneumoniae,Third-generation cephalosporins,14.02,1.62
Belgium,2023,Klebsiella pneumoniae,Third-generation cephalosporins,19.92,1.18
Bulgaria,2023,Klebsiella pneumoniae,Third-generation cephalosporins,81.48,7.37
Cyprus,2023,Klebsiella pneumoniae,Third-generation cephalosporins,60.45,0.0
Czechia,2023,Klebsiella pneumoniae,Third-generation cephalosporins,46.26,2.96
Germany,2023,Klebsiella pneumoniae,Third-generation cephalosporins,10.03,2.77
Denmark,2023,Klebsiella pneumoniae,Third-generation cephalosporins,5.71,0.21
Estonia,2023,Klebsiella pneumoniae,Third-generation cephalosporins,12.96,1.59
Greece,2023,Klebsiella pneumoniae,Third-generation cephalosporins,75.6,6.66
Spain,2023,Klebsiella pneumoniae,Third-generation cephalosporins,25.26,2.9
Finland,2023,Klebsiella pneumoniae,Third-generation cephalosporins,8.67,2.13
Croatia,2023,Klebsiella pneumoniae,Third-generation cephalosporins,55.4,3.56
Hungary,2023,Klebsiella pneumoniae,Third-generation cephalosporins,42.04,2.14
Ireland,2023,Klebsiella pneumoniae,Third-generation cephalosporins,15.96,0.77
Iceland,2023,Klebsiella pneumoniae,Third-generation cephalosporins,6.82,1.24
Italy,2023,Klebsiella pneumoniae,Third-generation cephalosporins,55.17,2.95
Lithuania,2023,Klebsiella pneumoniae,Third-generation cephalosporins,43.44,2.77
Luxembourg,2023,Klebsiella pneumoniae,Third-generation cephalosporins,21.18,2.38
Latvia,2023,Klebsiella pneumoniae,Third-generation cephalosporins,41.6,1.32
Malta,2023,Klebsiella pneumoniae,Third-generation cephalosporins,25.17,2.99
Netherlands,2023,Klebsiella pneumoniae,Third-generation cephalosporins,10.17,0.27
Norway,2023,Klebsiella pneumoniae,Third-generation cephalosporins,5.84,0.3
Poland,2023,Klebsiella pneumoniae,Third-generation cephalosporins,64.34,3.5
Portugal,2023,Klebsiella pneumoniae,Third-generation cephalosporins,50.69,2.14
Romania,2023,Klebsiella pneumoniae,Third-generation cephalosporins,69.44,5.02
Slovenia,2023,Klebsiella pneumoniae,Third-generation cephalosporins,23.01,0.7
Slovakia,2023,Klebsiella pneumoniae,Third-generation cephalosporins,52.58,4.76
Austria,2024,Klebsiella pneumoniae,Third-generation cephalosporins,14.56,1.76
Belgium,2024,Klebsiella pneumoniae,Third-generation cephalosporins,20.99,1.09
Bulgaria,2024,Klebsiella pneumoniae,Third-generation cephalosporins,84.33,7.08
Cyprus,2024,Klebsiella pneumoniae,Third-generation cephalosporins,68.1,5.66
Czechia,2024,Klebsiella pneumoniae,Third-generation cephalosporins,44.14,2.35
Germany,2024,Klebsiella pneumoniae,Third-generation cephalosporins,10.72,2.46
Estonia,2024,Klebsiella pneumoniae,Third-generation cephalosporins,14.29,1.43
Greece,2024,Klebsiella pneumoniae,Third-generation cephalosporins,70.08,7.09
Spain,2024,Klebsiella pneumoniae,Third-generation cephalosporins,23.5,2.86
Finland,2024,Klebsiella pneumoniae,Third-generation cephalosporins,10.83,2.01
France,2024,Klebsiella pneumoniae,Third-generation cephalosporins,27.06,1.3
Croatia,2024,Klebsiella pneumoniae,Third-generation cephalosporins,62.45,3.51
Hungary,2024,Klebsiella pneumoniae,Third-generation cephalosporins,39.79,2.2
Ireland,2024,Klebsiella pneumoniae,Third-generation cephalosporins,15.04,1.12
Iceland,2024,Klebsiella pneumoniae,Third-generation cephalosporins,4.88,1.04
Italy,2024,Klebsiella pneumoniae,Third-generation cephalosporins,52.93,2.8
Lithuania,2024,Klebsiella pneumoniae,Third-generation cephalosporins,47.72,2.2
Luxembourg,2024,Klebsiella pneumoniae,Third-generation cephalosporins,20.0,2.37
Latvia,2024,Klebsiella pneumoniae,Third-generation cephalosporins,47.29,1.37
Malta,2024,Klebsiella pneumoniae,Third-generation cephalosporins,27.84,2.52
Netherlands,2024,Klebsiella pneumoniae,Third-generation cephalosporins,12.92,0.3
Norway,2024,Klebsiella pneumoniae,Third-generation cephalosporins,6.97,0.3
Poland,2024,Klebsiella pneumoniae,Third-generation cephalosporins,60.63,3.24
Portugal,2024,Klebsiella pneumoniae,Third-generation cephalosporins,46.28,2.26
Romania,2024,Klebsiella pneumoniae,Third-generation cephalosporins,67.01,5.56
Slovenia,2024,Klebsiella pneumoniae,Third-generation cephalosporins,19.6,0.98
Slovakia,2024,Klebsiella pneumoniae,Third-generation cephalosporins,55.91,5.1
Bulgaria,2005,Klebsiella pneumoniae,Fluoroquinolones,26.47,2.28
Estonia,2005,Klebsiella pneumoniae,Fluoroquinolones,0.0,1.01
Greece,2005,Klebsiella pneumoniae,Fluoroquinolones,54.4,1.84
Finland,2005,Klebsiella pneumoniae,Fluoroquinolones,3.23,1.24
France,2005,Klebsiella pneumoniae,Fluoroquinolones,7.16,2.51
Croatia,2005,Klebsiella pneumoniae,Fluoroquinolones,18.18,1.77
Hungary,2005,Klebsiella pneumoniae,Fluoroquinolones,20.7,2.16
Ireland,2005,Klebsiella pneumoniae,Fluoroquinolones,2.5,0.91
Iceland,2005,Klebsiella pneumoniae,Fluoroquinolones,0.0,0.79
Italy,2005,Klebsiella pneumoniae,Fluoroquinolones,11.32,3.33
Norway,2005,Klebsiella pneumoniae,Fluoroquinolones,1.16,0.56
Sweden,2005,Klebsiella pneumoniae,Fluoroquinolones,4.91,1.16
Slovenia,2005,Klebsiella pneumoniae,Fluoroquinolones,14.1,1.41
Bulgaria,2006,Klebsiella pneumoniae,Fluoroquinolones,23.64,1.92
Cyprus,2006,Klebsiella pneumoniae,Fluoroquinolones,11.54,3.83
Denmark,2006,Klebsiella pneumoniae,Fluoroquinolones,6.07,0.53
Estonia,2006,Klebsiella pneumoniae,Fluoroquinolones,4.88,1.04
Greece,2006,Klebsiella pneumoniae,Fluoroquinolones,49.64,2.12
Finland,2006,Klebsiella pneumoniae,Fluoroquinolones,3.95,1.24
France,2006,Klebsiella pneumoniae,Fluoroquinolones,8.53,2.51
Croatia,2006,Klebsiella pneumoniae,Fluoroquinolones,23.41,1.78
Hungary,2006,Klebsiella pneumoniae,Fluoroquinolones,13.19,2.05
Ireland,2006,Klebsiella pneumoniae,Fluoroquinolones,15.76,1.14
Lithuania,2006,Klebsiella pneumoniae,Fluoroquinolones,2.86,0.83
Luxembourg,2006,Klebsiella pneumoniae,Fluoroquinolones,,2.83
Latvia,2006,Klebsiella pneumoniae,Fluoroquinolones,25.93,1.37
Norway,2006,Klebsiella pneumoniae,Fluoroquinolones,6.85,0.53
Sweden,2006,Klebsiella pneumoniae,Fluoroquinolones,5.2,1.16
Slovenia,2006,Klebsiella pneumoniae,Fluoroquinolones,21.38,1.33
Bulgaria,2007,Klebsiella pneumoniae,Fluoroquinolones,41.38,2.05
Cyprus,2007,Klebsiella pneumoniae,Fluoroquinolones,23.08,3.77
Denmark,2007,Klebsiella pneumoniae,Fluoroquinolones,13.37,0.63
Estonia,2007,Klebsiella pneumoniae,Fluoroquinolones,1.79,1.07
Greece,2007,Klebsiella pneumoniae,Fluoroquinolones,55.06,2.93
Finland,2007,Klebsiella pneumoniae,Fluoroquinolones,0.73,1.28
France,2007,Klebsiella pneumoniae,Fluoroquinolones,14.04,2.6
Croatia,2007,Klebsiella pneumoniae,Fluoroquinolones,33.82,1.62
Hungary,2007,Klebsiella pneumoniae,Fluoroquinolones,22.19,1.73
Ireland,2007,Klebsiella pneumoniae,Fluoroquinolones,16.52,1.16
Italy,2007,Klebsiella pneumoniae,Fluoroquinolones,27.3,3.78
Lithuania,2007,Klebsiella pneumoniae,Fluoroquinolones,7.69,1.46
Luxembourg,2007,Klebsiella pneumoniae,Fluoroquinolones,11.54,3.07
Latvia,2007,Klebsiella pneumoniae,Fluoroquinolones,26.92,1.4
Malta,2007,Klebsiella pneumoniae,Fluoroquinolones,10.71,1.82
Norway,2007,Klebsiella pneumoniae,Fluoroquinolones,4.55,0.57
Sweden,2007,Klebsiella pneumoniae,Fluoroquinolones,6.51,1.07
Slovenia,2007,Klebsiella pneumoniae,Fluoroquinolones,26.47,1.37
Bulgaria,2008,Klebsiella pneumoniae,Fluoroquinolones,52.08,2.19
Cyprus,2008,Klebsiella pneumoniae,Fluoroquinolones,22.58,4.28
Denmark,2008,Klebsiella pneumoniae,Fluoroquinolones,15.97,0.72
Estonia,2008,Klebsiella pneumoniae,Fluoroquinolones,6.56,1.2
Greece,2008,Klebsiella pneumoniae,Fluoroquinolones,64.29,2.97
Finland,2008,Klebsiella pneumoniae,Fluoroquinolones,2.09,1.17
France,2008,Klebsiella pneumoniae,Fluoroquinolones,20.57,2.4
Croatia,2008,Klebsiella pneumoniae,Fluoroquinolones,43.52,1.67
Hungary,2008,Klebsiella pneumoniae,Fluoroquinolones,32.88,2.0
Ireland,2008,Klebsiella pneumoniae,Fluoroquinolones,10.6,1.19
Italy,2008,Klebsiella pneumoniae,Fluoroquinolones,27.51,3.91
Lithuania,2008,Klebsiella pneumoniae,Fluoroquinolones,23.08,1.55
Luxembourg,2008,Klebsiella pneumoniae,Fluoroquinolones,11.76,3.02
Latvia,2008,Klebsiella pneumoniae,Fluoroquinolones,45.0,1.35
Malta,2008,Klebsiella pneumoniae,Fluoroquinolones,8.33,1.92
Norway,2008,Klebsiella pneumoniae,Fluoroquinolones,3.75,0.61
Sweden,2008,Klebsiella pneumoniae,Fluoroquinolones,7.02,0.99
Slovenia,2008,Klebsiella pneumoniae,Fluoroquinolones,25.48,1.34
Belgium,2009,Klebsiella pneumoniae,Fluoroquinolones,13.38,2.85
Bulgaria,2009,Klebsiella pneumoniae,Fluoroquinolones,48.42,2.08
Cyprus,2009,Klebsiella pneumoniae,Fluoroquinolones,43.4,4.1
Denmark,2009,Klebsiella pneumoniae,Fluoroquinolones,16.18,0.73
Estonia,2009,Klebsiella pneumoniae,Fluoroquinolones,18.97,1.02
Greece,2009,Klebsiella pneumoniae,Fluoroquinolones,65.62,2.85
Finland,2009,Klebsiella pneumoniae,Fluoroquinolones,3.2,1.25
France,2009,Klebsiella pneumoniae,Fluoroquinolones,24.04,2.31
Hungary,2009,Klebsiella pneumoniae,Fluoroquinolones,33.24,2.04
Ireland,2009,Klebsiella pneumoniae,Fluoroquinolones,10.79,1.04
Lithuania,2009,Klebsiella pneumoniae,Fluoroquinolones,37.31,1.22
Luxembourg,2009,Klebsiella pneumoniae,Fluoroquinolones,21.43,3.07
Latvia,2009,Klebsiella pneumoniae,Fluoroquinolones,34.09,1.2
Malta,2009,Klebsiella pneumoniae,Fluoroquinolones,2.63,1.81
Norway,2009,Klebsiella pneumoniae,Fluoroquinolones,5.61,0.6
Portugal,2009,Klebsiella pneumoniae,Fluoroquinolones,27.56,3.13
Romania,2009,Klebsiella pneumoniae,Fluoroquinolones,,1.59
Sweden,2009,Klebsiella pneumoniae,Fluoroquinolones,,0.94
Slovenia,2009,Klebsiella pneumoniae,Fluoroquinolones,26.98,1.31
Belgium,2010,Klebsiella pneumoniae,Fluoroquinolones,12.5,2.93
Bulgaria,2010,Klebsiella pneumoniae,Fluoroquinolones,52.38,2.09
Cyprus,2010,Klebsiella pneumoniae,Fluoroquinolones,38.81,4.07
Denmark,2010,Klebsiella pneumoniae,Fluoroquinolones,11.29,0.71
Estonia,2010,Klebsiella pneumoniae,Fluoroquinolones,25.0,1.0
Greece,2010,Klebsiella pneumoniae,Fluoroquinolones,70.88,2.85
Finland,2010,Klebsiella pneumoniae,Fluoroquinolones,2.49,1.22
France,2010,Klebsiella pneumoniae,Fluoroquinolones,21.81,2.29
Croatia,2010,Klebsiella pneumoniae,Fluoroquinolones,47.48,1.52
Hungary,2010,Klebsiella pneumoniae,Fluoroquinolones,42.86,2.24
Ireland,2010,Klebsiella pneumoniae,Fluoroquinolones,8.18,1.03
Iceland,2010,Klebsiella pneumoniae,Fluoroquinolones,0.0,1.02
Italy,2010,Klebsiella pneumoniae,Fluoroquinolones,38.51,3.92
Lithuania,2010,Klebsiella pneumoniae,Fluoroquinolones,36.25,1.08
Luxembourg,2010,Klebsiella pneumoniae,Fluoroquinolones,6.78,3.11
Latvia,2010,Klebsiella pneumoniae,Fluoroquinolones,52.38,1.24
Malta,2010,Klebsiella pneumoniae,Fluoroquinolones,15.79,2.02
Netherlands,2010,Klebsiella pneumoniae,Fluoroquinolones,6.52,0.99
Norway,2010,Klebsiella pneumoniae,Fluoroquinolones,7.35,0.63
Portugal,2010,Klebsiella pneumoniae,Fluoroquinolones,31.36,3.06
Sweden,2010,Klebsiella pneumoniae,Fluoroquinolones,5.8,0.93
Slovenia,2010,Klebsiella pneumoniae,Fluoroquinolones,25.0,1.34
Belgium,2011,Klebsiella pneumoniae,Fluoroquinolones,14.93,2.97
Bulgaria,2011,Klebsiella pneumoniae,Fluoroquinolones,51.24,2.37
Cyprus,2011,Klebsiella pneumoniae,Fluoroquinolones,36.14,1.91
Denmark,2011,Klebsiella pneumoniae,Fluoroquinolones,11.6,0.76
Estonia,2011,Klebsiella pneumoniae,Fluoroquinolones,21.98,1.04
Greece,2011,Klebsiella pneumoniae,Fluoroquinolones,72.23,2.84
Finland,2011,Klebsiella pneumoniae,Fluoroquinolones,2.72,1.29
France,2011,Klebsiella pneumoniae,Fluoroquinolones,27.99,2.04
Croatia,2011,Klebsiella pneumoniae,Fluoroquinolones,42.47,1.51
Hungary,2011,Klebsiella pneumoniae,Fluoroquinolones,50.95,2.17
Ireland,2011,Klebsiella pneumoniae,Fluoroquinolones,8.91,1.05
Iceland,2011,Klebsiella pneumoniae,Fluoroquinolones,4.17,1.05
Italy,2011,Klebsiella pneumoniae,Fluoroquinolones,45.73,3.89
Lithuania,2011,Klebsiella pneumoniae,Fluoroquinolones,54.74,1.19
Luxembourg,2011,Klebsiella pneumoniae,Fluoroquinolones,33.33,3.09
Latvia,2011,Klebsiella pneumoniae,Fluoroquinolones,38.1,0.77
Malta,2011,Klebsiella pneumoniae,Fluoroquinolones,13.46,2.06
Netherlands,2011,Klebsiella pneumoniae,Fluoroquinolones,7.37,0.95
Norway,2011,Klebsiella pneumoniae,Fluoroquinolones,3.51,0.64
Portugal,2011,Klebsiella pneumoniae,Fluoroquinolones,36.3,2.78
Romania,2011,Klebsiella pneumoniae,Fluoroquinolones,,3.39
Sweden,2011,Klebsiella pneumoniae,Fluoroquinolones,3.82,0.93
Slovenia,2011,Klebsiella pneumoniae,Fluoroquinolones,35.34,1.31
Slovakia,2011,Klebsiella pneumoniae,Fluoroquinolones,70.75,2.41
Belgium,2012,Klebsiella pneumoniae,Fluoroquinolones,17.29,3.0
Bulgaria,2012,Klebsiella pneumoniae,Fluoroquinolones,47.24,2.52
Cyprus,2012,Klebsiella pneumoniae,Fluoroquinolones,21.54,3.51
Denmark,2012,Klebsiella pneumoniae,Fluoroquinolones,8.82,0.74
Estonia,2012,Klebsiella pneumoniae,Fluoroquinolones,17.24,1.15
Greece,2012,Klebsiella pneumoniae,Fluoroquinolones,69.68,2.58
Finland,2012,Klebsiella pneumoniae,Fluoroquinolones,2.05,1.19
France,2012,Klebsiella pneumoniae,Fluoroquinolones,24.42,2.18
Croatia,2012,Klebsiella pneumoniae,Fluoroquinolones,42.9,1.68
Hungary,2012,Klebsiella pneumoniae,Fluoroquinolones,41.65,2.18
Ireland,2012,Klebsiella pneumoniae,Fluoroquinolones,7.4,0.99
Iceland,2012,Klebsiella pneumoniae,Fluoroquinolones,,1.01
Italy,2012,Klebsiella pneumoniae,Fluoroquinolones,49.94,3.91
Lithuania,2012,Klebsiella pneumoniae,Fluoroquinolones,55.43,1.37
Luxembourg,2012,Klebsiella pneumoniae,Fluoroquinolones,32.0,3.01
Latvia,2012,Klebsiella pneumoniae,Fluoroquinolones,46.15,1.33
Malta,2012,Klebsiella pneumoniae,Fluoroquinolones,26.79,2.22
Netherlands,2012,Klebsiella pneumoniae,Fluoroquinolones,6.66,0.92
Norway,2012,Klebsiella pneumoniae,Fluoroquinolones,4.03,0.64
Portugal,2012,Klebsiella pneumoniae,Fluoroquinolones,35.78,2.56
Romania,2012,Klebsiella pneumoniae,Fluoroquinolones,50.0,3.36
Sweden,2012,Klebsiella pneumoniae,Fluoroquinolones,3.68,0.91
Slovenia,2012,Klebsiella pneumoniae,Fluoroquinolones,33.07,1.29
Slovakia,2012,Klebsiella pneumoniae,Fluoroquinolones,66.76,2.2
Belgium,2013,Klebsiella pneumoniae,Fluoroquinolones,22.22,2.86
Bulgaria,2013,Klebsiella pneumoniae,Fluoroquinolones,45.65,2.63
Cyprus,2013,Klebsiella pneumoniae,Fluoroquinolones,23.53,3.98
Denmark,2013,Klebsiella pneumoniae,Fluoroquinolones,8.92,0.7
Estonia,2013,Klebsiella pneumoniae,Fluoroquinolones,26.67,1.08
Greece,2013,Klebsiella pneumoniae,Fluoroquinolones,67.58,2.23
Finland,2013,Klebsiella pneumoniae,Fluoroquinolones,2.61,1.13
France,2013,Klebsiella pneumoniae,Fluoroquinolones,29.44,2.09
Croatia,2013,Klebsiella pneumoniae,Fluoroquinolones,43.16,1.66
Hungary,2013,Klebsiella pneumoniae,Fluoroquinolones,37.66,2.32
Ireland,2013,Klebsiella pneumoniae,Fluoroquinolones,14.56,0.98
Iceland,2013,Klebsiella pneumoniae,Fluoroquinolones,0.0,1.12
Italy,2013,Klebsiella pneumoniae,Fluoroquinolones,54.41,3.98
Lithuania,2013,Klebsiella pneumoniae,Fluoroquinolones,45.14,1.13
Luxembourg,2013,Klebsiella pneumoniae,Fluoroquinolones,22.64,2.88
Latvia,2013,Klebsiella pneumoniae,Fluoroquinolones,43.18,1.37
Malta,2013,Klebsiella pneumoniae,Fluoroquinolones,28.36,3.17
Netherlands,2013,Klebsiella pneumoniae,Fluoroquinolones,7.38,0.87
Norway,2013,Klebsiella pneumoniae,Fluoroquinolones,4.87,0.61
Portugal,2013,Klebsiella pneumoniae,Fluoroquinolones,35.68,2.34
Romania,2013,Klebsiella pneumoniae,Fluoroquinolones,51.64,3.47
Sweden,2013,Klebsiella pneumoniae,Fluoroquinolones,3.94,0.87
Slovenia,2013,Klebsiella pneumoniae,Fluoroquinolones,32.65,1.31
Slovakia,2013,Klebsiella pneumoniae,Fluoroquinolones,66.87,2.45
United Kingdom,2013,Klebsiella pneumoniae,Fluoroquinolones,8.66,0.58
Belgium,2014,Klebsiella pneumoniae,Fluoroquinolones,18.18,2.76
Bulgaria,2014,Klebsiella pneumoniae,Fluoroquinolones,50.33,3.01
Cyprus,2014,Klebsiella pneumoniae,Fluoroquinolones,26.25,3.22
Denmark,2014,Klebsiella pneumoniae,Fluoroquinolones,6.89,0.68
Estonia,2014,Klebsiella pneumoniae,Fluoroquinolones,21.8,1.09
Greece,2014,Klebsiella pneumoniae,Fluoroquinolones,67.64,2.77
Finland,2014,Klebsiella pneumoniae,Fluoroquinolones,4.65,1.11
France,2014,Klebsiella pneumoniae,Fluoroquinolones,30.99,1.99
Croatia,2014,Klebsiella pneumoniae,Fluoroquinolones,44.85,1.7
Hungary,2014,Klebsiella pneumoniae,Fluoroquinolones,34.95,2.64
Ireland,2014,Klebsiella pneumoniae,Fluoroquinolones,13.52,0.94
Italy,2014,Klebsiella pneumoniae,Fluoroquinolones,55.68,3.81
Lithuania,2014,Klebsiella pneumoniae,Fluoroquinolones,45.45,1.07
Luxembourg,2014,Klebsiella pneumoniae,Fluoroquinolones,31.82,2.78
Latvia,2014,Klebsiella pneumoniae,Fluoroquinolones,44.83,1.35
Malta,2014,Klebsiella pneumoniae,Fluoroquinolones,32.32,3.42
Netherlands,2014,Klebsiella pneumoniae,Fluoroquinolones,4.99,0.89
Norway,2014,Klebsiella pneumoniae,Fluoroquinolones,6.17,0.57
Poland,2014,Klebsiella pneumoniae,Fluoroquinolones,67.91,1.35
Portugal,2014,Klebsiella pneumoniae,Fluoroquinolones,36.51,2.27
Romania,2014,Klebsiella pneumoniae,Fluoroquinolones,66.54,3.72
Sweden,2014,Klebsiella pneumoniae,Fluoroquinolones,4.06,0.85
Slovenia,2014,Klebsiella pneumoniae,Fluoroquinolones,32.62,1.32
Slovakia,2014,Klebsiella pneumoniae,Fluoroquinolones,70.79,0.92
United Kingdom,2014,Klebsiella pneumoniae,Fluoroquinolones,7.7,0.59
Belgium,2015,Klebsiella pneumoniae,Fluoroquinolones,22.69,2.78
Bulgaria,2015,Klebsiella pneumoniae,Fluoroquinolones,37.5,3.04
Cyprus,2015,Klebsiella pneumoniae,Fluoroquinolones,37.1,4.56
Denmark,2015,Klebsiella pneumoniae,Fluoroquinolones,5.35,0.66
Estonia,2015,Klebsiella pneumoniae,Fluoroquinolones,33.87,1.08
Greece,2015,Klebsiella pneumoniae,Fluoroquinolones,66.41,2.9
Finland,2015,Klebsiella pneumoniae,Fluoroquinolones,3.34,0.99
France,2015,Klebsiella pneumoniae,Fluoroquinolones,30.66,1.83
Croatia,2015,Klebsiella pneumoniae,Fluoroquinolones,48.68,1.7
Hungary,2015,Klebsiella pneumoniae,Fluoroquinolones,36.71,2.92
Ireland,2015,Klebsiella pneumoniae,Fluoroquinolones,17.01,1.03
Italy,2015,Klebsiella pneumoniae,Fluoroquinolones,53.65,3.8
Lithuania,2015,Klebsiella pneumoniae,Fluoroquinolones,45.81,1.18
Luxembourg,2015,Klebsiella pneumoniae,Fluoroquinolones,20.0,2.68
Latvia,2015,Klebsiella pneumoniae,Fluoroquinolones,41.96,1.32
Malta,2015,Klebsiella pneumoniae,Fluoroquinolones,26.14,3.11
Netherlands,2015,Klebsiella pneumoniae,Fluoroquinolones,7.35,0.87
Norway,2015,Klebsiella pneumoniae,Fluoroquinolones,5.0,0.51
Poland,2015,Klebsiella pneumoniae,Fluoroquinolones,63.88,1.54
Portugal,2015,Klebsiella pneumoniae,Fluoroquinolones,38.59,2.18
Romania,2015,Klebsiella pneumoniae,Fluoroquinolones,61.42,3.5
Sweden,2015,Klebsiella pneumoniae,Fluoroquinolones,4.52,0.84
Slovenia,2015,Klebsiella pneumoniae,Fluoroquinolones,24.47,1.38
Slovakia,2015,Klebsiella pneumoniae,Fluoroquinolones,70.04,2.71
United Kingdom,2015,Klebsiella pneumoniae,Fluoroquinolones,13.25,0.57
Belgium,2016,Klebsiella pneumoniae,Fluoroquinolones,23.62,2.6
Bulgaria,2016,Klebsiella pneumoniae,Fluoroquinolones,55.62,3.02
Cyprus,2016,Klebsiella pneumoniae,Fluoroquinolones,32.0,7.02
Denmark,2016,Klebsiella pneumoniae,Fluoroquinolones,5.3,0.63
Estonia,2016,Klebsiella pneumoniae,Fluoroquinolones,29.51,0.99
Greece,2016,Klebsiella pneumoniae,Fluoroquinolones,68.64,2.82
Spain,2016,Klebsiella pneumoniae,Fluoroquinolones,22.73,3.24
Finland,2016,Klebsiella pneumoniae,Fluoroquinolones,2.73,0.99
France,2016,Klebsiella pneumoniae,Fluoroquinolones,27.66,1.73
Croatia,2016,Klebsiella pneumoniae,Fluoroquinolones,43.4,1.7
Hungary,2016,Klebsiella pneumoniae,Fluoroquinolones,35.2,2.58
Ireland,2016,Klebsiella pneumoniae,Fluoroquinolones,11.26,0.98
Italy,2016,Klebsiella pneumoniae,Fluoroquinolones,56.05,3.63
Lithuania,2016,Klebsiella pneumoniae,Fluoroquinolones,54.63,1.15
Luxembourg,2016,Klebsiella pneumoniae,Fluoroquinolones,35.9,2.62
Latvia,2016,Klebsiella pneumoniae,Fluoroquinolones,41.76,1.31
Malta,2016,Klebsiella pneumoniae,Fluoroquinolones,33.33,2.67
Netherlands,2016,Klebsiella pneumoniae,Fluoroquinolones,7.12,0.84
Norway,2016,Klebsiella pneumoniae,Fluoroquinolones,4.33,0.46
Poland,2016,Klebsiella pneumoniae,Fluoroquinolones,66.85,1.62
Portugal,2016,Klebsiella pneumoniae,Fluoroquinolones,41.7,2.04
Romania,2016,Klebsiella pneumoniae,Fluoroquinolones,60.82,2.89
Sweden,2016,Klebsiella pneumoniae,Fluoroquinolones,5.41,0.82
Slovenia,2016,Klebsiella pneumoniae,Fluoroquinolones,29.59,1.35
Slovakia,2016,Klebsiella pneumoniae,Fluoroquinolones,66.31,2.55
United Kingdom,2016,Klebsiella pneumoniae,Fluoroquinolones,7.48,0.55
Belgium,2017,Klebsiella pneumoniae,Fluoroquinolones,23.66,2.36
Bulgaria,2017,Klebsiella pneumoniae,Fluoroquinolones,59.76,3.11
Cyprus,2017,Klebsiella pneumoniae,Fluoroquinolones,35.21,6.21
Denmark,2017,Klebsiella pneumoniae,Fluoroquinolones,9.13,0.58
Estonia,2017,Klebsiella pneumoniae,Fluoroquinolones,24.84,0.99
Greece,2017,Klebsiella pneumoniae,Fluoroquinolones,66.94,2.8
Spain,2017,Klebsiella pneumoniae,Fluoroquinolones,22.54,3.12
Finland,2017,Klebsiella pneumoniae,Fluoroquinolones,7.94,0.89
France,2017,Klebsiella pneumoniae,Fluoroquinolones,26.78,1.56
Croatia,2017,Klebsiella pneumoniae,Fluoroquinolones,40.78,1.73
Hungary,2017,Klebsiella pneumoniae,Fluoroquinolones,41.46,2.61
Ireland,2017,Klebsiella pneumoniae,Fluoroquinolones,14.85,0.9
Iceland,2017,Klebsiella pneumoniae,Fluoroquinolones,,0.91
Italy,2017,Klebsiella pneumoniae,Fluoroquinolones,55.74,3.07
Lithuania,2017,Klebsiella pneumoniae,Fluoroquinolones,64.72,1.11
Luxembourg,2017,Klebsiella pneumoniae,Fluoroquinolones,28.28,2.96
Latvia,2017,Klebsiella pneumoniae,Fluoroquinolones,32.76,1.27
Malta,2017,Klebsiella pneumoniae,Fluoroquinolones,39.32,2.48
Netherlands,2017,Klebsiella pneumoniae,Fluoroquinolones,11.73,0.82
Norway,2017,Klebsiella pneumoniae,Fluoroquinolones,10.24,0.4
Poland,2017,Klebsiella pneumoniae,Fluoroquinolones,66.31,1.66
Portugal,2017,Klebsiella pneumoniae,Fluoroquinolones,45.69,1.86
Romania,2017,Klebsiella pneumoniae,Fluoroquinolones,64.09,3.25
Sweden,2017,Klebsiella pneumoniae,Fluoroquinolones,9.77,0.78
Slovenia,2017,Klebsiella pneumoniae,Fluoroquinolones,30.39,1.31
Slovakia,2017,Klebsiella pneumoniae,Fluoroquinolones,66.74,2.4
United Kingdom,2017,Klebsiella pneumoniae,Fluoroquinolones,9.28,0.57
Belgium,2018,Klebsiella pneumoniae,Fluoroquinolones,22.64,1.33
Bulgaria,2018,Klebsiella pneumoniae,Fluoroquinolones,62.69,3.12
Cyprus,2018,Klebsiella pneumoniae,Fluoroquinolones,49.43,5.3
Denmark,2018,Klebsiella pneumoniae,Fluoroquinolones,8.52,0.55
Estonia,2018,Klebsiella pneumoniae,Fluoroquinolones,20.98,0.86
Greece,2018,Klebsiella pneumoniae,Fluoroquinolones,68.08,3.16
Spain,2018,Klebsiella pneumoniae,Fluoroquinolones,23.77,2.97
Finland,2018,Klebsiella pneumoniae,Fluoroquinolones,6.31,0.82
France,2018,Klebsiella pneumoniae,Fluoroquinolones,30.43,1.53
Croatia,2018,Klebsiella pneumoniae,Fluoroquinolones,48.62,1.72
Hungary,2018,Klebsiella pneumoniae,Fluoroquinolones,38.0,2.5
Ireland,2018,Klebsiella pneumoniae,Fluoroquinolones,18.01,0.86
Iceland,2018,Klebsiella pneumoniae,Fluoroquinolones,,0.91
Italy,2018,Klebsiella pneumoniae,Fluoroquinolones,52.68,3.01
Lithuania,2018,Klebsiella pneumoniae,Fluoroquinolones,56.76,1.06
Luxembourg,2018,Klebsiella pneumoniae,Fluoroquinolones,24.71,2.21
Latvia,2018,Klebsiella pneumoniae,Fluoroquinolones,38.5,1.23
Malta,2018,Klebsiella pneumoniae,Fluoroquinolones,55.47,2.6
Netherlands,2018,Klebsiella pneumoniae,Fluoroquinolones,11.64,0.81
Norway,2018,Klebsiella pneumoniae,Fluoroquinolones,13.06,0.36
Poland,2018,Klebsiella pneumoniae,Fluoroquinolones,68.19,1.66
Portugal,2018,Klebsiella pneumoniae,Fluoroquinolones,43.79,1.82
Romania,2018,Klebsiella pneumoniae,Fluoroquinolones,57.37,3.3
Sweden,2018,Klebsiella pneumoniae,Fluoroquinolones,10.12,0.75
Slovenia,2018,Klebsiella pneumoniae,Fluoroquinolones,27.34,1.3
Slovakia,2018,Klebsiella pneumoniae,Fluoroquinolones,60.97,2.34
United Kingdom,2018,Klebsiella pneumoniae,Fluoroquinolones,13.09,0.57
Austria,2019,Klebsiella pneumoniae,Fluoroquinolones,15.67,0.9
Belgium,2019,Klebsiella pneumoniae,Fluoroquinolones,19.82,0.73
Bulgaria,2019,Klebsiella pneumoniae,Fluoroquinolones,60.67,3.08
Cyprus,2019,Klebsiella pneumoniae,Fluoroquinolones,31.67,5.82
Czechia,2019,Klebsiella pneumoniae,Fluoroquinolones,48.72,0.69
Denmark,2019,Klebsiella pneumoniae,Fluoroquinolones,9.55,0.49
Estonia,2019,Klebsiella pneumoniae,Fluoroquinolones,16.2,0.77
Greece,2019,Klebsiella pneumoniae,Fluoroquinolones,66.88,3.24
Spain,2019,Klebsiella pneumoniae,Fluoroquinolones,23.96,2.53
Finland,2019,Klebsiella pneumoniae,Fluoroquinolones,7.28,0.62
France,2019,Klebsiella pneumoniae,Fluoroquinolones,30.89,1.38
Croatia,2019,Klebsiella pneumoniae,Fluoroquinolones,57.86,1.6
Hungary,2019,Klebsiella pneumoniae,Fluoroquinolones,36.74,2.07
Ireland,2019,Klebsiella pneumoniae,Fluoroquinolones,17.3,0.63
Iceland,2019,Klebsiella pneumoniae,Fluoroquinolones,4.35,0.62
Italy,2019,Klebsiella pneumoniae,Fluoroquinolones,54.69,2.24
Lithuania,2019,Klebsiella pneumoniae,Fluoroquinolones,52.05,1.02
Luxembourg,2019,Klebsiella pneumoniae,Fluoroquinolones,27.18,1.72
Latvia,2019,Klebsiella pneumoniae,Fluoroquinolones,36.87,1.07
Malta,2019,Klebsiella pneumoniae,Fluoroquinolones,44.19,2.12
Netherlands,2019,Klebsiella pneumoniae,Fluoroquinolones,11.1,0.74
Norway,2019,Klebsiella pneumoniae,Fluoroquinolones,8.77,0.31
Poland,2019,Klebsiella pneumoniae,Fluoroquinolones,61.26,1.52
Portugal,2019,Klebsiella pneumoniae,Fluoroquinolones,45.78,1.64
Romania,2019,Klebsiella pneumoniae,Fluoroquinolones,62.0,3.32
Sweden,2019,Klebsiella pneumoniae,Fluoroquinolones,10.51,0.69
Slovenia,2019,Klebsiella pneumoniae,Fluoroquinolones,19.47,1.17
Slovakia,2019,Klebsiella pneumoniae,Fluoroquinolones,56.95,1.66
United Kingdom,2019,Klebsiella pneumoniae,Fluoroquinolones,12.77,0.51
Austria,2020,Klebsiella pneumoniae,Fluoroquinolones,11.96,0.7
Belgium,2020,Klebsiella pneumoniae,Fluoroquinolones,22.83,0.59
Bulgaria,2020,Klebsiella pneumoniae,Fluoroquinolones,67.07,3.89
Cyprus,2020,Klebsiella pneumoniae,Fluoroquinolones,50.0,7.34
Czechia,2020,Klebsiella pneumoniae,Fluoroquinolones,44.23,0.6
Denmark,2020,Klebsiella pneumoniae,Fluoroquinolones,7.57,0.44
Estonia,2020,Klebsiella pneumoniae,Fluoroquinolones,17.26,0.88
Greece,2020,Klebsiella pneumoniae,Fluoroquinolones,74.38,2.8
Spain,2020,Klebsiella pneumoniae,Fluoroquinolones,25.7,1.97
Finland,2020,Klebsiella pneumoniae,Fluoroquinolones,7.39,0.55
France,2020,Klebsiella pneumoniae,Fluoroquinolones,28.05,1.25
Croatia,2020,Klebsiella pneumoniae,Fluoroquinolones,54.1,1.42
Hungary,2020,Klebsiella pneumoniae,Fluoroquinolones,40.8,1.55
Ireland,2020,Klebsiella pneumoniae,Fluoroquinolones,17.08,0.48
Iceland,2020,Klebsiella pneumoniae,Fluoroquinolones,0.0,0.53
Italy,2020,Klebsiella pneumoniae,Fluoroquinolones,52.43,1.87
Lithuania,2020,Klebsiella pneumoniae,Fluoroquinolones,45.28,0.92
Luxembourg,2020,Klebsiella pneumoniae,Fluoroquinolones,31.03,1.39
Latvia,2020,Klebsiella pneumoniae,Fluoroquinolones,41.49,0.93
Malta,2020,Klebsiella pneumoniae,Fluoroquinolones,37.12,1.64
Netherlands,2020,Klebsiella pneumoniae,Fluoroquinolones,13.12,0.7
Norway,2020,Klebsiella pneumoniae,Fluoroquinolones,11.21,0.27
Poland,2020,Klebsiella pneumoniae,Fluoroquinolones,65.16,1.3
Portugal,2020,Klebsiella pneumoniae,Fluoroquinolones,42.68,1.3
Romania,2020,Klebsiella pneumoniae,Fluoroquinolones,66.24,3.12
Sweden,2020,Klebsiella pneumoniae,Fluoroquinolones,10.16,0.62
Slovenia,2020,Klebsiella pneumoniae,Fluoroquinolones,24.74,0.97
Slovakia,2020,Klebsiella pneumoniae,Fluoroquinolones,53.85,1.32
Austria,2021,Klebsiella pneumoniae,Fluoroquinolones,12.05,0.63
Belgium,2021,Klebsiella pneumoniae,Fluoroquinolones,19.01,0.58
Bulgaria,2021,Klebsiella pneumoniae,Fluoroquinolones,71.07,4.51
Cyprus,2021,Klebsiella pneumoniae,Fluoroquinolones,49.65,4.69
Czechia,2021,Klebsiella pneumoniae,Fluoroquinolones,42.77,0.6
Denmark,2021,Klebsiella pneumoniae,Fluoroquinolones,7.13,0.42
Estonia,2021,Klebsiella pneumoniae,Fluoroquinolones,16.6,0.7
Greece,2021,Klebsiella pneumoniae,Fluoroquinolones,79.97,2.36
Spain,2021,Klebsiella pneumoniae,Fluoroquinolones,27.72,1.89
Finland,2021,Klebsiella pneumoniae,Fluoroquinolones,5.46,0.49
France,2021,Klebsiella pneumoniae,Fluoroquinolones,25.04,1.16
Croatia,2021,Klebsiella pneumoniae,Fluoroquinolones,63.89,1.68
Hungary,2021,Klebsiella pneumoniae,Fluoroquinolones,37.77,1.54
Ireland,2021,Klebsiella pneumoniae,Fluoroquinolones,16.2,0.43
Iceland,2021,Klebsiella pneumoniae,Fluoroquinolones,0.0,0.5
Italy,2021,Klebsiella pneumoniae,Fluoroquinolones,50.74,1.77
Lithuania,2021,Klebsiella pneumoniae,Fluoroquinolones,38.24,0.78
Luxembourg,2021,Klebsiella pneumoniae,Fluoroquinolones,23.76,1.38
Latvia,2021,Klebsiella pneumoniae,Fluoroquinolones,30.95,0.81
Malta,2021,Klebsiella pneumoniae,Fluoroquinolones,34.81,1.47
Netherlands,2021,Klebsiella pneumoniae,Fluoroquinolones,10.24,0.7
Norway,2021,Klebsiella pneumoniae,Fluoroquinolones,11.76,0.25
Poland,2021,Klebsiella pneumoniae,Fluoroquinolones,70.38,1.46
Portugal,2021,Klebsiella pneumoniae,Fluoroquinolones,41.6,1.26
Romania,2021,Klebsiella pneumoniae,Fluoroquinolones,67.16,3.33
Sweden,2021,Klebsiella pneumoniae,Fluoroquinolones,11.06,0.62
Slovenia,2021,Klebsiella pneumoniae,Fluoroquinolones,24.22,0.98
Slovakia,2021,Klebsiella pneumoniae,Fluoroquinolones,64.91,1.36
Austria,2022,Klebsiella pneumoniae,Fluoroquinolones,9.97,0.69
Belgium,2022,Klebsiella pneumoniae,Fluoroquinolones,20.18,0.61
Bulgaria,2022,Klebsiella pneumoniae,Fluoroquinolones,65.38,3.73
Cyprus,2022,Klebsiella pneumoniae,Fluoroquinolones,53.93,4.56
Czechia,2022,Klebsiella pneumoniae,Fluoroquinolones,43.16,0.63
Denmark,2022,Klebsiella pneumoniae,Fluoroquinolones,7.58,0.44
Estonia,2022,Klebsiella pneumoniae,Fluoroquinolones,16.17,0.72
Greece,2022,Klebsiella pneumoniae,Fluoroquinolones,78.69,3.34
Spain,2022,Klebsiella pneumoniae,Fluoroquinolones,28.84,2.16
Finland,2022,Klebsiella pneumoniae,Fluoroquinolones,5.67,0.52
France,2022,Klebsiella pneumoniae,Fluoroquinolones,24.58,1.31
Croatia,2022,Klebsiella pneumoniae,Fluoroquinolones,53.72,1.74
Hungary,2022,Klebsiella pneumoniae,Fluoroquinolones,39.56,1.77
Ireland,2022,Klebsiella pneumoniae,Fluoroquinolones,9.87,0.45
Iceland,2022,Klebsiella pneumoniae,Fluoroquinolones,9.38,0.5
Italy,2022,Klebsiella pneumoniae,Fluoroquinolones,48.71,1.97
Lithuania,2022,Klebsiella pneumoniae,Fluoroquinolones,39.88,0.86
Luxembourg,2022,Klebsiella pneumoniae,Fluoroquinolones,21.37,1.48
Latvia,2022,Klebsiella pneumoniae,Fluoroquinolones,33.1,0.94
Malta,2022,Klebsiella pneumoniae,Fluoroquinolones,31.67,1.9
Netherlands,2022,Klebsiella pneumoniae,Fluoroquinolones,12.64,0.73
Norway,2022,Klebsiella pneumoniae,Fluoroquinolones,10.07,0.24
Poland,2022,Klebsiella pneumoniae,Fluoroquinolones,60.55,1.5
Portugal,2022,Klebsiella pneumoniae,Fluoroquinolones,40.69,1.38
Romania,2022,Klebsiella pneumoniae,Fluoroquinolones,60.36,3.48
Slovenia,2022,Klebsiella pneumoniae,Fluoroquinolones,22.04,1.01
Slovakia,2022,Klebsiella pneumoniae,Fluoroquinolones,47.92,1.43
Austria,2023,Klebsiella pneumoniae,Fluoroquinolones,13.89,0.8
Belgium,2023,Klebsiella pneumoniae,Fluoroquinolones,21.88,0.61
Bulgaria,2023,Klebsiella pneumoniae,Fluoroquinolones,73.33,3.28
Cyprus,2023,Klebsiella pneumoniae,Fluoroquinolones,55.0,0.0
Czechia,2023,Klebsiella pneumoniae,Fluoroquinolones,37.87,0.51
Germany,2023,Klebsiella pneumoniae,Fluoroquinolones,11.7,0.58
Denmark,2023,Klebsiella pneumoniae,Fluoroquinolones,7.09,0.42
Estonia,2023,Klebsiella pneumoniae,Fluoroquinolones,16.84,0.7
Greece,2023,Klebsiella pneumoniae,Fluoroquinolones,76.92,3.43
Spain,2023,Klebsiella pneumoniae,Fluoroquinolones,25.92,2.22
Finland,2023,Klebsiella pneumoniae,Fluoroquinolones,8.94,0.53
Croatia,2023,Klebsiella pneumoniae,Fluoroquinolones,56.64,1.76
Hungary,2023,Klebsiella pneumoniae,Fluoroquinolones,38.02,1.64
Ireland,2023,Klebsiella pneumoniae,Fluoroquinolones,15.51,0.43
Iceland,2023,Klebsiella pneumoniae,Fluoroquinolones,11.36,0.47
Italy,2023,Klebsiella pneumoniae,Fluoroquinolones,50.08,1.93
Lithuania,2023,Klebsiella pneumoniae,Fluoroquinolones,42.11,0.94
Luxembourg,2023,Klebsiella pneumoniae,Fluoroquinolones,18.82,1.46
Latvia,2023,Klebsiella pneumoniae,Fluoroquinolones,36.6,0.89
Malta,2023,Klebsiella pneumoniae,Fluoroquinolones,29.25,1.72
Netherlands,2023,Klebsiella pneumoniae,Fluoroquinolones,11.3,0.75
Norway,2023,Klebsiella pneumoniae,Fluoroquinolones,11.75,0.24
Poland,2023,Klebsiella pneumoniae,Fluoroquinolones,63.65,1.43
Portugal,2023,Klebsiella pneumoniae,Fluoroquinolones,44.19,1.4
Romania,2023,Klebsiella pneumoniae,Fluoroquinolones,63.96,3.44
Slovenia,2023,Klebsiella pneumoniae,Fluoroquinolones,27.14,1.1
Slovakia,2023,Klebsiella pneumoniae,Fluoroquinolones,45.48,1.45
Austria,2024,Klebsiella pneumoniae,Fluoroquinolones,12.53,0.68
Belgium,2024,Klebsiella pneumoniae,Fluoroquinolones,23.16,0.58
Bulgaria,2024,Klebsiella pneumoniae,Fluoroquinolones,80.26,2.73
Cyprus,2024,Klebsiella pneumoniae,Fluoroquinolones,69.94,4.83
Czechia,2024,Klebsiella pneumoniae,Fluoroquinolones,35.03,0.53
Germany,2024,Klebsiella pneumoniae,Fluoroquinolones,11.23,0.53
Estonia,2024,Klebsiella pneumoniae,Fluoroquinolones,13.19,0.64
Greece,2024,Klebsiella pneumoniae,Fluoroquinolones,69.85,3.51
Spain,2024,Klebsiella pneumoniae,Fluoroquinolones,28.25,2.15
Finland,2024,Klebsiella pneumoniae,Fluoroquinolones,7.14,0.49
France,2024,Klebsiella pneumoniae,Fluoroquinolones,22.64,1.13
Croatia,2024,Klebsiella pneumoniae,Fluoroquinolones,62.37,1.7
Hungary,2024,Klebsiella pneumoniae,Fluoroquinolones,36.48,1.36
Ireland,2024,Klebsiella pneumoniae,Fluoroquinolones,9.69,0.39
Iceland,2024,Klebsiella pneumoniae,Fluoroquinolones,0.0,0.44
Italy,2024,Klebsiella pneumoniae,Fluoroquinolones,47.68,1.78
Lithuania,2024,Klebsiella pneumoniae,Fluoroquinolones,44.38,0.88
Luxembourg,2024,Klebsiella pneumoniae,Fluoroquinolones,15.56,1.46
Latvia,2024,Klebsiella pneumoniae,Fluoroquinolones,45.58,0.83
Malta,2024,Klebsiella pneumoniae,Fluoroquinolones,31.25,1.75
Netherlands,2024,Klebsiella pneumoniae,Fluoroquinolones,14.52,0.74
Norway,2024,Klebsiella pneumoniae,Fluoroquinolones,11.33,0.22
Poland,2024,Klebsiella pneumoniae,Fluoroquinolones,57.38,1.37
Portugal,2024,Klebsiella pneumoniae,Fluoroquinolones,39.57,1.42
Romania,2024,Klebsiella pneumoniae,Fluoroquinolones,64.51,2.84
Slovenia,2024,Klebsiella pneumoniae,Fluoroquinolones,20.74,1.06
Slovakia,2024,Klebsiella pneumoniae,Fluoroquinolones,50.13,1.37
