Bacteria,AntibioticGroup,Year,CountryCode,Country,Resistance_Percentage
Acinetobacter spp.,Aminoglycosides,2012,BG,Bulgaria,58.46153846
Acinetobacter spp.,Aminoglycosides,2012,CY,Cyprus,52.17391304
Acinetobacter spp.,Aminoglycosides,2012,DE,Germany,5.88235294
Acinetobacter spp.,Aminoglycosides,2012,DK,Denmark,10.38961038
Acinetobacter spp.,Aminoglycosides,2012,EL,Greece,78.11993517
Acinetobacter spp.,Aminoglycosides,2012,FR,France,12.94964028
Acinetobacter spp.,Aminoglycosides,2012,HU,Hungary,68.79606879
Acinetobacter spp.,Aminoglycosides,2012,IS,Iceland,
Acinetobacter spp.,Aminoglycosides,2012,IT,Italy,83.33333333
Acinetobacter spp.,Aminoglycosides,2012,LU,Luxembourg,
Acinetobacter spp.,Aminoglycosides,2012,MT,Malta,
Acinetobacter spp.,Aminoglycosides,2012,NL,Netherlands,4.54545454
Acinetobacter spp.,Aminoglycosides,2012,NO,Norway,4.0
Acinetobacter spp.,Aminoglycosides,2012,PL,Poland,70.14218009
Acinetobacter spp.,Aminoglycosides,2012,PT,Portugal,65.08875739
Acinetobacter spp.,Aminoglycosides,2012,RO,Romania,57.4074074
Acinetobacter spp.,Aminoglycosides,2012,SI,Slovenia,20.0
Acinetobacter spp.,Aminoglycosides,2012,UK,United Kingdom,2.77777777
Acinetobacter spp.,Aminoglycosides,2013,AT,Austria,9.80392156
Acinetobacter spp.,Aminoglycosides,2013,BE,Belgium,
Acinetobacter spp.,Aminoglycosides,2013,BG,Bulgaria,58.24175824
Acinetobacter spp.,Aminoglycosides,2013,CY,Cyprus,60.6060606
Acinetobacter spp.,Aminoglycosides,2013,CZ,Czechia,15.38461538
Acinetobacter spp.,Aminoglycosides,2013,DE,Germany,6.11111111
Acinetobacter spp.,Aminoglycosides,2013,DK,Denmark,1.33333333
Acinetobacter spp.,Aminoglycosides,2013,EL,Greece,82.04182041
Acinetobacter spp.,Aminoglycosides,2013,ES,Spain,68.83116883
Acinetobacter spp.,Aminoglycosides,2013,FI,Finland,0.0
Acinetobacter spp.,Aminoglycosides,2013,FR,France,11.24694376
Acinetobacter spp.,Aminoglycosides,2013,HR,Croatia,84.07079646
Acinetobacter spp.,Aminoglycosides,2013,HU,Hungary,63.21353065
Acinetobacter spp.,Aminoglycosides,2013,IE,Ireland,1.13636363
Acinetobacter spp.,Aminoglycosides,2013,IT,Italy,81.79824561
Acinetobacter spp.,Aminoglycosides,2013,LU,Luxembourg,
Acinetobacter spp.,Aminoglycosides,2013,MT,Malta,
Acinetobacter spp.,Aminoglycosides,2013,NL,Netherlands,2.94117647
Acinetobacter spp.,Aminoglycosides,2013,NO,Norway,2.77777777
Acinetobacter spp.,Aminoglycosides,2013,PL,Poland,73.29842931
Acinetobacter spp.,Aminoglycosides,2013,PT,Portugal,56.27705627
Acinetobacter spp.,Aminoglycosides,2013,RO,Romania,80.2919708
Acinetobacter spp.,Aminoglycosides,2013,SE,Sweden,8.1081081
Acinetobacter spp.,Aminoglycosides,2013,SI,Slovenia,16.0
Acinetobacter spp.,Aminoglycosides,2013,SK,Slovakia,42.78074866
Acinetobacter spp.,Aminoglycosides,2013,UK,United Kingdom,2.45398773
Acinetobacter spp.,Aminoglycosides,2014,AT,Austria,8.86075949
Acinetobacter spp.,Aminoglycosides,2014,BE,Belgium,
Acinetobacter spp.,Aminoglycosides,2014,BG,Bulgaria,60.91954022
Acinetobacter spp.,Aminoglycosides,2014,CY,Cyprus,73.68421052
Acinetobacter spp.,Aminoglycosides,2014,CZ,Czechia,10.16949152
Acinetobacter spp.,Aminoglycosides,2014,DE,Germany,4.0609137
Acinetobacter spp.,Aminoglycosides,2014,DK,Denmark,1.66666666
Acinetobacter spp.,Aminoglycosides,2014,EL,Greece,83.875
Acinetobacter spp.,Aminoglycosides,2014,ES,Spain,58.75
Acinetobacter spp.,Aminoglycosides,2014,FI,Finland,3.22580645
Acinetobacter spp.,Aminoglycosides,2014,FR,France,8.31295843
Acinetobacter spp.,Aminoglycosides,2014,HR,Croatia,82.53012048
Acinetobacter spp.,Aminoglycosides,2014,HU,Hungary,59.45945945
Acinetobacter spp.,Aminoglycosides,2014,IE,Ireland,2.24719101
Acinetobacter spp.,Aminoglycosides,2014,IS,Iceland,
Acinetobacter spp.,Aminoglycosides,2014,IT,Italy,88.28828828
Acinetobacter spp.,Aminoglycosides,2014,LT,Lithuania,80.0
Acinetobacter spp.,Aminoglycosides,2014,LU,Luxembourg,
Acinetobacter spp.,Aminoglycosides,2014,LV,Latvia,69.23076923
Acinetobacter spp.,Aminoglycosides,2014,MT,Malta,
Acinetobacter spp.,Aminoglycosides,2014,NL,Netherlands,7.60869565
Acinetobacter spp.,Aminoglycosides,2014,NO,Norway,3.03030303
Acinetobacter spp.,Aminoglycosides,2014,PL,Poland,58.51063829
Acinetobacter spp.,Aminoglycosides,2014,PT,Portugal,42.26415094
Acinetobacter spp.,Aminoglycosides,2014,RO,Romania,77.86885245
Acinetobacter spp.,Aminoglycosides,2014,SE,Sweden,2.77777777
Acinetobacter spp.,Aminoglycosides,2014,SI,Slovenia,32.35294117
Acinetobacter spp.,Aminoglycosides,2014,SK,Slovakia,40.58823529
Acinetobacter spp.,Aminoglycosides,2014,UK,United Kingdom,10.07751937
Acinetobacter spp.,Aminoglycosides,2015,AT,Austria,6.34920634
Acinetobacter spp.,Aminoglycosides,2015,BE,Belgium,
Acinetobacter spp.,Aminoglycosides,2015,BG,Bulgaria,74.13793103
Acinetobacter spp.,Aminoglycosides,2015,CY,Cyprus,74.57627118
Acinetobacter spp.,Aminoglycosides,2015,CZ,Czechia,15.0
Acinetobacter spp.,Aminoglycosides,2015,DE,Germany,5.43806646
Acinetobacter spp.,Aminoglycosides,2015,DK,Denmark,4.76190476
Acinetobacter spp.,Aminoglycosides,2015,EE,Estonia,
Acinetobacter spp.,Aminoglycosides,2015,EL,Greece,83.7037037
Acinetobacter spp.,Aminoglycosides,2015,ES,Spain,48.95833333
Acinetobacter spp.,Aminoglycosides,2015,FI,Finland,2.38095238
Acinetobacter spp.,Aminoglycosides,2015,FR,France,11.13689095
Acinetobacter spp.,Aminoglycosides,2015,HR,Croatia,88.32487309
Acinetobacter spp.,Aminoglycosides,2015,HU,Hungary,60.64516129
Acinetobacter spp.,Aminoglycosides,2015,IE,Ireland,3.75
Acinetobacter spp.,Aminoglycosides,2015,IS,Iceland,
Acinetobacter spp.,Aminoglycosides,2015,IT,Italy,74.69512195
Acinetobacter spp.,Aminoglycosides,2015,LT,Lithuania,90.4109589
Acinetobacter spp.,Aminoglycosides,2015,LU,Luxembourg,
Acinetobacter spp.,Aminoglycosides,2015,LV,Latvia,59.01639344
Acinetobacter spp.,Aminoglycosides,2015,MT,Malta,
Acinetobacter spp.,Aminoglycosides,2015,NL,Netherlands,9.375
Acinetobacter spp.,Aminoglycosides,2015,NO,Norway,9.375
Acinetobacter spp.,Aminoglycosides,2015,PL,Poland,70.20408163
Acinetobacter spp.,Aminoglycosides,2015,PT,Portugal,46.4516129
Acinetobacter spp.,Aminoglycosides,2015,RO,Romania,80.85106382
Acinetobacter spp.,Aminoglycosides,2015,SE,Sweden,3.84615384
Acinetobacter spp.,Aminoglycosides,2015,SI,Slovenia,41.93548387
Acinetobacter spp.,Aminoglycosides,2015,SK,Slovakia,42.85714285
Acinetobacter spp.,Aminoglycosides,2015,UK,United Kingdom,1.96078431
Acinetobacter spp.,Aminoglycosides,2016,AT,Austria,16.04938271
Acinetobacter spp.,Aminoglycosides,2016,BE,Belgium,1.51515151
Acinetobacter spp.,Aminoglycosides,2016,BG,Bulgaria,81.01265822
Acinetobacter spp.,Aminoglycosides,2016,CY,Cyprus,57.14285714
Acinetobacter spp.,Aminoglycosides,2016,CZ,Czechia,8.77192982
Acinetobacter spp.,Aminoglycosides,2016,DE,Germany,2.98165137
Acinetobacter spp.,Aminoglycosides,2016,DK,Denmark,0.0
Acinetobacter spp.,Aminoglycosides,2016,EE,Estonia,
Acinetobacter spp.,Aminoglycosides,2016,EL,Greece,84.96583143
Acinetobacter spp.,Aminoglycosides,2016,ES,Spain,50.94339622
Acinetobacter spp.,Aminoglycosides,2016,FI,Finland,3.57142857
Acinetobacter spp.,Aminoglycosides,2016,FR,France,12.2494432
Acinetobacter spp.,Aminoglycosides,2016,HR,Croatia,82.96703296
Acinetobacter spp.,Aminoglycosides,2016,HU,Hungary,59.10224438
Acinetobacter spp.,Aminoglycosides,2016,IE,Ireland,1.58730158
Acinetobacter spp.,Aminoglycosides,2016,IS,Iceland,
Acinetobacter spp.,Aminoglycosides,2016,IT,Italy,76.42045454
Acinetobacter spp.,Aminoglycosides,2016,LT,Lithuania,82.75862068
Acinetobacter spp.,Aminoglycosides,2016,LU,Luxembourg,
Acinetobacter spp.,Aminoglycosides,2016,LV,Latvia,77.77777777
Acinetobacter spp.,Aminoglycosides,2016,MT,Malta,
Acinetobacter spp.,Aminoglycosides,2016,NL,Netherlands,3.05343511
Acinetobacter spp.,Aminoglycosides,2016,NO,Norway,3.125
Acinetobacter spp.,Aminoglycosides,2016,PL,Poland,72.60981912
Acinetobacter spp.,Aminoglycosides,2016,PT,Portugal,39.32038834
Acinetobacter spp.,Aminoglycosides,2016,RO,Romania,89.47368421
Acinetobacter spp.,Aminoglycosides,2016,SE,Sweden,5.88235294
Acinetobacter spp.,Aminoglycosides,2016,SI,Slovenia,43.33333333
Acinetobacter spp.,Aminoglycosides,2016,SK,Slovakia,40.86956521
Acinetobacter spp.,Aminoglycosides,2016,UK,United Kingdom,3.3444816
Acinetobacter spp.,Aminoglycosides,2017,AT,Austria,9.33333333
Acinetobacter spp.,Aminoglycosides,2017,BE,Belgium,13.13131313
Acinetobacter spp.,Aminoglycosides,2017,BG,Bulgaria,89.13043478
Acinetobacter spp.,Aminoglycosides,2017,CY,Cyprus,76.0
Acinetobacter spp.,Aminoglycosides,2017,CZ,Czechia,12.72727272
Acinetobacter spp.,Aminoglycosides,2017,DE,Germany,3.41365461
Acinetobacter spp.,Aminoglycosides,2017,DK,Denmark,0.0
Acinetobacter spp.,Aminoglycosides,2017,EE,Estonia,
Acinetobacter spp.,Aminoglycosides,2017,EL,Greece,85.62030075
Acinetobacter spp.,Aminoglycosides,2017,ES,Spain,52.17391304
Acinetobacter spp.,Aminoglycosides,2017,FI,Finland,0.0
Acinetobacter spp.,Aminoglycosides,2017,FR,France,9.07172995
Acinetobacter spp.,Aminoglycosides,2017,HR,Croatia,83.98058252
Acinetobacter spp.,Aminoglycosides,2017,HU,Hungary,56.14525139
Acinetobacter spp.,Aminoglycosides,2017,IE,Ireland,3.22580645
Acinetobacter spp.,Aminoglycosides,2017,IS,Iceland,
Acinetobacter spp.,Aminoglycosides,2017,IT,Italy,76.07655502
Acinetobacter spp.,Aminoglycosides,2017,LT,Lithuania,81.39534883
Acinetobacter spp.,Aminoglycosides,2017,LU,Luxembourg,
Acinetobacter spp.,Aminoglycosides,2017,LV,Latvia,78.78787878
Acinetobacter spp.,Aminoglycosides,2017,MT,Malta,
Acinetobacter spp.,Aminoglycosides,2017,NL,Netherlands,3.07692307
Acinetobacter spp.,Aminoglycosides,2017,NO,Norway,0.0
Acinetobacter spp.,Aminoglycosides,2017,PL,Poland,72.6744186
Acinetobacter spp.,Aminoglycosides,2017,PT,Portugal,28.57142857
Acinetobacter spp.,Aminoglycosides,2017,RO,Romania,83.60655737
Acinetobacter spp.,Aminoglycosides,2017,SE,Sweden,0.0
Acinetobacter spp.,Aminoglycosides,2017,SI,Slovenia,41.66666666
Acinetobacter spp.,Aminoglycosides,2017,SK,Slovakia,40.0
Acinetobacter spp.,Aminoglycosides,2017,UK,United Kingdom,4.55696202
Acinetobacter spp.,Aminoglycosides,2018,AT,Austria,8.69565217
Acinetobacter spp.,Aminoglycosides,2018,BE,Belgium,7.37704918
Acinetobacter spp.,Aminoglycosides,2018,BG,Bulgaria,73.63636363
Acinetobacter spp.,Aminoglycosides,2018,CY,Cyprus,75.43859649
Acinetobacter spp.,Aminoglycosides,2018,CZ,Czechia,21.97802197
Acinetobacter spp.,Aminoglycosides,2018,DE,Germany,3.41365461
Acinetobacter spp.,Aminoglycosides,2018,DK,Denmark,7.54716981
Acinetobacter spp.,Aminoglycosides,2018,EE,Estonia,
Acinetobacter spp.,Aminoglycosides,2018,EL,Greece,81.55533399
Acinetobacter spp.,Aminoglycosides,2018,ES,Spain,49.38271604
Acinetobacter spp.,Aminoglycosides,2018,FI,Finland,7.4074074
Acinetobacter spp.,Aminoglycosides,2018,FR,France,8.92116182
Acinetobacter spp.,Aminoglycosides,2018,HR,Croatia,91.50326797
Acinetobacter spp.,Aminoglycosides,2018,HU,Hungary,48.68804664
Acinetobacter spp.,Aminoglycosides,2018,IE,Ireland,3.57142857
Acinetobacter spp.,Aminoglycosides,2018,IS,Iceland,
Acinetobacter spp.,Aminoglycosides,2018,IT,Italy,76.99050401
Acinetobacter spp.,Aminoglycosides,2018,LT,Lithuania,85.05747126
Acinetobacter spp.,Aminoglycosides,2018,LU,Luxembourg,
Acinetobacter spp.,Aminoglycosides,2018,LV,Latvia,60.41666666
Acinetobacter spp.,Aminoglycosides,2018,MT,Malta,
Acinetobacter spp.,Aminoglycosides,2018,NL,Netherlands,4.72972972
Acinetobacter spp.,Aminoglycosides,2018,NO,Norway,0.0
Acinetobacter spp.,Aminoglycosides,2018,PL,Poland,67.36842105
Acinetobacter spp.,Aminoglycosides,2018,PT,Portugal,25.39682539
Acinetobacter spp.,Aminoglycosides,2018,RO,Romania,80.0
Acinetobacter spp.,Aminoglycosides,2018,SE,Sweden,5.45454545
Acinetobacter spp.,Aminoglycosides,2018,SI,Slovenia,20.51282051
Acinetobacter spp.,Aminoglycosides,2018,SK,Slovakia,44.44444444
Acinetobacter spp.,Aminoglycosides,2018,UK,United Kingdom,5.09641873
Acinetobacter spp.,Aminoglycosides,2019,AT,Austria,7.31707317
Acinetobacter spp.,Aminoglycosides,2019,BE,Belgium,3.52941176
Acinetobacter spp.,Aminoglycosides,2019,BG,Bulgaria,78.03030303
Acinetobacter spp.,Aminoglycosides,2019,CY,Cyprus,84.375
Acinetobacter spp.,Aminoglycosides,2019,CZ,Czechia,33.68421052
Acinetobacter spp.,Aminoglycosides,2019,DE,Germany,4.18604651
Acinetobacter spp.,Aminoglycosides,2019,DK,Denmark,2.77777777
Acinetobacter spp.,Aminoglycosides,2019,EE,Estonia,
Acinetobacter spp.,Aminoglycosides,2019,EL,Greece,88.65979381
Acinetobacter spp.,Aminoglycosides,2019,ES,Spain,46.9879518
Acinetobacter spp.,Aminoglycosides,2019,FI,Finland,0.0
Acinetobacter spp.,Aminoglycosides,2019,FR,France,14.58773784
Acinetobacter spp.,Aminoglycosides,2019,HR,Croatia,92.14285714
Acinetobacter spp.,Aminoglycosides,2019,HU,Hungary,50.59665871
Acinetobacter spp.,Aminoglycosides,2019,IE,Ireland,1.75438596
Acinetobacter spp.,Aminoglycosides,2019,IS,Iceland,
Acinetobacter spp.,Aminoglycosides,2019,IT,Italy,78.80268784
Acinetobacter spp.,Aminoglycosides,2019,LT,Lithuania,83.17757009
Acinetobacter spp.,Aminoglycosides,2019,LU,Luxembourg,
Acinetobacter spp.,Aminoglycosides,2019,LV,Latvia,68.18181818
Acinetobacter spp.,Aminoglycosides,2019,MT,Malta,
Acinetobacter spp.,Aminoglycosides,2019,NL,Netherlands,3.22580645
Acinetobacter spp.,Aminoglycosides,2019,NO,Norway,4.34782608
Acinetobacter spp.,Aminoglycosides,2019,PL,Poland,70.79365079
Acinetobacter spp.,Aminoglycosides,2019,PT,Portugal,24.73118279
Acinetobacter spp.,Aminoglycosides,2019,RO,Romania,83.81742738
Acinetobacter spp.,Aminoglycosides,2019,SE,Sweden,5.30973451
Acinetobacter spp.,Aminoglycosides,2019,SI,Slovenia,25.0
Acinetobacter spp.,Aminoglycosides,2019,SK,Slovakia,46.39175257
Acinetobacter spp.,Aminoglycosides,2019,UK,United Kingdom,5.13176144
Acinetobacter spp.,Aminoglycosides,2020,AT,Austria,7.57575757
Acinetobacter spp.,Aminoglycosides,2020,BE,Belgium,2.7027027
Acinetobacter spp.,Aminoglycosides,2020,BG,Bulgaria,75.96899224
Acinetobacter spp.,Aminoglycosides,2020,CY,Cyprus,77.58620689
Acinetobacter spp.,Aminoglycosides,2020,CZ,Czechia,34.14634146
Acinetobacter spp.,Aminoglycosides,2020,DE,Germany,4.73588342
Acinetobacter spp.,Aminoglycosides,2020,DK,Denmark,4.61538461
Acinetobacter spp.,Aminoglycosides,2020,EE,Estonia,
Acinetobacter spp.,Aminoglycosides,2020,EL,Greece,90.37138927
Acinetobacter spp.,Aminoglycosides,2020,ES,Spain,53.26086956
Acinetobacter spp.,Aminoglycosides,2020,FI,Finland,2.7027027
Acinetobacter spp.,Aminoglycosides,2020,FR,France,8.32072617
Acinetobacter spp.,Aminoglycosides,2020,HR,Croatia,96.44444444
Acinetobacter spp.,Aminoglycosides,2020,HU,Hungary,72.36842105
Acinetobacter spp.,Aminoglycosides,2020,IE,Ireland,2.08333333
Acinetobacter spp.,Aminoglycosides,2020,IS,Iceland,
Acinetobacter spp.,Aminoglycosides,2020,IT,Italy,80.24839743
Acinetobacter spp.,Aminoglycosides,2020,LT,Lithuania,86.2745098
Acinetobacter spp.,Aminoglycosides,2020,LU,Luxembourg,
Acinetobacter spp.,Aminoglycosides,2020,LV,Latvia,63.46153846
Acinetobacter spp.,Aminoglycosides,2020,MT,Malta,
Acinetobacter spp.,Aminoglycosides,2020,NL,Netherlands,1.34228187
Acinetobacter spp.,Aminoglycosides,2020,NO,Norway,0.0
Acinetobacter spp.,Aminoglycosides,2020,PL,Poland,70.79889807
Acinetobacter spp.,Aminoglycosides,2020,PT,Portugal,12.5
Acinetobacter spp.,Aminoglycosides,2020,RO,Romania,90.11857707
Acinetobacter spp.,Aminoglycosides,2020,SE,Sweden,8.0
Acinetobacter spp.,Aminoglycosides,2020,SI,Slovenia,25.0
Acinetobacter spp.,Aminoglycosides,2020,SK,Slovakia,28.42105263
Acinetobacter spp.,Aminoglycosides,2021,AT,Austria,10.66666666
Acinetobacter spp.,Aminoglycosides,2021,BE,Belgium,5.22875816
Acinetobacter spp.,Aminoglycosides,2021,BG,Bulgaria,81.56682027
Acinetobacter spp.,Aminoglycosides,2021,CY,Cyprus,89.71962616
Acinetobacter spp.,Aminoglycosides,2021,CZ,Czechia,50.81967213
Acinetobacter spp.,Aminoglycosides,2021,DE,Germany,4.18943533
Acinetobacter spp.,Aminoglycosides,2021,DK,Denmark,7.0
Acinetobacter spp.,Aminoglycosides,2021,EE,Estonia,
Acinetobacter spp.,Aminoglycosides,2021,EL,Greece,91.41055949
Acinetobacter spp.,Aminoglycosides,2021,ES,Spain,58.06451612
Acinetobacter spp.,Aminoglycosides,2021,FI,Finland,2.12765957
Acinetobacter spp.,Aminoglycosides,2021,FR,France,6.09212481
Acinetobacter spp.,Aminoglycosides,2021,HR,Croatia,98.76543209
Acinetobacter spp.,Aminoglycosides,2021,HU,Hungary,81.79916317
Acinetobacter spp.,Aminoglycosides,2021,IE,Ireland,3.125
Acinetobacter spp.,Aminoglycosides,2021,IS,Iceland,
Acinetobacter spp.,Aminoglycosides,2021,IT,Italy,86.41254226
Acinetobacter spp.,Aminoglycosides,2021,LT,Lithuania,93.44729344
Acinetobacter spp.,Aminoglycosides,2021,LU,Luxembourg,
Acinetobacter spp.,Aminoglycosides,2021,LV,Latvia,68.29268292
Acinetobacter spp.,Aminoglycosides,2021,MT,Malta,
Acinetobacter spp.,Aminoglycosides,2021,NL,Netherlands,4.18848167
Acinetobacter spp.,Aminoglycosides,2021,NO,Norway,2.38095238
Acinetobacter spp.,Aminoglycosides,2021,PL,Poland,74.13793103
Acinetobacter spp.,Aminoglycosides,2021,PT,Portugal,12.5
Acinetobacter spp.,Aminoglycosides,2021,RO,Romania,91.07142857
Acinetobacter spp.,Aminoglycosides,2021,SE,Sweden,5.07246376
Acinetobacter spp.,Aminoglycosides,2021,SI,Slovenia,68.54838709
Acinetobacter spp.,Aminoglycosides,2021,SK,Slovakia,61.9047619
Acinetobacter spp.,Aminoglycosides,2022,AT,Austria,0.0
Acinetobacter spp.,Aminoglycosides,2022,BE,Belgium,1.39860139
Acinetobacter spp.,Aminoglycosides,2022,BG,Bulgaria,81.25
Acinetobacter spp.,Aminoglycosides,2022,CY,Cyprus,82.17821782
Acinetobacter spp.,Aminoglycosides,2022,CZ,Czechia,37.64705882
Acinetobacter spp.,Aminoglycosides,2022,DE,Germany,4.68521229
Acinetobacter spp.,Aminoglycosides,2022,DK,Denmark,5.15463917
Acinetobacter spp.,Aminoglycosides,2022,EE,Estonia,
Acinetobacter spp.,Aminoglycosides,2022,EL,Greece,89.12901113
Acinetobacter spp.,Aminoglycosides,2022,ES,Spain,32.96703296
Acinetobacter spp.,Aminoglycosides,2022,FI,Finland,3.57142857
Acinetobacter spp.,Aminoglycosides,2022,FR,France,7.001321
Acinetobacter spp.,Aminoglycosides,2022,HR,Croatia,96.18055555
Acinetobacter spp.,Aminoglycosides,2022,HU,Hungary,47.16636197
Acinetobacter spp.,Aminoglycosides,2022,IE,Ireland,1.49253731
Acinetobacter spp.,Aminoglycosides,2022,IS,Iceland,
Acinetobacter spp.,Aminoglycosides,2022,IT,Italy,85.00176865
Acinetobacter spp.,Aminoglycosides,2022,LT,Lithuania,84.21052631
Acinetobacter spp.,Aminoglycosides,2022,LU,Luxembourg,
Acinetobacter spp.,Aminoglycosides,2022,LV,Latvia,57.53424657
Acinetobacter spp.,Aminoglycosides,2022,MT,Malta,
Acinetobacter spp.,Aminoglycosides,2022,NL,Netherlands,2.01005025
Acinetobacter spp.,Aminoglycosides,2022,NO,Norway,2.85714285
Acinetobacter spp.,Aminoglycosides,2022,PL,Poland,61.33333333
Acinetobacter spp.,Aminoglycosides,2022,PT,Portugal,21.18644067
Acinetobacter spp.,Aminoglycosides,2022,RO,Romania,88.76404494
Acinetobacter spp.,Aminoglycosides,2022,SE,Sweden,1.36054421
Acinetobacter spp.,Aminoglycosides,2022,SI,Slovenia,43.33333333
Acinetobacter spp.,Aminoglycosides,2022,SK,Slovakia,64.28571428
Acinetobacter spp.,Aminoglycosides,2023,AT,Austria,8.45070422
Acinetobacter spp.,Aminoglycosides,2023,BE,Belgium,4.69798657
Acinetobacter spp.,Aminoglycosides,2023,BG,Bulgaria,86.33879781
Acinetobacter spp.,Aminoglycosides,2023,CY,Cyprus,83.7037037
Acinetobacter spp.,Aminoglycosides,2023,CZ,Czechia,35.16483516
Acinetobacter spp.,Aminoglycosides,2023,DE,Germany,2.66836086
Acinetobacter spp.,Aminoglycosides,2023,DK,Denmark,2.24719101
Acinetobacter spp.,Aminoglycosides,2023,EE,Estonia,
Acinetobacter spp.,Aminoglycosides,2023,EL,Greece,88.12580231
Acinetobacter spp.,Aminoglycosides,2023,ES,Spain,32.89473684
Acinetobacter spp.,Aminoglycosides,2023,FI,Finland,3.03030303
Acinetobacter spp.,Aminoglycosides,2023,HR,Croatia,92.36641221
Acinetobacter spp.,Aminoglycosides,2023,HU,Hungary,39.6713615
Acinetobacter spp.,Aminoglycosides,2023,IE,Ireland,0.0
Acinetobacter spp.,Aminoglycosides,2023,IS,Iceland,
Acinetobacter spp.,Aminoglycosides,2023,IT,Italy,73.57072852
Acinetobacter spp.,Aminoglycosides,2023,LT,Lithuania,82.5
Acinetobacter spp.,Aminoglycosides,2023,LU,Luxembourg,
Acinetobacter spp.,Aminoglycosides,2023,LV,Latvia,50.64935064
Acinetobacter spp.,Aminoglycosides,2023,MT,Malta,0.0
Acinetobacter spp.,Aminoglycosides,2023,NL,Netherlands,4.71698113
Acinetobacter spp.,Aminoglycosides,2023,NO,Norway,2.5
Acinetobacter spp.,Aminoglycosides,2023,PL,Poland,68.12933025
Acinetobacter spp.,Aminoglycosides,2023,PT,Portugal,28.28947368
Acinetobacter spp.,Aminoglycosides,2023,RO,Romania,82.45614035
Acinetobacter spp.,Aminoglycosides,2023,SE,Sweden,1.30718954
Acinetobacter spp.,Aminoglycosides,2023,SI,Slovenia,25.0
Acinetobacter spp.,Aminoglycosides,2023,SK,Slovakia,47.36842105
Acinetobacter spp.,Aminoglycosides,2024,AT,Austria,3.65853658
Acinetobacter spp.,Aminoglycosides,2024,BE,Belgium,3.22580645
Acinetobacter spp.,Aminoglycosides,2024,BG,Bulgaria,89.04761904
Acinetobacter spp.,Aminoglycosides,2024,CY,Cyprus,80.99173553
Acinetobacter spp.,Aminoglycosides,2024,CZ,Czechia,20.58823529
Acinetobacter spp.,Aminoglycosides,2024,DE,Germany,4.11111111
Acinetobacter spp.,Aminoglycosides,2024,DK,Denmark,5.10204081
Acinetobacter spp.,Aminoglycosides,2024,EE,Estonia,
Acinetobacter spp.,Aminoglycosides,2024,EL,Greece,88.66599799
Acinetobacter spp.,Aminoglycosides,2024,ES,Spain,21.25
Acinetobacter spp.,Aminoglycosides,2024,FI,Finland,2.38095238
Acinetobacter spp.,Aminoglycosides,2024,FR,France,3.8330494
Acinetobacter spp.,Aminoglycosides,2024,HR,Croatia,89.6713615
Acinetobacter spp.,Aminoglycosides,2024,HU,Hungary,44.13518886
Acinetobacter spp.,Aminoglycosides,2024,IE,Ireland,1.75438596
Acinetobacter spp.,Aminoglycosides,2024,IS,Iceland,
Acinetobacter spp.,Aminoglycosides,2024,IT,Italy,69.1915977
Acinetobacter spp.,Aminoglycosides,2024,LT,Lithuania,76.38888888
Acinetobacter spp.,Aminoglycosides,2024,LU,Luxembourg,
Acinetobacter spp.,Aminoglycosides,2024,LV,Latvia,65.0
Acinetobacter spp.,Aminoglycosides,2024,MT,Malta,
Acinetobacter spp.,Aminoglycosides,2024,NL,Netherlands,5.18867924
Acinetobacter spp.,Aminoglycosides,2024,NO,Norway,1.75438596
Acinetobacter spp.,Aminoglycosides,2024,PL,Poland,56.16740088
Acinetobacter spp.,Aminoglycosides,2024,PT,Portugal,22.66666666
Acinetobacter spp.,Aminoglycosides,2024,RO,Romania,89.87012987
Acinetobacter spp.,Aminoglycosides,2024,SE,Sweden,3.28947368
Acinetobacter spp.,Aminoglycosides,2024,SI,Slovenia,5.0
Acinetobacter spp.,Aminoglycosides,2024,SK,Slovakia,37.23404255
Acinetobacter spp.,Carbapenems,2012,BG,Bulgaria,60.34482758
Acinetobacter spp.,Carbapenems,2012,CY,Cyprus,56.52173913
Acinetobacter spp.,Carbapenems,2012,DE,Germany,6.61157024
Acinetobacter spp.,Carbapenems,2012,DK,Denmark,9.375
Acinetobacter spp.,Carbapenems,2012,EL,Greece,87.79904306
Acinetobacter spp.,Carbapenems,2012,FR,France,3.34190231
Acinetobacter spp.,Carbapenems,2012,HU,Hungary,48.0861244
Acinetobacter spp.,Carbapenems,2012,IS,Iceland,
Acinetobacter spp.,Carbapenems,2012,IT,Italy,83.11688311
Acinetobacter spp.,Carbapenems,2012,LU,Luxembourg,
Acinetobacter spp.,Carbapenems,2012,MT,Malta,
Acinetobacter spp.,Carbapenems,2012,NL,Netherlands,5.81395348
Acinetobacter spp.,Carbapenems,2012,NO,Norway,0.0
Acinetobacter spp.,Carbapenems,2012,PL,Poland,38.20754716
Acinetobacter spp.,Carbapenems,2012,PT,Portugal,79.16666666
Acinetobacter spp.,Carbapenems,2012,RO,Romania,81.48148148
Acinetobacter spp.,Carbapenems,2012,SI,Slovenia,24.0
Acinetobacter spp.,Carbapenems,2012,UK,United Kingdom,2.5
Acinetobacter spp.,Carbapenems,2013,AT,Austria,7.84313725
Acinetobacter spp.,Carbapenems,2013,BE,Belgium,
Acinetobacter spp.,Carbapenems,2013,BG,Bulgaria,59.55056179
Acinetobacter spp.,Carbapenems,2013,CY,Cyprus,60.6060606
Acinetobacter spp.,Carbapenems,2013,CZ,Czechia,4.39560439
Acinetobacter spp.,Carbapenems,2013,DE,Germany,8.88888888
Acinetobacter spp.,Carbapenems,2013,DK,Denmark,1.63934426
Acinetobacter spp.,Carbapenems,2013,EL,Greece,90.56603773
Acinetobacter spp.,Carbapenems,2013,ES,Spain,75.78947368
Acinetobacter spp.,Carbapenems,2013,FI,Finland,0.0
Acinetobacter spp.,Carbapenems,2013,FR,France,5.91133004
Acinetobacter spp.,Carbapenems,2013,HR,Croatia,89.47368421
Acinetobacter spp.,Carbapenems,2013,HU,Hungary,50.1039501
Acinetobacter spp.,Carbapenems,2013,IE,Ireland,2.35294117
Acinetobacter spp.,Carbapenems,2013,IT,Italy,79.48717948
Acinetobacter spp.,Carbapenems,2013,LU,Luxembourg,
Acinetobacter spp.,Carbapenems,2013,MT,Malta,
Acinetobacter spp.,Carbapenems,2013,NL,Netherlands,1.05263157
Acinetobacter spp.,Carbapenems,2013,NO,Norway,0.0
Acinetobacter spp.,Carbapenems,2013,PL,Poland,49.73544973
Acinetobacter spp.,Carbapenems,2013,PT,Portugal,68.99563318
Acinetobacter spp.,Carbapenems,2013,RO,Romania,85.40145985
Acinetobacter spp.,Carbapenems,2013,SE,Sweden,5.55555555
Acinetobacter spp.,Carbapenems,2013,SI,Slovenia,24.0
Acinetobacter spp.,Carbapenems,2013,SK,Slovakia,45.77464788
Acinetobacter spp.,Carbapenems,2013,UK,United Kingdom,2.01342281
Acinetobacter spp.,Carbapenems,2014,AT,Austria,6.41025641
Acinetobacter spp.,Carbapenems,2014,BE,Belgium,
Acinetobacter spp.,Carbapenems,2014,BG,Bulgaria,59.09090909
Acinetobacter spp.,Carbapenems,2014,CY,Cyprus,77.58620689
Acinetobacter spp.,Carbapenems,2014,CZ,Czechia,5.08474576
Acinetobacter spp.,Carbapenems,2014,DE,Germany,5.47263681
Acinetobacter spp.,Carbapenems,2014,DK,Denmark,1.61290322
Acinetobacter spp.,Carbapenems,2014,EL,Greece,93.22235434
Acinetobacter spp.,Carbapenems,2014,ES,Spain,65.38461538
Acinetobacter spp.,Carbapenems,2014,FI,Finland,3.125
Acinetobacter spp.,Carbapenems,2014,FR,France,2.49376558
Acinetobacter spp.,Carbapenems,2014,HR,Croatia,87.34939759
Acinetobacter spp.,Carbapenems,2014,HU,Hungary,44.46952595
Acinetobacter spp.,Carbapenems,2014,IE,Ireland,1.26582278
Acinetobacter spp.,Carbapenems,2014,IS,Iceland,
Acinetobacter spp.,Carbapenems,2014,IT,Italy,89.93710691
Acinetobacter spp.,Carbapenems,2014,LT,Lithuania,69.69696969
Acinetobacter spp.,Carbapenems,2014,LU,Luxembourg,
Acinetobacter spp.,Carbapenems,2014,LV,Latvia,78.84615384
Acinetobacter spp.,Carbapenems,2014,MT,Malta,
Acinetobacter spp.,Carbapenems,2014,NL,Netherlands,0.0
Acinetobacter spp.,Carbapenems,2014,NO,Norway,2.94117647
Acinetobacter spp.,Carbapenems,2014,PL,Poland,53.43915343
Acinetobacter spp.,Carbapenems,2014,PT,Portugal,53.05343511
Acinetobacter spp.,Carbapenems,2014,RO,Romania,81.300813
Acinetobacter spp.,Carbapenems,2014,SE,Sweden,3.84615384
Acinetobacter spp.,Carbapenems,2014,SI,Slovenia,26.47058823
Acinetobacter spp.,Carbapenems,2014,SK,Slovakia,32.91925465
Acinetobacter spp.,Carbapenems,2014,UK,United Kingdom,1.66666666
Acinetobacter spp.,Carbapenems,2015,AT,Austria,9.375
Acinetobacter spp.,Carbapenems,2015,BE,Belgium,0.0
Acinetobacter spp.,Carbapenems,2015,BG,Bulgaria,73.84615384
Acinetobacter spp.,Carbapenems,2015,CY,Cyprus,83.05084745
Acinetobacter spp.,Carbapenems,2015,CZ,Czechia,6.66666666
Acinetobacter spp.,Carbapenems,2015,DE,Germany,6.52818991
Acinetobacter spp.,Carbapenems,2015,DK,Denmark,4.61538461
Acinetobacter spp.,Carbapenems,2015,EE,Estonia,
Acinetobacter spp.,Carbapenems,2015,EL,Greece,93.48931841
Acinetobacter spp.,Carbapenems,2015,ES,Spain,53.68421052
Acinetobacter spp.,Carbapenems,2015,FI,Finland,2.32558139
Acinetobacter spp.,Carbapenems,2015,FR,France,5.60747663
Acinetobacter spp.,Carbapenems,2015,HR,Croatia,89.0
Acinetobacter spp.,Carbapenems,2015,HU,Hungary,55.24625267
Acinetobacter spp.,Carbapenems,2015,IE,Ireland,5.95238095
Acinetobacter spp.,Carbapenems,2015,IS,Iceland,
Acinetobacter spp.,Carbapenems,2015,IT,Italy,78.31325301
Acinetobacter spp.,Carbapenems,2015,LT,Lithuania,80.8219178
Acinetobacter spp.,Carbapenems,2015,LU,Luxembourg,
Acinetobacter spp.,Carbapenems,2015,LV,Latvia,68.85245901
Acinetobacter spp.,Carbapenems,2015,MT,Malta,
Acinetobacter spp.,Carbapenems,2015,NL,Netherlands,4.25531914
Acinetobacter spp.,Carbapenems,2015,NO,Norway,9.375
Acinetobacter spp.,Carbapenems,2015,PL,Poland,65.57377049
Acinetobacter spp.,Carbapenems,2015,PT,Portugal,57.65472312
Acinetobacter spp.,Carbapenems,2015,RO,Romania,81.48148148
Acinetobacter spp.,Carbapenems,2015,SE,Sweden,2.94117647
Acinetobacter spp.,Carbapenems,2015,SI,Slovenia,38.70967741
Acinetobacter spp.,Carbapenems,2015,SK,Slovakia,28.16901408
Acinetobacter spp.,Carbapenems,2015,UK,United Kingdom,0.75757575
Acinetobacter spp.,Carbapenems,2016,AT,Austria,12.34567901
Acinetobacter spp.,Carbapenems,2016,BE,Belgium,2.56410256
Acinetobacter spp.,Carbapenems,2016,BG,Bulgaria,74.75728155
Acinetobacter spp.,Carbapenems,2016,CY,Cyprus,71.42857142
Acinetobacter spp.,Carbapenems,2016,CZ,Czechia,1.75438596
Acinetobacter spp.,Carbapenems,2016,DE,Germany,4.86725663
Acinetobacter spp.,Carbapenems,2016,DK,Denmark,0.0
Acinetobacter spp.,Carbapenems,2016,EE,Estonia,
Acinetobacter spp.,Carbapenems,2016,EL,Greece,95.35423925
Acinetobacter spp.,Carbapenems,2016,ES,Spain,62.26415094
Acinetobacter spp.,Carbapenems,2016,FI,Finland,0.0
Acinetobacter spp.,Carbapenems,2016,FR,France,7.11111111
Acinetobacter spp.,Carbapenems,2016,HR,Croatia,94.47513812
Acinetobacter spp.,Carbapenems,2016,HU,Hungary,58.60349127
Acinetobacter spp.,Carbapenems,2016,IE,Ireland,0.0
Acinetobacter spp.,Carbapenems,2016,IS,Iceland,
Acinetobacter spp.,Carbapenems,2016,IT,Italy,78.49002849
Acinetobacter spp.,Carbapenems,2016,LT,Lithuania,81.6091954
Acinetobacter spp.,Carbapenems,2016,LU,Luxembourg,
Acinetobacter spp.,Carbapenems,2016,LV,Latvia,73.1707317
Acinetobacter spp.,Carbapenems,2016,MT,Malta,
Acinetobacter spp.,Carbapenems,2016,NL,Netherlands,0.0
Acinetobacter spp.,Carbapenems,2016,NO,Norway,0.0
Acinetobacter spp.,Carbapenems,2016,PL,Poland,65.98465473
Acinetobacter spp.,Carbapenems,2016,PT,Portugal,51.94174757
Acinetobacter spp.,Carbapenems,2016,RO,Romania,85.0
Acinetobacter spp.,Carbapenems,2016,SE,Sweden,1.19047619
Acinetobacter spp.,Carbapenems,2016,SI,Slovenia,43.33333333
Acinetobacter spp.,Carbapenems,2016,SK,Slovakia,28.44036697
Acinetobacter spp.,Carbapenems,2016,UK,United Kingdom,1.54109589
Acinetobacter spp.,Carbapenems,2017,AT,Austria,6.66666666
Acinetobacter spp.,Carbapenems,2017,BE,Belgium,6.870229
Acinetobacter spp.,Carbapenems,2017,BG,Bulgaria,80.4347826
Acinetobacter spp.,Carbapenems,2017,CY,Cyprus,76.0
Acinetobacter spp.,Carbapenems,2017,CZ,Czechia,12.72727272
Acinetobacter spp.,Carbapenems,2017,DE,Germany,4.07407407
Acinetobacter spp.,Carbapenems,2017,DK,Denmark,0.0
Acinetobacter spp.,Carbapenems,2017,EE,Estonia,
Acinetobacter spp.,Carbapenems,2017,EL,Greece,94.79452054
Acinetobacter spp.,Carbapenems,2017,ES,Spain,66.30434782
Acinetobacter spp.,Carbapenems,2017,FI,Finland,2.7027027
Acinetobacter spp.,Carbapenems,2017,FR,France,6.18336886
Acinetobacter spp.,Carbapenems,2017,HR,Croatia,96.15384615
Acinetobacter spp.,Carbapenems,2017,HU,Hungary,52.51396648
Acinetobacter spp.,Carbapenems,2017,IE,Ireland,6.34920634
Acinetobacter spp.,Carbapenems,2017,IS,Iceland,
Acinetobacter spp.,Carbapenems,2017,IT,Italy,78.68663594
Acinetobacter spp.,Carbapenems,2017,LT,Lithuania,88.50574712
Acinetobacter spp.,Carbapenems,2017,LU,Luxembourg,
Acinetobacter spp.,Carbapenems,2017,LV,Latvia,79.4117647
Acinetobacter spp.,Carbapenems,2017,MT,Malta,
Acinetobacter spp.,Carbapenems,2017,NL,Netherlands,0.76923076
Acinetobacter spp.,Carbapenems,2017,NO,Norway,0.0
Acinetobacter spp.,Carbapenems,2017,PL,Poland,67.44186046
Acinetobacter spp.,Carbapenems,2017,PT,Portugal,40.69767441
Acinetobacter spp.,Carbapenems,2017,RO,Romania,87.36263736
Acinetobacter spp.,Carbapenems,2017,SE,Sweden,0.0
Acinetobacter spp.,Carbapenems,2017,SI,Slovenia,41.66666666
Acinetobacter spp.,Carbapenems,2017,SK,Slovakia,31.66666666
Acinetobacter spp.,Carbapenems,2017,UK,United Kingdom,2.81329923
Acinetobacter spp.,Carbapenems,2018,AT,Austria,4.39560439
Acinetobacter spp.,Carbapenems,2018,BE,Belgium,3.78787878
Acinetobacter spp.,Carbapenems,2018,BG,Bulgaria,74.54545454
Acinetobacter spp.,Carbapenems,2018,CY,Cyprus,84.21052631
Acinetobacter spp.,Carbapenems,2018,CZ,Czechia,19.78021978
Acinetobacter spp.,Carbapenems,2018,DE,Germany,4.36432637
Acinetobacter spp.,Carbapenems,2018,DK,Denmark,6.38297872
Acinetobacter spp.,Carbapenems,2018,EE,Estonia,
Acinetobacter spp.,Carbapenems,2018,EL,Greece,92.39881539
Acinetobacter spp.,Carbapenems,2018,ES,Spain,54.32098765
Acinetobacter spp.,Carbapenems,2018,FI,Finland,0.0
Acinetobacter spp.,Carbapenems,2018,FR,France,6.53061224
Acinetobacter spp.,Carbapenems,2018,HR,Croatia,95.48387096
Acinetobacter spp.,Carbapenems,2018,HU,Hungary,55.18207282
Acinetobacter spp.,Carbapenems,2018,IE,Ireland,1.66666666
Acinetobacter spp.,Carbapenems,2018,IS,Iceland,
Acinetobacter spp.,Carbapenems,2018,IT,Italy,79.24801156
Acinetobacter spp.,Carbapenems,2018,LT,Lithuania,89.77272727
Acinetobacter spp.,Carbapenems,2018,LU,Luxembourg,
Acinetobacter spp.,Carbapenems,2018,LV,Latvia,78.43137254
Acinetobacter spp.,Carbapenems,2018,MT,Malta,
Acinetobacter spp.,Carbapenems,2018,NL,Netherlands,4.72972972
Acinetobacter spp.,Carbapenems,2018,NO,Norway,0.0
Acinetobacter spp.,Carbapenems,2018,PL,Poland,67.26618705
Acinetobacter spp.,Carbapenems,2018,PT,Portugal,30.70866141
Acinetobacter spp.,Carbapenems,2018,RO,Romania,85.32110091
Acinetobacter spp.,Carbapenems,2018,SE,Sweden,3.7037037
Acinetobacter spp.,Carbapenems,2018,SI,Slovenia,17.94871794
Acinetobacter spp.,Carbapenems,2018,SK,Slovakia,43.9716312
Acinetobacter spp.,Carbapenems,2018,UK,United Kingdom,1.82072829
Acinetobacter spp.,Carbapenems,2019,AT,Austria,7.4074074
Acinetobacter spp.,Carbapenems,2019,BE,Belgium,0.0
Acinetobacter spp.,Carbapenems,2019,BG,Bulgaria,71.96969696
Acinetobacter spp.,Carbapenems,2019,CY,Cyprus,87.5
Acinetobacter spp.,Carbapenems,2019,CZ,Czechia,30.52631578
Acinetobacter spp.,Carbapenems,2019,DE,Germany,2.16450216
Acinetobacter spp.,Carbapenems,2019,DK,Denmark,0.0
Acinetobacter spp.,Carbapenems,2019,EE,Estonia,
Acinetobacter spp.,Carbapenems,2019,EL,Greece,92.34693877
Acinetobacter spp.,Carbapenems,2019,ES,Spain,56.62650602
Acinetobacter spp.,Carbapenems,2019,FI,Finland,0.0
Acinetobacter spp.,Carbapenems,2019,FR,France,9.03490759
Acinetobacter spp.,Carbapenems,2019,HR,Croatia,92.3076923
Acinetobacter spp.,Carbapenems,2019,HU,Hungary,50.95693779
Acinetobacter spp.,Carbapenems,2019,IE,Ireland,1.58730158
Acinetobacter spp.,Carbapenems,2019,IS,Iceland,
Acinetobacter spp.,Carbapenems,2019,IT,Italy,79.28211586
Acinetobacter spp.,Carbapenems,2019,LT,Lithuania,85.18518518
Acinetobacter spp.,Carbapenems,2019,LU,Luxembourg,
Acinetobacter spp.,Carbapenems,2019,LV,Latvia,84.78260869
Acinetobacter spp.,Carbapenems,2019,MT,Malta,
Acinetobacter spp.,Carbapenems,2019,NL,Netherlands,0.80645161
Acinetobacter spp.,Carbapenems,2019,NO,Norway,0.0
Acinetobacter spp.,Carbapenems,2019,PL,Poland,70.97791798
Acinetobacter spp.,Carbapenems,2019,PT,Portugal,31.11111111
Acinetobacter spp.,Carbapenems,2019,RO,Romania,88.25757575
Acinetobacter spp.,Carbapenems,2019,SE,Sweden,3.57142857
Acinetobacter spp.,Carbapenems,2019,SI,Slovenia,22.5
Acinetobacter spp.,Carbapenems,2019,SK,Slovakia,55.20833333
Acinetobacter spp.,Carbapenems,2019,UK,United Kingdom,2.08913649
Acinetobacter spp.,Carbapenems,2020,AT,Austria,7.24637681
Acinetobacter spp.,Carbapenems,2020,BE,Belgium,1.25
Acinetobacter spp.,Carbapenems,2020,BG,Bulgaria,82.94573643
Acinetobacter spp.,Carbapenems,2020,CY,Cyprus,81.03448275
Acinetobacter spp.,Carbapenems,2020,CZ,Czechia,32.92682926
Acinetobacter spp.,Carbapenems,2020,DE,Germany,3.13014827
Acinetobacter spp.,Carbapenems,2020,DK,Denmark,4.6875
Acinetobacter spp.,Carbapenems,2020,EE,Estonia,
Acinetobacter spp.,Carbapenems,2020,EL,Greece,94.59459459
Acinetobacter spp.,Carbapenems,2020,ES,Spain,60.86956521
Acinetobacter spp.,Carbapenems,2020,FI,Finland,5.4054054
Acinetobacter spp.,Carbapenems,2020,FR,France,3.32369942
Acinetobacter spp.,Carbapenems,2020,HR,Croatia,96.44444444
Acinetobacter spp.,Carbapenems,2020,HU,Hungary,73.03370786
Acinetobacter spp.,Carbapenems,2020,IE,Ireland,0.0
Acinetobacter spp.,Carbapenems,2020,IS,Iceland,
Acinetobacter spp.,Carbapenems,2020,IT,Italy,80.79937304
Acinetobacter spp.,Carbapenems,2020,LT,Lithuania,91.08280254
Acinetobacter spp.,Carbapenems,2020,LU,Luxembourg,
Acinetobacter spp.,Carbapenems,2020,LV,Latvia,82.69230769
Acinetobacter spp.,Carbapenems,2020,MT,Malta,
Acinetobacter spp.,Carbapenems,2020,NL,Netherlands,0.67567567
Acinetobacter spp.,Carbapenems,2020,NO,Norway,0.0
Acinetobacter spp.,Carbapenems,2020,PL,Poland,78.22580645
Acinetobacter spp.,Carbapenems,2020,PT,Portugal,15.38461538
Acinetobacter spp.,Carbapenems,2020,RO,Romania,93.26599326
Acinetobacter spp.,Carbapenems,2020,SE,Sweden,7.14285714
Acinetobacter spp.,Carbapenems,2020,SI,Slovenia,19.44444444
Acinetobacter spp.,Carbapenems,2020,SK,Slovakia,30.76923076
Acinetobacter spp.,Carbapenems,2021,AT,Austria,10.0
Acinetobacter spp.,Carbapenems,2021,BE,Belgium,1.19760479
Acinetobacter spp.,Carbapenems,2021,BG,Bulgaria,77.88018433
Acinetobacter spp.,Carbapenems,2021,CY,Cyprus,92.12962962
Acinetobacter spp.,Carbapenems,2021,CZ,Czechia,53.27868852
Acinetobacter spp.,Carbapenems,2021,DE,Germany,4.29752066
Acinetobacter spp.,Carbapenems,2021,DK,Denmark,5.88235294
Acinetobacter spp.,Carbapenems,2021,EE,Estonia,
Acinetobacter spp.,Carbapenems,2021,EL,Greece,96.94989106
Acinetobacter spp.,Carbapenems,2021,ES,Spain,56.98924731
Acinetobacter spp.,Carbapenems,2021,FI,Finland,2.12765957
Acinetobacter spp.,Carbapenems,2021,FR,France,3.05555555
Acinetobacter spp.,Carbapenems,2021,HR,Croatia,99.5085995
Acinetobacter spp.,Carbapenems,2021,HU,Hungary,82.97577854
Acinetobacter spp.,Carbapenems,2021,IE,Ireland,1.51515151
Acinetobacter spp.,Carbapenems,2021,IS,Iceland,
Acinetobacter spp.,Carbapenems,2021,IT,Italy,88.14949863
Acinetobacter spp.,Carbapenems,2021,LT,Lithuania,96.11111111
Acinetobacter spp.,Carbapenems,2021,LU,Luxembourg,
Acinetobacter spp.,Carbapenems,2021,LV,Latvia,79.26829268
Acinetobacter spp.,Carbapenems,2021,MT,Malta,
Acinetobacter spp.,Carbapenems,2021,NL,Netherlands,0.54054054
Acinetobacter spp.,Carbapenems,2021,NO,Norway,0.0
Acinetobacter spp.,Carbapenems,2021,PL,Poland,82.68765133
Acinetobacter spp.,Carbapenems,2021,PT,Portugal,10.44776119
Acinetobacter spp.,Carbapenems,2021,RO,Romania,93.52331606
Acinetobacter spp.,Carbapenems,2021,SE,Sweden,0.72463768
Acinetobacter spp.,Carbapenems,2021,SI,Slovenia,66.93548387
Acinetobacter spp.,Carbapenems,2021,SK,Slovakia,61.19402985
Acinetobacter spp.,Carbapenems,2022,AT,Austria,3.19148936
Acinetobacter spp.,Carbapenems,2022,BE,Belgium,2.38095238
Acinetobacter spp.,Carbapenems,2022,BG,Bulgaria,79.375
Acinetobacter spp.,Carbapenems,2022,CY,Cyprus,94.55445544
Acinetobacter spp.,Carbapenems,2022,CZ,Czechia,38.82352941
Acinetobacter spp.,Carbapenems,2022,DE,Germany,3.56200527
Acinetobacter spp.,Carbapenems,2022,DK,Denmark,5.20833333
Acinetobacter spp.,Carbapenems,2022,EE,Estonia,
Acinetobacter spp.,Carbapenems,2022,EL,Greece,95.88504245
Acinetobacter spp.,Carbapenems,2022,ES,Spain,35.86956521
Acinetobacter spp.,Carbapenems,2022,FI,Finland,3.57142857
Acinetobacter spp.,Carbapenems,2022,FR,France,3.50058343
Acinetobacter spp.,Carbapenems,2022,HR,Croatia,98.62542955
Acinetobacter spp.,Carbapenems,2022,HU,Hungary,57.92349726
Acinetobacter spp.,Carbapenems,2022,IE,Ireland,2.56410256
Acinetobacter spp.,Carbapenems,2022,IS,Iceland,
Acinetobacter spp.,Carbapenems,2022,IT,Italy,88.54850474
Acinetobacter spp.,Carbapenems,2022,LT,Lithuania,88.65248226
Acinetobacter spp.,Carbapenems,2022,LU,Luxembourg,
Acinetobacter spp.,Carbapenems,2022,LV,Latvia,71.23287671
Acinetobacter spp.,Carbapenems,2022,MT,Malta,
Acinetobacter spp.,Carbapenems,2022,NL,Netherlands,1.01010101
Acinetobacter spp.,Carbapenems,2022,NO,Norway,2.94117647
Acinetobacter spp.,Carbapenems,2022,PL,Poland,76.39484978
Acinetobacter spp.,Carbapenems,2022,PT,Portugal,31.14754098
Acinetobacter spp.,Carbapenems,2022,RO,Romania,89.3081761
Acinetobacter spp.,Carbapenems,2022,SE,Sweden,2.68456375
Acinetobacter spp.,Carbapenems,2022,SI,Slovenia,43.33333333
Acinetobacter spp.,Carbapenems,2022,SK,Slovakia,61.33333333
Acinetobacter spp.,Carbapenems,2023,AT,Austria,7.21649484
Acinetobacter spp.,Carbapenems,2023,BE,Belgium,4.12371134
Acinetobacter spp.,Carbapenems,2023,BG,Bulgaria,86.33879781
Acinetobacter spp.,Carbapenems,2023,CY,Cyprus,86.56716417
Acinetobacter spp.,Carbapenems,2023,CZ,Czechia,37.36263736
Acinetobacter spp.,Carbapenems,2023,DE,Germany,3.04449648
Acinetobacter spp.,Carbapenems,2023,DK,Denmark,2.22222222
Acinetobacter spp.,Carbapenems,2023,EE,Estonia,
Acinetobacter spp.,Carbapenems,2023,EL,Greece,95.29860228
Acinetobacter spp.,Carbapenems,2023,ES,Spain,39.43661971
Acinetobacter spp.,Carbapenems,2023,FI,Finland,0.0
Acinetobacter spp.,Carbapenems,2023,HR,Croatia,95.8490566
Acinetobacter spp.,Carbapenems,2023,HU,Hungary,46.15384615
Acinetobacter spp.,Carbapenems,2023,IE,Ireland,0.0
Acinetobacter spp.,Carbapenems,2023,IS,Iceland,
Acinetobacter spp.,Carbapenems,2023,IT,Italy,75.88766946
Acinetobacter spp.,Carbapenems,2023,LT,Lithuania,92.62295081
Acinetobacter spp.,Carbapenems,2023,LU,Luxembourg,
Acinetobacter spp.,Carbapenems,2023,LV,Latvia,70.12987012
Acinetobacter spp.,Carbapenems,2023,MT,Malta,0.0
Acinetobacter spp.,Carbapenems,2023,NL,Netherlands,1.42857142
Acinetobacter spp.,Carbapenems,2023,NO,Norway,0.0
Acinetobacter spp.,Carbapenems,2023,PL,Poland,79.77777777
Acinetobacter spp.,Carbapenems,2023,PT,Portugal,43.22580645
Acinetobacter spp.,Carbapenems,2023,RO,Romania,86.9047619
Acinetobacter spp.,Carbapenems,2023,SE,Sweden,1.92307692
Acinetobacter spp.,Carbapenems,2023,SI,Slovenia,23.07692307
Acinetobacter spp.,Carbapenems,2023,SK,Slovakia,47.36842105
Acinetobacter spp.,Carbapenems,2024,AT,Austria,1.07526881
Acinetobacter spp.,Carbapenems,2024,BE,Belgium,3.58744394
Acinetobacter spp.,Carbapenems,2024,BG,Bulgaria,90.47619047
Acinetobacter spp.,Carbapenems,2024,CY,Cyprus,84.12698412
Acinetobacter spp.,Carbapenems,2024,CZ,Czechia,25.49019607
Acinetobacter spp.,Carbapenems,2024,DE,Germany,2.23255813
Acinetobacter spp.,Carbapenems,2024,DK,Denmark,4.04040404
Acinetobacter spp.,Carbapenems,2024,EE,Estonia,12.0
Acinetobacter spp.,Carbapenems,2024,EL,Greece,94.07474931
Acinetobacter spp.,Carbapenems,2024,ES,Spain,25.30120481
Acinetobacter spp.,Carbapenems,2024,FI,Finland,0.0
Acinetobacter spp.,Carbapenems,2024,FR,France,3.30305532
Acinetobacter spp.,Carbapenems,2024,HR,Croatia,92.95774647
Acinetobacter spp.,Carbapenems,2024,HU,Hungary,48.21428571
Acinetobacter spp.,Carbapenems,2024,IE,Ireland,0.0
Acinetobacter spp.,Carbapenems,2024,IS,Iceland,
Acinetobacter spp.,Carbapenems,2024,IT,Italy,74.25384383
Acinetobacter spp.,Carbapenems,2024,LT,Lithuania,83.44827586
Acinetobacter spp.,Carbapenems,2024,LU,Luxembourg,
Acinetobacter spp.,Carbapenems,2024,LV,Latvia,67.79661016
Acinetobacter spp.,Carbapenems,2024,MT,Malta,
Acinetobacter spp.,Carbapenems,2024,NL,Netherlands,1.44230769
Acinetobacter spp.,Carbapenems,2024,NO,Norway,1.63934426
Acinetobacter spp.,Carbapenems,2024,PL,Poland,76.05042016
Acinetobacter spp.,Carbapenems,2024,PT,Portugal,25.64102564
Acinetobacter spp.,Carbapenems,2024,RO,Romania,92.69406392
Acinetobacter spp.,Carbapenems,2024,SE,Sweden,1.71428571
Acinetobacter spp.,Carbapenems,2024,SI,Slovenia,10.0
Acinetobacter spp.,Carbapenems,2024,SK,Slovakia,38.29787234
Acinetobacter spp.,Fluoroquinolones,2012,BG,Bulgaria,69.23076923
Acinetobacter spp.,Fluoroquinolones,2012,CY,Cyprus,56.52173913
Acinetobacter spp.,Fluoroquinolones,2012,DE,Germany,8.2644628
Acinetobacter spp.,Fluoroquinolones,2012,DK,Denmark,12.04819277
Acinetobacter spp.,Fluoroquinolones,2012,EL,Greece,93.10631229
Acinetobacter spp.,Fluoroquinolones,2012,FR,France,15.58441558
Acinetobacter spp.,Fluoroquinolones,2012,HU,Hungary,78.02469135
Acinetobacter spp.,Fluoroquinolones,2012,IS,Iceland,
Acinetobacter spp.,Fluoroquinolones,2012,IT,Italy,86.01694915
Acinetobacter spp.,Fluoroquinolones,2012,LU,Luxembourg,
Acinetobacter spp.,Fluoroquinolones,2012,MT,Malta,
Acinetobacter spp.,Fluoroquinolones,2012,NL,Netherlands,6.59340659
Acinetobacter spp.,Fluoroquinolones,2012,NO,Norway,0.0
Acinetobacter spp.,Fluoroquinolones,2012,PL,Poland,77.99043062
Acinetobacter spp.,Fluoroquinolones,2012,PT,Portugal,77.38095238
Acinetobacter spp.,Fluoroquinolones,2012,RO,Romania,88.88888888
Acinetobacter spp.,Fluoroquinolones,2012,SI,Slovenia,28.0
Acinetobacter spp.,Fluoroquinolones,2012,UK,United Kingdom,2.85714285
Acinetobacter spp.,Fluoroquinolones,2013,AT,Austria,21.56862745
Acinetobacter spp.,Fluoroquinolones,2013,BE,Belgium,
Acinetobacter spp.,Fluoroquinolones,2013,BG,Bulgaria,70.21276595
Acinetobacter spp.,Fluoroquinolones,2013,CY,Cyprus,60.6060606
Acinetobacter spp.,Fluoroquinolones,2013,CZ,Czechia,19.78021978
Acinetobacter spp.,Fluoroquinolones,2013,DE,Germany,9.71428571
Acinetobacter spp.,Fluoroquinolones,2013,DK,Denmark,6.32911392
Acinetobacter spp.,Fluoroquinolones,2013,EL,Greece,94.95073891
Acinetobacter spp.,Fluoroquinolones,2013,ES,Spain,72.36842105
Acinetobacter spp.,Fluoroquinolones,2013,FI,Finland,2.77777777
Acinetobacter spp.,Fluoroquinolones,2013,FR,France,13.60201511
Acinetobacter spp.,Fluoroquinolones,2013,HR,Croatia,92.85714285
Acinetobacter spp.,Fluoroquinolones,2013,HU,Hungary,73.51694915
Acinetobacter spp.,Fluoroquinolones,2013,IE,Ireland,1.13636363
Acinetobacter spp.,Fluoroquinolones,2013,IT,Italy,83.05084745
Acinetobacter spp.,Fluoroquinolones,2013,LU,Luxembourg,
Acinetobacter spp.,Fluoroquinolones,2013,MT,Malta,
Acinetobacter spp.,Fluoroquinolones,2013,NL,Netherlands,2.88461538
Acinetobacter spp.,Fluoroquinolones,2013,NO,Norway,0.0
Acinetobacter spp.,Fluoroquinolones,2013,PL,Poland,81.38297872
Acinetobacter spp.,Fluoroquinolones,2013,PT,Portugal,68.88888888
Acinetobacter spp.,Fluoroquinolones,2013,RO,Romania,90.5109489
Acinetobacter spp.,Fluoroquinolones,2013,SE,Sweden,5.4054054
Acinetobacter spp.,Fluoroquinolones,2013,SI,Slovenia,28.0
Acinetobacter spp.,Fluoroquinolones,2013,SK,Slovakia,58.51063829
Acinetobacter spp.,Fluoroquinolones,2013,UK,United Kingdom,3.63636363
Acinetobacter spp.,Fluoroquinolones,2014,AT,Austria,5.33333333
Acinetobacter spp.,Fluoroquinolones,2014,BE,Belgium,
Acinetobacter spp.,Fluoroquinolones,2014,BG,Bulgaria,73.91304347
Acinetobacter spp.,Fluoroquinolones,2014,CY,Cyprus,77.58620689
Acinetobacter spp.,Fluoroquinolones,2014,CZ,Czechia,15.25423728
Acinetobacter spp.,Fluoroquinolones,2014,DE,Germany,6.03015075
Acinetobacter spp.,Fluoroquinolones,2014,DK,Denmark,2.89855072
Acinetobacter spp.,Fluoroquinolones,2014,EL,Greece,95.2853598
Acinetobacter spp.,Fluoroquinolones,2014,ES,Spain,67.08860759
Acinetobacter spp.,Fluoroquinolones,2014,FI,Finland,6.4516129
Acinetobacter spp.,Fluoroquinolones,2014,FR,France,11.89873417
Acinetobacter spp.,Fluoroquinolones,2014,HR,Croatia,92.07317073
Acinetobacter spp.,Fluoroquinolones,2014,HU,Hungary,66.43990929
Acinetobacter spp.,Fluoroquinolones,2014,IE,Ireland,4.65116279
Acinetobacter spp.,Fluoroquinolones,2014,IS,Iceland,
Acinetobacter spp.,Fluoroquinolones,2014,IT,Italy,92.1108742
Acinetobacter spp.,Fluoroquinolones,2014,LT,Lithuania,84.84848484
Acinetobacter spp.,Fluoroquinolones,2014,LU,Luxembourg,
Acinetobacter spp.,Fluoroquinolones,2014,LV,Latvia,88.46153846
Acinetobacter spp.,Fluoroquinolones,2014,MT,Malta,
Acinetobacter spp.,Fluoroquinolones,2014,NL,Netherlands,4.30107526
Acinetobacter spp.,Fluoroquinolones,2014,NO,Norway,5.88235294
Acinetobacter spp.,Fluoroquinolones,2014,PL,Poland,82.7027027
Acinetobacter spp.,Fluoroquinolones,2014,PT,Portugal,52.65151515
Acinetobacter spp.,Fluoroquinolones,2014,RO,Romania,83.73983739
Acinetobacter spp.,Fluoroquinolones,2014,SE,Sweden,11.53846153
Acinetobacter spp.,Fluoroquinolones,2014,SI,Slovenia,41.17647058
Acinetobacter spp.,Fluoroquinolones,2014,SK,Slovakia,51.76470588
Acinetobacter spp.,Fluoroquinolones,2014,UK,United Kingdom,11.38211382
Acinetobacter spp.,Fluoroquinolones,2015,AT,Austria,16.39344262
Acinetobacter spp.,Fluoroquinolones,2015,BE,Belgium,0.0
Acinetobacter spp.,Fluoroquinolones,2015,BG,Bulgaria,78.62595419
Acinetobacter spp.,Fluoroquinolones,2015,CY,Cyprus,83.33333333
Acinetobacter spp.,Fluoroquinolones,2015,CZ,Czechia,18.33333333
Acinetobacter spp.,Fluoroquinolones,2015,DE,Germany,8.55457227
Acinetobacter spp.,Fluoroquinolones,2015,DK,Denmark,5.88235294
Acinetobacter spp.,Fluoroquinolones,2015,EE,Estonia,
Acinetobacter spp.,Fluoroquinolones,2015,EL,Greece,94.92600422
Acinetobacter spp.,Fluoroquinolones,2015,ES,Spain,64.21052631
Acinetobacter spp.,Fluoroquinolones,2015,FI,Finland,2.32558139
Acinetobacter spp.,Fluoroquinolones,2015,FR,France,13.48837209
Acinetobacter spp.,Fluoroquinolones,2015,HR,Croatia,92.34693877
Acinetobacter spp.,Fluoroquinolones,2015,HU,Hungary,68.10344827
Acinetobacter spp.,Fluoroquinolones,2015,IE,Ireland,4.8192771
Acinetobacter spp.,Fluoroquinolones,2015,IS,Iceland,
Acinetobacter spp.,Fluoroquinolones,2015,IT,Italy,81.62650602
Acinetobacter spp.,Fluoroquinolones,2015,LT,Lithuania,93.15068493
Acinetobacter spp.,Fluoroquinolones,2015,LU,Luxembourg,
Acinetobacter spp.,Fluoroquinolones,2015,LV,Latvia,78.33333333
Acinetobacter spp.,Fluoroquinolones,2015,MT,Malta,
Acinetobacter spp.,Fluoroquinolones,2015,NL,Netherlands,5.20833333
Acinetobacter spp.,Fluoroquinolones,2015,NO,Norway,9.375
Acinetobacter spp.,Fluoroquinolones,2015,PL,Poland,88.06584362
Acinetobacter spp.,Fluoroquinolones,2015,PT,Portugal,55.84415584
Acinetobacter spp.,Fluoroquinolones,2015,RO,Romania,82.53968253
Acinetobacter spp.,Fluoroquinolones,2015,SE,Sweden,3.84615384
Acinetobacter spp.,Fluoroquinolones,2015,SI,Slovenia,58.06451612
Acinetobacter spp.,Fluoroquinolones,2015,SK,Slovakia,51.94805194
Acinetobacter spp.,Fluoroquinolones,2015,UK,United Kingdom,7.1942446
Acinetobacter spp.,Fluoroquinolones,2016,AT,Austria,16.04938271
Acinetobacter spp.,Fluoroquinolones,2016,BE,Belgium,7.69230769
Acinetobacter spp.,Fluoroquinolones,2016,BG,Bulgaria,67.9245283
Acinetobacter spp.,Fluoroquinolones,2016,CY,Cyprus,71.42857142
Acinetobacter spp.,Fluoroquinolones,2016,CZ,Czechia,17.54385964
Acinetobacter spp.,Fluoroquinolones,2016,DE,Germany,5.65217391
Acinetobacter spp.,Fluoroquinolones,2016,DK,Denmark,2.77777777
Acinetobacter spp.,Fluoroquinolones,2016,EE,Estonia,
Acinetobacter spp.,Fluoroquinolones,2016,EL,Greece,94.89559164
Acinetobacter spp.,Fluoroquinolones,2016,ES,Spain,68.86792452
Acinetobacter spp.,Fluoroquinolones,2016,FI,Finland,0.0
Acinetobacter spp.,Fluoroquinolones,2016,FR,France,15.04424778
Acinetobacter spp.,Fluoroquinolones,2016,HR,Croatia,94.88636363
Acinetobacter spp.,Fluoroquinolones,2016,HU,Hungary,68.01007556
Acinetobacter spp.,Fluoroquinolones,2016,IE,Ireland,1.47058823
Acinetobacter spp.,Fluoroquinolones,2016,IS,Iceland,
Acinetobacter spp.,Fluoroquinolones,2016,IT,Italy,79.91391678
Acinetobacter spp.,Fluoroquinolones,2016,LT,Lithuania,87.35632183
Acinetobacter spp.,Fluoroquinolones,2016,LU,Luxembourg,
Acinetobacter spp.,Fluoroquinolones,2016,LV,Latvia,85.29411764
Acinetobacter spp.,Fluoroquinolones,2016,MT,Malta,
Acinetobacter spp.,Fluoroquinolones,2016,NL,Netherlands,2.23880597
Acinetobacter spp.,Fluoroquinolones,2016,NO,Norway,3.03030303
Acinetobacter spp.,Fluoroquinolones,2016,PL,Poland,82.95165394
Acinetobacter spp.,Fluoroquinolones,2016,PT,Portugal,50.48543689
Acinetobacter spp.,Fluoroquinolones,2016,RO,Romania,91.08280254
Acinetobacter spp.,Fluoroquinolones,2016,SE,Sweden,4.65116279
Acinetobacter spp.,Fluoroquinolones,2016,SI,Slovenia,55.0
Acinetobacter spp.,Fluoroquinolones,2016,SK,Slovakia,46.08695652
Acinetobacter spp.,Fluoroquinolones,2016,UK,United Kingdom,4.41426146
Acinetobacter spp.,Fluoroquinolones,2017,AT,Austria,9.45945945
Acinetobacter spp.,Fluoroquinolones,2017,BE,Belgium,10.76923076
Acinetobacter spp.,Fluoroquinolones,2017,BG,Bulgaria,95.65217391
Acinetobacter spp.,Fluoroquinolones,2017,CY,Cyprus,76.0
Acinetobacter spp.,Fluoroquinolones,2017,CZ,Czechia,20.0
Acinetobacter spp.,Fluoroquinolones,2017,DE,Germany,6.52985074
Acinetobacter spp.,Fluoroquinolones,2017,DK,Denmark,1.47058823
Acinetobacter spp.,Fluoroquinolones,2017,EE,Estonia,
Acinetobacter spp.,Fluoroquinolones,2017,EL,Greece,96.03773584
Acinetobacter spp.,Fluoroquinolones,2017,ES,Spain,68.47826086
Acinetobacter spp.,Fluoroquinolones,2017,FI,Finland,2.7027027
Acinetobacter spp.,Fluoroquinolones,2017,FR,France,12.26215644
Acinetobacter spp.,Fluoroquinolones,2017,HR,Croatia,98.03921568
Acinetobacter spp.,Fluoroquinolones,2017,HU,Hungary,67.04545454
Acinetobacter spp.,Fluoroquinolones,2017,IE,Ireland,7.57575757
Acinetobacter spp.,Fluoroquinolones,2017,IS,Iceland,
Acinetobacter spp.,Fluoroquinolones,2017,IT,Italy,79.22885572
Acinetobacter spp.,Fluoroquinolones,2017,LT,Lithuania,91.86046511
Acinetobacter spp.,Fluoroquinolones,2017,LU,Luxembourg,
Acinetobacter spp.,Fluoroquinolones,2017,LV,Latvia,81.81818181
Acinetobacter spp.,Fluoroquinolones,2017,MT,Malta,
Acinetobacter spp.,Fluoroquinolones,2017,NL,Netherlands,3.03030303
Acinetobacter spp.,Fluoroquinolones,2017,NO,Norway,0.0
Acinetobacter spp.,Fluoroquinolones,2017,PL,Poland,83.04597701
Acinetobacter spp.,Fluoroquinolones,2017,PT,Portugal,38.37209302
Acinetobacter spp.,Fluoroquinolones,2017,RO,Romania,89.07103825
Acinetobacter spp.,Fluoroquinolones,2017,SE,Sweden,0.0
Acinetobacter spp.,Fluoroquinolones,2017,SI,Slovenia,47.22222222
Acinetobacter spp.,Fluoroquinolones,2017,SK,Slovakia,52.38095238
Acinetobacter spp.,Fluoroquinolones,2017,UK,United Kingdom,6.30517023
Acinetobacter spp.,Fluoroquinolones,2018,AT,Austria,7.69230769
Acinetobacter spp.,Fluoroquinolones,2018,BE,Belgium,12.68656716
Acinetobacter spp.,Fluoroquinolones,2018,BG,Bulgaria,78.18181818
Acinetobacter spp.,Fluoroquinolones,2018,CY,Cyprus,89.09090909
Acinetobacter spp.,Fluoroquinolones,2018,CZ,Czechia,24.17582417
Acinetobacter spp.,Fluoroquinolones,2018,DE,Germany,6.73076923
Acinetobacter spp.,Fluoroquinolones,2018,DK,Denmark,9.09090909
Acinetobacter spp.,Fluoroquinolones,2018,EE,Estonia,
Acinetobacter spp.,Fluoroquinolones,2018,EL,Greece,93.48697394
Acinetobacter spp.,Fluoroquinolones,2018,ES,Spain,56.79012345
Acinetobacter spp.,Fluoroquinolones,2018,FI,Finland,0.0
Acinetobacter spp.,Fluoroquinolones,2018,FR,France,12.01629327
Acinetobacter spp.,Fluoroquinolones,2018,HR,Croatia,96.12903225
Acinetobacter spp.,Fluoroquinolones,2018,HU,Hungary,66.01123595
Acinetobacter spp.,Fluoroquinolones,2018,IE,Ireland,0.0
Acinetobacter spp.,Fluoroquinolones,2018,IS,Iceland,
Acinetobacter spp.,Fluoroquinolones,2018,IT,Italy,81.14035087
Acinetobacter spp.,Fluoroquinolones,2018,LT,Lithuania,90.9090909
Acinetobacter spp.,Fluoroquinolones,2018,LU,Luxembourg,
Acinetobacter spp.,Fluoroquinolones,2018,LV,Latvia,80.85106382
Acinetobacter spp.,Fluoroquinolones,2018,MT,Malta,
Acinetobacter spp.,Fluoroquinolones,2018,NL,Netherlands,7.38255033
Acinetobacter spp.,Fluoroquinolones,2018,NO,Norway,0.0
Acinetobacter spp.,Fluoroquinolones,2018,PL,Poland,86.9402985
Acinetobacter spp.,Fluoroquinolones,2018,PT,Portugal,34.14634146
Acinetobacter spp.,Fluoroquinolones,2018,RO,Romania,88.07339449
Acinetobacter spp.,Fluoroquinolones,2018,SE,Sweden,7.27272727
Acinetobacter spp.,Fluoroquinolones,2018,SI,Slovenia,28.2051282
Acinetobacter spp.,Fluoroquinolones,2018,SK,Slovakia,56.02836879
Acinetobacter spp.,Fluoroquinolones,2018,UK,United Kingdom,2.91666666
Acinetobacter spp.,Fluoroquinolones,2019,AT,Austria,9.75609756
Acinetobacter spp.,Fluoroquinolones,2019,BE,Belgium,8.60215053
Acinetobacter spp.,Fluoroquinolones,2019,BG,Bulgaria,74.24242424
Acinetobacter spp.,Fluoroquinolones,2019,CY,Cyprus,90.625
Acinetobacter spp.,Fluoroquinolones,2019,CZ,Czechia,32.63157894
Acinetobacter spp.,Fluoroquinolones,2019,DE,Germany,4.96613995
Acinetobacter spp.,Fluoroquinolones,2019,DK,Denmark,6.94444444
Acinetobacter spp.,Fluoroquinolones,2019,EE,Estonia,
Acinetobacter spp.,Fluoroquinolones,2019,EL,Greece,95.76719576
Acinetobacter spp.,Fluoroquinolones,2019,ES,Spain,54.87804878
Acinetobacter spp.,Fluoroquinolones,2019,FI,Finland,0.0
Acinetobacter spp.,Fluoroquinolones,2019,FR,France,13.3056133
Acinetobacter spp.,Fluoroquinolones,2019,HR,Croatia,93.66197183
Acinetobacter spp.,Fluoroquinolones,2019,HU,Hungary,63.34951456
Acinetobacter spp.,Fluoroquinolones,2019,IE,Ireland,7.8125
Acinetobacter spp.,Fluoroquinolones,2019,IS,Iceland,
Acinetobacter spp.,Fluoroquinolones,2019,IT,Italy,82.45721271
Acinetobacter spp.,Fluoroquinolones,2019,LT,Lithuania,91.66666666
Acinetobacter spp.,Fluoroquinolones,2019,LU,Luxembourg,
Acinetobacter spp.,Fluoroquinolones,2019,LV,Latvia,83.33333333
Acinetobacter spp.,Fluoroquinolones,2019,MT,Malta,
Acinetobacter spp.,Fluoroquinolones,2019,NL,Netherlands,7.87401574
Acinetobacter spp.,Fluoroquinolones,2019,NO,Norway,0.0
Acinetobacter spp.,Fluoroquinolones,2019,PL,Poland,85.52631578
Acinetobacter spp.,Fluoroquinolones,2019,PT,Portugal,26.13636363
Acinetobacter spp.,Fluoroquinolones,2019,RO,Romania,91.22137404
Acinetobacter spp.,Fluoroquinolones,2019,SE,Sweden,7.96460176
Acinetobacter spp.,Fluoroquinolones,2019,SI,Slovenia,27.5
Acinetobacter spp.,Fluoroquinolones,2019,SK,Slovakia,61.70212765
Acinetobacter spp.,Fluoroquinolones,2019,UK,United Kingdom,7.07213578
Acinetobacter spp.,Fluoroquinolones,2020,AT,Austria,10.14492753
Acinetobacter spp.,Fluoroquinolones,2020,BE,Belgium,15.60283687
Acinetobacter spp.,Fluoroquinolones,2020,BG,Bulgaria,82.94573643
Acinetobacter spp.,Fluoroquinolones,2020,CY,Cyprus,82.75862068
Acinetobacter spp.,Fluoroquinolones,2020,CZ,Czechia,35.36585365
Acinetobacter spp.,Fluoroquinolones,2020,DE,Germany,4.84949832
Acinetobacter spp.,Fluoroquinolones,2020,DK,Denmark,13.84615384
Acinetobacter spp.,Fluoroquinolones,2020,EE,Estonia,
Acinetobacter spp.,Fluoroquinolones,2020,EL,Greece,95.74759945
Acinetobacter spp.,Fluoroquinolones,2020,ES,Spain,61.95652173
Acinetobacter spp.,Fluoroquinolones,2020,FI,Finland,8.33333333
Acinetobacter spp.,Fluoroquinolones,2020,FR,France,9.03522205
Acinetobacter spp.,Fluoroquinolones,2020,HR,Croatia,98.21428571
Acinetobacter spp.,Fluoroquinolones,2020,HU,Hungary,76.98113207
Acinetobacter spp.,Fluoroquinolones,2020,IE,Ireland,7.31707317
Acinetobacter spp.,Fluoroquinolones,2020,IS,Iceland,
Acinetobacter spp.,Fluoroquinolones,2020,IT,Italy,83.42585249
Acinetobacter spp.,Fluoroquinolones,2020,LT,Lithuania,92.85714285
Acinetobacter spp.,Fluoroquinolones,2020,LU,Luxembourg,
Acinetobacter spp.,Fluoroquinolones,2020,LV,Latvia,86.0
Acinetobacter spp.,Fluoroquinolones,2020,MT,Malta,
Acinetobacter spp.,Fluoroquinolones,2020,NL,Netherlands,4.08163265
Acinetobacter spp.,Fluoroquinolones,2020,NO,Norway,0.0
Acinetobacter spp.,Fluoroquinolones,2020,PL,Poland,88.25136612
Acinetobacter spp.,Fluoroquinolones,2020,PT,Portugal,17.82178217
Acinetobacter spp.,Fluoroquinolones,2020,RO,Romania,95.28619528
Acinetobacter spp.,Fluoroquinolones,2020,SE,Sweden,7.14285714
Acinetobacter spp.,Fluoroquinolones,2020,SI,Slovenia,27.77777777
Acinetobacter spp.,Fluoroquinolones,2020,SK,Slovakia,38.94736842
Acinetobacter spp.,Fluoroquinolones,2021,AT,Austria,13.75
Acinetobacter spp.,Fluoroquinolones,2021,BE,Belgium,12.32876712
Acinetobacter spp.,Fluoroquinolones,2021,BG,Bulgaria,80.18433179
Acinetobacter spp.,Fluoroquinolones,2021,CY,Cyprus,91.66666666
Acinetobacter spp.,Fluoroquinolones,2021,CZ,Czechia,53.27868852
Acinetobacter spp.,Fluoroquinolones,2021,DE,Germany,5.63847429
Acinetobacter spp.,Fluoroquinolones,2021,DK,Denmark,15.53398058
Acinetobacter spp.,Fluoroquinolones,2021,EE,Estonia,
Acinetobacter spp.,Fluoroquinolones,2021,EL,Greece,97.15536105
Acinetobacter spp.,Fluoroquinolones,2021,ES,Spain,58.06451612
Acinetobacter spp.,Fluoroquinolones,2021,FI,Finland,2.12765957
Acinetobacter spp.,Fluoroquinolones,2021,FR,France,7.14285714
Acinetobacter spp.,Fluoroquinolones,2021,HR,Croatia,99.75308641
Acinetobacter spp.,Fluoroquinolones,2021,HU,Hungary,85.56557945
Acinetobacter spp.,Fluoroquinolones,2021,IE,Ireland,3.33333333
Acinetobacter spp.,Fluoroquinolones,2021,IS,Iceland,
Acinetobacter spp.,Fluoroquinolones,2021,IT,Italy,89.287888
Acinetobacter spp.,Fluoroquinolones,2021,LT,Lithuania,96.67590027
Acinetobacter spp.,Fluoroquinolones,2021,LU,Luxembourg,
Acinetobacter spp.,Fluoroquinolones,2021,LV,Latvia,86.66666666
Acinetobacter spp.,Fluoroquinolones,2021,MT,Malta,
Acinetobacter spp.,Fluoroquinolones,2021,NL,Netherlands,3.76344086
Acinetobacter spp.,Fluoroquinolones,2021,NO,Norway,4.76190476
Acinetobacter spp.,Fluoroquinolones,2021,PL,Poland,92.64705882
Acinetobacter spp.,Fluoroquinolones,2021,PT,Portugal,17.74193548
Acinetobacter spp.,Fluoroquinolones,2021,RO,Romania,94.54545454
Acinetobacter spp.,Fluoroquinolones,2021,SE,Sweden,1.45985401
Acinetobacter spp.,Fluoroquinolones,2021,SI,Slovenia,73.38709677
Acinetobacter spp.,Fluoroquinolones,2021,SK,Slovakia,68.24324324
Acinetobacter spp.,Fluoroquinolones,2022,AT,Austria,1.06382978
Acinetobacter spp.,Fluoroquinolones,2022,BE,Belgium,8.33333333
Acinetobacter spp.,Fluoroquinolones,2022,BG,Bulgaria,80.625
Acinetobacter spp.,Fluoroquinolones,2022,CY,Cyprus,95.54455445
Acinetobacter spp.,Fluoroquinolones,2022,CZ,Czechia,41.17647058
Acinetobacter spp.,Fluoroquinolones,2022,DE,Germany,5.04648074
Acinetobacter spp.,Fluoroquinolones,2022,DK,Denmark,16.66666666
Acinetobacter spp.,Fluoroquinolones,2022,EE,Estonia,
Acinetobacter spp.,Fluoroquinolones,2022,EL,Greece,96.46365422
Acinetobacter spp.,Fluoroquinolones,2022,ES,Spain,39.13043478
Acinetobacter spp.,Fluoroquinolones,2022,FI,Finland,3.57142857
Acinetobacter spp.,Fluoroquinolones,2022,FR,France,6.44753476
Acinetobacter spp.,Fluoroquinolones,2022,HR,Croatia,98.61591695
Acinetobacter spp.,Fluoroquinolones,2022,HU,Hungary,63.81818181
Acinetobacter spp.,Fluoroquinolones,2022,IE,Ireland,1.53846153
Acinetobacter spp.,Fluoroquinolones,2022,IS,Iceland,
Acinetobacter spp.,Fluoroquinolones,2022,IT,Italy,89.14976876
Acinetobacter spp.,Fluoroquinolones,2022,LT,Lithuania,89.20863309
Acinetobacter spp.,Fluoroquinolones,2022,LU,Luxembourg,
Acinetobacter spp.,Fluoroquinolones,2022,LV,Latvia,78.33333333
Acinetobacter spp.,Fluoroquinolones,2022,MT,Malta,
Acinetobacter spp.,Fluoroquinolones,2022,NL,Netherlands,3.03030303
Acinetobacter spp.,Fluoroquinolones,2022,NO,Norway,0.0
Acinetobacter spp.,Fluoroquinolones,2022,PL,Poland,84.29203539
Acinetobacter spp.,Fluoroquinolones,2022,PT,Portugal,32.5203252
Acinetobacter spp.,Fluoroquinolones,2022,RO,Romania,91.11111111
Acinetobacter spp.,Fluoroquinolones,2022,SE,Sweden,2.01342281
Acinetobacter spp.,Fluoroquinolones,2022,SI,Slovenia,46.66666666
Acinetobacter spp.,Fluoroquinolones,2022,SK,Slovakia,65.16129032
Acinetobacter spp.,Fluoroquinolones,2023,AT,Austria,5.74712643
Acinetobacter spp.,Fluoroquinolones,2023,BE,Belgium,8.67346938
Acinetobacter spp.,Fluoroquinolones,2023,BG,Bulgaria,90.71038251
Acinetobacter spp.,Fluoroquinolones,2023,CY,Cyprus,86.66666666
Acinetobacter spp.,Fluoroquinolones,2023,CZ,Czechia,38.46153846
Acinetobacter spp.,Fluoroquinolones,2023,DE,Germany,4.45486518
Acinetobacter spp.,Fluoroquinolones,2023,DK,Denmark,8.98876404
Acinetobacter spp.,Fluoroquinolones,2023,EE,Estonia,
Acinetobacter spp.,Fluoroquinolones,2023,EL,Greece,95.08301404
Acinetobacter spp.,Fluoroquinolones,2023,ES,Spain,43.03797468
Acinetobacter spp.,Fluoroquinolones,2023,FI,Finland,0.0
Acinetobacter spp.,Fluoroquinolones,2023,HR,Croatia,96.56488549
Acinetobacter spp.,Fluoroquinolones,2023,HU,Hungary,48.95104895
Acinetobacter spp.,Fluoroquinolones,2023,IE,Ireland,1.61290322
Acinetobacter spp.,Fluoroquinolones,2023,IS,Iceland,
Acinetobacter spp.,Fluoroquinolones,2023,IT,Italy,76.93066053
Acinetobacter spp.,Fluoroquinolones,2023,LT,Lithuania,92.43697478
Acinetobacter spp.,Fluoroquinolones,2023,LU,Luxembourg,
Acinetobacter spp.,Fluoroquinolones,2023,LV,Latvia,83.67346938
Acinetobacter spp.,Fluoroquinolones,2023,MT,Malta,4.76190476
Acinetobacter spp.,Fluoroquinolones,2023,NL,Netherlands,5.21327014
Acinetobacter spp.,Fluoroquinolones,2023,NO,Norway,0.0
Acinetobacter spp.,Fluoroquinolones,2023,PL,Poland,85.71428571
Acinetobacter spp.,Fluoroquinolones,2023,PT,Portugal,46.15384615
Acinetobacter spp.,Fluoroquinolones,2023,RO,Romania,87.72455089
Acinetobacter spp.,Fluoroquinolones,2023,SE,Sweden,2.56410256
Acinetobacter spp.,Fluoroquinolones,2023,SI,Slovenia,25.0
Acinetobacter spp.,Fluoroquinolones,2023,SK,Slovakia,48.68421052
Acinetobacter spp.,Fluoroquinolones,2024,AT,Austria,1.2345679
Acinetobacter spp.,Fluoroquinolones,2024,BE,Belgium,6.19469026
Acinetobacter spp.,Fluoroquinolones,2024,BG,Bulgaria,91.9047619
Acinetobacter spp.,Fluoroquinolones,2024,CY,Cyprus,84.92063492
Acinetobacter spp.,Fluoroquinolones,2024,CZ,Czechia,27.45098039
Acinetobacter spp.,Fluoroquinolones,2024,DE,Germany,4.01119402
Acinetobacter spp.,Fluoroquinolones,2024,DK,Denmark,10.1010101
Acinetobacter spp.,Fluoroquinolones,2024,EE,Estonia,
Acinetobacter spp.,Fluoroquinolones,2024,EL,Greece,95.15331355
Acinetobacter spp.,Fluoroquinolones,2024,ES,Spain,24.28571428
Acinetobacter spp.,Fluoroquinolones,2024,FI,Finland,0.0
Acinetobacter spp.,Fluoroquinolones,2024,FR,France,5.69514237
Acinetobacter spp.,Fluoroquinolones,2024,HR,Croatia,93.45794392
Acinetobacter spp.,Fluoroquinolones,2024,HU,Hungary,50.4
Acinetobacter spp.,Fluoroquinolones,2024,IE,Ireland,5.88235294
Acinetobacter spp.,Fluoroquinolones,2024,IS,Iceland,
Acinetobacter spp.,Fluoroquinolones,2024,IT,Italy,75.10809141
Acinetobacter spp.,Fluoroquinolones,2024,LT,Lithuania,80.55555555
Acinetobacter spp.,Fluoroquinolones,2024,LU,Luxembourg,
Acinetobacter spp.,Fluoroquinolones,2024,LV,Latvia,70.49180327
Acinetobacter spp.,Fluoroquinolones,2024,MT,Malta,
Acinetobacter spp.,Fluoroquinolones,2024,NL,Netherlands,4.65116279
Acinetobacter spp.,Fluoroquinolones,2024,NO,Norway,1.63934426
Acinetobacter spp.,Fluoroquinolones,2024,PL,Poland,80.64516129
Acinetobacter spp.,Fluoroquinolones,2024,PT,Portugal,24.84076433
Acinetobacter spp.,Fluoroquinolones,2024,RO,Romania,93.57798165
Acinetobacter spp.,Fluoroquinolones,2024,SE,Sweden,2.28571428
Acinetobacter spp.,Fluoroquinolones,2024,SI,Slovenia,10.0
Acinetobacter spp.,Fluoroquinolones,2024,SK,Slovakia,39.36170212
Escherichia coli,Aminoglycosides,2000,DE,Germany,6.66666666
Escherichia coli,Aminoglycosides,2000,EE,Estonia,
Escherichia coli,Aminoglycosides,2000,EL,Greece,4.46927374
Escherichia coli,Aminoglycosides,2000,NL,Netherlands,2.01288244
Escherichia coli,Aminoglycosides,2000,NO,Norway,0.98591549
Escherichia coli,Aminoglycosides,2001,AT,Austria,1.53846153
Escherichia coli,Aminoglycosides,2001,BE,Belgium,4.25531914
Escherichia coli,Aminoglycosides,2001,BG,Bulgaria,15.78947368
Escherichia coli,Aminoglycosides,2001,CZ,Czechia,5.44217687
Escherichia coli,Aminoglycosides,2001,DE,Germany,4.94023904
Escherichia coli,Aminoglycosides,2001,EE,Estonia,7.84313725
Escherichia coli,Aminoglycosides,2001,EL,Greece,4.74516695
Escherichia coli,Aminoglycosides,2001,ES,Spain,6.82779456
Escherichia coli,Aminoglycosides,2001,FI,Finland,0.08920606
Escherichia coli,Aminoglycosides,2001,HR,Croatia,6.04395604
Escherichia coli,Aminoglycosides,2001,HU,Hungary,3.68852459
Escherichia coli,Aminoglycosides,2001,IS,Iceland,3.52941176
Escherichia coli,Aminoglycosides,2001,LU,Luxembourg,4.66321243
Escherichia coli,Aminoglycosides,2001,MT,Malta,10.76923076
Escherichia coli,Aminoglycosides,2001,NL,Netherlands,2.23463687
Escherichia coli,Aminoglycosides,2001,NO,Norway,0.75662042
Escherichia coli,Aminoglycosides,2001,PL,Poland,5.0
Escherichia coli,Aminoglycosides,2001,PT,Portugal,5.98086124
Escherichia coli,Aminoglycosides,2001,SE,Sweden,0.88781275
Escherichia coli,Aminoglycosides,2001,SI,Slovenia,2.01005025
Escherichia coli,Aminoglycosides,2001,SK,Slovakia,2.22222222
Escherichia coli,Aminoglycosides,2001,UK,United Kingdom,2.7306273
Escherichia coli,Aminoglycosides,2002,AT,Austria,3.57894736
Escherichia coli,Aminoglycosides,2002,BE,Belgium,5.67375886
Escherichia coli,Aminoglycosides,2002,BG,Bulgaria,16.66666666
Escherichia coli,Aminoglycosides,2002,CZ,Czechia,5.92312539
Escherichia coli,Aminoglycosides,2002,DE,Germany,5.07042253
Escherichia coli,Aminoglycosides,2002,EE,Estonia,10.44776119
Escherichia coli,Aminoglycosides,2002,EL,Greece,6.32911392
Escherichia coli,Aminoglycosides,2002,ES,Spain,7.51515151
Escherichia coli,Aminoglycosides,2002,FI,Finland,0.83752093
Escherichia coli,Aminoglycosides,2002,FR,France,4.24849699
Escherichia coli,Aminoglycosides,2002,HR,Croatia,6.73469387
Escherichia coli,Aminoglycosides,2002,HU,Hungary,6.06936416
Escherichia coli,Aminoglycosides,2002,IE,Ireland,2.47933884
Escherichia coli,Aminoglycosides,2002,IS,Iceland,1.21951219
Escherichia coli,Aminoglycosides,2002,IT,Italy,5.89198036
Escherichia coli,Aminoglycosides,2002,LU,Luxembourg,3.626943
Escherichia coli,Aminoglycosides,2002,MT,Malta,6.75675675
Escherichia coli,Aminoglycosides,2002,NL,Netherlands,2.36586396
Escherichia coli,Aminoglycosides,2002,NO,Norway,0.7070707
Escherichia coli,Aminoglycosides,2002,PL,Poland,10.52631578
Escherichia coli,Aminoglycosides,2002,PT,Portugal,8.78378378
Escherichia coli,Aminoglycosides,2002,RO,Romania,16.0
Escherichia coli,Aminoglycosides,2002,SE,Sweden,0.44275774
Escherichia coli,Aminoglycosides,2002,SI,Slovenia,3.42298288
Escherichia coli,Aminoglycosides,2002,SK,Slovakia,3.25581395
Escherichia coli,Aminoglycosides,2002,UK,United Kingdom,3.35781741
Escherichia coli,Aminoglycosides,2003,AT,Austria,4.68431771
Escherichia coli,Aminoglycosides,2003,BE,Belgium,4.66605672
Escherichia coli,Aminoglycosides,2003,BG,Bulgaria,22.15189873
Escherichia coli,Aminoglycosides,2003,CY,Cyprus,
Escherichia coli,Aminoglycosides,2003,CZ,Czechia,5.32577903
Escherichia coli,Aminoglycosides,2003,DE,Germany,5.25252525
Escherichia coli,Aminoglycosides,2003,EE,Estonia,3.06122448
Escherichia coli,Aminoglycosides,2003,EL,Greece,5.50284629
Escherichia coli,Aminoglycosides,2003,ES,Spain,7.27548313
Escherichia coli,Aminoglycosides,2003,FI,Finland,1.23152709
Escherichia coli,Aminoglycosides,2003,FR,France,5.1214128
Escherichia coli,Aminoglycosides,2003,HR,Croatia,7.19298245
Escherichia coli,Aminoglycosides,2003,HU,Hungary,7.74731823
Escherichia coli,Aminoglycosides,2003,IE,Ireland,3.71900826
Escherichia coli,Aminoglycosides,2003,IS,Iceland,2.04081632
Escherichia coli,Aminoglycosides,2003,IT,Italy,9.85915492
Escherichia coli,Aminoglycosides,2003,LU,Luxembourg,3.52422907
Escherichia coli,Aminoglycosides,2003,MT,Malta,17.58241758
Escherichia coli,Aminoglycosides,2003,NL,Netherlands,2.95378751
Escherichia coli,Aminoglycosides,2003,NO,Norway,0.44642857
Escherichia coli,Aminoglycosides,2003,PL,Poland,8.94308943
Escherichia coli,Aminoglycosides,2003,PT,Portugal,9.34343434
Escherichia coli,Aminoglycosides,2003,RO,Romania,20.83333333
Escherichia coli,Aminoglycosides,2003,SE,Sweden,1.02873359
Escherichia coli,Aminoglycosides,2003,SI,Slovenia,2.24438902
Escherichia coli,Aminoglycosides,2003,SK,Slovakia,5.90717299
Escherichia coli,Aminoglycosides,2003,UK,United Kingdom,4.32801822
Escherichia coli,Aminoglycosides,2004,AT,Austria,5.50708833
Escherichia coli,Aminoglycosides,2004,BE,Belgium,4.53821656
Escherichia coli,Aminoglycosides,2004,BG,Bulgaria,20.625
Escherichia coli,Aminoglycosides,2004,CY,Cyprus,10.86956521
Escherichia coli,Aminoglycosides,2004,CZ,Czechia,4.98474059
Escherichia coli,Aminoglycosides,2004,DE,Germany,4.28336079
Escherichia coli,Aminoglycosides,2004,EE,Estonia,1.80722891
Escherichia coli,Aminoglycosides,2004,EL,Greece,5.76241134
Escherichia coli,Aminoglycosides,2004,ES,Spain,7.421311
Escherichia coli,Aminoglycosides,2004,FI,Finland,2.25140712
Escherichia coli,Aminoglycosides,2004,FR,France,4.28969359
Escherichia coli,Aminoglycosides,2004,HR,Croatia,5.79439252
Escherichia coli,Aminoglycosides,2004,HU,Hungary,9.52380952
Escherichia coli,Aminoglycosides,2004,IE,Ireland,5.27182866
Escherichia coli,Aminoglycosides,2004,IS,Iceland,0.84745762
Escherichia coli,Aminoglycosides,2004,IT,Italy,8.73634945
Escherichia coli,Aminoglycosides,2004,LU,Luxembourg,3.7037037
Escherichia coli,Aminoglycosides,2004,MT,Malta,19.78021978
Escherichia coli,Aminoglycosides,2004,NL,Netherlands,3.18930041
Escherichia coli,Aminoglycosides,2004,NO,Norway,0.84104289
Escherichia coli,Aminoglycosides,2004,PL,Poland,5.23560209
Escherichia coli,Aminoglycosides,2004,PT,Portugal,12.77997364
Escherichia coli,Aminoglycosides,2004,RO,Romania,27.27272727
Escherichia coli,Aminoglycosides,2004,SE,Sweden,1.17682558
Escherichia coli,Aminoglycosides,2004,SI,Slovenia,4.36300174
Escherichia coli,Aminoglycosides,2004,SK,Slovakia,12.14285714
Escherichia coli,Aminoglycosides,2004,UK,United Kingdom,6.14609571
Escherichia coli,Aminoglycosides,2005,AT,Austria,5.41992187
Escherichia coli,Aminoglycosides,2005,BE,Belgium,4.16012558
Escherichia coli,Aminoglycosides,2005,BG,Bulgaria,22.87234042
Escherichia coli,Aminoglycosides,2005,CY,Cyprus,12.0
Escherichia coli,Aminoglycosides,2005,CZ,Czechia,6.22202327
Escherichia coli,Aminoglycosides,2005,DE,Germany,5.94369134
Escherichia coli,Aminoglycosides,2005,DK,Denmark,1.94855806
Escherichia coli,Aminoglycosides,2005,EE,Estonia,3.89610389
Escherichia coli,Aminoglycosides,2005,EL,Greece,6.76031606
Escherichia coli,Aminoglycosides,2005,ES,Spain,9.82948846
Escherichia coli,Aminoglycosides,2005,FI,Finland,2.04545454
Escherichia coli,Aminoglycosides,2005,FR,France,4.77212681
Escherichia coli,Aminoglycosides,2005,HR,Croatia,4.23861852
Escherichia coli,Aminoglycosides,2005,HU,Hungary,8.95091434
Escherichia coli,Aminoglycosides,2005,IE,Ireland,7.45209368
Escherichia coli,Aminoglycosides,2005,IS,Iceland,0.76923076
Escherichia coli,Aminoglycosides,2005,IT,Italy,11.3865932
Escherichia coli,Aminoglycosides,2005,LU,Luxembourg,7.44680851
Escherichia coli,Aminoglycosides,2005,MT,Malta,7.05882352
Escherichia coli,Aminoglycosides,2005,NL,Netherlands,3.73917008
Escherichia coli,Aminoglycosides,2005,NO,Norway,1.73062452
Escherichia coli,Aminoglycosides,2005,PL,Poland,7.42857142
Escherichia coli,Aminoglycosides,2005,PT,Portugal,12.47863247
Escherichia coli,Aminoglycosides,2005,RO,Romania,14.81481481
Escherichia coli,Aminoglycosides,2005,SE,Sweden,1.34796238
Escherichia coli,Aminoglycosides,2005,SI,Slovenia,3.80517503
Escherichia coli,Aminoglycosides,2005,SK,Slovakia,10.30927835
Escherichia coli,Aminoglycosides,2005,UK,United Kingdom,8.28460038
Escherichia coli,Aminoglycosides,2006,AT,Austria,7.60517799
Escherichia coli,Aminoglycosides,2006,BE,Belgium,5.84532374
Escherichia coli,Aminoglycosides,2006,BG,Bulgaria,28.19148936
Escherichia coli,Aminoglycosides,2006,CY,Cyprus,7.77777777
Escherichia coli,Aminoglycosides,2006,CZ,Czechia,6.17742684
Escherichia coli,Aminoglycosides,2006,DE,Germany,9.88235294
Escherichia coli,Aminoglycosides,2006,DK,Denmark,2.94009555
Escherichia coli,Aminoglycosides,2006,EE,Estonia,2.34741784
Escherichia coli,Aminoglycosides,2006,EL,Greece,6.8855084
Escherichia coli,Aminoglycosides,2006,ES,Spain,9.19369235
Escherichia coli,Aminoglycosides,2006,FI,Finland,2.17391304
Escherichia coli,Aminoglycosides,2006,FR,France,5.95947556
Escherichia coli,Aminoglycosides,2006,HR,Croatia,5.92020592
Escherichia coli,Aminoglycosides,2006,HU,Hungary,12.17777777
Escherichia coli,Aminoglycosides,2006,IE,Ireland,6.98957694
Escherichia coli,Aminoglycosides,2006,IS,Iceland,6.92307692
Escherichia coli,Aminoglycosides,2006,IT,Italy,7.50293083
Escherichia coli,Aminoglycosides,2006,LT,Lithuania,14.61988304
Escherichia coli,Aminoglycosides,2006,LU,Luxembourg,5.98802395
Escherichia coli,Aminoglycosides,2006,LV,Latvia,4.83870967
Escherichia coli,Aminoglycosides,2006,MT,Malta,14.89361702
Escherichia coli,Aminoglycosides,2006,NL,Netherlands,3.48837209
Escherichia coli,Aminoglycosides,2006,NO,Norway,1.91082802
Escherichia coli,Aminoglycosides,2006,PL,Poland,10.73170731
Escherichia coli,Aminoglycosides,2006,PT,Portugal,12.03007518
Escherichia coli,Aminoglycosides,2006,RO,Romania,40.0
Escherichia coli,Aminoglycosides,2006,SE,Sweden,1.56205623
Escherichia coli,Aminoglycosides,2006,SI,Slovenia,6.41562064
Escherichia coli,Aminoglycosides,2006,UK,United Kingdom,6.50289017
Escherichia coli,Aminoglycosides,2007,AT,Austria,7.0106341
Escherichia coli,Aminoglycosides,2007,BE,Belgium,4.94958753
Escherichia coli,Aminoglycosides,2007,BG,Bulgaria,18.4
Escherichia coli,Aminoglycosides,2007,CY,Cyprus,11.00917431
Escherichia coli,Aminoglycosides,2007,CZ,Czechia,6.9796427
Escherichia coli,Aminoglycosides,2007,DE,Germany,6.06995884
Escherichia coli,Aminoglycosides,2007,DK,Denmark,3.47797283
Escherichia coli,Aminoglycosides,2007,EE,Estonia,5.58139534
Escherichia coli,Aminoglycosides,2007,EL,Greece,8.52272727
Escherichia coli,Aminoglycosides,2007,ES,Spain,9.95106035
Escherichia coli,Aminoglycosides,2007,FI,Finland,2.74341043
Escherichia coli,Aminoglycosides,2007,FR,France,5.70685813
Escherichia coli,Aminoglycosides,2007,HR,Croatia,5.93023255
Escherichia coli,Aminoglycosides,2007,HU,Hungary,10.56218057
Escherichia coli,Aminoglycosides,2007,IE,Ireland,9.40906483
Escherichia coli,Aminoglycosides,2007,IS,Iceland,5.71428571
Escherichia coli,Aminoglycosides,2007,IT,Italy,13.92016376
Escherichia coli,Aminoglycosides,2007,LT,Lithuania,12.34042553
Escherichia coli,Aminoglycosides,2007,LU,Luxembourg,5.14705882
Escherichia coli,Aminoglycosides,2007,LV,Latvia,14.47368421
Escherichia coli,Aminoglycosides,2007,MT,Malta,19.65811965
Escherichia coli,Aminoglycosides,2007,NL,Netherlands,4.73568281
Escherichia coli,Aminoglycosides,2007,NO,Norway,2.98071303
Escherichia coli,Aminoglycosides,2007,PL,Poland,5.859375
Escherichia coli,Aminoglycosides,2007,PT,Portugal,12.17634709
Escherichia coli,Aminoglycosides,2007,RO,Romania,36.06557377
Escherichia coli,Aminoglycosides,2007,SE,Sweden,2.24418915
Escherichia coli,Aminoglycosides,2007,SI,Slovenia,6.81551116
Escherichia coli,Aminoglycosides,2007,UK,United Kingdom,7.22358722
Escherichia coli,Aminoglycosides,2008,AT,Austria,6.53923541
Escherichia coli,Aminoglycosides,2008,BE,Belgium,4.3521266
Escherichia coli,Aminoglycosides,2008,BG,Bulgaria,30.61224489
Escherichia coli,Aminoglycosides,2008,CY,Cyprus,10.08403361
Escherichia coli,Aminoglycosides,2008,CZ,Czechia,8.21767713
Escherichia coli,Aminoglycosides,2008,DE,Germany,6.87306501
Escherichia coli,Aminoglycosides,2008,DK,Denmark,4.08785845
Escherichia coli,Aminoglycosides,2008,EE,Estonia,4.58015267
Escherichia coli,Aminoglycosides,2008,EL,Greece,14.61061337
Escherichia coli,Aminoglycosides,2008,ES,Spain,10.90858878
Escherichia coli,Aminoglycosides,2008,FI,Finland,3.59922178
Escherichia coli,Aminoglycosides,2008,FR,France,6.49231173
Escherichia coli,Aminoglycosides,2008,HR,Croatia,5.14223194
Escherichia coli,Aminoglycosides,2008,HU,Hungary,12.83269961
Escherichia coli,Aminoglycosides,2008,IE,Ireland,9.10551687
Escherichia coli,Aminoglycosides,2008,IS,Iceland,6.50406504
Escherichia coli,Aminoglycosides,2008,IT,Italy,13.66061899
Escherichia coli,Aminoglycosides,2008,LT,Lithuania,12.25165562
Escherichia coli,Aminoglycosides,2008,LU,Luxembourg,7.59075907
Escherichia coli,Aminoglycosides,2008,LV,Latvia,10.0
Escherichia coli,Aminoglycosides,2008,MT,Malta,21.875
Escherichia coli,Aminoglycosides,2008,NL,Netherlands,5.65789473
Escherichia coli,Aminoglycosides,2008,NO,Norway,3.22760155
Escherichia coli,Aminoglycosides,2008,PL,Poland,7.14285714
Escherichia coli,Aminoglycosides,2008,PT,Portugal,13.54679802
Escherichia coli,Aminoglycosides,2008,RO,Romania,23.52941176
Escherichia coli,Aminoglycosides,2008,SE,Sweden,2.2597467
Escherichia coli,Aminoglycosides,2008,SI,Slovenia,6.52173913
Escherichia coli,Aminoglycosides,2008,UK,United Kingdom,7.02028081
Escherichia coli,Aminoglycosides,2009,AT,Austria,5.93518156
Escherichia coli,Aminoglycosides,2009,BE,Belgium,7.28033472
Escherichia coli,Aminoglycosides,2009,BG,Bulgaria,17.1875
Escherichia coli,Aminoglycosides,2009,CY,Cyprus,9.55882352
Escherichia coli,Aminoglycosides,2009,CZ,Czechia,8.06863818
Escherichia coli,Aminoglycosides,2009,DE,Germany,8.40787119
Escherichia coli,Aminoglycosides,2009,DK,Denmark,4.41926345
Escherichia coli,Aminoglycosides,2009,EE,Estonia,3.44827586
Escherichia coli,Aminoglycosides,2009,EL,Greece,14.33278418
Escherichia coli,Aminoglycosides,2009,ES,Spain,12.96490309
Escherichia coli,Aminoglycosides,2009,FI,Finland,2.80373831
Escherichia coli,Aminoglycosides,2009,FR,France,7.82433712
Escherichia coli,Aminoglycosides,2009,HU,Hungary,15.87452471
Escherichia coli,Aminoglycosides,2009,IE,Ireland,8.51169736
Escherichia coli,Aminoglycosides,2009,IS,Iceland,7.27272727
Escherichia coli,Aminoglycosides,2009,IT,Italy,14.07894736
Escherichia coli,Aminoglycosides,2009,LT,Lithuania,15.15151515
Escherichia coli,Aminoglycosides,2009,LU,Luxembourg,8.97009966
Escherichia coli,Aminoglycosides,2009,LV,Latvia,11.62790697
Escherichia coli,Aminoglycosides,2009,MT,Malta,20.88607594
Escherichia coli,Aminoglycosides,2009,NL,Netherlands,4.44258172
Escherichia coli,Aminoglycosides,2009,NO,Norway,3.31341662
Escherichia coli,Aminoglycosides,2009,PL,Poland,6.48648648
Escherichia coli,Aminoglycosides,2009,PT,Portugal,10.57550418
Escherichia coli,Aminoglycosides,2009,RO,Romania,15.78947368
Escherichia coli,Aminoglycosides,2009,SE,Sweden,
Escherichia coli,Aminoglycosides,2009,SI,Slovenia,9.85442329
Escherichia coli,Aminoglycosides,2009,UK,United Kingdom,7.37647877
Escherichia coli,Aminoglycosides,2010,AT,Austria,6.21993127
Escherichia coli,Aminoglycosides,2010,BE,Belgium,5.61868686
Escherichia coli,Aminoglycosides,2010,BG,Bulgaria,14.66666666
Escherichia coli,Aminoglycosides,2010,CY,Cyprus,15.94202898
Escherichia coli,Aminoglycosides,2010,CZ,Czechia,7.92807519
Escherichia coli,Aminoglycosides,2010,DE,Germany,8.67262495
Escherichia coli,Aminoglycosides,2010,DK,Denmark,5.83235638
Escherichia coli,Aminoglycosides,2010,EE,Estonia,4.90566037
Escherichia coli,Aminoglycosides,2010,EL,Greece,16.58986175
Escherichia coli,Aminoglycosides,2010,ES,Spain,14.09761235
Escherichia coli,Aminoglycosides,2010,FI,Finland,3.77758913
Escherichia coli,Aminoglycosides,2010,FR,France,7.07003546
Escherichia coli,Aminoglycosides,2010,HR,Croatia,6.37087599
Escherichia coli,Aminoglycosides,2010,HU,Hungary,19.86947063
Escherichia coli,Aminoglycosides,2010,IE,Ireland,9.68809073
Escherichia coli,Aminoglycosides,2010,IS,Iceland,2.88461538
Escherichia coli,Aminoglycosides,2010,IT,Italy,16.24177631
Escherichia coli,Aminoglycosides,2010,LT,Lithuania,14.19939577
Escherichia coli,Aminoglycosides,2010,LU,Luxembourg,6.49717514
Escherichia coli,Aminoglycosides,2010,LV,Latvia,11.34020618
Escherichia coli,Aminoglycosides,2010,MT,Malta,22.39583333
Escherichia coli,Aminoglycosides,2010,NL,Netherlands,7.21479958
Escherichia coli,Aminoglycosides,2010,NO,Norway,4.31878895
Escherichia coli,Aminoglycosides,2010,PL,Poland,9.20245398
Escherichia coli,Aminoglycosides,2010,PT,Portugal,12.02627589
Escherichia coli,Aminoglycosides,2010,RO,Romania,12.12121212
Escherichia coli,Aminoglycosides,2010,SE,Sweden,3.44420853
Escherichia coli,Aminoglycosides,2010,SI,Slovenia,8.82352941
Escherichia coli,Aminoglycosides,2010,UK,United Kingdom,8.27754108
Escherichia coli,Aminoglycosides,2011,AT,Austria,7.26809053
Escherichia coli,Aminoglycosides,2011,BE,Belgium,7.11545169
Escherichia coli,Aminoglycosides,2011,BG,Bulgaria,17.61363636
Escherichia coli,Aminoglycosides,2011,CY,Cyprus,23.18840579
Escherichia coli,Aminoglycosides,2011,CZ,Czechia,8.20224719
Escherichia coli,Aminoglycosides,2011,DE,Germany,7.5994513
Escherichia coli,Aminoglycosides,2011,DK,Denmark,6.40461792
Escherichia coli,Aminoglycosides,2011,EE,Estonia,4.83870967
Escherichia coli,Aminoglycosides,2011,EL,Greece,16.73640167
Escherichia coli,Aminoglycosides,2011,ES,Spain,14.81349277
Escherichia coli,Aminoglycosides,2011,FI,Finland,5.26490066
Escherichia coli,Aminoglycosides,2011,FR,France,7.76710134
Escherichia coli,Aminoglycosides,2011,HR,Croatia,7.10607621
Escherichia coli,Aminoglycosides,2011,HU,Hungary,14.55437448
Escherichia coli,Aminoglycosides,2011,IE,Ireland,10.11600928
Escherichia coli,Aminoglycosides,2011,IS,Iceland,6.20155038
Escherichia coli,Aminoglycosides,2011,IT,Italy,20.74592074
Escherichia coli,Aminoglycosides,2011,LT,Lithuania,9.68586387
Escherichia coli,Aminoglycosides,2011,LU,Luxembourg,7.90960451
Escherichia coli,Aminoglycosides,2011,LV,Latvia,10.6870229
Escherichia coli,Aminoglycosides,2011,MT,Malta,15.06849315
Escherichia coli,Aminoglycosides,2011,NL,Netherlands,7.62430939
Escherichia coli,Aminoglycosides,2011,NO,Norway,4.08906882
Escherichia coli,Aminoglycosides,2011,PL,Poland,8.25852782
Escherichia coli,Aminoglycosides,2011,PT,Portugal,13.81243628
Escherichia coli,Aminoglycosides,2011,RO,Romania,18.0
Escherichia coli,Aminoglycosides,2011,SE,Sweden,4.76289086
Escherichia coli,Aminoglycosides,2011,SI,Slovenia,9.58083832
Escherichia coli,Aminoglycosides,2011,SK,Slovakia,17.7027027
Escherichia coli,Aminoglycosides,2011,UK,United Kingdom,8.09044338
Escherichia coli,Aminoglycosides,2012,AT,Austria,6.26688276
Escherichia coli,Aminoglycosides,2012,BE,Belgium,7.2757475
Escherichia coli,Aminoglycosides,2012,BG,Bulgaria,26.48401826
Escherichia coli,Aminoglycosides,2012,CY,Cyprus,21.02272727
Escherichia coli,Aminoglycosides,2012,CZ,Czechia,8.17923186
Escherichia coli,Aminoglycosides,2012,DE,Germany,7.06443914
Escherichia coli,Aminoglycosides,2012,DK,Denmark,7.29590452
Escherichia coli,Aminoglycosides,2012,EE,Estonia,7.56578947
Escherichia coli,Aminoglycosides,2012,EL,Greece,17.78425655
Escherichia coli,Aminoglycosides,2012,ES,Spain,15.55947136
Escherichia coli,Aminoglycosides,2012,FI,Finland,6.08085532
Escherichia coli,Aminoglycosides,2012,FR,France,8.12315185
Escherichia coli,Aminoglycosides,2012,HR,Croatia,6.99223085
Escherichia coli,Aminoglycosides,2012,HU,Hungary,17.09401709
Escherichia coli,Aminoglycosides,2012,IE,Ireland,10.69473684
Escherichia coli,Aminoglycosides,2012,IS,Iceland,3.6231884
Escherichia coli,Aminoglycosides,2012,IT,Italy,22.32510288
Escherichia coli,Aminoglycosides,2012,LT,Lithuania,9.56521739
Escherichia coli,Aminoglycosides,2012,LU,Luxembourg,6.28742514
Escherichia coli,Aminoglycosides,2012,LV,Latvia,11.68831168
Escherichia coli,Aminoglycosides,2012,MT,Malta,11.48325358
Escherichia coli,Aminoglycosides,2012,NL,Netherlands,7.43117716
Escherichia coli,Aminoglycosides,2012,NO,Norway,5.75587165
Escherichia coli,Aminoglycosides,2012,PL,Poland,12.09756097
Escherichia coli,Aminoglycosides,2012,PT,Portugal,16.24883936
Escherichia coli,Aminoglycosides,2012,RO,Romania,24.32432432
Escherichia coli,Aminoglycosides,2012,SE,Sweden,5.81542351
Escherichia coli,Aminoglycosides,2012,SI,Slovenia,8.39041095
Escherichia coli,Aminoglycosides,2012,SK,Slovakia,20.74927953
Escherichia coli,Aminoglycosides,2012,UK,United Kingdom,8.6228482
Escherichia coli,Aminoglycosides,2013,AT,Austria,7.1673918
Escherichia coli,Aminoglycosides,2013,BE,Belgium,7.34360834
Escherichia coli,Aminoglycosides,2013,BG,Bulgaria,31.01604278
Escherichia coli,Aminoglycosides,2013,CY,Cyprus,24.69135802
Escherichia coli,Aminoglycosides,2013,CZ,Czechia,9.06323977
Escherichia coli,Aminoglycosides,2013,DE,Germany,6.9889451
Escherichia coli,Aminoglycosides,2013,DK,Denmark,6.50887573
Escherichia coli,Aminoglycosides,2013,EE,Estonia,7.33137829
Escherichia coli,Aminoglycosides,2013,EL,Greece,16.94915254
Escherichia coli,Aminoglycosides,2013,ES,Spain,15.33142182
Escherichia coli,Aminoglycosides,2013,FI,Finland,6.48694187
Escherichia coli,Aminoglycosides,2013,FR,France,7.76880661
Escherichia coli,Aminoglycosides,2013,HR,Croatia,7.67716535
Escherichia coli,Aminoglycosides,2013,HU,Hungary,16.95865451
Escherichia coli,Aminoglycosides,2013,IE,Ireland,11.16485288
Escherichia coli,Aminoglycosides,2013,IS,Iceland,4.1322314
Escherichia coli,Aminoglycosides,2013,IT,Italy,18.96370331
Escherichia coli,Aminoglycosides,2013,LT,Lithuania,10.72261072
Escherichia coli,Aminoglycosides,2013,LU,Luxembourg,7.02341137
Escherichia coli,Aminoglycosides,2013,LV,Latvia,5.22388059
Escherichia coli,Aminoglycosides,2013,MT,Malta,9.09090909
Escherichia coli,Aminoglycosides,2013,NL,Netherlands,6.50577124
Escherichia coli,Aminoglycosides,2013,NO,Norway,6.39818122
Escherichia coli,Aminoglycosides,2013,PL,Poland,10.67683508
Escherichia coli,Aminoglycosides,2013,PT,Portugal,15.20119225
Escherichia coli,Aminoglycosides,2013,RO,Romania,14.76510067
Escherichia coli,Aminoglycosides,2013,SE,Sweden,6.04225352
Escherichia coli,Aminoglycosides,2013,SI,Slovenia,9.31372549
Escherichia coli,Aminoglycosides,2013,SK,Slovakia,24.03965303
Escherichia coli,Aminoglycosides,2013,UK,United Kingdom,9.04270164
Escherichia coli,Aminoglycosides,2014,AT,Austria,7.08844688
Escherichia coli,Aminoglycosides,2014,BE,Belgium,8.85085574
Escherichia coli,Aminoglycosides,2014,BG,Bulgaria,29.1005291
Escherichia coli,Aminoglycosides,2014,CY,Cyprus,17.64705882
Escherichia coli,Aminoglycosides,2014,CZ,Czechia,10.67472306
Escherichia coli,Aminoglycosides,2014,DE,Germany,6.90262652
Escherichia coli,Aminoglycosides,2014,DK,Denmark,7.27798798
Escherichia coli,Aminoglycosides,2014,EE,Estonia,6.81265206
Escherichia coli,Aminoglycosides,2014,EL,Greece,15.58558558
Escherichia coli,Aminoglycosides,2014,ES,Spain,15.06872852
Escherichia coli,Aminoglycosides,2014,FI,Finland,4.55855383
Escherichia coli,Aminoglycosides,2014,FR,France,7.72652548
Escherichia coli,Aminoglycosides,2014,HR,Croatia,10.86350974
Escherichia coli,Aminoglycosides,2014,HU,Hungary,14.72049689
Escherichia coli,Aminoglycosides,2014,IE,Ireland,12.08872458
Escherichia coli,Aminoglycosides,2014,IS,Iceland,5.26315789
Escherichia coli,Aminoglycosides,2014,IT,Italy,19.35299169
Escherichia coli,Aminoglycosides,2014,LT,Lithuania,10.61643835
Escherichia coli,Aminoglycosides,2014,LU,Luxembourg,7.90190735
Escherichia coli,Aminoglycosides,2014,LV,Latvia,8.28729281
Escherichia coli,Aminoglycosides,2014,MT,Malta,9.70149253
Escherichia coli,Aminoglycosides,2014,NL,Netherlands,6.35611056
Escherichia coli,Aminoglycosides,2014,NO,Norway,5.93740859
Escherichia coli,Aminoglycosides,2014,PL,Poland,9.83146067
Escherichia coli,Aminoglycosides,2014,PT,Portugal,15.10719294
Escherichia coli,Aminoglycosides,2014,RO,Romania,17.16171617
Escherichia coli,Aminoglycosides,2014,SE,Sweden,6.06493043
Escherichia coli,Aminoglycosides,2014,SI,Slovenia,11.26644736
Escherichia coli,Aminoglycosides,2014,SK,Slovakia,22.74774774
Escherichia coli,Aminoglycosides,2014,UK,United Kingdom,8.85345064
Escherichia coli,Aminoglycosides,2015,AT,Austria,6.98198198
Escherichia coli,Aminoglycosides,2015,BE,Belgium,8.35520559
Escherichia coli,Aminoglycosides,2015,BG,Bulgaria,19.78021978
Escherichia coli,Aminoglycosides,2015,CY,Cyprus,13.82113821
Escherichia coli,Aminoglycosides,2015,CZ,Czechia,11.34930643
Escherichia coli,Aminoglycosides,2015,DE,Germany,7.11042197
Escherichia coli,Aminoglycosides,2015,DK,Denmark,6.79590503
Escherichia coli,Aminoglycosides,2015,EE,Estonia,9.3385214
Escherichia coli,Aminoglycosides,2015,EL,Greece,16.08333333
Escherichia coli,Aminoglycosides,2015,ES,Spain,14.70180305
Escherichia coli,Aminoglycosides,2015,FI,Finland,5.41717049
Escherichia coli,Aminoglycosides,2015,FR,France,8.15015829
Escherichia coli,Aminoglycosides,2015,HR,Croatia,12.69841269
Escherichia coli,Aminoglycosides,2015,HU,Hungary,13.56435643
Escherichia coli,Aminoglycosides,2015,IE,Ireland,11.82917611
Escherichia coli,Aminoglycosides,2015,IS,Iceland,2.89017341
Escherichia coli,Aminoglycosides,2015,IT,Italy,20.17381656
Escherichia coli,Aminoglycosides,2015,LT,Lithuania,10.12006861
Escherichia coli,Aminoglycosides,2015,LU,Luxembourg,8.93371757
Escherichia coli,Aminoglycosides,2015,LV,Latvia,14.13612565
Escherichia coli,Aminoglycosides,2015,MT,Malta,12.18487394
Escherichia coli,Aminoglycosides,2015,NL,Netherlands,6.07859768
Escherichia coli,Aminoglycosides,2015,NO,Norway,5.99818236
Escherichia coli,Aminoglycosides,2015,PL,Poland,11.19544592
Escherichia coli,Aminoglycosides,2015,PT,Portugal,13.83097542
Escherichia coli,Aminoglycosides,2015,RO,Romania,18.30601092
Escherichia coli,Aminoglycosides,2015,SE,Sweden,6.42249609
Escherichia coli,Aminoglycosides,2015,SI,Slovenia,12.8959276
Escherichia coli,Aminoglycosides,2015,SK,Slovakia,24.21875
Escherichia coli,Aminoglycosides,2015,UK,United Kingdom,9.94712491
Escherichia coli,Aminoglycosides,2016,AT,Austria,7.8125
Escherichia coli,Aminoglycosides,2016,BE,Belgium,8.40240068
Escherichia coli,Aminoglycosides,2016,BG,Bulgaria,34.76190476
Escherichia coli,Aminoglycosides,2016,CY,Cyprus,16.10738255
Escherichia coli,Aminoglycosides,2016,CZ,Czechia,12.15289121
Escherichia coli,Aminoglycosides,2016,DE,Germany,6.95529577
Escherichia coli,Aminoglycosides,2016,DK,Denmark,6.06685926
Escherichia coli,Aminoglycosides,2016,EE,Estonia,7.4074074
Escherichia coli,Aminoglycosides,2016,EL,Greece,16.83320522
Escherichia coli,Aminoglycosides,2016,ES,Spain,14.52941176
Escherichia coli,Aminoglycosides,2016,FI,Finland,4.93472007
Escherichia coli,Aminoglycosides,2016,FR,France,7.91198922
Escherichia coli,Aminoglycosides,2016,HR,Croatia,15.67672833
Escherichia coli,Aminoglycosides,2016,HU,Hungary,13.25301204
Escherichia coli,Aminoglycosides,2016,IE,Ireland,11.2337011
Escherichia coli,Aminoglycosides,2016,IS,Iceland,3.64583333
Escherichia coli,Aminoglycosides,2016,IT,Italy,18.98338542
Escherichia coli,Aminoglycosides,2016,LT,Lithuania,7.96460176
Escherichia coli,Aminoglycosides,2016,LU,Luxembourg,9.09090909
Escherichia coli,Aminoglycosides,2016,LV,Latvia,12.70491803
Escherichia coli,Aminoglycosides,2016,MT,Malta,10.36585365
Escherichia coli,Aminoglycosides,2016,NL,Netherlands,6.19481236
Escherichia coli,Aminoglycosides,2016,NO,Norway,5.50636413
Escherichia coli,Aminoglycosides,2016,PL,Poland,13.28837762
Escherichia coli,Aminoglycosides,2016,PT,Portugal,13.14830875
Escherichia coli,Aminoglycosides,2016,RO,Romania,14.97584541
Escherichia coli,Aminoglycosides,2016,SE,Sweden,7.22406101
Escherichia coli,Aminoglycosides,2016,SI,Slovenia,10.63380281
Escherichia coli,Aminoglycosides,2016,SK,Slovakia,20.16908212
Escherichia coli,Aminoglycosides,2016,UK,United Kingdom,9.85927652
Escherichia coli,Aminoglycosides,2017,AT,Austria,7.70966528
Escherichia coli,Aminoglycosides,2017,BE,Belgium,8.09233218
Escherichia coli,Aminoglycosides,2017,BG,Bulgaria,36.24454148
Escherichia coli,Aminoglycosides,2017,CY,Cyprus,21.79487179
Escherichia coli,Aminoglycosides,2017,CZ,Czechia,10.69084088
Escherichia coli,Aminoglycosides,2017,DE,Germany,7.00240234
Escherichia coli,Aminoglycosides,2017,DK,Denmark,5.99375244
Escherichia coli,Aminoglycosides,2017,EE,Estonia,5.72519083
Escherichia coli,Aminoglycosides,2017,EL,Greece,16.97341513
Escherichia coli,Aminoglycosides,2017,ES,Spain,13.70044783
Escherichia coli,Aminoglycosides,2017,FI,Finland,4.95784825
Escherichia coli,Aminoglycosides,2017,FR,France,7.04418835
Escherichia coli,Aminoglycosides,2017,HR,Croatia,16.63778162
Escherichia coli,Aminoglycosides,2017,HU,Hungary,15.09708737
Escherichia coli,Aminoglycosides,2017,IE,Ireland,11.94364393
Escherichia coli,Aminoglycosides,2017,IS,Iceland,5.63380281
Escherichia coli,Aminoglycosides,2017,IT,Italy,18.41883936
Escherichia coli,Aminoglycosides,2017,LT,Lithuania,8.25471698
Escherichia coli,Aminoglycosides,2017,LU,Luxembourg,10.39260969
Escherichia coli,Aminoglycosides,2017,LV,Latvia,13.43283582
Escherichia coli,Aminoglycosides,2017,MT,Malta,10.82802547
Escherichia coli,Aminoglycosides,2017,NL,Netherlands,5.89723109
Escherichia coli,Aminoglycosides,2017,NO,Norway,7.18113612
Escherichia coli,Aminoglycosides,2017,PL,Poland,14.01250459
Escherichia coli,Aminoglycosides,2017,PT,Portugal,11.93048379
Escherichia coli,Aminoglycosides,2017,RO,Romania,15.20467836
Escherichia coli,Aminoglycosides,2017,SE,Sweden,6.49531087
Escherichia coli,Aminoglycosides,2017,SI,Slovenia,11.42857142
Escherichia coli,Aminoglycosides,2017,SK,Slovakia,22.51428571
Escherichia coli,Aminoglycosides,2017,UK,United Kingdom,9.95803376
Escherichia coli,Aminoglycosides,2018,AT,Austria,8.22649572
Escherichia coli,Aminoglycosides,2018,BE,Belgium,7.40450026
Escherichia coli,Aminoglycosides,2018,BG,Bulgaria,28.36363636
Escherichia coli,Aminoglycosides,2018,CY,Cyprus,19.86754966
Escherichia coli,Aminoglycosides,2018,CZ,Czechia,9.47021685
Escherichia coli,Aminoglycosides,2018,DE,Germany,6.8780623
Escherichia coli,Aminoglycosides,2018,DK,Denmark,5.7481921
Escherichia coli,Aminoglycosides,2018,EE,Estonia,6.24263839
Escherichia coli,Aminoglycosides,2018,EL,Greece,15.49295774
Escherichia coli,Aminoglycosides,2018,ES,Spain,14.12165572
Escherichia coli,Aminoglycosides,2018,FI,Finland,4.25752855
Escherichia coli,Aminoglycosides,2018,FR,France,7.39233086
Escherichia coli,Aminoglycosides,2018,HR,Croatia,14.87603305
Escherichia coli,Aminoglycosides,2018,HU,Hungary,17.40282685
Escherichia coli,Aminoglycosides,2018,IE,Ireland,11.73563928
Escherichia coli,Aminoglycosides,2018,IS,Iceland,6.09137055
Escherichia coli,Aminoglycosides,2018,IT,Italy,16.04301616
Escherichia coli,Aminoglycosides,2018,LT,Lithuania,7.88757932
Escherichia coli,Aminoglycosides,2018,LU,Luxembourg,7.3286052
Escherichia coli,Aminoglycosides,2018,LV,Latvia,8.90804597
Escherichia coli,Aminoglycosides,2018,MT,Malta,9.93975903
Escherichia coli,Aminoglycosides,2018,NL,Netherlands,6.30815709
Escherichia coli,Aminoglycosides,2018,NO,Norway,5.74742268
Escherichia coli,Aminoglycosides,2018,PL,Poland,15.10820743
Escherichia coli,Aminoglycosides,2018,PT,Portugal,12.15450643
Escherichia coli,Aminoglycosides,2018,RO,Romania,12.788906
Escherichia coli,Aminoglycosides,2018,SE,Sweden,7.73521755
Escherichia coli,Aminoglycosides,2018,SI,Slovenia,9.41247002
Escherichia coli,Aminoglycosides,2018,SK,Slovakia,21.56862745
Escherichia coli,Aminoglycosides,2018,UK,United Kingdom,10.47355148
Escherichia coli,Aminoglycosides,2019,AT,Austria,6.94854146
Escherichia coli,Aminoglycosides,2019,BE,Belgium,6.90973992
Escherichia coli,Aminoglycosides,2019,BG,Bulgaria,24.43181818
Escherichia coli,Aminoglycosides,2019,CY,Cyprus,10.86956521
Escherichia coli,Aminoglycosides,2019,CZ,Czechia,11.40769879
Escherichia coli,Aminoglycosides,2019,DE,Germany,8.31665941
Escherichia coli,Aminoglycosides,2019,DK,Denmark,5.46526165
Escherichia coli,Aminoglycosides,2019,EE,Estonia,5.29217199
Escherichia coli,Aminoglycosides,2019,EL,Greece,12.93532338
Escherichia coli,Aminoglycosides,2019,ES,Spain,13.55973025
Escherichia coli,Aminoglycosides,2019,FI,Finland,4.78774956
Escherichia coli,Aminoglycosides,2019,FR,France,7.01286834
Escherichia coli,Aminoglycosides,2019,HR,Croatia,14.83812949
Escherichia coli,Aminoglycosides,2019,HU,Hungary,15.71961841
Escherichia coli,Aminoglycosides,2019,IE,Ireland,11.75742574
Escherichia coli,Aminoglycosides,2019,IS,Iceland,4.6875
Escherichia coli,Aminoglycosides,2019,IT,Italy,15.90686541
Escherichia coli,Aminoglycosides,2019,LT,Lithuania,7.61736049
Escherichia coli,Aminoglycosides,2019,LU,Luxembourg,10.16260162
Escherichia coli,Aminoglycosides,2019,LV,Latvia,11.59090909
Escherichia coli,Aminoglycosides,2019,MT,Malta,9.93975903
Escherichia coli,Aminoglycosides,2019,NL,Netherlands,6.98534447
Escherichia coli,Aminoglycosides,2019,NO,Norway,5.59646539
Escherichia coli,Aminoglycosides,2019,PL,Poland,12.62433052
Escherichia coli,Aminoglycosides,2019,PT,Portugal,12.05662725
Escherichia coli,Aminoglycosides,2019,RO,Romania,11.61616161
Escherichia coli,Aminoglycosides,2019,SE,Sweden,6.01487778
Escherichia coli,Aminoglycosides,2019,SI,Slovenia,7.82608695
Escherichia coli,Aminoglycosides,2019,SK,Slovakia,16.64698937
Escherichia coli,Aminoglycosides,2019,UK,United Kingdom,10.66408302
Escherichia coli,Aminoglycosides,2020,AT,Austria,6.24640735
Escherichia coli,Aminoglycosides,2020,BE,Belgium,7.46753246
Escherichia coli,Aminoglycosides,2020,BG,Bulgaria,34.24657534
Escherichia coli,Aminoglycosides,2020,CY,Cyprus,21.05263157
Escherichia coli,Aminoglycosides,2020,CZ,Czechia,10.17005668
Escherichia coli,Aminoglycosides,2020,DE,Germany,7.50258074
Escherichia coli,Aminoglycosides,2020,DK,Denmark,5.53662691
Escherichia coli,Aminoglycosides,2020,EE,Estonia,5.47520661
Escherichia coli,Aminoglycosides,2020,EL,Greece,18.68327402
Escherichia coli,Aminoglycosides,2020,ES,Spain,13.61604291
Escherichia coli,Aminoglycosides,2020,FI,Finland,5.71375395
Escherichia coli,Aminoglycosides,2020,FR,France,6.66254357
Escherichia coli,Aminoglycosides,2020,HR,Croatia,14.85507246
Escherichia coli,Aminoglycosides,2020,HU,Hungary,16.68372569
Escherichia coli,Aminoglycosides,2020,IE,Ireland,10.63531063
Escherichia coli,Aminoglycosides,2020,IS,Iceland,7.75510204
Escherichia coli,Aminoglycosides,2020,IT,Italy,14.94387017
Escherichia coli,Aminoglycosides,2020,LT,Lithuania,10.25416301
Escherichia coli,Aminoglycosides,2020,LU,Luxembourg,8.87850467
Escherichia coli,Aminoglycosides,2020,LV,Latvia,11.40583554
Escherichia coli,Aminoglycosides,2020,MT,Malta,12.63537906
Escherichia coli,Aminoglycosides,2020,NL,Netherlands,6.41761174
Escherichia coli,Aminoglycosides,2020,NO,Norway,5.66037735
Escherichia coli,Aminoglycosides,2020,PL,Poland,14.5105755
Escherichia coli,Aminoglycosides,2020,PT,Portugal,11.67933655
Escherichia coli,Aminoglycosides,2020,RO,Romania,10.89918256
Escherichia coli,Aminoglycosides,2020,SE,Sweden,5.88414634
Escherichia coli,Aminoglycosides,2020,SI,Slovenia,6.80693069
Escherichia coli,Aminoglycosides,2020,SK,Slovakia,18.46785225
Escherichia coli,Aminoglycosides,2021,AT,Austria,5.75187969
Escherichia coli,Aminoglycosides,2021,BE,Belgium,6.06983829
Escherichia coli,Aminoglycosides,2021,BG,Bulgaria,26.99619771
Escherichia coli,Aminoglycosides,2021,CY,Cyprus,19.79166666
Escherichia coli,Aminoglycosides,2021,CZ,Czechia,9.60817717
Escherichia coli,Aminoglycosides,2021,DE,Germany,5.59624002
Escherichia coli,Aminoglycosides,2021,DK,Denmark,4.3543294
Escherichia coli,Aminoglycosides,2021,EE,Estonia,5.50755939
Escherichia coli,Aminoglycosides,2021,EL,Greece,18.63699582
Escherichia coli,Aminoglycosides,2021,ES,Spain,12.39592969
Escherichia coli,Aminoglycosides,2021,FI,Finland,4.13650465
Escherichia coli,Aminoglycosides,2021,FR,France,5.82337279
Escherichia coli,Aminoglycosides,2021,HR,Croatia,11.72413793
Escherichia coli,Aminoglycosides,2021,HU,Hungary,17.49696233
Escherichia coli,Aminoglycosides,2021,IE,Ireland,9.57300275
Escherichia coli,Aminoglycosides,2021,IS,Iceland,9.35251798
Escherichia coli,Aminoglycosides,2021,IT,Italy,13.49845491
Escherichia coli,Aminoglycosides,2021,LT,Lithuania,8.32602979
Escherichia coli,Aminoglycosides,2021,LU,Luxembourg,8.75706214
Escherichia coli,Aminoglycosides,2021,LV,Latvia,10.91370558
Escherichia coli,Aminoglycosides,2021,MT,Malta,12.7090301
Escherichia coli,Aminoglycosides,2021,NL,Netherlands,5.99148418
Escherichia coli,Aminoglycosides,2021,NO,Norway,5.39202917
Escherichia coli,Aminoglycosides,2021,PL,Poland,13.72369624
Escherichia coli,Aminoglycosides,2021,PT,Portugal,10.61552185
Escherichia coli,Aminoglycosides,2021,RO,Romania,10.591133
Escherichia coli,Aminoglycosides,2021,SE,Sweden,5.98116321
Escherichia coli,Aminoglycosides,2021,SI,Slovenia,6.60321237
Escherichia coli,Aminoglycosides,2021,SK,Slovakia,14.17797888
Escherichia coli,Aminoglycosides,2022,AT,Austria,5.48033526
Escherichia coli,Aminoglycosides,2022,BE,Belgium,6.40235735
Escherichia coli,Aminoglycosides,2022,BG,Bulgaria,24.26778242
Escherichia coli,Aminoglycosides,2022,CY,Cyprus,15.17857142
Escherichia coli,Aminoglycosides,2022,CZ,Czechia,9.4196804
Escherichia coli,Aminoglycosides,2022,DE,Germany,5.13718803
Escherichia coli,Aminoglycosides,2022,DK,Denmark,4.75545777
Escherichia coli,Aminoglycosides,2022,EE,Estonia,5.59440559
Escherichia coli,Aminoglycosides,2022,EL,Greece,19.04761904
Escherichia coli,Aminoglycosides,2022,ES,Spain,12.47998291
Escherichia coli,Aminoglycosides,2022,FI,Finland,4.44240897
Escherichia coli,Aminoglycosides,2022,FR,France,6.15094339
Escherichia coli,Aminoglycosides,2022,HR,Croatia,16.04060913
Escherichia coli,Aminoglycosides,2022,HU,Hungary,16.32174931
Escherichia coli,Aminoglycosides,2022,IE,Ireland,8.65512649
Escherichia coli,Aminoglycosides,2022,IS,Iceland,7.65957446
Escherichia coli,Aminoglycosides,2022,IT,Italy,14.19757937
Escherichia coli,Aminoglycosides,2022,LI,Liechtenstein,
Escherichia coli,Aminoglycosides,2022,LT,Lithuania,8.33333333
Escherichia coli,Aminoglycosides,2022,LU,Luxembourg,7.24946695
Escherichia coli,Aminoglycosides,2022,LV,Latvia,11.80124223
Escherichia coli,Aminoglycosides,2022,MT,Malta,11.96319018
Escherichia coli,Aminoglycosides,2022,NL,Netherlands,6.16685144
Escherichia coli,Aminoglycosides,2022,NO,Norway,5.40328895
Escherichia coli,Aminoglycosides,2022,PL,Poland,12.32578397
Escherichia coli,Aminoglycosides,2022,PT,Portugal,11.7063492
Escherichia coli,Aminoglycosides,2022,RO,Romania,11.96013289
Escherichia coli,Aminoglycosides,2022,SE,Sweden,5.65930419
Escherichia coli,Aminoglycosides,2022,SI,Slovenia,7.95180722
Escherichia coli,Aminoglycosides,2022,SK,Slovakia,13.79310344
Escherichia coli,Aminoglycosides,2023,AT,Austria,5.35600425
Escherichia coli,Aminoglycosides,2023,BE,Belgium,7.5761327
Escherichia coli,Aminoglycosides,2023,BG,Bulgaria,28.43137254
Escherichia coli,Aminoglycosides,2023,CY,Cyprus,18.48484848
Escherichia coli,Aminoglycosides,2023,CZ,Czechia,9.76361767
Escherichia coli,Aminoglycosides,2023,DE,Germany,5.38582402
Escherichia coli,Aminoglycosides,2023,DK,Denmark,4.4870697
Escherichia coli,Aminoglycosides,2023,EE,Estonia,4.93482309
Escherichia coli,Aminoglycosides,2023,EL,Greece,20.62363238
Escherichia coli,Aminoglycosides,2023,ES,Spain,12.30096784
Escherichia coli,Aminoglycosides,2023,FI,Finland,4.83376562
Escherichia coli,Aminoglycosides,2023,HR,Croatia,17.76923076
Escherichia coli,Aminoglycosides,2023,HU,Hungary,14.77850399
Escherichia coli,Aminoglycosides,2023,IE,Ireland,8.74316939
Escherichia coli,Aminoglycosides,2023,IS,Iceland,5.42635658
Escherichia coli,Aminoglycosides,2023,IT,Italy,16.01035182
Escherichia coli,Aminoglycosides,2023,LI,Liechtenstein,
Escherichia coli,Aminoglycosides,2023,LT,Lithuania,11.33740665
Escherichia coli,Aminoglycosides,2023,LU,Luxembourg,9.97830802
Escherichia coli,Aminoglycosides,2023,LV,Latvia,15.06550218
Escherichia coli,Aminoglycosides,2023,MT,Malta,10.33653846
Escherichia coli,Aminoglycosides,2023,NL,Netherlands,5.19066445
Escherichia coli,Aminoglycosides,2023,NO,Norway,5.52347476
Escherichia coli,Aminoglycosides,2023,PL,Poland,14.13669064
Escherichia coli,Aminoglycosides,2023,PT,Portugal,13.17309193
Escherichia coli,Aminoglycosides,2023,RO,Romania,12.716763
Escherichia coli,Aminoglycosides,2023,SE,Sweden,6.16016427
Escherichia coli,Aminoglycosides,2023,SI,Slovenia,6.95546064
Escherichia coli,Aminoglycosides,2023,SK,Slovakia,13.81294964
Escherichia coli,Aminoglycosides,2024,AT,Austria,6.1315496
Escherichia coli,Aminoglycosides,2024,BE,Belgium,8.24305228
Escherichia coli,Aminoglycosides,2024,BG,Bulgaria,21.42857142
Escherichia coli,Aminoglycosides,2024,CY,Cyprus,18.25
Escherichia coli,Aminoglycosides,2024,CZ,Czechia,9.58069805
Escherichia coli,Aminoglycosides,2024,DE,Germany,5.52985751
Escherichia coli,Aminoglycosides,2024,DK,Denmark,4.53096157
Escherichia coli,Aminoglycosides,2024,EE,Estonia,5.12104283
Escherichia coli,Aminoglycosides,2024,EL,Greece,18.87034659
Escherichia coli,Aminoglycosides,2024,ES,Spain,12.80924634
Escherichia coli,Aminoglycosides,2024,FI,Finland,4.54985479
Escherichia coli,Aminoglycosides,2024,FR,France,7.03463203
Escherichia coli,Aminoglycosides,2024,HR,Croatia,18.1042654
Escherichia coli,Aminoglycosides,2024,HU,Hungary,13.11314584
Escherichia coli,Aminoglycosides,2024,IE,Ireland,9.39667128
Escherichia coli,Aminoglycosides,2024,IS,Iceland,8.96551724
Escherichia coli,Aminoglycosides,2024,IT,Italy,16.75404385
Escherichia coli,Aminoglycosides,2024,LI,Liechtenstein,
Escherichia coli,Aminoglycosides,2024,LT,Lithuania,9.57876514
Escherichia coli,Aminoglycosides,2024,LU,Luxembourg,6.48854961
Escherichia coli,Aminoglycosides,2024,LV,Latvia,21.75273865
Escherichia coli,Aminoglycosides,2024,MT,Malta,29.61460446
Escherichia coli,Aminoglycosides,2024,NL,Netherlands,5.92477532
Escherichia coli,Aminoglycosides,2024,NO,Norway,5.83501006
Escherichia coli,Aminoglycosides,2024,PL,Poland,13.31369661
Escherichia coli,Aminoglycosides,2024,PT,Portugal,13.64702635
Escherichia coli,Aminoglycosides,2024,RO,Romania,12.28668941
Escherichia coli,Aminoglycosides,2024,SE,Sweden,6.94976696
Escherichia coli,Aminoglycosides,2024,SI,Slovenia,7.60678759
Escherichia coli,Aminoglycosides,2024,SK,Slovakia,13.51351351
Escherichia coli,Carbapenems,2000,EL,Greece,1.06382978
Escherichia coli,Carbapenems,2000,NL,Netherlands,0.28901734
Escherichia coli,Carbapenems,2000,NO,Norway,0.16181229
Escherichia coli,Carbapenems,2001,AT,Austria,0.0
Escherichia coli,Carbapenems,2001,BG,Bulgaria,0.0
Escherichia coli,Carbapenems,2001,CZ,Czechia,0.0
Escherichia coli,Carbapenems,2001,DE,Germany,0.0
Escherichia coli,Carbapenems,2001,EE,Estonia,0.0
Escherichia coli,Carbapenems,2001,EL,Greece,1.01522842
Escherichia coli,Carbapenems,2001,ES,Spain,0.09487666
Escherichia coli,Carbapenems,2001,FI,Finland,0.0
Escherichia coli,Carbapenems,2001,HR,Croatia,0.0
Escherichia coli,Carbapenems,2001,HU,Hungary,0.0
Escherichia coli,Carbapenems,2001,IS,Iceland,0.0
Escherichia coli,Carbapenems,2001,LU,Luxembourg,0.0
Escherichia coli,Carbapenems,2001,MT,Malta,0.0
Escherichia coli,Carbapenems,2001,NL,Netherlands,0.10718113
Escherichia coli,Carbapenems,2001,NO,Norway,0.0
Escherichia coli,Carbapenems,2001,PL,Poland,
Escherichia coli,Carbapenems,2002,AT,Austria,0.0
Escherichia coli,Carbapenems,2002,BG,Bulgaria,0.0
Escherichia coli,Carbapenems,2002,DE,Germany,0.0
Escherichia coli,Carbapenems,2002,EE,Estonia,0.0
Escherichia coli,Carbapenems,2002,EL,Greece,0.35971223
Escherichia coli,Carbapenems,2002,ES,Spain,0.0
Escherichia coli,Carbapenems,2002,FI,Finland,0.0
Escherichia coli,Carbapenems,2002,FR,France,0.0
Escherichia coli,Carbapenems,2002,HR,Croatia,0.0
Escherichia coli,Carbapenems,2002,HU,Hungary,0.0
Escherichia coli,Carbapenems,2002,IE,Ireland,0.0
Escherichia coli,Carbapenems,2002,IS,Iceland,0.0
Escherichia coli,Carbapenems,2002,LU,Luxembourg,0.0
Escherichia coli,Carbapenems,2002,MT,Malta,0.0
Escherichia coli,Carbapenems,2002,NL,Netherlands,0.0
Escherichia coli,Carbapenems,2002,NO,Norway,0.13280212
Escherichia coli,Carbapenems,2002,PL,Poland,
Escherichia coli,Carbapenems,2002,RO,Romania,0.0
Escherichia coli,Carbapenems,2002,SI,Slovenia,0.0
Escherichia coli,Carbapenems,2002,SK,Slovakia,0.67567567
Escherichia coli,Carbapenems,2003,AT,Austria,0.15082956
Escherichia coli,Carbapenems,2003,BG,Bulgaria,0.0
Escherichia coli,Carbapenems,2003,CY,Cyprus,
Escherichia coli,Carbapenems,2003,DE,Germany,0.0
Escherichia coli,Carbapenems,2003,EE,Estonia,0.0
Escherichia coli,Carbapenems,2003,EL,Greece,0.38095238
Escherichia coli,Carbapenems,2003,ES,Spain,0.0
Escherichia coli,Carbapenems,2003,FI,Finland,0.0
Escherichia coli,Carbapenems,2003,FR,France,0.0
Escherichia coli,Carbapenems,2003,HR,Croatia,0.0
Escherichia coli,Carbapenems,2003,HU,Hungary,0.0
Escherichia coli,Carbapenems,2003,IE,Ireland,0.13422818
Escherichia coli,Carbapenems,2003,IS,Iceland,0.0
Escherichia coli,Carbapenems,2003,LU,Luxembourg,0.0
Escherichia coli,Carbapenems,2003,MT,Malta,0.0
Escherichia coli,Carbapenems,2003,NL,Netherlands,0.0
Escherichia coli,Carbapenems,2003,NO,Norway,0.0
Escherichia coli,Carbapenems,2003,RO,Romania,0.0
Escherichia coli,Carbapenems,2003,SI,Slovenia,0.0
Escherichia coli,Carbapenems,2003,SK,Slovakia,0.0
Escherichia coli,Carbapenems,2004,AT,Austria,0.23809523
Escherichia coli,Carbapenems,2004,BG,Bulgaria,0.0
Escherichia coli,Carbapenems,2004,CY,Cyprus,0.0
Escherichia coli,Carbapenems,2004,DE,Germany,0.69444444
Escherichia coli,Carbapenems,2004,EE,Estonia,0.0
Escherichia coli,Carbapenems,2004,EL,Greece,0.17905102
Escherichia coli,Carbapenems,2004,ES,Spain,0.0
Escherichia coli,Carbapenems,2004,FI,Finland,0.06583278
Escherichia coli,Carbapenems,2004,FR,France,0.0
Escherichia coli,Carbapenems,2004,HR,Croatia,0.0
Escherichia coli,Carbapenems,2004,HU,Hungary,0.23529411
Escherichia coli,Carbapenems,2004,IE,Ireland,0.0
Escherichia coli,Carbapenems,2004,IS,Iceland,0.0
Escherichia coli,Carbapenems,2004,LU,Luxembourg,0.0
Escherichia coli,Carbapenems,2004,MT,Malta,0.0
Escherichia coli,Carbapenems,2004,NL,Netherlands,0.25531914
Escherichia coli,Carbapenems,2004,NO,Norway,0.0
Escherichia coli,Carbapenems,2004,PL,Poland,
Escherichia coli,Carbapenems,2004,RO,Romania,2.7027027
Escherichia coli,Carbapenems,2004,SI,Slovenia,0.0
Escherichia coli,Carbapenems,2004,SK,Slovakia,0.0
Escherichia coli,Carbapenems,2005,AT,Austria,0.2108222
Escherichia coli,Carbapenems,2005,BG,Bulgaria,0.0
Escherichia coli,Carbapenems,2005,CY,Cyprus,0.0
Escherichia coli,Carbapenems,2005,CZ,Czechia,0.0
Escherichia coli,Carbapenems,2005,DE,Germany,0.24752475
Escherichia coli,Carbapenems,2005,DK,Denmark,0.0
Escherichia coli,Carbapenems,2005,EE,Estonia,0.0
Escherichia coli,Carbapenems,2005,EL,Greece,0.35335689
Escherichia coli,Carbapenems,2005,ES,Spain,0.03624501
Escherichia coli,Carbapenems,2005,FI,Finland,0.0
Escherichia coli,Carbapenems,2005,FR,France,0.0
Escherichia coli,Carbapenems,2005,HR,Croatia,0.0
Escherichia coli,Carbapenems,2005,HU,Hungary,0.10405827
Escherichia coli,Carbapenems,2005,IE,Ireland,0.0
Escherichia coli,Carbapenems,2005,IS,Iceland,0.0
Escherichia coli,Carbapenems,2005,LU,Luxembourg,0.0
Escherichia coli,Carbapenems,2005,MT,Malta,0.0
Escherichia coli,Carbapenems,2005,NL,Netherlands,0.07168458
Escherichia coli,Carbapenems,2005,NO,Norway,0.0
Escherichia coli,Carbapenems,2005,PL,Poland,
Escherichia coli,Carbapenems,2005,RO,Romania,0.0
Escherichia coli,Carbapenems,2005,SE,Sweden,0.0
Escherichia coli,Carbapenems,2005,SI,Slovenia,0.0
Escherichia coli,Carbapenems,2005,SK,Slovakia,0.0
Escherichia coli,Carbapenems,2006,AT,Austria,0.28392958
Escherichia coli,Carbapenems,2006,BG,Bulgaria,0.0
Escherichia coli,Carbapenems,2006,CY,Cyprus,0.0
Escherichia coli,Carbapenems,2006,CZ,Czechia,0.0
Escherichia coli,Carbapenems,2006,DE,Germany,0.1345895
Escherichia coli,Carbapenems,2006,DK,Denmark,0.6060606
Escherichia coli,Carbapenems,2006,EE,Estonia,0.0
Escherichia coli,Carbapenems,2006,EL,Greece,0.40749796
Escherichia coli,Carbapenems,2006,ES,Spain,0.03229974
Escherichia coli,Carbapenems,2006,FI,Finland,0.0
Escherichia coli,Carbapenems,2006,FR,France,0.0
Escherichia coli,Carbapenems,2006,HR,Croatia,0.0
Escherichia coli,Carbapenems,2006,HU,Hungary,0.19398642
Escherichia coli,Carbapenems,2006,IE,Ireland,0.0
Escherichia coli,Carbapenems,2006,IS,Iceland,0.0
Escherichia coli,Carbapenems,2006,LT,Lithuania,0.0
Escherichia coli,Carbapenems,2006,LU,Luxembourg,
Escherichia coli,Carbapenems,2006,LV,Latvia,0.0
Escherichia coli,Carbapenems,2006,MT,Malta,0.0
Escherichia coli,Carbapenems,2006,NL,Netherlands,0.04730368
Escherichia coli,Carbapenems,2006,NO,Norway,0.07230657
Escherichia coli,Carbapenems,2006,PL,Poland,
Escherichia coli,Carbapenems,2006,RO,Romania,3.03030303
Escherichia coli,Carbapenems,2006,SE,Sweden,
Escherichia coli,Carbapenems,2006,SI,Slovenia,0.0
Escherichia coli,Carbapenems,2006,UK,United Kingdom,0.20422055
Escherichia coli,Carbapenems,2007,AT,Austria,0.19389238
Escherichia coli,Carbapenems,2007,BG,Bulgaria,0.0
Escherichia coli,Carbapenems,2007,CY,Cyprus,1.85185185
Escherichia coli,Carbapenems,2007,CZ,Czechia,0.22547914
Escherichia coli,Carbapenems,2007,DE,Germany,0.2096436
Escherichia coli,Carbapenems,2007,DK,Denmark,0.0
Escherichia coli,Carbapenems,2007,EE,Estonia,0.0
Escherichia coli,Carbapenems,2007,EL,Greece,0.08230452
Escherichia coli,Carbapenems,2007,ES,Spain,0.0
Escherichia coli,Carbapenems,2007,FI,Finland,0.0
Escherichia coli,Carbapenems,2007,FR,France,0.0
Escherichia coli,Carbapenems,2007,HR,Croatia,0.11709601
Escherichia coli,Carbapenems,2007,HU,Hungary,0.0
Escherichia coli,Carbapenems,2007,IE,Ireland,0.0
Escherichia coli,Carbapenems,2007,IS,Iceland,0.0
Escherichia coli,Carbapenems,2007,IT,Italy,0.10224948
Escherichia coli,Carbapenems,2007,LT,Lithuania,0.0
Escherichia coli,Carbapenems,2007,LU,Luxembourg,0.0
Escherichia coli,Carbapenems,2007,LV,Latvia,0.0
Escherichia coli,Carbapenems,2007,MT,Malta,0.0
Escherichia coli,Carbapenems,2007,NL,Netherlands,0.05359056
Escherichia coli,Carbapenems,2007,NO,Norway,0.0
Escherichia coli,Carbapenems,2007,PL,Poland,
Escherichia coli,Carbapenems,2007,PT,Portugal,0.41152263
Escherichia coli,Carbapenems,2007,RO,Romania,0.0
Escherichia coli,Carbapenems,2007,SE,Sweden,0.0
Escherichia coli,Carbapenems,2007,SI,Slovenia,0.0
Escherichia coli,Carbapenems,2007,UK,United Kingdom,0.06480881
Escherichia coli,Carbapenems,2008,AT,Austria,0.166044
Escherichia coli,Carbapenems,2008,BG,Bulgaria,0.0
Escherichia coli,Carbapenems,2008,CY,Cyprus,0.0
Escherichia coli,Carbapenems,2008,CZ,Czechia,0.04732607
Escherichia coli,Carbapenems,2008,DE,Germany,0.0
Escherichia coli,Carbapenems,2008,DK,Denmark,0.05151983
Escherichia coli,Carbapenems,2008,EE,Estonia,0.88495575
Escherichia coli,Carbapenems,2008,EL,Greece,0.34674063
Escherichia coli,Carbapenems,2008,ES,Spain,0.0
Escherichia coli,Carbapenems,2008,FI,Finland,0.04826254
Escherichia coli,Carbapenems,2008,FR,France,0.01418238
Escherichia coli,Carbapenems,2008,HR,Croatia,0.0
Escherichia coli,Carbapenems,2008,HU,Hungary,0.10152284
Escherichia coli,Carbapenems,2008,IE,Ireland,0.0
Escherichia coli,Carbapenems,2008,IS,Iceland,0.0
Escherichia coli,Carbapenems,2008,IT,Italy,0.0
Escherichia coli,Carbapenems,2008,LT,Lithuania,0.0
Escherichia coli,Carbapenems,2008,LU,Luxembourg,
Escherichia coli,Carbapenems,2008,LV,Latvia,0.0
Escherichia coli,Carbapenems,2008,MT,Malta,0.0
Escherichia coli,Carbapenems,2008,NL,Netherlands,0.04508566
Escherichia coli,Carbapenems,2008,NO,Norway,0.06476683
Escherichia coli,Carbapenems,2008,PL,Poland,
Escherichia coli,Carbapenems,2008,PT,Portugal,0.0
Escherichia coli,Carbapenems,2008,RO,Romania,0.0
Escherichia coli,Carbapenems,2008,SE,Sweden,0.0
Escherichia coli,Carbapenems,2008,SI,Slovenia,0.0
Escherichia coli,Carbapenems,2008,UK,United Kingdom,0.13927576
Escherichia coli,Carbapenems,2009,AT,Austria,0.14251781
Escherichia coli,Carbapenems,2009,BG,Bulgaria,0.66225165
Escherichia coli,Carbapenems,2009,CY,Cyprus,0.0
Escherichia coli,Carbapenems,2009,CZ,Czechia,0.05966587
Escherichia coli,Carbapenems,2009,DE,Germany,0.0
Escherichia coli,Carbapenems,2009,DK,Denmark,0.0
Escherichia coli,Carbapenems,2009,EE,Estonia,0.0
Escherichia coli,Carbapenems,2009,EL,Greece,0.71823204
Escherichia coli,Carbapenems,2009,ES,Spain,0.0
Escherichia coli,Carbapenems,2009,FI,Finland,0.0
Escherichia coli,Carbapenems,2009,FR,France,0.02586987
Escherichia coli,Carbapenems,2009,HU,Hungary,0.0
Escherichia coli,Carbapenems,2009,IE,Ireland,0.0
Escherichia coli,Carbapenems,2009,IS,Iceland,0.0
Escherichia coli,Carbapenems,2009,IT,Italy,0.0
Escherichia coli,Carbapenems,2009,LT,Lithuania,0.0
Escherichia coli,Carbapenems,2009,LU,Luxembourg,0.0
Escherichia coli,Carbapenems,2009,LV,Latvia,2.35294117
Escherichia coli,Carbapenems,2009,MT,Malta,1.26582278
Escherichia coli,Carbapenems,2009,NL,Netherlands,0.0
Escherichia coli,Carbapenems,2009,NO,Norway,0.0
Escherichia coli,Carbapenems,2009,PL,Poland,0.0
Escherichia coli,Carbapenems,2009,PT,Portugal,0.18007202
Escherichia coli,Carbapenems,2009,RO,Romania,
Escherichia coli,Carbapenems,2009,SE,Sweden,
Escherichia coli,Carbapenems,2009,SI,Slovenia,0.0
Escherichia coli,Carbapenems,2009,UK,United Kingdom,0.02891008
Escherichia coli,Carbapenems,2010,AT,Austria,0.04056795
Escherichia coli,Carbapenems,2010,BE,Belgium,0.0
Escherichia coli,Carbapenems,2010,BG,Bulgaria,0.0
Escherichia coli,Carbapenems,2010,CY,Cyprus,0.72463768
Escherichia coli,Carbapenems,2010,CZ,Czechia,0.06071645
Escherichia coli,Carbapenems,2010,DE,Germany,0.03411804
Escherichia coli,Carbapenems,2010,DK,Denmark,0.0
Escherichia coli,Carbapenems,2010,EE,Estonia,0.0
Escherichia coli,Carbapenems,2010,EL,Greece,0.3949967
Escherichia coli,Carbapenems,2010,ES,Spain,0.01755617
Escherichia coli,Carbapenems,2010,FI,Finland,0.0
Escherichia coli,Carbapenems,2010,FR,France,0.0
Escherichia coli,Carbapenems,2010,HR,Croatia,0.34403669
Escherichia coli,Carbapenems,2010,HU,Hungary,0.1525553
Escherichia coli,Carbapenems,2010,IE,Ireland,0.0
Escherichia coli,Carbapenems,2010,IS,Iceland,0.0
Escherichia coli,Carbapenems,2010,IT,Italy,0.1156961
Escherichia coli,Carbapenems,2010,LT,Lithuania,0.0
Escherichia coli,Carbapenems,2010,LU,Luxembourg,0.0
Escherichia coli,Carbapenems,2010,LV,Latvia,0.0
Escherichia coli,Carbapenems,2010,MT,Malta,0.0
Escherichia coli,Carbapenems,2010,NL,Netherlands,0.08216926
Escherichia coli,Carbapenems,2010,NO,Norway,0.0
Escherichia coli,Carbapenems,2010,PL,Poland,0.14224751
Escherichia coli,Carbapenems,2010,PT,Portugal,0.27720027
Escherichia coli,Carbapenems,2010,RO,Romania,0.0
Escherichia coli,Carbapenems,2010,SE,Sweden,0.02586652
Escherichia coli,Carbapenems,2010,SI,Slovenia,0.0
Escherichia coli,Carbapenems,2010,UK,United Kingdom,0.02484472
Escherichia coli,Carbapenems,2011,AT,Austria,0.03687315
Escherichia coli,Carbapenems,2011,BE,Belgium,0.0
Escherichia coli,Carbapenems,2011,BG,Bulgaria,0.0
Escherichia coli,Carbapenems,2011,CY,Cyprus,0.72463768
Escherichia coli,Carbapenems,2011,CZ,Czechia,0.0
Escherichia coli,Carbapenems,2011,DE,Germany,0.02783189
Escherichia coli,Carbapenems,2011,DK,Denmark,0.0
Escherichia coli,Carbapenems,2011,EE,Estonia,0.0
Escherichia coli,Carbapenems,2011,EL,Greece,0.88731144
Escherichia coli,Carbapenems,2011,ES,Spain,0.01787949
Escherichia coli,Carbapenems,2011,FI,Finland,0.0
Escherichia coli,Carbapenems,2011,FR,France,0.02352111
Escherichia coli,Carbapenems,2011,HR,Croatia,0.0
Escherichia coli,Carbapenems,2011,HU,Hungary,0.08688097
Escherichia coli,Carbapenems,2011,IE,Ireland,0.0
Escherichia coli,Carbapenems,2011,IT,Italy,0.16181229
Escherichia coli,Carbapenems,2011,LT,Lithuania,
Escherichia coli,Carbapenems,2011,LU,Luxembourg,0.0
Escherichia coli,Carbapenems,2011,LV,Latvia,0.0
Escherichia coli,Carbapenems,2011,MT,Malta,0.0
Escherichia coli,Carbapenems,2011,NL,Netherlands,0.12903225
Escherichia coli,Carbapenems,2011,NO,Norway,0.03863987
Escherichia coli,Carbapenems,2011,PL,Poland,0.09398496
Escherichia coli,Carbapenems,2011,PT,Portugal,0.0
Escherichia coli,Carbapenems,2011,RO,Romania,0.0
Escherichia coli,Carbapenems,2011,SE,Sweden,0.0
Escherichia coli,Carbapenems,2011,SI,Slovenia,0.0
Escherichia coli,Carbapenems,2011,SK,Slovakia,0.0
Escherichia coli,Carbapenems,2011,UK,United Kingdom,0.06465517
Escherichia coli,Carbapenems,2012,AT,Austria,0.05988023
Escherichia coli,Carbapenems,2012,BE,Belgium,0.02427773
Escherichia coli,Carbapenems,2012,BG,Bulgaria,2.61780104
Escherichia coli,Carbapenems,2012,CY,Cyprus,0.0
Escherichia coli,Carbapenems,2012,CZ,Czechia,0.05783689
Escherichia coli,Carbapenems,2012,DE,Germany,0.02390057
Escherichia coli,Carbapenems,2012,DK,Denmark,0.0
Escherichia coli,Carbapenems,2012,EE,Estonia,0.0
Escherichia coli,Carbapenems,2012,EL,Greece,1.43266475
Escherichia coli,Carbapenems,2012,ES,Spain,0.05291005
Escherichia coli,Carbapenems,2012,FI,Finland,0.0
Escherichia coli,Carbapenems,2012,FR,France,0.0
Escherichia coli,Carbapenems,2012,HR,Croatia,0.0
Escherichia coli,Carbapenems,2012,HU,Hungary,0.0
Escherichia coli,Carbapenems,2012,IE,Ireland,0.0
Escherichia coli,Carbapenems,2012,IT,Italy,0.26481297
Escherichia coli,Carbapenems,2012,LT,Lithuania,0.0
Escherichia coli,Carbapenems,2012,LU,Luxembourg,0.0
Escherichia coli,Carbapenems,2012,LV,Latvia,0.0
Escherichia coli,Carbapenems,2012,MT,Malta,0.0
Escherichia coli,Carbapenems,2012,NL,Netherlands,0.13538669
Escherichia coli,Carbapenems,2012,NO,Norway,0.0
Escherichia coli,Carbapenems,2012,PL,Poland,0.0
Escherichia coli,Carbapenems,2012,PT,Portugal,0.14698677
Escherichia coli,Carbapenems,2012,RO,Romania,0.0
Escherichia coli,Carbapenems,2012,SE,Sweden,0.01808645
Escherichia coli,Carbapenems,2012,SI,Slovenia,0.0
Escherichia coli,Carbapenems,2012,SK,Slovakia,1.06221547
Escherichia coli,Carbapenems,2012,UK,United Kingdom,0.21227325
Escherichia coli,Carbapenems,2013,AT,Austria,0.02349072
Escherichia coli,Carbapenems,2013,BE,Belgium,0.04710315
Escherichia coli,Carbapenems,2013,BG,Bulgaria,2.84090909
Escherichia coli,Carbapenems,2013,CY,Cyprus,0.0
Escherichia coli,Carbapenems,2013,CZ,Czechia,0.0
Escherichia coli,Carbapenems,2013,DE,Germany,0.09375585
Escherichia coli,Carbapenems,2013,DK,Denmark,0.03531073
Escherichia coli,Carbapenems,2013,EE,Estonia,0.0
Escherichia coli,Carbapenems,2013,EL,Greece,1.35350318
Escherichia coli,Carbapenems,2013,ES,Spain,0.74311771
Escherichia coli,Carbapenems,2013,FI,Finland,0.0
Escherichia coli,Carbapenems,2013,FR,France,0.11476264
Escherichia coli,Carbapenems,2013,HR,Croatia,0.0
Escherichia coli,Carbapenems,2013,HU,Hungary,0.14760147
Escherichia coli,Carbapenems,2013,IE,Ireland,0.04038772
Escherichia coli,Carbapenems,2013,IS,Iceland,
Escherichia coli,Carbapenems,2013,IT,Italy,0.62672348
Escherichia coli,Carbapenems,2013,LT,Lithuania,0.0
Escherichia coli,Carbapenems,2013,LU,Luxembourg,0.0
Escherichia coli,Carbapenems,2013,LV,Latvia,0.0
Escherichia coli,Carbapenems,2013,MT,Malta,0.0
Escherichia coli,Carbapenems,2013,NL,Netherlands,0.0
Escherichia coli,Carbapenems,2013,NO,Norway,0.06495615
Escherichia coli,Carbapenems,2013,PL,Poland,0.0
Escherichia coli,Carbapenems,2013,PT,Portugal,0.11244377
Escherichia coli,Carbapenems,2013,RO,Romania,0.0
Escherichia coli,Carbapenems,2013,SE,Sweden,0.02722199
Escherichia coli,Carbapenems,2013,SI,Slovenia,0.08169934
Escherichia coli,Carbapenems,2013,SK,Slovakia,0.0
Escherichia coli,Carbapenems,2013,UK,United Kingdom,0.04799232
Escherichia coli,Carbapenems,2014,AT,Austria,0.02173913
Escherichia coli,Carbapenems,2014,BE,Belgium,0.03825554
Escherichia coli,Carbapenems,2014,BG,Bulgaria,0.50761421
Escherichia coli,Carbapenems,2014,CY,Cyprus,0.0
Escherichia coli,Carbapenems,2014,CZ,Czechia,0.0
Escherichia coli,Carbapenems,2014,DE,Germany,0.06403073
Escherichia coli,Carbapenems,2014,DK,Denmark,0.02534211
Escherichia coli,Carbapenems,2014,EE,Estonia,0.0
Escherichia coli,Carbapenems,2014,EL,Greece,1.15864527
Escherichia coli,Carbapenems,2014,ES,Spain,0.05157297
Escherichia coli,Carbapenems,2014,FI,Finland,0.0
Escherichia coli,Carbapenems,2014,FR,France,0.01031672
Escherichia coli,Carbapenems,2014,HR,Croatia,0.0
Escherichia coli,Carbapenems,2014,HU,Hungary,0.0
Escherichia coli,Carbapenems,2014,IE,Ireland,0.03707823
Escherichia coli,Carbapenems,2014,IS,Iceland,
Escherichia coli,Carbapenems,2014,IT,Italy,0.21645021
Escherichia coli,Carbapenems,2014,LT,Lithuania,0.0
Escherichia coli,Carbapenems,2014,LU,Luxembourg,0.27173913
Escherichia coli,Carbapenems,2014,LV,Latvia,0.0
Escherichia coli,Carbapenems,2014,MT,Malta,0.0
Escherichia coli,Carbapenems,2014,NL,Netherlands,0.0
Escherichia coli,Carbapenems,2014,NO,Norway,0.0
Escherichia coli,Carbapenems,2014,PL,Poland,0.20429009
Escherichia coli,Carbapenems,2014,PT,Portugal,0.020008
Escherichia coli,Carbapenems,2014,RO,Romania,0.6557377
Escherichia coli,Carbapenems,2014,SE,Sweden,0.0
Escherichia coli,Carbapenems,2014,SI,Slovenia,0.0
Escherichia coli,Carbapenems,2014,SK,Slovakia,0.0
Escherichia coli,Carbapenems,2014,UK,United Kingdom,0.14135385
Escherichia coli,Carbapenems,2015,AT,Austria,0.0210084
Escherichia coli,Carbapenems,2015,BE,Belgium,0.0
Escherichia coli,Carbapenems,2015,BG,Bulgaria,0.0
Escherichia coli,Carbapenems,2015,CY,Cyprus,0.0
Escherichia coli,Carbapenems,2015,CZ,Czechia,0.0
Escherichia coli,Carbapenems,2015,DE,Germany,0.03321523
Escherichia coli,Carbapenems,2015,DK,Denmark,0.02471576
Escherichia coli,Carbapenems,2015,EE,Estonia,0.0
Escherichia coli,Carbapenems,2015,EL,Greece,1.15226337
Escherichia coli,Carbapenems,2015,ES,Spain,0.01562744
Escherichia coli,Carbapenems,2015,FI,Finland,0.0
Escherichia coli,Carbapenems,2015,FR,France,0.02862322
Escherichia coli,Carbapenems,2015,HR,Croatia,0.0
Escherichia coli,Carbapenems,2015,HU,Hungary,0.0
Escherichia coli,Carbapenems,2015,IE,Ireland,0.03824091
Escherichia coli,Carbapenems,2015,IT,Italy,0.19670958
Escherichia coli,Carbapenems,2015,LT,Lithuania,0.0
Escherichia coli,Carbapenems,2015,LU,Luxembourg,0.0
Escherichia coli,Carbapenems,2015,LV,Latvia,0.0
Escherichia coli,Carbapenems,2015,MT,Malta,0.0
Escherichia coli,Carbapenems,2015,NL,Netherlands,0.01414427
Escherichia coli,Carbapenems,2015,NO,Norway,0.0303306
Escherichia coli,Carbapenems,2015,PL,Poland,0.13342228
Escherichia coli,Carbapenems,2015,PT,Portugal,0.09338812
Escherichia coli,Carbapenems,2015,RO,Romania,1.90217391
Escherichia coli,Carbapenems,2015,SE,Sweden,0.07537214
Escherichia coli,Carbapenems,2015,SI,Slovenia,0.0
Escherichia coli,Carbapenems,2015,SK,Slovakia,0.0
Escherichia coli,Carbapenems,2015,UK,United Kingdom,0.25468437
Escherichia coli,Carbapenems,2016,AT,Austria,0.01947798
Escherichia coli,Carbapenems,2016,BE,Belgium,0.0520156
Escherichia coli,Carbapenems,2016,BG,Bulgaria,0.89285714
Escherichia coli,Carbapenems,2016,CY,Cyprus,0.0
Escherichia coli,Carbapenems,2016,CZ,Czechia,0.0
Escherichia coli,Carbapenems,2016,DE,Germany,0.0058153
Escherichia coli,Carbapenems,2016,DK,Denmark,0.0
Escherichia coli,Carbapenems,2016,EE,Estonia,0.0
Escherichia coli,Carbapenems,2016,EL,Greece,0.92095165
Escherichia coli,Carbapenems,2016,ES,Spain,0.05887547
Escherichia coli,Carbapenems,2016,FI,Finland,0.02069536
Escherichia coli,Carbapenems,2016,FR,France,0.00914996
Escherichia coli,Carbapenems,2016,HR,Croatia,0.0
Escherichia coli,Carbapenems,2016,HU,Hungary,0.0
Escherichia coli,Carbapenems,2016,IE,Ireland,0.033456
Escherichia coli,Carbapenems,2016,IS,Iceland,
Escherichia coli,Carbapenems,2016,IT,Italy,0.26203734
Escherichia coli,Carbapenems,2016,LT,Lithuania,0.0
Escherichia coli,Carbapenems,2016,LU,Luxembourg,0.0
Escherichia coli,Carbapenems,2016,LV,Latvia,0.0
Escherichia coli,Carbapenems,2016,MT,Malta,0.0
Escherichia coli,Carbapenems,2016,NL,Netherlands,0.01380262
Escherichia coli,Carbapenems,2016,NO,Norway,0.05530973
Escherichia coli,Carbapenems,2016,PL,Poland,0.0391696
Escherichia coli,Carbapenems,2016,PT,Portugal,0.01736111
Escherichia coli,Carbapenems,2016,RO,Romania,0.973236
Escherichia coli,Carbapenems,2016,SE,Sweden,0.08661758
Escherichia coli,Carbapenems,2016,SI,Slovenia,0.0
Escherichia coli,Carbapenems,2016,SK,Slovakia,0.0
Escherichia coli,Carbapenems,2016,UK,United Kingdom,0.030753
Escherichia coli,Carbapenems,2017,AT,Austria,0.01913143
Escherichia coli,Carbapenems,2017,BE,Belgium,0.0214041
Escherichia coli,Carbapenems,2017,BG,Bulgaria,0.0
Escherichia coli,Carbapenems,2017,CY,Cyprus,1.28205128
Escherichia coli,Carbapenems,2017,CZ,Czechia,0.0
Escherichia coli,Carbapenems,2017,DE,Germany,0.01307759
Escherichia coli,Carbapenems,2017,DK,Denmark,0.0195427
Escherichia coli,Carbapenems,2017,EE,Estonia,0.0
Escherichia coli,Carbapenems,2017,EL,Greece,1.56782549
Escherichia coli,Carbapenems,2017,ES,Spain,0.01659475
Escherichia coli,Carbapenems,2017,FI,Finland,0.0
Escherichia coli,Carbapenems,2017,FR,France,0.01557268
Escherichia coli,Carbapenems,2017,HR,Croatia,0.0
Escherichia coli,Carbapenems,2017,HU,Hungary,0.05032712
Escherichia coli,Carbapenems,2017,IE,Ireland,0.03209242
Escherichia coli,Carbapenems,2017,IS,Iceland,
Escherichia coli,Carbapenems,2017,IT,Italy,0.28846153
Escherichia coli,Carbapenems,2017,LT,Lithuania,0.0
Escherichia coli,Carbapenems,2017,LU,Luxembourg,0.0
Escherichia coli,Carbapenems,2017,LV,Latvia,0.0
Escherichia coli,Carbapenems,2017,MT,Malta,0.0
Escherichia coli,Carbapenems,2017,NL,Netherlands,0.01332267
Escherichia coli,Carbapenems,2017,NO,Norway,0.08036431
Escherichia coli,Carbapenems,2017,PL,Poland,0.03648303
Escherichia coli,Carbapenems,2017,PT,Portugal,0.32894736
Escherichia coli,Carbapenems,2017,RO,Romania,0.39215686
Escherichia coli,Carbapenems,2017,SE,Sweden,0.01733402
Escherichia coli,Carbapenems,2017,SI,Slovenia,0.0
Escherichia coli,Carbapenems,2017,SK,Slovakia,0.0
Escherichia coli,Carbapenems,2017,UK,United Kingdom,0.02327591
Escherichia coli,Carbapenems,2018,AT,Austria,0.07189072
Escherichia coli,Carbapenems,2018,BE,Belgium,0.06464124
Escherichia coli,Carbapenems,2018,BG,Bulgaria,1.36986301
Escherichia coli,Carbapenems,2018,CY,Cyprus,2.0
Escherichia coli,Carbapenems,2018,CZ,Czechia,0.05707762
Escherichia coli,Carbapenems,2018,DE,Germany,0.01821742
Escherichia coli,Carbapenems,2018,DK,Denmark,0.0
Escherichia coli,Carbapenems,2018,EE,Estonia,0.0
Escherichia coli,Carbapenems,2018,EL,Greece,1.03658536
Escherichia coli,Carbapenems,2018,ES,Spain,0.03785966
Escherichia coli,Carbapenems,2018,FI,Finland,0.01977456
Escherichia coli,Carbapenems,2018,FR,France,0.04839099
Escherichia coli,Carbapenems,2018,HR,Croatia,0.0
Escherichia coli,Carbapenems,2018,HU,Hungary,0.0
Escherichia coli,Carbapenems,2018,IE,Ireland,0.0
Escherichia coli,Carbapenems,2018,IS,Iceland,
Escherichia coli,Carbapenems,2018,IT,Italy,0.36888428
Escherichia coli,Carbapenems,2018,LT,Lithuania,0.0
Escherichia coli,Carbapenems,2018,LU,Luxembourg,0.0
Escherichia coli,Carbapenems,2018,LV,Latvia,0.0
Escherichia coli,Carbapenems,2018,MT,Malta,0.0
Escherichia coli,Carbapenems,2018,NL,Netherlands,0.01208897
Escherichia coli,Carbapenems,2018,NO,Norway,0.02577984
Escherichia coli,Carbapenems,2018,PL,Poland,0.12
Escherichia coli,Carbapenems,2018,PT,Portugal,0.53475935
Escherichia coli,Carbapenems,2018,RO,Romania,0.0
Escherichia coli,Carbapenems,2018,SE,Sweden,0.01855976
Escherichia coli,Carbapenems,2018,SI,Slovenia,0.0
Escherichia coli,Carbapenems,2018,SK,Slovakia,0.0
Escherichia coli,Carbapenems,2018,UK,United Kingdom,0.04162797
Escherichia coli,Carbapenems,2019,AT,Austria,0.0
Escherichia coli,Carbapenems,2019,BE,Belgium,0.05094243
Escherichia coli,Carbapenems,2019,BG,Bulgaria,0.0
Escherichia coli,Carbapenems,2019,CY,Cyprus,0.0
Escherichia coli,Carbapenems,2019,CZ,Czechia,0.0
Escherichia coli,Carbapenems,2019,DE,Germany,0.01282544
Escherichia coli,Carbapenems,2019,DK,Denmark,0.07172314
Escherichia coli,Carbapenems,2019,EE,Estonia,0.0
Escherichia coli,Carbapenems,2019,EL,Greece,0.98522167
Escherichia coli,Carbapenems,2019,ES,Spain,1.9410496
Escherichia coli,Carbapenems,2019,FI,Finland,0.0187582
Escherichia coli,Carbapenems,2019,FR,France,0.04748338
Escherichia coli,Carbapenems,2019,HR,Croatia,0.18348623
Escherichia coli,Carbapenems,2019,HU,Hungary,0.0
Escherichia coli,Carbapenems,2019,IE,Ireland,0.0
Escherichia coli,Carbapenems,2019,IS,Iceland,
Escherichia coli,Carbapenems,2019,IT,Italy,0.38042842
Escherichia coli,Carbapenems,2019,LT,Lithuania,0.17825311
Escherichia coli,Carbapenems,2019,LU,Luxembourg,0.60975609
Escherichia coli,Carbapenems,2019,LV,Latvia,0.0
Escherichia coli,Carbapenems,2019,MT,Malta,0.0
Escherichia coli,Carbapenems,2019,NL,Netherlands,0.0
Escherichia coli,Carbapenems,2019,NO,Norway,0.04950495
Escherichia coli,Carbapenems,2019,PL,Poland,0.0
Escherichia coli,Carbapenems,2019,PT,Portugal,0.06277463
Escherichia coli,Carbapenems,2019,RO,Romania,0.6006006
Escherichia coli,Carbapenems,2019,SE,Sweden,0.02124721
Escherichia coli,Carbapenems,2019,SI,Slovenia,0.0
Escherichia coli,Carbapenems,2019,SK,Slovakia,0.12738853
Escherichia coli,Carbapenems,2019,UK,United Kingdom,0.04052821
Escherichia coli,Carbapenems,2020,AT,Austria,0.09725734
Escherichia coli,Carbapenems,2020,BE,Belgium,0.02423654
Escherichia coli,Carbapenems,2020,BG,Bulgaria,0.76628352
Escherichia coli,Carbapenems,2020,CY,Cyprus,0.0
Escherichia coli,Carbapenems,2020,CZ,Czechia,0.13333333
Escherichia coli,Carbapenems,2020,DE,Germany,0.01756975
Escherichia coli,Carbapenems,2020,DK,Denmark,0.15410958
Escherichia coli,Carbapenems,2020,EE,Estonia,0.0
Escherichia coli,Carbapenems,2020,EL,Greece,0.53003533
Escherichia coli,Carbapenems,2020,ES,Spain,0.36952089
Escherichia coli,Carbapenems,2020,FI,Finland,0.01860465
Escherichia coli,Carbapenems,2020,FR,France,0.03924206
Escherichia coli,Carbapenems,2020,HR,Croatia,0.0
Escherichia coli,Carbapenems,2020,HU,Hungary,0.0
Escherichia coli,Carbapenems,2020,IE,Ireland,0.07092198
Escherichia coli,Carbapenems,2020,IS,Iceland,0.0
Escherichia coli,Carbapenems,2020,IT,Italy,0.47219598
Escherichia coli,Carbapenems,2020,LT,Lithuania,0.0
Escherichia coli,Carbapenems,2020,LU,Luxembourg,0.0
Escherichia coli,Carbapenems,2020,LV,Latvia,0.0
Escherichia coli,Carbapenems,2020,MT,Malta,0.0
Escherichia coli,Carbapenems,2020,NL,Netherlands,0.04006945
Escherichia coli,Carbapenems,2020,NO,Norway,0.02742731
Escherichia coli,Carbapenems,2020,PL,Poland,0.04807692
Escherichia coli,Carbapenems,2020,PT,Portugal,0.15429453
Escherichia coli,Carbapenems,2020,RO,Romania,0.66079295
Escherichia coli,Carbapenems,2020,SE,Sweden,0.0101564
Escherichia coli,Carbapenems,2020,SI,Slovenia,0.0
Escherichia coli,Carbapenems,2020,SK,Slovakia,0.14184397
Escherichia coli,Carbapenems,2021,AT,Austria,0.0192086
Escherichia coli,Carbapenems,2021,BE,Belgium,0.04235493
Escherichia coli,Carbapenems,2021,BG,Bulgaria,0.38022813
Escherichia coli,Carbapenems,2021,CY,Cyprus,1.04166666
Escherichia coli,Carbapenems,2021,CZ,Czechia,0.0
Escherichia coli,Carbapenems,2021,DE,Germany,0.04135791
Escherichia coli,Carbapenems,2021,DK,Denmark,0.10265183
Escherichia coli,Carbapenems,2021,EE,Estonia,0.0
Escherichia coli,Carbapenems,2021,EL,Greece,1.09890109
Escherichia coli,Carbapenems,2021,ES,Spain,0.14453187
Escherichia coli,Carbapenems,2021,FI,Finland,0.0
Escherichia coli,Carbapenems,2021,FR,France,0.05129374
Escherichia coli,Carbapenems,2021,HR,Croatia,0.0
Escherichia coli,Carbapenems,2021,HU,Hungary,0.0
Escherichia coli,Carbapenems,2021,IE,Ireland,0.0
Escherichia coli,Carbapenems,2021,IS,Iceland,0.0
Escherichia coli,Carbapenems,2021,IT,Italy,0.42625333
Escherichia coli,Carbapenems,2021,LT,Lithuania,0.2610966
Escherichia coli,Carbapenems,2021,LU,Luxembourg,0.0
Escherichia coli,Carbapenems,2021,LV,Latvia,0.0
Escherichia coli,Carbapenems,2021,MT,Malta,0.0
Escherichia coli,Carbapenems,2021,NL,Netherlands,0.04566905
Escherichia coli,Carbapenems,2021,NO,Norway,0.0
Escherichia coli,Carbapenems,2021,PL,Poland,0.13100436
Escherichia coli,Carbapenems,2021,PT,Portugal,0.32930845
Escherichia coli,Carbapenems,2021,RO,Romania,0.40160642
Escherichia coli,Carbapenems,2021,SE,Sweden,0.05646527
Escherichia coli,Carbapenems,2021,SI,Slovenia,0.0
Escherichia coli,Carbapenems,2021,SK,Slovakia,0.0
Escherichia coli,Carbapenems,2022,AT,Austria,0.12065151
Escherichia coli,Carbapenems,2022,BE,Belgium,0.0698324
Escherichia coli,Carbapenems,2022,BG,Bulgaria,0.0
Escherichia coli,Carbapenems,2022,CY,Cyprus,0.94339622
Escherichia coli,Carbapenems,2022,CZ,Czechia,0.17804154
Escherichia coli,Carbapenems,2022,DE,Germany,0.03532112
Escherichia coli,Carbapenems,2022,DK,Denmark,0.01792114
Escherichia coli,Carbapenems,2022,EE,Estonia,0.11709601
Escherichia coli,Carbapenems,2022,EL,Greece,1.53225806
Escherichia coli,Carbapenems,2022,ES,Spain,0.56550424
Escherichia coli,Carbapenems,2022,FI,Finland,0.0
Escherichia coli,Carbapenems,2022,FR,France,0.1059509
Escherichia coli,Carbapenems,2022,HR,Croatia,0.10204081
Escherichia coli,Carbapenems,2022,HU,Hungary,0.19880715
Escherichia coli,Carbapenems,2022,IE,Ireland,0.0
Escherichia coli,Carbapenems,2022,IS,Iceland,0.0
Escherichia coli,Carbapenems,2022,IT,Italy,0.2703602
Escherichia coli,Carbapenems,2022,LI,Liechtenstein,
Escherichia coli,Carbapenems,2022,LT,Lithuania,0.22918258
Escherichia coli,Carbapenems,2022,LU,Luxembourg,0.0
Escherichia coli,Carbapenems,2022,LV,Latvia,0.0
Escherichia coli,Carbapenems,2022,MT,Malta,0.0
Escherichia coli,Carbapenems,2022,NL,Netherlands,0.04160887
Escherichia coli,Carbapenems,2022,NO,Norway,0.02675227
Escherichia coli,Carbapenems,2022,PL,Poland,0.08159934
Escherichia coli,Carbapenems,2022,PT,Portugal,0.31704587
Escherichia coli,Carbapenems,2022,RO,Romania,0.57388809
Escherichia coli,Carbapenems,2022,SE,Sweden,0.03788596
Escherichia coli,Carbapenems,2022,SI,Slovenia,0.0
Escherichia coli,Carbapenems,2022,SK,Slovakia,0.0
Escherichia coli,Carbapenems,2023,AT,Austria,0.13081666
Escherichia coli,Carbapenems,2023,BE,Belgium,0.08067769
Escherichia coli,Carbapenems,2023,BG,Bulgaria,0.32679738
Escherichia coli,Carbapenems,2023,CY,Cyprus,0.90634441
Escherichia coli,Carbapenems,2023,CZ,Czechia,0.0
Escherichia coli,Carbapenems,2023,DE,Germany,0.04404922
Escherichia coli,Carbapenems,2023,DK,Denmark,0.03683241
Escherichia coli,Carbapenems,2023,EE,Estonia,0.0
Escherichia coli,Carbapenems,2023,EL,Greece,1.55329405
Escherichia coli,Carbapenems,2023,ES,Spain,0.05450779
Escherichia coli,Carbapenems,2023,FI,Finland,0.02343017
Escherichia coli,Carbapenems,2023,HR,Croatia,0.1537279
Escherichia coli,Carbapenems,2023,HU,Hungary,0.22321428
Escherichia coli,Carbapenems,2023,IE,Ireland,0.0651678
Escherichia coli,Carbapenems,2023,IS,Iceland,0.0
Escherichia coli,Carbapenems,2023,IT,Italy,0.43080041
Escherichia coli,Carbapenems,2023,LI,Liechtenstein,
Escherichia coli,Carbapenems,2023,LT,Lithuania,0.06765899
Escherichia coli,Carbapenems,2023,LU,Luxembourg,0.21691973
Escherichia coli,Carbapenems,2023,LV,Latvia,0.0
Escherichia coli,Carbapenems,2023,MT,Malta,0.0
Escherichia coli,Carbapenems,2023,NL,Netherlands,0.08997429
Escherichia coli,Carbapenems,2023,NO,Norway,0.0502008
Escherichia coli,Carbapenems,2023,PL,Poland,0.20229265
Escherichia coli,Carbapenems,2023,PT,Portugal,0.53372149
Escherichia coli,Carbapenems,2023,RO,Romania,1.82741116
Escherichia coli,Carbapenems,2023,SE,Sweden,0.03733432
Escherichia coli,Carbapenems,2023,SI,Slovenia,0.06101281
Escherichia coli,Carbapenems,2023,SK,Slovakia,0.14367816
Escherichia coli,Carbapenems,2024,AT,Austria,0.06794632
Escherichia coli,Carbapenems,2024,BE,Belgium,0.09697439
Escherichia coli,Carbapenems,2024,BG,Bulgaria,0.59523809
Escherichia coli,Carbapenems,2024,CY,Cyprus,2.5
Escherichia coli,Carbapenems,2024,CZ,Czechia,0.1001001
Escherichia coli,Carbapenems,2024,DE,Germany,0.05953646
Escherichia coli,Carbapenems,2024,DK,Denmark,0.05411255
Escherichia coli,Carbapenems,2024,EE,Estonia,0.0
Escherichia coli,Carbapenems,2024,EL,Greece,1.19421747
Escherichia coli,Carbapenems,2024,ES,Spain,0.30815109
Escherichia coli,Carbapenems,2024,FI,Finland,0.04840271
Escherichia coli,Carbapenems,2024,FR,France,0.15183425
Escherichia coli,Carbapenems,2024,HR,Croatia,0.0
Escherichia coli,Carbapenems,2024,HU,Hungary,0.09983361
Escherichia coli,Carbapenems,2024,IE,Ireland,0.06937218
Escherichia coli,Carbapenems,2024,IS,Iceland,0.34482758
Escherichia coli,Carbapenems,2024,IT,Italy,0.44854461
Escherichia coli,Carbapenems,2024,LI,Liechtenstein,
Escherichia coli,Carbapenems,2024,LT,Lithuania,0.4032258
Escherichia coli,Carbapenems,2024,LU,Luxembourg,0.0
Escherichia coli,Carbapenems,2024,LV,Latvia,0.63291139
Escherichia coli,Carbapenems,2024,MT,Malta,0.0
Escherichia coli,Carbapenems,2024,NL,Netherlands,0.09994447
Escherichia coli,Carbapenems,2024,NO,Norway,0.02516989
Escherichia coli,Carbapenems,2024,PL,Poland,0.14204545
Escherichia coli,Carbapenems,2024,PT,Portugal,0.49047893
Escherichia coli,Carbapenems,2024,RO,Romania,0.91954022
Escherichia coli,Carbapenems,2024,SE,Sweden,0.07621225
Escherichia coli,Carbapenems,2024,SI,Slovenia,0.0
Escherichia coli,Carbapenems,2024,SK,Slovakia,0.25740025
Escherichia coli,Third-generation cephalosporins,2000,DE,Germany,0.0
Escherichia coli,Third-generation cephalosporins,2000,EE,Estonia,
Escherichia coli,Third-generation cephalosporins,2000,EL,Greece,3.60110803
Escherichia coli,Third-generation cephalosporins,2000,NL,Netherlands,0.10235414
Escherichia coli,Third-generation cephalosporins,2000,NO,Norway,0.32679738
Escherichia coli,Third-generation cephalosporins,2000,SE,Sweden,
Escherichia coli,Third-generation cephalosporins,2001,AT,Austria,0.0
Escherichia coli,Third-generation cephalosporins,2001,BE,Belgium,1.8018018
Escherichia coli,Third-generation cephalosporins,2001,BG,Bulgaria,6.66666666
Escherichia coli,Third-generation cephalosporins,2001,CZ,Czechia,2.31362467
Escherichia coli,Third-generation cephalosporins,2001,DE,Germany,0.7154213
Escherichia coli,Third-generation cephalosporins,2001,EE,Estonia,5.88235294
Escherichia coli,Third-generation cephalosporins,2001,EL,Greece,5.44815465
Escherichia coli,Third-generation cephalosporins,2001,ES,Spain,0.61898211
Escherichia coli,Third-generation cephalosporins,2001,FI,Finland,0.16570008
Escherichia coli,Third-generation cephalosporins,2001,HR,Croatia,1.64835164
Escherichia coli,Third-generation cephalosporins,2001,HU,Hungary,0.38167938
Escherichia coli,Third-generation cephalosporins,2001,IS,Iceland,0.0
Escherichia coli,Third-generation cephalosporins,2001,LU,Luxembourg,0.53475935
Escherichia coli,Third-generation cephalosporins,2001,MT,Malta,0.0
Escherichia coli,Third-generation cephalosporins,2001,NL,Netherlands,0.55325034
Escherichia coli,Third-generation cephalosporins,2001,NO,Norway,0.31120331
Escherichia coli,Third-generation cephalosporins,2001,PL,Poland,7.07070707
Escherichia coli,Third-generation cephalosporins,2001,PT,Portugal,2.87081339
Escherichia coli,Third-generation cephalosporins,2001,SE,Sweden,0.34259611
Escherichia coli,Third-generation cephalosporins,2001,SI,Slovenia,0.25125628
Escherichia coli,Third-generation cephalosporins,2001,SK,Slovakia,6.66666666
Escherichia coli,Third-generation cephalosporins,2001,UK,United Kingdom,1.21317157
Escherichia coli,Third-generation cephalosporins,2002,AT,Austria,1.25786163
Escherichia coli,Third-generation cephalosporins,2002,BE,Belgium,2.79424216
Escherichia coli,Third-generation cephalosporins,2002,BG,Bulgaria,13.33333333
Escherichia coli,Third-generation cephalosporins,2002,CZ,Czechia,1.19873817
Escherichia coli,Third-generation cephalosporins,2002,DE,Germany,0.93984962
Escherichia coli,Third-generation cephalosporins,2002,EE,Estonia,1.53846153
Escherichia coli,Third-generation cephalosporins,2002,EL,Greece,6.36833046
Escherichia coli,Third-generation cephalosporins,2002,ES,Spain,1.57575757
Escherichia coli,Third-generation cephalosporins,2002,FI,Finland,0.62992125
Escherichia coli,Third-generation cephalosporins,2002,FR,France,0.76152304
Escherichia coli,Third-generation cephalosporins,2002,HR,Croatia,2.85714285
Escherichia coli,Third-generation cephalosporins,2002,HU,Hungary,2.0
Escherichia coli,Third-generation cephalosporins,2002,IE,Ireland,2.18579234
Escherichia coli,Third-generation cephalosporins,2002,IS,Iceland,0.0
Escherichia coli,Third-generation cephalosporins,2002,IT,Italy,2.93159609
Escherichia coli,Third-generation cephalosporins,2002,LU,Luxembourg,0.52083333
Escherichia coli,Third-generation cephalosporins,2002,MT,Malta,2.7027027
Escherichia coli,Third-generation cephalosporins,2002,NL,Netherlands,1.00300902
Escherichia coli,Third-generation cephalosporins,2002,NO,Norway,0.17889087
Escherichia coli,Third-generation cephalosporins,2002,PL,Poland,6.15384615
Escherichia coli,Third-generation cephalosporins,2002,PT,Portugal,5.65610859
Escherichia coli,Third-generation cephalosporins,2002,RO,Romania,17.85714285
Escherichia coli,Third-generation cephalosporins,2002,SE,Sweden,0.32658393
Escherichia coli,Third-generation cephalosporins,2002,SI,Slovenia,1.22249388
Escherichia coli,Third-generation cephalosporins,2002,SK,Slovakia,1.86915887
Escherichia coli,Third-generation cephalosporins,2002,UK,United Kingdom,2.05519671
Escherichia coli,Third-generation cephalosporins,2003,AT,Austria,1.84237461
Escherichia coli,Third-generation cephalosporins,2003,BE,Belgium,3.49544072
Escherichia coli,Third-generation cephalosporins,2003,BG,Bulgaria,18.35443037
Escherichia coli,Third-generation cephalosporins,2003,CY,Cyprus,
Escherichia coli,Third-generation cephalosporins,2003,CZ,Czechia,1.13700966
Escherichia coli,Third-generation cephalosporins,2003,DE,Germany,0.6060606
Escherichia coli,Third-generation cephalosporins,2003,EE,Estonia,1.03092783
Escherichia coli,Third-generation cephalosporins,2003,EL,Greece,5.60224089
Escherichia coli,Third-generation cephalosporins,2003,ES,Spain,4.22641509
Escherichia coli,Third-generation cephalosporins,2003,FI,Finland,1.03016924
Escherichia coli,Third-generation cephalosporins,2003,FR,France,0.97087378
Escherichia coli,Third-generation cephalosporins,2003,HR,Croatia,4.38596491
Escherichia coli,Third-generation cephalosporins,2003,HU,Hungary,0.95124851
Escherichia coli,Third-generation cephalosporins,2003,IE,Ireland,2.18068535
Escherichia coli,Third-generation cephalosporins,2003,IS,Iceland,1.01010101
Escherichia coli,Third-generation cephalosporins,2003,IT,Italy,6.17551462
Escherichia coli,Third-generation cephalosporins,2003,LU,Luxembourg,0.88105726
Escherichia coli,Third-generation cephalosporins,2003,MT,Malta,2.19780219
Escherichia coli,Third-generation cephalosporins,2003,NL,Netherlands,1.45945945
Escherichia coli,Third-generation cephalosporins,2003,NO,Norway,0.2548853
Escherichia coli,Third-generation cephalosporins,2003,PL,Poland,4.06504065
Escherichia coli,Third-generation cephalosporins,2003,PT,Portugal,7.12468193
Escherichia coli,Third-generation cephalosporins,2003,RO,Romania,18.75
Escherichia coli,Third-generation cephalosporins,2003,SE,Sweden,0.4241139
Escherichia coli,Third-generation cephalosporins,2003,SI,Slovenia,0.74812967
Escherichia coli,Third-generation cephalosporins,2003,SK,Slovakia,0.41841004
Escherichia coli,Third-generation cephalosporins,2003,UK,United Kingdom,3.27056491
Escherichia coli,Third-generation cephalosporins,2004,AT,Austria,2.53232758
Escherichia coli,Third-generation cephalosporins,2004,BE,Belgium,2.64650283
Escherichia coli,Third-generation cephalosporins,2004,BG,Bulgaria,21.55688622
Escherichia coli,Third-generation cephalosporins,2004,CY,Cyprus,8.69565217
Escherichia coli,Third-generation cephalosporins,2004,CZ,Czechia,1.67938931
Escherichia coli,Third-generation cephalosporins,2004,DE,Germany,1.8961253
Escherichia coli,Third-generation cephalosporins,2004,EE,Estonia,3.61445783
Escherichia coli,Third-generation cephalosporins,2004,EL,Greece,6.03907637
Escherichia coli,Third-generation cephalosporins,2004,ES,Spain,6.5317919
Escherichia coli,Third-generation cephalosporins,2004,FI,Finland,1.52314001
Escherichia coli,Third-generation cephalosporins,2004,FR,France,0.95120662
Escherichia coli,Third-generation cephalosporins,2004,HR,Croatia,2.61682242
Escherichia coli,Third-generation cephalosporins,2004,HU,Hungary,3.22580645
Escherichia coli,Third-generation cephalosporins,2004,IE,Ireland,1.92629815
Escherichia coli,Third-generation cephalosporins,2004,IS,Iceland,0.0
Escherichia coli,Third-generation cephalosporins,2004,IT,Italy,5.3291536
Escherichia coli,Third-generation cephalosporins,2004,LU,Luxembourg,0.46296296
Escherichia coli,Third-generation cephalosporins,2004,MT,Malta,4.39560439
Escherichia coli,Third-generation cephalosporins,2004,NL,Netherlands,1.42857142
Escherichia coli,Third-generation cephalosporins,2004,NO,Norway,0.66061106
Escherichia coli,Third-generation cephalosporins,2004,PL,Poland,5.23560209
Escherichia coli,Third-generation cephalosporins,2004,PT,Portugal,8.07799442
Escherichia coli,Third-generation cephalosporins,2004,RO,Romania,22.91666666
Escherichia coli,Third-generation cephalosporins,2004,SE,Sweden,0.72926162
Escherichia coli,Third-generation cephalosporins,2004,SI,Slovenia,1.39616055
Escherichia coli,Third-generation cephalosporins,2004,SK,Slovakia,7.14285714
Escherichia coli,Third-generation cephalosporins,2004,UK,United Kingdom,3.20378151
Escherichia coli,Third-generation cephalosporins,2005,AT,Austria,4.20332355
Escherichia coli,Third-generation cephalosporins,2005,BE,Belgium,3.61445783
Escherichia coli,Third-generation cephalosporins,2005,BG,Bulgaria,28.07881773
Escherichia coli,Third-generation cephalosporins,2005,CY,Cyprus,16.0
Escherichia coli,Third-generation cephalosporins,2005,CZ,Czechia,2.23914017
Escherichia coli,Third-generation cephalosporins,2005,DE,Germany,1.67189132
Escherichia coli,Third-generation cephalosporins,2005,DK,Denmark,1.14942528
Escherichia coli,Third-generation cephalosporins,2005,EE,Estonia,1.29032258
Escherichia coli,Third-generation cephalosporins,2005,EL,Greece,7.023705
Escherichia coli,Third-generation cephalosporins,2005,ES,Spain,7.7410744
Escherichia coli,Third-generation cephalosporins,2005,FI,Finland,1.77267987
Escherichia coli,Third-generation cephalosporins,2005,FR,France,1.3881748
Escherichia coli,Third-generation cephalosporins,2005,HR,Croatia,0.78492935
Escherichia coli,Third-generation cephalosporins,2005,HU,Hungary,3.74639769
Escherichia coli,Third-generation cephalosporins,2005,IE,Ireland,3.56125356
Escherichia coli,Third-generation cephalosporins,2005,IS,Iceland,0.0
Escherichia coli,Third-generation cephalosporins,2005,IT,Italy,8.48026868
Escherichia coli,Third-generation cephalosporins,2005,LU,Luxembourg,3.19148936
Escherichia coli,Third-generation cephalosporins,2005,MT,Malta,1.17647058
Escherichia coli,Third-generation cephalosporins,2005,NL,Netherlands,2.48021108
Escherichia coli,Third-generation cephalosporins,2005,NO,Norway,0.82831325
Escherichia coli,Third-generation cephalosporins,2005,PL,Poland,4.54545454
Escherichia coli,Third-generation cephalosporins,2005,PT,Portugal,11.71003717
Escherichia coli,Third-generation cephalosporins,2005,RO,Romania,16.66666666
Escherichia coli,Third-generation cephalosporins,2005,SE,Sweden,1.28125
Escherichia coli,Third-generation cephalosporins,2005,SI,Slovenia,1.67427701
Escherichia coli,Third-generation cephalosporins,2005,SK,Slovakia,8.24742268
Escherichia coli,Third-generation cephalosporins,2005,UK,United Kingdom,6.28964059
Escherichia coli,Third-generation cephalosporins,2006,AT,Austria,6.59651962
Escherichia coli,Third-generation cephalosporins,2006,BE,Belgium,2.91021671
Escherichia coli,Third-generation cephalosporins,2006,BG,Bulgaria,28.57142857
Escherichia coli,Third-generation cephalosporins,2006,CY,Cyprus,15.55555555
Escherichia coli,Third-generation cephalosporins,2006,CZ,Czechia,5.13888888
Escherichia coli,Third-generation cephalosporins,2006,DE,Germany,4.24528301
Escherichia coli,Third-generation cephalosporins,2006,DK,Denmark,2.44698205
Escherichia coli,Third-generation cephalosporins,2006,EE,Estonia,0.46948356
Escherichia coli,Third-generation cephalosporins,2006,EL,Greece,6.07513988
Escherichia coli,Third-generation cephalosporins,2006,ES,Spain,7.13860797
Escherichia coli,Third-generation cephalosporins,2006,FI,Finland,1.81526962
Escherichia coli,Third-generation cephalosporins,2006,FR,France,1.96516301
Escherichia coli,Third-generation cephalosporins,2006,HR,Croatia,1.41570141
Escherichia coli,Third-generation cephalosporins,2006,HU,Hungary,4.964539
Escherichia coli,Third-generation cephalosporins,2006,IE,Ireland,3.50338045
Escherichia coli,Third-generation cephalosporins,2006,IS,Iceland,0.0
Escherichia coli,Third-generation cephalosporins,2006,IT,Italy,7.36263736
Escherichia coli,Third-generation cephalosporins,2006,LT,Lithuania,4.67836257
Escherichia coli,Third-generation cephalosporins,2006,LU,Luxembourg,1.79640718
Escherichia coli,Third-generation cephalosporins,2006,LV,Latvia,6.4516129
Escherichia coli,Third-generation cephalosporins,2006,MT,Malta,4.25531914
Escherichia coli,Third-generation cephalosporins,2006,NL,Netherlands,3.28425821
Escherichia coli,Third-generation cephalosporins,2006,NO,Norway,1.39860139
Escherichia coli,Third-generation cephalosporins,2006,PL,Poland,4.36893203
Escherichia coli,Third-generation cephalosporins,2006,PT,Portugal,9.84908657
Escherichia coli,Third-generation cephalosporins,2006,RO,Romania,41.02564102
Escherichia coli,Third-generation cephalosporins,2006,SE,Sweden,1.52585476
Escherichia coli,Third-generation cephalosporins,2006,SI,Slovenia,1.67364016
Escherichia coli,Third-generation cephalosporins,2006,UK,United Kingdom,7.67494356
Escherichia coli,Third-generation cephalosporins,2007,AT,Austria,8.87128712
Escherichia coli,Third-generation cephalosporins,2007,BE,Belgium,3.92832529
Escherichia coli,Third-generation cephalosporins,2007,BG,Bulgaria,22.83464566
Escherichia coli,Third-generation cephalosporins,2007,CY,Cyprus,18.34862385
Escherichia coli,Third-generation cephalosporins,2007,CZ,Czechia,7.39509763
Escherichia coli,Third-generation cephalosporins,2007,DE,Germany,7.70020533
Escherichia coli,Third-generation cephalosporins,2007,DK,Denmark,3.24601366
Escherichia coli,Third-generation cephalosporins,2007,EE,Estonia,1.38248847
Escherichia coli,Third-generation cephalosporins,2007,EL,Greece,7.62987012
Escherichia coli,Third-generation cephalosporins,2007,ES,Spain,7.44884038
Escherichia coli,Third-generation cephalosporins,2007,FI,Finland,1.54004106
Escherichia coli,Third-generation cephalosporins,2007,FR,France,2.48724489
Escherichia coli,Third-generation cephalosporins,2007,HR,Croatia,2.6744186
Escherichia coli,Third-generation cephalosporins,2007,HU,Hungary,5.41012216
Escherichia coli,Third-generation cephalosporins,2007,IE,Ireland,5.40229885
Escherichia coli,Third-generation cephalosporins,2007,IS,Iceland,1.9047619
Escherichia coli,Third-generation cephalosporins,2007,IT,Italy,11.45281018
Escherichia coli,Third-generation cephalosporins,2007,LT,Lithuania,6.80851063
Escherichia coli,Third-generation cephalosporins,2007,LU,Luxembourg,4.04411764
Escherichia coli,Third-generation cephalosporins,2007,LV,Latvia,14.47368421
Escherichia coli,Third-generation cephalosporins,2007,MT,Malta,12.82051282
Escherichia coli,Third-generation cephalosporins,2007,NL,Netherlands,4.28122545
Escherichia coli,Third-generation cephalosporins,2007,NO,Norway,2.15995329
Escherichia coli,Third-generation cephalosporins,2007,PL,Poland,2.34375
Escherichia coli,Third-generation cephalosporins,2007,PT,Portugal,9.7037037
Escherichia coli,Third-generation cephalosporins,2007,RO,Romania,27.41935483
Escherichia coli,Third-generation cephalosporins,2007,SE,Sweden,2.26848145
Escherichia coli,Third-generation cephalosporins,2007,SI,Slovenia,4.23031727
Escherichia coli,Third-generation cephalosporins,2007,UK,United Kingdom,9.40919037
Escherichia coli,Third-generation cephalosporins,2008,AT,Austria,7.41239892
Escherichia coli,Third-generation cephalosporins,2008,BE,Belgium,4.18736692
Escherichia coli,Third-generation cephalosporins,2008,BG,Bulgaria,29.25170068
Escherichia coli,Third-generation cephalosporins,2008,CY,Cyprus,19.32773109
Escherichia coli,Third-generation cephalosporins,2008,CZ,Czechia,9.86121256
Escherichia coli,Third-generation cephalosporins,2008,DE,Germany,4.83570985
Escherichia coli,Third-generation cephalosporins,2008,DK,Denmark,4.05785456
Escherichia coli,Third-generation cephalosporins,2008,EE,Estonia,4.58015267
Escherichia coli,Third-generation cephalosporins,2008,EL,Greece,9.93150684
Escherichia coli,Third-generation cephalosporins,2008,ES,Spain,9.01820187
Escherichia coli,Third-generation cephalosporins,2008,FI,Finland,2.10828941
Escherichia coli,Third-generation cephalosporins,2008,FR,France,3.81727158
Escherichia coli,Third-generation cephalosporins,2008,HR,Croatia,3.82932166
Escherichia coli,Third-generation cephalosporins,2008,HU,Hungary,9.17691579
Escherichia coli,Third-generation cephalosporins,2008,IE,Ireland,5.91715976
Escherichia coli,Third-generation cephalosporins,2008,IS,Iceland,0.81300813
Escherichia coli,Third-generation cephalosporins,2008,IT,Italy,15.90612777
Escherichia coli,Third-generation cephalosporins,2008,LT,Lithuania,5.59210526
Escherichia coli,Third-generation cephalosporins,2008,LU,Luxembourg,6.29139072
Escherichia coli,Third-generation cephalosporins,2008,LV,Latvia,11.11111111
Escherichia coli,Third-generation cephalosporins,2008,MT,Malta,20.96774193
Escherichia coli,Third-generation cephalosporins,2008,NL,Netherlands,4.62147887
Escherichia coli,Third-generation cephalosporins,2008,NO,Norway,2.55697609
Escherichia coli,Third-generation cephalosporins,2008,PL,Poland,2.38095238
Escherichia coli,Third-generation cephalosporins,2008,PT,Portugal,10.1010101
Escherichia coli,Third-generation cephalosporins,2008,RO,Romania,23.63636363
Escherichia coli,Third-generation cephalosporins,2008,SE,Sweden,2.25806451
Escherichia coli,Third-generation cephalosporins,2008,SI,Slovenia,4.23340961
Escherichia coli,Third-generation cephalosporins,2008,UK,United Kingdom,6.93114455
Escherichia coli,Third-generation cephalosporins,2009,AT,Austria,7.54716981
Escherichia coli,Third-generation cephalosporins,2009,BE,Belgium,6.45363408
Escherichia coli,Third-generation cephalosporins,2009,BG,Bulgaria,19.17098445
Escherichia coli,Third-generation cephalosporins,2009,CY,Cyprus,13.97058823
Escherichia coli,Third-generation cephalosporins,2009,CZ,Czechia,9.7861544
Escherichia coli,Third-generation cephalosporins,2009,DE,Germany,8.15512866
Escherichia coli,Third-generation cephalosporins,2009,DK,Denmark,6.17375231
Escherichia coli,Third-generation cephalosporins,2009,EE,Estonia,2.19435736
Escherichia coli,Third-generation cephalosporins,2009,EL,Greece,10.13774104
Escherichia coli,Third-generation cephalosporins,2009,ES,Spain,11.30594085
Escherichia coli,Third-generation cephalosporins,2009,FI,Finland,2.80330882
Escherichia coli,Third-generation cephalosporins,2009,FR,France,6.72268907
Escherichia coli,Third-generation cephalosporins,2009,HU,Hungary,12.92775665
Escherichia coli,Third-generation cephalosporins,2009,IE,Ireland,6.49546827
Escherichia coli,Third-generation cephalosporins,2009,IS,Iceland,1.81818181
Escherichia coli,Third-generation cephalosporins,2009,IT,Italy,17.03056768
Escherichia coli,Third-generation cephalosporins,2009,LT,Lithuania,7.84982935
Escherichia coli,Third-generation cephalosporins,2009,LU,Luxembourg,8.30564784
Escherichia coli,Third-generation cephalosporins,2009,LV,Latvia,11.62790697
Escherichia coli,Third-generation cephalosporins,2009,MT,Malta,14.55696202
Escherichia coli,Third-generation cephalosporins,2009,NL,Netherlands,4.2652027
Escherichia coli,Third-generation cephalosporins,2009,NO,Norway,2.27518959
Escherichia coli,Third-generation cephalosporins,2009,PL,Poland,9.07534246
Escherichia coli,Third-generation cephalosporins,2009,PT,Portugal,9.20502092
Escherichia coli,Third-generation cephalosporins,2009,RO,Romania,13.55932203
Escherichia coli,Third-generation cephalosporins,2009,SE,Sweden,
Escherichia coli,Third-generation cephalosporins,2009,SI,Slovenia,4.59126539
Escherichia coli,Third-generation cephalosporins,2009,UK,United Kingdom,9.35835658
Escherichia coli,Third-generation cephalosporins,2010,AT,Austria,7.25530458
Escherichia coli,Third-generation cephalosporins,2010,BE,Belgium,5.17418032
Escherichia coli,Third-generation cephalosporins,2010,BG,Bulgaria,24.8366013
Escherichia coli,Third-generation cephalosporins,2010,CY,Cyprus,20.14388489
Escherichia coli,Third-generation cephalosporins,2010,CZ,Czechia,10.35455278
Escherichia coli,Third-generation cephalosporins,2010,DE,Germany,8.35820895
Escherichia coli,Third-generation cephalosporins,2010,DK,Denmark,7.59966777
Escherichia coli,Third-generation cephalosporins,2010,EE,Estonia,5.50161812
Escherichia coli,Third-generation cephalosporins,2010,EL,Greece,14.20039814
Escherichia coli,Third-generation cephalosporins,2010,ES,Spain,12.11376404
Escherichia coli,Third-generation cephalosporins,2010,FI,Finland,3.74651255
Escherichia coli,Third-generation cephalosporins,2010,FR,France,7.24894701
Escherichia coli,Third-generation cephalosporins,2010,HR,Croatia,8.73015873
Escherichia coli,Third-generation cephalosporins,2010,HU,Hungary,19.45046999
Escherichia coli,Third-generation cephalosporins,2010,IE,Ireland,7.69230769
Escherichia coli,Third-generation cephalosporins,2010,IS,Iceland,3.84615384
Escherichia coli,Third-generation cephalosporins,2010,IT,Italy,21.04175279
Escherichia coli,Third-generation cephalosporins,2010,LT,Lithuania,8.7087087
Escherichia coli,Third-generation cephalosporins,2010,LU,Luxembourg,9.32203389
Escherichia coli,Third-generation cephalosporins,2010,LV,Latvia,12.24489795
Escherichia coli,Third-generation cephalosporins,2010,MT,Malta,15.625
Escherichia coli,Third-generation cephalosporins,2010,NL,Netherlands,4.92711968
Escherichia coli,Third-generation cephalosporins,2010,NO,Norway,3.69230769
Escherichia coli,Third-generation cephalosporins,2010,PL,Poland,7.52688172
Escherichia coli,Third-generation cephalosporins,2010,PT,Portugal,10.4253112
Escherichia coli,Third-generation cephalosporins,2010,RO,Romania,20.58823529
Escherichia coli,Third-generation cephalosporins,2010,SE,Sweden,2.9082774
Escherichia coli,Third-generation cephalosporins,2010,SI,Slovenia,6.61764705
Escherichia coli,Third-generation cephalosporins,2010,UK,United Kingdom,8.97294919
Escherichia coli,Third-generation cephalosporins,2011,AT,Austria,9.14556962
Escherichia coli,Third-generation cephalosporins,2011,BE,Belgium,6.04767879
Escherichia coli,Third-generation cephalosporins,2011,BG,Bulgaria,22.90502793
Escherichia coli,Third-generation cephalosporins,2011,CY,Cyprus,36.23188405
Escherichia coli,Third-generation cephalosporins,2011,CZ,Czechia,11.36363636
Escherichia coli,Third-generation cephalosporins,2011,DE,Germany,7.96265788
Escherichia coli,Third-generation cephalosporins,2011,DK,Denmark,8.49131121
Escherichia coli,Third-generation cephalosporins,2011,EE,Estonia,12.22222222
Escherichia coli,Third-generation cephalosporins,2011,EL,Greece,14.91289198
Escherichia coli,Third-generation cephalosporins,2011,ES,Spain,11.98214285
Escherichia coli,Third-generation cephalosporins,2011,FI,Finland,5.0
Escherichia coli,Third-generation cephalosporins,2011,FR,France,8.17313362
Escherichia coli,Third-generation cephalosporins,2011,HR,Croatia,9.56256358
Escherichia coli,Third-generation cephalosporins,2011,HU,Hungary,15.11437908
Escherichia coli,Third-generation cephalosporins,2011,IE,Ireland,8.95660203
Escherichia coli,Third-generation cephalosporins,2011,IS,Iceland,6.15384615
Escherichia coli,Third-generation cephalosporins,2011,IT,Italy,19.83957219
Escherichia coli,Third-generation cephalosporins,2011,LT,Lithuania,7.01298701
Escherichia coli,Third-generation cephalosporins,2011,LU,Luxembourg,8.21529745
Escherichia coli,Third-generation cephalosporins,2011,LV,Latvia,15.9090909
Escherichia coli,Third-generation cephalosporins,2011,MT,Malta,12.78538812
Escherichia coli,Third-generation cephalosporins,2011,NL,Netherlands,5.83793738
Escherichia coli,Third-generation cephalosporins,2011,NO,Norway,3.64645263
Escherichia coli,Third-generation cephalosporins,2011,PL,Poland,11.72707889
Escherichia coli,Third-generation cephalosporins,2011,PT,Portugal,11.25723303
Escherichia coli,Third-generation cephalosporins,2011,RO,Romania,21.05263157
Escherichia coli,Third-generation cephalosporins,2011,SE,Sweden,3.64562916
Escherichia coli,Third-generation cephalosporins,2011,SI,Slovenia,8.78243512
Escherichia coli,Third-generation cephalosporins,2011,SK,Slovakia,30.94594594
Escherichia coli,Third-generation cephalosporins,2011,UK,United Kingdom,9.62948668
Escherichia coli,Third-generation cephalosporins,2012,AT,Austria,8.6522911
Escherichia coli,Third-generation cephalosporins,2012,BE,Belgium,6.88308518
Escherichia coli,Third-generation cephalosporins,2012,BG,Bulgaria,38.11659192
Escherichia coli,Third-generation cephalosporins,2012,CY,Cyprus,31.81818181
Escherichia coli,Third-generation cephalosporins,2012,CZ,Czechia,11.4509246
Escherichia coli,Third-generation cephalosporins,2012,DE,Germany,8.83898709
Escherichia coli,Third-generation cephalosporins,2012,DK,Denmark,7.860262
Escherichia coli,Third-generation cephalosporins,2012,EE,Estonia,7.86885245
Escherichia coli,Third-generation cephalosporins,2012,EL,Greece,16.22397702
Escherichia coli,Third-generation cephalosporins,2012,ES,Spain,13.50493653
Escherichia coli,Third-generation cephalosporins,2012,FI,Finland,6.19860847
Escherichia coli,Third-generation cephalosporins,2012,FR,France,9.95503503
Escherichia coli,Third-generation cephalosporins,2012,HR,Croatia,7.61589403
Escherichia coli,Third-generation cephalosporins,2012,HU,Hungary,17.43444365
Escherichia coli,Third-generation cephalosporins,2012,IE,Ireland,9.17832167
Escherichia coli,Third-generation cephalosporins,2012,IS,Iceland,5.07246376
Escherichia coli,Third-generation cephalosporins,2012,IT,Italy,26.29295962
Escherichia coli,Third-generation cephalosporins,2012,LT,Lithuania,4.76190476
Escherichia coli,Third-generation cephalosporins,2012,LU,Luxembourg,11.3772455
Escherichia coli,Third-generation cephalosporins,2012,LV,Latvia,12.98701298
Escherichia coli,Third-generation cephalosporins,2012,MT,Malta,12.91866028
Escherichia coli,Third-generation cephalosporins,2012,NL,Netherlands,6.07753512
Escherichia coli,Third-generation cephalosporins,2012,NO,Norway,4.90228552
Escherichia coli,Third-generation cephalosporins,2012,PL,Poland,12.92189006
Escherichia coli,Third-generation cephalosporins,2012,PT,Portugal,13.5097493
Escherichia coli,Third-generation cephalosporins,2012,RO,Romania,25.13089005
Escherichia coli,Third-generation cephalosporins,2012,SE,Sweden,4.4608994
Escherichia coli,Third-generation cephalosporins,2012,SI,Slovenia,9.50342465
Escherichia coli,Third-generation cephalosporins,2012,SK,Slovakia,30.73593073
Escherichia coli,Third-generation cephalosporins,2012,UK,United Kingdom,13.13791276
Escherichia coli,Third-generation cephalosporins,2013,AT,Austria,9.84917733
Escherichia coli,Third-generation cephalosporins,2013,BE,Belgium,7.99802517
Escherichia coli,Third-generation cephalosporins,2013,BG,Bulgaria,39.57219251
Escherichia coli,Third-generation cephalosporins,2013,CY,Cyprus,38.88888888
Escherichia coli,Third-generation cephalosporins,2013,CZ,Czechia,13.10088016
Escherichia coli,Third-generation cephalosporins,2013,DE,Germany,10.74039362
Escherichia coli,Third-generation cephalosporins,2013,DK,Denmark,8.07833537
Escherichia coli,Third-generation cephalosporins,2013,EE,Estonia,7.35294117
Escherichia coli,Third-generation cephalosporins,2013,EL,Greece,17.21115537
Escherichia coli,Third-generation cephalosporins,2013,ES,Spain,13.30074173
Escherichia coli,Third-generation cephalosporins,2013,FI,Finland,7.06989247
Escherichia coli,Third-generation cephalosporins,2013,FR,France,9.52334055
Escherichia coli,Third-generation cephalosporins,2013,HR,Croatia,8.75
Escherichia coli,Third-generation cephalosporins,2013,HU,Hungary,18.85873347
Escherichia coli,Third-generation cephalosporins,2013,IE,Ireland,10.64516129
Escherichia coli,Third-generation cephalosporins,2013,IS,Iceland,4.95867768
Escherichia coli,Third-generation cephalosporins,2013,IT,Italy,26.19047619
Escherichia coli,Third-generation cephalosporins,2013,LT,Lithuania,7.60368663
Escherichia coli,Third-generation cephalosporins,2013,LU,Luxembourg,10.63122923
Escherichia coli,Third-generation cephalosporins,2013,LV,Latvia,13.97058823
Escherichia coli,Third-generation cephalosporins,2013,MT,Malta,8.67768595
Escherichia coli,Third-generation cephalosporins,2013,NL,Netherlands,6.07651912
Escherichia coli,Third-generation cephalosporins,2013,NO,Norway,5.52486187
Escherichia coli,Third-generation cephalosporins,2013,PL,Poland,10.9073359
Escherichia coli,Third-generation cephalosporins,2013,PT,Portugal,14.93651979
Escherichia coli,Third-generation cephalosporins,2013,RO,Romania,22.81879194
Escherichia coli,Third-generation cephalosporins,2013,SE,Sweden,5.20446096
Escherichia coli,Third-generation cephalosporins,2013,SI,Slovenia,8.74183006
Escherichia coli,Third-generation cephalosporins,2013,SK,Slovakia,29.73977695
Escherichia coli,Third-generation cephalosporins,2013,UK,United Kingdom,14.71302763
Escherichia coli,Third-generation cephalosporins,2014,AT,Austria,9.3690652
Escherichia coli,Third-generation cephalosporins,2014,BE,Belgium,9.74304068
Escherichia coli,Third-generation cephalosporins,2014,BG,Bulgaria,40.36697247
Escherichia coli,Third-generation cephalosporins,2014,CY,Cyprus,28.75816993
Escherichia coli,Third-generation cephalosporins,2014,CZ,Czechia,13.96910678
Escherichia coli,Third-generation cephalosporins,2014,DE,Germany,10.53474223
Escherichia coli,Third-generation cephalosporins,2014,DK,Denmark,7.00680272
Escherichia coli,Third-generation cephalosporins,2014,EE,Estonia,9.26829268
Escherichia coli,Third-generation cephalosporins,2014,EL,Greece,21.03386809
Escherichia coli,Third-generation cephalosporins,2014,ES,Spain,12.3346504
Escherichia coli,Third-generation cephalosporins,2014,FI,Finland,5.4627089
Escherichia coli,Third-generation cephalosporins,2014,FR,France,9.94298966
Escherichia coli,Third-generation cephalosporins,2014,HR,Croatia,10.84337349
Escherichia coli,Third-generation cephalosporins,2014,HU,Hungary,16.42989499
Escherichia coli,Third-generation cephalosporins,2014,IE,Ireland,10.73950204
Escherichia coli,Third-generation cephalosporins,2014,IS,Iceland,3.28947368
Escherichia coli,Third-generation cephalosporins,2014,IT,Italy,28.66811044
Escherichia coli,Third-generation cephalosporins,2014,LT,Lithuania,8.08080808
Escherichia coli,Third-generation cephalosporins,2014,LU,Luxembourg,11.95652173
Escherichia coli,Third-generation cephalosporins,2014,LV,Latvia,10.9090909
Escherichia coli,Third-generation cephalosporins,2014,MT,Malta,10.82089552
Escherichia coli,Third-generation cephalosporins,2014,NL,Netherlands,6.12015721
Escherichia coli,Third-generation cephalosporins,2014,NO,Norway,5.78778135
Escherichia coli,Third-generation cephalosporins,2014,PL,Poland,10.50691244
Escherichia coli,Third-generation cephalosporins,2014,PT,Portugal,16.42117834
Escherichia coli,Third-generation cephalosporins,2014,RO,Romania,29.4117647
Escherichia coli,Third-generation cephalosporins,2014,SE,Sweden,5.56064772
Escherichia coli,Third-generation cephalosporins,2014,SI,Slovenia,12.74671052
Escherichia coli,Third-generation cephalosporins,2014,SK,Slovakia,31.8335208
Escherichia coli,Third-generation cephalosporins,2014,UK,United Kingdom,10.31988426
Escherichia coli,Third-generation cephalosporins,2015,AT,Austria,9.67346938
Escherichia coli,Third-generation cephalosporins,2015,BE,Belgium,9.67990744
Escherichia coli,Third-generation cephalosporins,2015,BG,Bulgaria,38.53658536
Escherichia coli,Third-generation cephalosporins,2015,CY,Cyprus,28.45528455
Escherichia coli,Third-generation cephalosporins,2015,CZ,Czechia,14.50189155
Escherichia coli,Third-generation cephalosporins,2015,DE,Germany,10.29786291
Escherichia coli,Third-generation cephalosporins,2015,DK,Denmark,7.4764306
Escherichia coli,Third-generation cephalosporins,2015,EE,Estonia,11.38211382
Escherichia coli,Third-generation cephalosporins,2015,EL,Greece,19.83539094
Escherichia coli,Third-generation cephalosporins,2015,ES,Spain,11.62103298
Escherichia coli,Third-generation cephalosporins,2015,FI,Finland,6.05711653
Escherichia coli,Third-generation cephalosporins,2015,FR,France,10.97638222
Escherichia coli,Third-generation cephalosporins,2015,HR,Croatia,12.52390057
Escherichia coli,Third-generation cephalosporins,2015,HU,Hungary,16.73247778
Escherichia coli,Third-generation cephalosporins,2015,IE,Ireland,11.3722517
Escherichia coli,Third-generation cephalosporins,2015,IS,Iceland,1.73410404
Escherichia coli,Third-generation cephalosporins,2015,IT,Italy,30.07868383
Escherichia coli,Third-generation cephalosporins,2015,LT,Lithuania,16.00688468
Escherichia coli,Third-generation cephalosporins,2015,LU,Luxembourg,12.68011527
Escherichia coli,Third-generation cephalosporins,2015,LV,Latvia,17.91044776
Escherichia coli,Third-generation cephalosporins,2015,MT,Malta,11.76470588
Escherichia coli,Third-generation cephalosporins,2015,NL,Netherlands,6.07859768
Escherichia coli,Third-generation cephalosporins,2015,NO,Norway,6.02847621
Escherichia coli,Third-generation cephalosporins,2015,PL,Poland,11.92546583
Escherichia coli,Third-generation cephalosporins,2015,PT,Portugal,16.09002976
Escherichia coli,Third-generation cephalosporins,2015,RO,Romania,26.82926829
Escherichia coli,Third-generation cephalosporins,2015,SE,Sweden,6.23853211
Escherichia coli,Third-generation cephalosporins,2015,SI,Slovenia,13.65007541
Escherichia coli,Third-generation cephalosporins,2015,SK,Slovakia,30.0111982
Escherichia coli,Third-generation cephalosporins,2015,UK,United Kingdom,11.25943122
Escherichia coli,Third-generation cephalosporins,2016,AT,Austria,10.00569584
Escherichia coli,Third-generation cephalosporins,2016,BE,Belgium,10.48969761
Escherichia coli,Third-generation cephalosporins,2016,BG,Bulgaria,41.59663865
Escherichia coli,Third-generation cephalosporins,2016,CY,Cyprus,30.20134228
Escherichia coli,Third-generation cephalosporins,2016,CZ,Czechia,15.06043776
Escherichia coli,Third-generation cephalosporins,2016,DE,Germany,11.09947643
Escherichia coli,Third-generation cephalosporins,2016,DK,Denmark,6.56793303
Escherichia coli,Third-generation cephalosporins,2016,EE,Estonia,8.98716119
Escherichia coli,Third-generation cephalosporins,2016,EL,Greece,17.6380368
Escherichia coli,Third-generation cephalosporins,2016,ES,Spain,14.97058823
Escherichia coli,Third-generation cephalosporins,2016,FI,Finland,6.89582454
Escherichia coli,Third-generation cephalosporins,2016,FR,France,11.22602315
Escherichia coli,Third-generation cephalosporins,2016,HR,Croatia,14.7368421
Escherichia coli,Third-generation cephalosporins,2016,HU,Hungary,16.70847967
Escherichia coli,Third-generation cephalosporins,2016,IE,Ireland,11.39028475
Escherichia coli,Third-generation cephalosporins,2016,IS,Iceland,4.16666666
Escherichia coli,Third-generation cephalosporins,2016,IT,Italy,29.77433479
Escherichia coli,Third-generation cephalosporins,2016,LT,Lithuania,14.71698113
Escherichia coli,Third-generation cephalosporins,2016,LU,Luxembourg,13.63636363
Escherichia coli,Third-generation cephalosporins,2016,LV,Latvia,24.11067193
Escherichia coli,Third-generation cephalosporins,2016,MT,Malta,14.63414634
Escherichia coli,Third-generation cephalosporins,2016,NL,Netherlands,6.59310344
Escherichia coli,Third-generation cephalosporins,2016,NO,Norway,5.55709151
Escherichia coli,Third-generation cephalosporins,2016,PL,Poland,13.71827877
Escherichia coli,Third-generation cephalosporins,2016,PT,Portugal,16.0615491
Escherichia coli,Third-generation cephalosporins,2016,RO,Romania,23.44497607
Escherichia coli,Third-generation cephalosporins,2016,SE,Sweden,8.26386892
Escherichia coli,Third-generation cephalosporins,2016,SI,Slovenia,12.53521126
Escherichia coli,Third-generation cephalosporins,2016,SK,Slovakia,29.7330097
Escherichia coli,Third-generation cephalosporins,2016,UK,United Kingdom,9.23738899
Escherichia coli,Third-generation cephalosporins,2017,AT,Austria,9.63150711
Escherichia coli,Third-generation cephalosporins,2017,BE,Belgium,9.73886986
Escherichia coli,Third-generation cephalosporins,2017,BG,Bulgaria,41.29554655
Escherichia coli,Third-generation cephalosporins,2017,CY,Cyprus,30.76923076
Escherichia coli,Third-generation cephalosporins,2017,CZ,Czechia,14.22319474
Escherichia coli,Third-generation cephalosporins,2017,DE,Germany,12.28139037
Escherichia coli,Third-generation cephalosporins,2017,DK,Denmark,6.90149498
Escherichia coli,Third-generation cephalosporins,2017,EE,Estonia,8.75634517
Escherichia coli,Third-generation cephalosporins,2017,EL,Greece,18.29931972
Escherichia coli,Third-generation cephalosporins,2017,ES,Spain,12.80902604
Escherichia coli,Third-generation cephalosporins,2017,FI,Finland,6.85429829
Escherichia coli,Third-generation cephalosporins,2017,FR,France,10.22318753
Escherichia coli,Third-generation cephalosporins,2017,HR,Croatia,16.46341463
Escherichia coli,Third-generation cephalosporins,2017,HU,Hungary,20.11661807
Escherichia coli,Third-generation cephalosporins,2017,IE,Ireland,11.98333867
Escherichia coli,Third-generation cephalosporins,2017,IS,Iceland,6.10328638
Escherichia coli,Third-generation cephalosporins,2017,IT,Italy,29.48989684
Escherichia coli,Third-generation cephalosporins,2017,LT,Lithuania,16.78403755
Escherichia coli,Third-generation cephalosporins,2017,LU,Luxembourg,9.69976905
Escherichia coli,Third-generation cephalosporins,2017,LV,Latvia,21.95121951
Escherichia coli,Third-generation cephalosporins,2017,MT,Malta,15.60509554
Escherichia coli,Third-generation cephalosporins,2017,NL,Netherlands,6.36569449
Escherichia coli,Third-generation cephalosporins,2017,NO,Norway,5.8650241
Escherichia coli,Third-generation cephalosporins,2017,PL,Poland,16.67829727
Escherichia coli,Third-generation cephalosporins,2017,PT,Portugal,15.58764167
Escherichia coli,Third-generation cephalosporins,2017,RO,Romania,18.72586872
Escherichia coli,Third-generation cephalosporins,2017,SE,Sweden,7.35751295
Escherichia coli,Third-generation cephalosporins,2017,SI,Slovenia,12.47386759
Escherichia coli,Third-generation cephalosporins,2017,SK,Slovakia,30.91954022
Escherichia coli,Third-generation cephalosporins,2017,UK,United Kingdom,10.25604297
Escherichia coli,Third-generation cephalosporins,2018,AT,Austria,10.20803949
Escherichia coli,Third-generation cephalosporins,2018,BE,Belgium,9.02239448
Escherichia coli,Third-generation cephalosporins,2018,BG,Bulgaria,38.69863013
Escherichia coli,Third-generation cephalosporins,2018,CY,Cyprus,37.08609271
Escherichia coli,Third-generation cephalosporins,2018,CZ,Czechia,15.2156001
Escherichia coli,Third-generation cephalosporins,2018,DE,Germany,12.19700759
Escherichia coli,Third-generation cephalosporins,2018,DK,Denmark,7.65570039
Escherichia coli,Third-generation cephalosporins,2018,EE,Estonia,9.76470588
Escherichia coli,Third-generation cephalosporins,2018,EL,Greece,19.32926829
Escherichia coli,Third-generation cephalosporins,2018,ES,Spain,13.75741512
Escherichia coli,Third-generation cephalosporins,2018,FI,Finland,7.60956175
Escherichia coli,Third-generation cephalosporins,2018,FR,France,9.59251625
Escherichia coli,Third-generation cephalosporins,2018,HR,Croatia,14.81164383
Escherichia coli,Third-generation cephalosporins,2018,HU,Hungary,22.61603375
Escherichia coli,Third-generation cephalosporins,2018,IE,Ireland,12.88229842
Escherichia coli,Third-generation cephalosporins,2018,IS,Iceland,8.08080808
Escherichia coli,Third-generation cephalosporins,2018,IT,Italy,28.69624069
Escherichia coli,Third-generation cephalosporins,2018,LT,Lithuania,15.32912533
Escherichia coli,Third-generation cephalosporins,2018,LU,Luxembourg,12.5
Escherichia coli,Third-generation cephalosporins,2018,LV,Latvia,20.40229885
Escherichia coli,Third-generation cephalosporins,2018,MT,Malta,15.36144578
Escherichia coli,Third-generation cephalosporins,2018,NL,Netherlands,7.31559854
Escherichia coli,Third-generation cephalosporins,2018,NO,Norway,6.75431812
Escherichia coli,Third-generation cephalosporins,2018,PL,Poland,17.59541984
Escherichia coli,Third-generation cephalosporins,2018,PT,Portugal,14.70838292
Escherichia coli,Third-generation cephalosporins,2018,RO,Romania,20.18348623
Escherichia coli,Third-generation cephalosporins,2018,SE,Sweden,8.33024118
Escherichia coli,Third-generation cephalosporins,2018,SI,Slovenia,11.33093525
Escherichia coli,Third-generation cephalosporins,2018,SK,Slovakia,30.11305241
Escherichia coli,Third-generation cephalosporins,2018,UK,United Kingdom,10.96697701
Escherichia coli,Third-generation cephalosporins,2019,AT,Austria,9.31870291
Escherichia coli,Third-generation cephalosporins,2019,BE,Belgium,9.98221996
Escherichia coli,Third-generation cephalosporins,2019,BG,Bulgaria,38.63636363
Escherichia coli,Third-generation cephalosporins,2019,CY,Cyprus,20.65217391
Escherichia coli,Third-generation cephalosporins,2019,CZ,Czechia,15.91228563
Escherichia coli,Third-generation cephalosporins,2019,DE,Germany,11.50642805
Escherichia coli,Third-generation cephalosporins,2019,DK,Denmark,7.54272245
Escherichia coli,Third-generation cephalosporins,2019,EE,Estonia,11.53846153
Escherichia coli,Third-generation cephalosporins,2019,EL,Greece,18.94736842
Escherichia coli,Third-generation cephalosporins,2019,ES,Spain,14.11623726
Escherichia coli,Third-generation cephalosporins,2019,FI,Finland,7.85146868
Escherichia coli,Third-generation cephalosporins,2019,FR,France,8.84860588
Escherichia coli,Third-generation cephalosporins,2019,HR,Croatia,15.94470046
Escherichia coli,Third-generation cephalosporins,2019,HU,Hungary,20.5967675
Escherichia coli,Third-generation cephalosporins,2019,IE,Ireland,12.07056638
Escherichia coli,Third-generation cephalosporins,2019,IS,Iceland,7.00389105
Escherichia coli,Third-generation cephalosporins,2019,IT,Italy,30.8653376
Escherichia coli,Third-generation cephalosporins,2019,LT,Lithuania,13.86925795
Escherichia coli,Third-generation cephalosporins,2019,LU,Luxembourg,12.60162601
Escherichia coli,Third-generation cephalosporins,2019,LV,Latvia,19.68325791
Escherichia coli,Third-generation cephalosporins,2019,MT,Malta,17.46987951
Escherichia coli,Third-generation cephalosporins,2019,NL,Netherlands,7.52054794
Escherichia coli,Third-generation cephalosporins,2019,NO,Norway,6.18404907
Escherichia coli,Third-generation cephalosporins,2019,PL,Poland,17.12450945
Escherichia coli,Third-generation cephalosporins,2019,PT,Portugal,16.10328638
Escherichia coli,Third-generation cephalosporins,2019,RO,Romania,20.3313253
Escherichia coli,Third-generation cephalosporins,2019,SE,Sweden,7.82460983
Escherichia coli,Third-generation cephalosporins,2019,SI,Slovenia,9.81366459
Escherichia coli,Third-generation cephalosporins,2019,SK,Slovakia,23.04964539
Escherichia coli,Third-generation cephalosporins,2019,UK,United Kingdom,11.51430827
Escherichia coli,Third-generation cephalosporins,2020,AT,Austria,9.46800595
Escherichia coli,Third-generation cephalosporins,2020,BE,Belgium,9.88425925
Escherichia coli,Third-generation cephalosporins,2020,BG,Bulgaria,41.37931034
Escherichia coli,Third-generation cephalosporins,2020,CY,Cyprus,29.8245614
Escherichia coli,Third-generation cephalosporins,2020,CZ,Czechia,13.27994661
Escherichia coli,Third-generation cephalosporins,2020,DE,Germany,10.3580338
Escherichia coli,Third-generation cephalosporins,2020,DK,Denmark,6.6969353
Escherichia coli,Third-generation cephalosporins,2020,EE,Estonia,8.27374872
Escherichia coli,Third-generation cephalosporins,2020,EL,Greece,21.86948853
Escherichia coli,Third-generation cephalosporins,2020,ES,Spain,14.07541322
Escherichia coli,Third-generation cephalosporins,2020,FI,Finland,7.17346748
Escherichia coli,Third-generation cephalosporins,2020,FR,France,9.4659808
Escherichia coli,Third-generation cephalosporins,2020,HR,Croatia,16.56590084
Escherichia coli,Third-generation cephalosporins,2020,HU,Hungary,20.13251783
Escherichia coli,Third-generation cephalosporins,2020,IE,Ireland,11.8245614
Escherichia coli,Third-generation cephalosporins,2020,IS,Iceland,11.02040816
Escherichia coli,Third-generation cephalosporins,2020,IT,Italy,26.41066666
Escherichia coli,Third-generation cephalosporins,2020,LT,Lithuania,15.93695271
Escherichia coli,Third-generation cephalosporins,2020,LU,Luxembourg,11.44859813
Escherichia coli,Third-generation cephalosporins,2020,LV,Latvia,24.07407407
Escherichia coli,Third-generation cephalosporins,2020,MT,Malta,12.27436823
Escherichia coli,Third-generation cephalosporins,2020,NL,Netherlands,6.64531625
Escherichia coli,Third-generation cephalosporins,2020,NO,Norway,5.79479
Escherichia coli,Third-generation cephalosporins,2020,PL,Poland,17.44935543
Escherichia coli,Third-generation cephalosporins,2020,PT,Portugal,14.44847229
Escherichia coli,Third-generation cephalosporins,2020,RO,Romania,19.69026548
Escherichia coli,Third-generation cephalosporins,2020,SE,Sweden,7.86642306
Escherichia coli,Third-generation cephalosporins,2020,SI,Slovenia,10.57513914
Escherichia coli,Third-generation cephalosporins,2020,SK,Slovakia,27.09766162
Escherichia coli,Third-generation cephalosporins,2021,AT,Austria,8.28968755
Escherichia coli,Third-generation cephalosporins,2021,BE,Belgium,8.26096166
Escherichia coli,Third-generation cephalosporins,2021,BG,Bulgaria,37.26235741
Escherichia coli,Third-generation cephalosporins,2021,CY,Cyprus,32.8125
Escherichia coli,Third-generation cephalosporins,2021,CZ,Czechia,14.41717791
Escherichia coli,Third-generation cephalosporins,2021,DE,Germany,9.09686089
Escherichia coli,Third-generation cephalosporins,2021,DK,Denmark,6.16691285
Escherichia coli,Third-generation cephalosporins,2021,EE,Estonia,8.07319698
Escherichia coli,Third-generation cephalosporins,2021,EL,Greece,21.73314993
Escherichia coli,Third-generation cephalosporins,2021,ES,Spain,13.15824915
Escherichia coli,Third-generation cephalosporins,2021,FI,Finland,6.60458699
Escherichia coli,Third-generation cephalosporins,2021,FR,France,8.34267413
Escherichia coli,Third-generation cephalosporins,2021,HR,Croatia,18.59504132
Escherichia coli,Third-generation cephalosporins,2021,HU,Hungary,20.40485829
Escherichia coli,Third-generation cephalosporins,2021,IE,Ireland,9.95521873
Escherichia coli,Third-generation cephalosporins,2021,IS,Iceland,10.43165467
Escherichia coli,Third-generation cephalosporins,2021,IT,Italy,24.37776864
Escherichia coli,Third-generation cephalosporins,2021,LT,Lithuania,13.61665221
Escherichia coli,Third-generation cephalosporins,2021,LU,Luxembourg,11.29943502
Escherichia coli,Third-generation cephalosporins,2021,LV,Latvia,18.32061068
Escherichia coli,Third-generation cephalosporins,2021,MT,Malta,13.71237458
Escherichia coli,Third-generation cephalosporins,2021,NL,Netherlands,6.64638783
Escherichia coli,Third-generation cephalosporins,2021,NO,Norway,5.49622297
Escherichia coli,Third-generation cephalosporins,2021,PL,Poland,18.72627583
Escherichia coli,Third-generation cephalosporins,2021,PT,Portugal,13.08993766
Escherichia coli,Third-generation cephalosporins,2021,RO,Romania,18.78787878
Escherichia coli,Third-generation cephalosporins,2021,SE,Sweden,7.11934543
Escherichia coli,Third-generation cephalosporins,2021,SI,Slovenia,9.28019036
Escherichia coli,Third-generation cephalosporins,2021,SK,Slovakia,23.11248073
Escherichia coli,Third-generation cephalosporins,2022,AT,Austria,8.32025117
Escherichia coli,Third-generation cephalosporins,2022,BE,Belgium,8.75555555
Escherichia coli,Third-generation cephalosporins,2022,BG,Bulgaria,40.16736401
Escherichia coli,Third-generation cephalosporins,2022,CY,Cyprus,32.44444444
Escherichia coli,Third-generation cephalosporins,2022,CZ,Czechia,14.75042063
Escherichia coli,Third-generation cephalosporins,2022,DE,Germany,9.41785861
Escherichia coli,Third-generation cephalosporins,2022,DK,Denmark,6.62786331
Escherichia coli,Third-generation cephalosporins,2022,EE,Estonia,11.76470588
Escherichia coli,Third-generation cephalosporins,2022,EL,Greece,23.31983805
Escherichia coli,Third-generation cephalosporins,2022,ES,Spain,14.87741262
Escherichia coli,Third-generation cephalosporins,2022,FI,Finland,6.10770577
Escherichia coli,Third-generation cephalosporins,2022,FR,France,8.44148515
Escherichia coli,Third-generation cephalosporins,2022,HR,Croatia,17.42654508
Escherichia coli,Third-generation cephalosporins,2022,HU,Hungary,22.57309941
Escherichia coli,Third-generation cephalosporins,2022,IE,Ireland,9.67741935
Escherichia coli,Third-generation cephalosporins,2022,IS,Iceland,9.78723404
Escherichia coli,Third-generation cephalosporins,2022,IT,Italy,24.24384159
Escherichia coli,Third-generation cephalosporins,2022,LI,Liechtenstein,
Escherichia coli,Third-generation cephalosporins,2022,LT,Lithuania,15.43162719
Escherichia coli,Third-generation cephalosporins,2022,LU,Luxembourg,10.44776119
Escherichia coli,Third-generation cephalosporins,2022,LV,Latvia,20.04132231
Escherichia coli,Third-generation cephalosporins,2022,MT,Malta,11.34969325
Escherichia coli,Third-generation cephalosporins,2022,NL,Netherlands,7.74774774
Escherichia coli,Third-generation cephalosporins,2022,NO,Norway,5.83043594
Escherichia coli,Third-generation cephalosporins,2022,PL,Poland,18.6882655
Escherichia coli,Third-generation cephalosporins,2022,PT,Portugal,14.09699601
Escherichia coli,Third-generation cephalosporins,2022,RO,Romania,17.82608695
Escherichia coli,Third-generation cephalosporins,2022,SE,Sweden,7.50733693
Escherichia coli,Third-generation cephalosporins,2022,SI,Slovenia,9.33734939
Escherichia coli,Third-generation cephalosporins,2022,SK,Slovakia,23.69791666
Escherichia coli,Third-generation cephalosporins,2023,AT,Austria,9.85248588
Escherichia coli,Third-generation cephalosporins,2023,BE,Belgium,10.08878127
Escherichia coli,Third-generation cephalosporins,2023,BG,Bulgaria,37.25490196
Escherichia coli,Third-generation cephalosporins,2023,CY,Cyprus,34.74320241
Escherichia coli,Third-generation cephalosporins,2023,CZ,Czechia,15.87872559
Escherichia coli,Third-generation cephalosporins,2023,DE,Germany,9.73319749
Escherichia coli,Third-generation cephalosporins,2023,DK,Denmark,6.31638846
Escherichia coli,Third-generation cephalosporins,2023,EE,Estonia,11.43911439
Escherichia coli,Third-generation cephalosporins,2023,EL,Greece,22.82921219
Escherichia coli,Third-generation cephalosporins,2023,ES,Spain,16.21534146
Escherichia coli,Third-generation cephalosporins,2023,FI,Finland,7.08587517
Escherichia coli,Third-generation cephalosporins,2023,HR,Croatia,20.01527883
Escherichia coli,Third-generation cephalosporins,2023,HU,Hungary,21.3352685
Escherichia coli,Third-generation cephalosporins,2023,IE,Ireland,10.4233483
Escherichia coli,Third-generation cephalosporins,2023,IS,Iceland,12.01550387
Escherichia coli,Third-generation cephalosporins,2023,IT,Italy,26.67647161
Escherichia coli,Third-generation cephalosporins,2023,LI,Liechtenstein,
Escherichia coli,Third-generation cephalosporins,2023,LT,Lithuania,16.95945945
Escherichia coli,Third-generation cephalosporins,2023,LU,Luxembourg,11.71366594
Escherichia coli,Third-generation cephalosporins,2023,LV,Latvia,25.54112554
Escherichia coli,Third-generation cephalosporins,2023,MT,Malta,11.29807692
Escherichia coli,Third-generation cephalosporins,2023,NL,Netherlands,7.97193877
Escherichia coli,Third-generation cephalosporins,2023,NO,Norway,5.62248995
Escherichia coli,Third-generation cephalosporins,2023,PL,Poland,19.56309096
Escherichia coli,Third-generation cephalosporins,2023,PT,Portugal,17.19506481
Escherichia coli,Third-generation cephalosporins,2023,RO,Romania,19.09090909
Escherichia coli,Third-generation cephalosporins,2023,SE,Sweden,7.92540792
Escherichia coli,Third-generation cephalosporins,2023,SI,Slovenia,8.6638194
Escherichia coli,Third-generation cephalosporins,2023,SK,Slovakia,21.55172413
Escherichia coli,Third-generation cephalosporins,2024,AT,Austria,10.55105348
Escherichia coli,Third-generation cephalosporins,2024,BE,Belgium,11.91865938
Escherichia coli,Third-generation cephalosporins,2024,BG,Bulgaria,34.52380952
Escherichia coli,Third-generation cephalosporins,2024,CY,Cyprus,38.75
Escherichia coli,Third-generation cephalosporins,2024,CZ,Czechia,15.7882408
Escherichia coli,Third-generation cephalosporins,2024,DE,Germany,10.60872886
Escherichia coli,Third-generation cephalosporins,2024,DK,Denmark,6.76103557
Escherichia coli,Third-generation cephalosporins,2024,EE,Estonia,9.94623655
Escherichia coli,Third-generation cephalosporins,2024,EL,Greece,25.50066755
Escherichia coli,Third-generation cephalosporins,2024,ES,Spain,16.83130334
Escherichia coli,Third-generation cephalosporins,2024,FI,Finland,7.45401742
Escherichia coli,Third-generation cephalosporins,2024,FR,France,10.46973591
Escherichia coli,Third-generation cephalosporins,2024,HR,Croatia,19.39451277
Escherichia coli,Third-generation cephalosporins,2024,HU,Hungary,20.73687642
Escherichia coli,Third-generation cephalosporins,2024,IE,Ireland,11.91385897
Escherichia coli,Third-generation cephalosporins,2024,IS,Iceland,14.13793103
Escherichia coli,Third-generation cephalosporins,2024,IT,Italy,27.73332489
Escherichia coli,Third-generation cephalosporins,2024,LI,Liechtenstein,
Escherichia coli,Third-generation cephalosporins,2024,LT,Lithuania,15.82278481
Escherichia coli,Third-generation cephalosporins,2024,LU,Luxembourg,12.97709923
Escherichia coli,Third-generation cephalosporins,2024,LV,Latvia,28.86115444
Escherichia coli,Third-generation cephalosporins,2024,MT,Malta,24.7464503
Escherichia coli,Third-generation cephalosporins,2024,NL,Netherlands,9.09698251
Escherichia coli,Third-generation cephalosporins,2024,NO,Norway,6.79074446
Escherichia coli,Third-generation cephalosporins,2024,PL,Poland,18.81295943
Escherichia coli,Third-generation cephalosporins,2024,PT,Portugal,18.71056241
Escherichia coli,Third-generation cephalosporins,2024,RO,Romania,20.67164179
Escherichia coli,Third-generation cephalosporins,2024,SE,Sweden,9.4353994
Escherichia coli,Third-generation cephalosporins,2024,SI,Slovenia,9.06963136
Escherichia coli,Third-generation cephalosporins,2024,SK,Slovakia,24.58172458
Escherichia coli,Fluoroquinolones,2000,DE,Germany,7.77777777
Escherichia coli,Fluoroquinolones,2000,EE,Estonia,
Escherichia coli,Fluoroquinolones,2000,EL,Greece,4.28571428
Escherichia coli,Fluoroquinolones,2000,NL,Netherlands,3.36065573
Escherichia coli,Fluoroquinolones,2000,NO,Norway,1.65605095
Escherichia coli,Fluoroquinolones,2000,SE,Sweden,
Escherichia coli,Fluoroquinolones,2001,AT,Austria,7.03517587
Escherichia coli,Fluoroquinolones,2001,BE,Belgium,8.90052356
Escherichia coli,Fluoroquinolones,2001,BG,Bulgaria,7.86516853
Escherichia coli,Fluoroquinolones,2001,CZ,Czechia,8.09199318
Escherichia coli,Fluoroquinolones,2001,DE,Germany,11.24694376
Escherichia coli,Fluoroquinolones,2001,EE,Estonia,0.0
Escherichia coli,Fluoroquinolones,2001,EL,Greece,9.4619666
Escherichia coli,Fluoroquinolones,2001,ES,Spain,17.25181598
Escherichia coli,Fluoroquinolones,2001,FI,Finland,5.40315876
Escherichia coli,Fluoroquinolones,2001,HR,Croatia,4.51977401
Escherichia coli,Fluoroquinolones,2001,HU,Hungary,5.05836575
Escherichia coli,Fluoroquinolones,2001,IS,Iceland,3.7037037
Escherichia coli,Fluoroquinolones,2001,LU,Luxembourg,4.23280423
Escherichia coli,Fluoroquinolones,2001,MT,Malta,15.38461538
Escherichia coli,Fluoroquinolones,2001,NL,Netherlands,5.41989279
Escherichia coli,Fluoroquinolones,2001,NO,Norway,1.3064133
Escherichia coli,Fluoroquinolones,2001,PL,Poland,8.60215053
Escherichia coli,Fluoroquinolones,2001,PT,Portugal,17.52577319
Escherichia coli,Fluoroquinolones,2001,SE,Sweden,3.73955125
Escherichia coli,Fluoroquinolones,2001,SI,Slovenia,8.040201
Escherichia coli,Fluoroquinolones,2001,SK,Slovakia,15.55555555
Escherichia coli,Fluoroquinolones,2001,UK,United Kingdom,6.20408163
Escherichia coli,Fluoroquinolones,2002,AT,Austria,10.16949152
Escherichia coli,Fluoroquinolones,2002,BE,Belgium,13.23529411
Escherichia coli,Fluoroquinolones,2002,BG,Bulgaria,14.07407407
Escherichia coli,Fluoroquinolones,2002,CZ,Czechia,10.40353089
Escherichia coli,Fluoroquinolones,2002,DE,Germany,14.51310861
Escherichia coli,Fluoroquinolones,2002,EE,Estonia,4.91803278
Escherichia coli,Fluoroquinolones,2002,EL,Greece,13.13993174
Escherichia coli,Fluoroquinolones,2002,ES,Spain,19.28974979
Escherichia coli,Fluoroquinolones,2002,FI,Finland,6.34184068
Escherichia coli,Fluoroquinolones,2002,FR,France,8.18948213
Escherichia coli,Fluoroquinolones,2002,HR,Croatia,5.30612244
Escherichia coli,Fluoroquinolones,2002,HU,Hungary,10.36585365
Escherichia coli,Fluoroquinolones,2002,IE,Ireland,5.13176144
Escherichia coli,Fluoroquinolones,2002,IS,Iceland,2.7027027
Escherichia coli,Fluoroquinolones,2002,IT,Italy,21.06969205
Escherichia coli,Fluoroquinolones,2002,LU,Luxembourg,9.43396226
Escherichia coli,Fluoroquinolones,2002,MT,Malta,12.16216216
Escherichia coli,Fluoroquinolones,2002,NL,Netherlands,5.42844324
Escherichia coli,Fluoroquinolones,2002,NO,Norway,1.71026156
Escherichia coli,Fluoroquinolones,2002,PL,Poland,10.52631578
Escherichia coli,Fluoroquinolones,2002,PT,Portugal,23.48484848
Escherichia coli,Fluoroquinolones,2002,RO,Romania,20.0
Escherichia coli,Fluoroquinolones,2002,SE,Sweden,5.09527754
Escherichia coli,Fluoroquinolones,2002,SI,Slovenia,11.98044009
Escherichia coli,Fluoroquinolones,2002,SK,Slovakia,14.4859813
Escherichia coli,Fluoroquinolones,2002,UK,United Kingdom,7.34528629
Escherichia coli,Fluoroquinolones,2003,AT,Austria,14.12487205
Escherichia coli,Fluoroquinolones,2003,BE,Belgium,11.56685808
Escherichia coli,Fluoroquinolones,2003,BG,Bulgaria,19.3548387
Escherichia coli,Fluoroquinolones,2003,CY,Cyprus,
Escherichia coli,Fluoroquinolones,2003,CZ,Czechia,13.20861678
Escherichia coli,Fluoroquinolones,2003,DE,Germany,13.9607032
Escherichia coli,Fluoroquinolones,2003,EE,Estonia,4.59770114
Escherichia coli,Fluoroquinolones,2003,EL,Greece,12.2659176
Escherichia coli,Fluoroquinolones,2003,ES,Spain,20.9928003
Escherichia coli,Fluoroquinolones,2003,FI,Finland,5.10204081
Escherichia coli,Fluoroquinolones,2003,FR,France,9.32390631
Escherichia coli,Fluoroquinolones,2003,HR,Croatia,7.1297989
Escherichia coli,Fluoroquinolones,2003,HU,Hungary,14.90147783
Escherichia coli,Fluoroquinolones,2003,IE,Ireland,9.55882352
Escherichia coli,Fluoroquinolones,2003,IS,Iceland,5.55555555
Escherichia coli,Fluoroquinolones,2003,IT,Italy,24.81040086
Escherichia coli,Fluoroquinolones,2003,LU,Luxembourg,11.94690265
Escherichia coli,Fluoroquinolones,2003,MT,Malta,24.44444444
Escherichia coli,Fluoroquinolones,2003,NL,Netherlands,7.21951219
Escherichia coli,Fluoroquinolones,2003,NO,Norway,1.87265917
Escherichia coli,Fluoroquinolones,2003,PL,Poland,6.61157024
Escherichia coli,Fluoroquinolones,2003,PT,Portugal,25.84118438
Escherichia coli,Fluoroquinolones,2003,RO,Romania,14.0
Escherichia coli,Fluoroquinolones,2003,SE,Sweden,6.56840756
Escherichia coli,Fluoroquinolones,2003,SI,Slovenia,11.22194513
Escherichia coli,Fluoroquinolones,2003,SK,Slovakia,20.16806722
Escherichia coli,Fluoroquinolones,2003,UK,United Kingdom,11.27783155
Escherichia coli,Fluoroquinolones,2004,AT,Austria,16.72060409
Escherichia coli,Fluoroquinolones,2004,BE,Belgium,15.37884471
Escherichia coli,Fluoroquinolones,2004,BG,Bulgaria,23.92638036
Escherichia coli,Fluoroquinolones,2004,CY,Cyprus,21.73913043
Escherichia coli,Fluoroquinolones,2004,CZ,Czechia,15.92875318
Escherichia coli,Fluoroquinolones,2004,DE,Germany,24.34928631
Escherichia coli,Fluoroquinolones,2004,EE,Estonia,6.41025641
Escherichia coli,Fluoroquinolones,2004,EL,Greece,11.61751563
Escherichia coli,Fluoroquinolones,2004,ES,Spain,25.38949798
Escherichia coli,Fluoroquinolones,2004,FI,Finland,7.25952813
Escherichia coli,Fluoroquinolones,2004,FR,France,8.22695035
Escherichia coli,Fluoroquinolones,2004,HR,Croatia,8.23970037
Escherichia coli,Fluoroquinolones,2004,HU,Hungary,19.42286348
Escherichia coli,Fluoroquinolones,2004,IE,Ireland,12.11871393
Escherichia coli,Fluoroquinolones,2004,IS,Iceland,1.7699115
Escherichia coli,Fluoroquinolones,2004,IT,Italy,27.83825816
Escherichia coli,Fluoroquinolones,2004,LU,Luxembourg,17.59259259
Escherichia coli,Fluoroquinolones,2004,MT,Malta,35.55555555
Escherichia coli,Fluoroquinolones,2004,NL,Netherlands,6.59871244
Escherichia coli,Fluoroquinolones,2004,NO,Norway,4.36760691
Escherichia coli,Fluoroquinolones,2004,PL,Poland,8.55614973
Escherichia coli,Fluoroquinolones,2004,PT,Portugal,26.70375521
Escherichia coli,Fluoroquinolones,2004,RO,Romania,20.93023255
Escherichia coli,Fluoroquinolones,2004,SE,Sweden,7.58166017
Escherichia coli,Fluoroquinolones,2004,SI,Slovenia,12.39092495
Escherichia coli,Fluoroquinolones,2004,SK,Slovakia,24.02597402
Escherichia coli,Fluoroquinolones,2004,UK,United Kingdom,14.16962925
Escherichia coli,Fluoroquinolones,2005,AT,Austria,19.37530502
Escherichia coli,Fluoroquinolones,2005,BE,Belgium,16.83778234
Escherichia coli,Fluoroquinolones,2005,BG,Bulgaria,28.57142857
Escherichia coli,Fluoroquinolones,2005,CY,Cyprus,28.76712328
Escherichia coli,Fluoroquinolones,2005,CZ,Czechia,20.24182713
Escherichia coli,Fluoroquinolones,2005,DE,Germany,23.40647857
Escherichia coli,Fluoroquinolones,2005,DK,Denmark,4.74934036
Escherichia coli,Fluoroquinolones,2005,EE,Estonia,5.29801324
Escherichia coli,Fluoroquinolones,2005,EL,Greece,12.32394366
Escherichia coli,Fluoroquinolones,2005,ES,Spain,28.16572001
Escherichia coli,Fluoroquinolones,2005,FI,Finland,7.4010327
Escherichia coli,Fluoroquinolones,2005,FR,France,11.01526211
Escherichia coli,Fluoroquinolones,2005,HR,Croatia,8.79120879
Escherichia coli,Fluoroquinolones,2005,HU,Hungary,21.92347466
Escherichia coli,Fluoroquinolones,2005,IE,Ireland,16.86746987
Escherichia coli,Fluoroquinolones,2005,IS,Iceland,3.41880341
Escherichia coli,Fluoroquinolones,2005,IT,Italy,28.24497257
Escherichia coli,Fluoroquinolones,2005,LU,Luxembourg,18.61702127
Escherichia coli,Fluoroquinolones,2005,MT,Malta,30.58823529
Escherichia coli,Fluoroquinolones,2005,NL,Netherlands,9.93470149
Escherichia coli,Fluoroquinolones,2005,NO,Norway,4.68364831
Escherichia coli,Fluoroquinolones,2005,PL,Poland,19.88636363
Escherichia coli,Fluoroquinolones,2005,PT,Portugal,29.28176795
Escherichia coli,Fluoroquinolones,2005,RO,Romania,8.86075949
Escherichia coli,Fluoroquinolones,2005,SE,Sweden,6.32202831
Escherichia coli,Fluoroquinolones,2005,SI,Slovenia,12.02435312
Escherichia coli,Fluoroquinolones,2005,SK,Slovakia,14.39393939
Escherichia coli,Fluoroquinolones,2005,UK,United Kingdom,16.83121767
Escherichia coli,Fluoroquinolones,2006,AT,Austria,22.08688591
Escherichia coli,Fluoroquinolones,2006,BE,Belgium,19.36936936
Escherichia coli,Fluoroquinolones,2006,BG,Bulgaria,26.17801047
Escherichia coli,Fluoroquinolones,2006,CY,Cyprus,34.83146067
Escherichia coli,Fluoroquinolones,2006,CZ,Czechia,23.22761194
Escherichia coli,Fluoroquinolones,2006,DE,Germany,29.27981109
Escherichia coli,Fluoroquinolones,2006,DK,Denmark,6.62447257
Escherichia coli,Fluoroquinolones,2006,EE,Estonia,6.56565656
Escherichia coli,Fluoroquinolones,2006,EL,Greece,14.48
Escherichia coli,Fluoroquinolones,2006,ES,Spain,28.00595238
Escherichia coli,Fluoroquinolones,2006,FI,Finland,8.21333333
Escherichia coli,Fluoroquinolones,2006,FR,France,13.82224234
Escherichia coli,Fluoroquinolones,2006,HR,Croatia,15.46391752
Escherichia coli,Fluoroquinolones,2006,HU,Hungary,26.61064425
Escherichia coli,Fluoroquinolones,2006,IE,Ireland,20.97470697
Escherichia coli,Fluoroquinolones,2006,IS,Iceland,11.57024793
Escherichia coli,Fluoroquinolones,2006,IT,Italy,26.87793427
Escherichia coli,Fluoroquinolones,2006,LT,Lithuania,12.28070175
Escherichia coli,Fluoroquinolones,2006,LU,Luxembourg,19.76047904
Escherichia coli,Fluoroquinolones,2006,LV,Latvia,10.0
Escherichia coli,Fluoroquinolones,2006,MT,Malta,31.91489361
Escherichia coli,Fluoroquinolones,2006,NL,Netherlands,11.20507399
Escherichia coli,Fluoroquinolones,2006,NO,Norway,4.86815415
Escherichia coli,Fluoroquinolones,2006,PL,Poland,20.38834951
Escherichia coli,Fluoroquinolones,2006,PT,Portugal,27.6744186
Escherichia coli,Fluoroquinolones,2006,RO,Romania,41.02564102
Escherichia coli,Fluoroquinolones,2006,SE,Sweden,7.95314426
Escherichia coli,Fluoroquinolones,2006,SI,Slovenia,15.20223152
Escherichia coli,Fluoroquinolones,2006,UK,United Kingdom,19.90719257
Escherichia coli,Fluoroquinolones,2007,AT,Austria,25.68154879
Escherichia coli,Fluoroquinolones,2007,BE,Belgium,19.16726489
Escherichia coli,Fluoroquinolones,2007,BG,Bulgaria,34.64566929
Escherichia coli,Fluoroquinolones,2007,CY,Cyprus,39.44954128
Escherichia coli,Fluoroquinolones,2007,CZ,Czechia,24.14796342
Escherichia coli,Fluoroquinolones,2007,DE,Germany,29.73251028
Escherichia coli,Fluoroquinolones,2007,DK,Denmark,9.29737402
Escherichia coli,Fluoroquinolones,2007,EE,Estonia,6.73076923
Escherichia coli,Fluoroquinolones,2007,EL,Greece,19.15240423
Escherichia coli,Fluoroquinolones,2007,ES,Spain,30.4454769
Escherichia coli,Fluoroquinolones,2007,FI,Finland,7.69625448
Escherichia coli,Fluoroquinolones,2007,FR,France,14.79208416
Escherichia coli,Fluoroquinolones,2007,HR,Croatia,13.13953488
Escherichia coli,Fluoroquinolones,2007,HU,Hungary,26.30676949
Escherichia coli,Fluoroquinolones,2007,IE,Ireland,21.30959218
Escherichia coli,Fluoroquinolones,2007,IS,Iceland,16.66666666
Escherichia coli,Fluoroquinolones,2007,IT,Italy,31.52507676
Escherichia coli,Fluoroquinolones,2007,LT,Lithuania,9.48275862
Escherichia coli,Fluoroquinolones,2007,LU,Luxembourg,21.45454545
Escherichia coli,Fluoroquinolones,2007,LV,Latvia,17.10526315
Escherichia coli,Fluoroquinolones,2007,MT,Malta,35.04273504
Escherichia coli,Fluoroquinolones,2007,NL,Netherlands,12.58715596
Escherichia coli,Fluoroquinolones,2007,NO,Norway,7.08661417
Escherichia coli,Fluoroquinolones,2007,PL,Poland,12.890625
Escherichia coli,Fluoroquinolones,2007,PT,Portugal,29.84859408
Escherichia coli,Fluoroquinolones,2007,RO,Romania,26.66666666
Escherichia coli,Fluoroquinolones,2007,SE,Sweden,10.32258064
Escherichia coli,Fluoroquinolones,2007,SI,Slovenia,17.15628672
Escherichia coli,Fluoroquinolones,2007,UK,United Kingdom,17.89719626
Escherichia coli,Fluoroquinolones,2008,AT,Austria,22.92436974
Escherichia coli,Fluoroquinolones,2008,BE,Belgium,16.8429003
Escherichia coli,Fluoroquinolones,2008,BG,Bulgaria,31.50684931
Escherichia coli,Fluoroquinolones,2008,CY,Cyprus,45.37815126
Escherichia coli,Fluoroquinolones,2008,CZ,Czechia,26.02339181
Escherichia coli,Fluoroquinolones,2008,DE,Germany,23.41614906
Escherichia coli,Fluoroquinolones,2008,DK,Denmark,10.17229953
Escherichia coli,Fluoroquinolones,2008,EE,Estonia,6.74603174
Escherichia coli,Fluoroquinolones,2008,EL,Greece,22.406639
Escherichia coli,Fluoroquinolones,2008,ES,Spain,32.52077562
Escherichia coli,Fluoroquinolones,2008,FI,Finland,8.72451398
Escherichia coli,Fluoroquinolones,2008,FR,France,15.69806279
Escherichia coli,Fluoroquinolones,2008,HR,Croatia,14.98905908
Escherichia coli,Fluoroquinolones,2008,HU,Hungary,26.12440191
Escherichia coli,Fluoroquinolones,2008,IE,Ireland,22.62931034
Escherichia coli,Fluoroquinolones,2008,IS,Iceland,6.08695652
Escherichia coli,Fluoroquinolones,2008,IT,Italy,37.59647188
Escherichia coli,Fluoroquinolones,2008,LT,Lithuania,13.81578947
Escherichia coli,Fluoroquinolones,2008,LU,Luxembourg,22.11221122
Escherichia coli,Fluoroquinolones,2008,LV,Latvia,14.44444444
Escherichia coli,Fluoroquinolones,2008,MT,Malta,33.59375
Escherichia coli,Fluoroquinolones,2008,NL,Netherlands,14.39427805
Escherichia coli,Fluoroquinolones,2008,NO,Norway,7.39081746
Escherichia coli,Fluoroquinolones,2008,PL,Poland,20.23809523
Escherichia coli,Fluoroquinolones,2008,PT,Portugal,28.59860494
Escherichia coli,Fluoroquinolones,2008,RO,Romania,26.92307692
Escherichia coli,Fluoroquinolones,2008,SE,Sweden,10.2793296
Escherichia coli,Fluoroquinolones,2008,SI,Slovenia,16.93363844
Escherichia coli,Fluoroquinolones,2008,UK,United Kingdom,15.10548523
Escherichia coli,Fluoroquinolones,2009,AT,Austria,20.48929663
Escherichia coli,Fluoroquinolones,2009,BE,Belgium,19.94680851
Escherichia coli,Fluoroquinolones,2009,BG,Bulgaria,27.97927461
Escherichia coli,Fluoroquinolones,2009,CY,Cyprus,43.38235294
Escherichia coli,Fluoroquinolones,2009,CZ,Czechia,23.16896301
Escherichia coli,Fluoroquinolones,2009,DE,Germany,23.40272792
Escherichia coli,Fluoroquinolones,2009,DK,Denmark,13.1826189
Escherichia coli,Fluoroquinolones,2009,EE,Estonia,8.27814569
Escherichia coli,Fluoroquinolones,2009,EL,Greece,23.42192691
Escherichia coli,Fluoroquinolones,2009,ES,Spain,31.49606299
Escherichia coli,Fluoroquinolones,2009,FI,Finland,9.17678812
Escherichia coli,Fluoroquinolones,2009,FR,France,18.55620735
Escherichia coli,Fluoroquinolones,2009,HU,Hungary,30.49713193
Escherichia coli,Fluoroquinolones,2009,IE,Ireland,21.69576059
Escherichia coli,Fluoroquinolones,2009,IS,Iceland,7.07070707
Escherichia coli,Fluoroquinolones,2009,IT,Italy,36.1529548
Escherichia coli,Fluoroquinolones,2009,LT,Lithuania,14.57627118
Escherichia coli,Fluoroquinolones,2009,LU,Luxembourg,25.58139534
Escherichia coli,Fluoroquinolones,2009,LV,Latvia,23.52941176
Escherichia coli,Fluoroquinolones,2009,MT,Malta,30.37974683
Escherichia coli,Fluoroquinolones,2009,NL,Netherlands,11.02229701
Escherichia coli,Fluoroquinolones,2009,NO,Norway,8.68852459
Escherichia coli,Fluoroquinolones,2009,PL,Poland,23.10405643
Escherichia coli,Fluoroquinolones,2009,PT,Portugal,27.72427774
Escherichia coli,Fluoroquinolones,2009,RO,Romania,18.18181818
Escherichia coli,Fluoroquinolones,2009,SE,Sweden,
Escherichia coli,Fluoroquinolones,2009,SI,Slovenia,18.2530795
Escherichia coli,Fluoroquinolones,2009,UK,United Kingdom,18.03874092
Escherichia coli,Fluoroquinolones,2010,AT,Austria,20.88888888
Escherichia coli,Fluoroquinolones,2010,BE,Belgium,21.54882154
Escherichia coli,Fluoroquinolones,2010,BG,Bulgaria,33.11258278
Escherichia coli,Fluoroquinolones,2010,CY,Cyprus,42.75362318
Escherichia coli,Fluoroquinolones,2010,CZ,Czechia,22.73276904
Escherichia coli,Fluoroquinolones,2010,DE,Germany,24.75969506
Escherichia coli,Fluoroquinolones,2010,DK,Denmark,13.73973468
Escherichia coli,Fluoroquinolones,2010,EE,Estonia,8.36501901
Escherichia coli,Fluoroquinolones,2010,EL,Greece,24.40633245
Escherichia coli,Fluoroquinolones,2010,ES,Spain,32.75983146
Escherichia coli,Fluoroquinolones,2010,FI,Finland,9.21568627
Escherichia coli,Fluoroquinolones,2010,FR,France,17.54191184
Escherichia coli,Fluoroquinolones,2010,HR,Croatia,17.00913242
Escherichia coli,Fluoroquinolones,2010,HU,Hungary,36.57644476
Escherichia coli,Fluoroquinolones,2010,IE,Ireland,22.86254133
Escherichia coli,Fluoroquinolones,2010,IS,Iceland,10.52631578
Escherichia coli,Fluoroquinolones,2010,IT,Italy,39.20361247
Escherichia coli,Fluoroquinolones,2010,LT,Lithuania,13.51351351
Escherichia coli,Fluoroquinolones,2010,LU,Luxembourg,26.27118644
Escherichia coli,Fluoroquinolones,2010,LV,Latvia,14.43298969
Escherichia coli,Fluoroquinolones,2010,MT,Malta,34.375
Escherichia coli,Fluoroquinolones,2010,NL,Netherlands,13.88032078
Escherichia coli,Fluoroquinolones,2010,NO,Norway,8.7340097
Escherichia coli,Fluoroquinolones,2010,PL,Poland,25.75976845
Escherichia coli,Fluoroquinolones,2010,PT,Portugal,27.27745965
Escherichia coli,Fluoroquinolones,2010,RO,Romania,24.24242424
Escherichia coli,Fluoroquinolones,2010,SE,Sweden,10.50525262
Escherichia coli,Fluoroquinolones,2010,SI,Slovenia,19.32773109
Escherichia coli,Fluoroquinolones,2010,UK,United Kingdom,17.30010384
Escherichia coli,Fluoroquinolones,2011,AT,Austria,22.26438962
Escherichia coli,Fluoroquinolones,2011,BE,Belgium,21.52719075
Escherichia coli,Fluoroquinolones,2011,BG,Bulgaria,30.16759776
Escherichia coli,Fluoroquinolones,2011,CY,Cyprus,47.44525547
Escherichia coli,Fluoroquinolones,2011,CZ,Czechia,23.48993288
Escherichia coli,Fluoroquinolones,2011,DE,Germany,23.73487348
Escherichia coli,Fluoroquinolones,2011,DK,Denmark,14.06642478
Escherichia coli,Fluoroquinolones,2011,EE,Estonia,9.93589743
Escherichia coli,Fluoroquinolones,2011,EL,Greece,26.5875785
Escherichia coli,Fluoroquinolones,2011,ES,Spain,34.48275862
Escherichia coli,Fluoroquinolones,2011,FI,Finland,10.9602649
Escherichia coli,Fluoroquinolones,2011,FR,France,17.92040487
Escherichia coli,Fluoroquinolones,2011,HR,Croatia,20.27310924
Escherichia coli,Fluoroquinolones,2011,HU,Hungary,31.16240725
Escherichia coli,Fluoroquinolones,2011,IE,Ireland,22.94472828
Escherichia coli,Fluoroquinolones,2011,IS,Iceland,14.04958677
Escherichia coli,Fluoroquinolones,2011,IT,Italy,40.54765666
Escherichia coli,Fluoroquinolones,2011,LT,Lithuania,12.86089238
Escherichia coli,Fluoroquinolones,2011,LU,Luxembourg,24.07932011
Escherichia coli,Fluoroquinolones,2011,LV,Latvia,16.79389312
Escherichia coli,Fluoroquinolones,2011,MT,Malta,31.96347031
Escherichia coli,Fluoroquinolones,2011,NL,Netherlands,14.44362564
Escherichia coli,Fluoroquinolones,2011,NO,Norway,8.98203592
Escherichia coli,Fluoroquinolones,2011,PL,Poland,27.3444347
Escherichia coli,Fluoroquinolones,2011,PT,Portugal,27.23004694
Escherichia coli,Fluoroquinolones,2011,RO,Romania,28.0
Escherichia coli,Fluoroquinolones,2011,SE,Sweden,10.05685159
Escherichia coli,Fluoroquinolones,2011,SI,Slovenia,20.65868263
Escherichia coli,Fluoroquinolones,2011,SK,Slovakia,41.81326116
Escherichia coli,Fluoroquinolones,2011,UK,United Kingdom,17.54133716
Escherichia coli,Fluoroquinolones,2012,AT,Austria,20.55401662
Escherichia coli,Fluoroquinolones,2012,BE,Belgium,22.16216216
Escherichia coli,Fluoroquinolones,2012,BG,Bulgaria,34.08071748
Escherichia coli,Fluoroquinolones,2012,CY,Cyprus,42.04545454
Escherichia coli,Fluoroquinolones,2012,CZ,Czechia,20.96831612
Escherichia coli,Fluoroquinolones,2012,DE,Germany,21.10792741
Escherichia coli,Fluoroquinolones,2012,DK,Denmark,14.12184552
Escherichia coli,Fluoroquinolones,2012,EE,Estonia,14.14473684
Escherichia coli,Fluoroquinolones,2012,EL,Greece,29.08163265
Escherichia coli,Fluoroquinolones,2012,ES,Spain,33.85214007
Escherichia coli,Fluoroquinolones,2012,FI,Finland,11.73308032
Escherichia coli,Fluoroquinolones,2012,FR,France,17.84582893
Escherichia coli,Fluoroquinolones,2012,HR,Croatia,17.04035874
Escherichia coli,Fluoroquinolones,2012,HU,Hungary,28.93036611
Escherichia coli,Fluoroquinolones,2012,IE,Ireland,24.28571428
Escherichia coli,Fluoroquinolones,2012,IS,Iceland,9.70149253
Escherichia coli,Fluoroquinolones,2012,IT,Italy,42.05479452
Escherichia coli,Fluoroquinolones,2012,LT,Lithuania,14.69298245
Escherichia coli,Fluoroquinolones,2012,LU,Luxembourg,23.9520958
Escherichia coli,Fluoroquinolones,2012,LV,Latvia,14.47368421
Escherichia coli,Fluoroquinolones,2012,MT,Malta,30.14354066
Escherichia coli,Fluoroquinolones,2012,NL,Netherlands,15.63556457
Escherichia coli,Fluoroquinolones,2012,NO,Norway,11.2908899
Escherichia coli,Fluoroquinolones,2012,PL,Poland,29.33204259
Escherichia coli,Fluoroquinolones,2012,PT,Portugal,30.30583873
Escherichia coli,Fluoroquinolones,2012,RO,Romania,29.03225806
Escherichia coli,Fluoroquinolones,2012,SE,Sweden,11.08903738
Escherichia coli,Fluoroquinolones,2012,SI,Slovenia,21.40410958
Escherichia coli,Fluoroquinolones,2012,SK,Slovakia,41.29496402
Escherichia coli,Fluoroquinolones,2012,UK,United Kingdom,16.56785771
Escherichia coli,Fluoroquinolones,2013,AT,Austria,21.96774947
Escherichia coli,Fluoroquinolones,2013,BE,Belgium,22.95161682
Escherichia coli,Fluoroquinolones,2013,BG,Bulgaria,37.43315508
Escherichia coli,Fluoroquinolones,2013,CY,Cyprus,51.85185185
Escherichia coli,Fluoroquinolones,2013,CZ,Czechia,20.75855062
Escherichia coli,Fluoroquinolones,2013,DE,Germany,22.07326283
Escherichia coli,Fluoroquinolones,2013,DK,Denmark,12.44007065
Escherichia coli,Fluoroquinolones,2013,EE,Estonia,11.83431952
Escherichia coli,Fluoroquinolones,2013,EL,Greece,30.88709677
Escherichia coli,Fluoroquinolones,2013,ES,Spain,34.89706378
Escherichia coli,Fluoroquinolones,2013,FI,Finland,13.23935876
Escherichia coli,Fluoroquinolones,2013,FR,France,16.73453173
Escherichia coli,Fluoroquinolones,2013,HR,Croatia,20.17543859
Escherichia coli,Fluoroquinolones,2013,HU,Hungary,30.30726256
Escherichia coli,Fluoroquinolones,2013,IE,Ireland,24.17271993
Escherichia coli,Fluoroquinolones,2013,IS,Iceland,14.65517241
Escherichia coli,Fluoroquinolones,2013,IT,Italy,42.20977596
Escherichia coli,Fluoroquinolones,2013,LT,Lithuania,15.93533487
Escherichia coli,Fluoroquinolones,2013,LU,Luxembourg,27.79661016
Escherichia coli,Fluoroquinolones,2013,LV,Latvia,18.65671641
Escherichia coli,Fluoroquinolones,2013,MT,Malta,29.75206611
Escherichia coli,Fluoroquinolones,2013,NL,Netherlands,14.75926203
Escherichia coli,Fluoroquinolones,2013,NO,Norway,10.8907563
Escherichia coli,Fluoroquinolones,2013,PL,Poland,27.34299516
Escherichia coli,Fluoroquinolones,2013,PT,Portugal,31.62011173
Escherichia coli,Fluoroquinolones,2013,RO,Romania,31.0
Escherichia coli,Fluoroquinolones,2013,SE,Sweden,11.58238172
Escherichia coli,Fluoroquinolones,2013,SI,Slovenia,19.85294117
Escherichia coli,Fluoroquinolones,2013,SK,Slovakia,40.34653465
Escherichia coli,Fluoroquinolones,2013,UK,United Kingdom,16.30465847
Escherichia coli,Fluoroquinolones,2014,AT,Austria,19.81904351
Escherichia coli,Fluoroquinolones,2014,BE,Belgium,26.70257791
Escherichia coli,Fluoroquinolones,2014,BG,Bulgaria,38.60465116
Escherichia coli,Fluoroquinolones,2014,CY,Cyprus,46.40522875
Escherichia coli,Fluoroquinolones,2014,CZ,Czechia,21.60618279
Escherichia coli,Fluoroquinolones,2014,DE,Germany,20.59062145
Escherichia coli,Fluoroquinolones,2014,DK,Denmark,12.25217197
Escherichia coli,Fluoroquinolones,2014,EE,Estonia,12.28501228
Escherichia coli,Fluoroquinolones,2014,EL,Greece,32.76018099
Escherichia coli,Fluoroquinolones,2014,ES,Spain,34.0323135
Escherichia coli,Fluoroquinolones,2014,FI,Finland,11.03586656
Escherichia coli,Fluoroquinolones,2014,FR,France,17.64820025
Escherichia coli,Fluoroquinolones,2014,HR,Croatia,20.05597014
Escherichia coli,Fluoroquinolones,2014,HU,Hungary,28.43866171
Escherichia coli,Fluoroquinolones,2014,IE,Ireland,24.52830188
Escherichia coli,Fluoroquinolones,2014,IS,Iceland,7.80141843
Escherichia coli,Fluoroquinolones,2014,IT,Italy,43.92651494
Escherichia coli,Fluoroquinolones,2014,LT,Lithuania,12.83783783
Escherichia coli,Fluoroquinolones,2014,LU,Luxembourg,24.72826086
Escherichia coli,Fluoroquinolones,2014,LV,Latvia,17.67955801
Escherichia coli,Fluoroquinolones,2014,MT,Malta,28.73134328
Escherichia coli,Fluoroquinolones,2014,NL,Netherlands,13.96295256
Escherichia coli,Fluoroquinolones,2014,NO,Norway,11.0102489
Escherichia coli,Fluoroquinolones,2014,PL,Poland,29.23368022
Escherichia coli,Fluoroquinolones,2014,PT,Portugal,32.36522777
Escherichia coli,Fluoroquinolones,2014,RO,Romania,31.2703583
Escherichia coli,Fluoroquinolones,2014,SE,Sweden,11.2991054
Escherichia coli,Fluoroquinolones,2014,SI,Slovenia,23.27302631
Escherichia coli,Fluoroquinolones,2014,SK,Slovakia,42.95377677
Escherichia coli,Fluoroquinolones,2014,UK,United Kingdom,16.81837884
Escherichia coli,Fluoroquinolones,2015,AT,Austria,20.02911813
Escherichia coli,Fluoroquinolones,2015,BE,Belgium,26.58869395
Escherichia coli,Fluoroquinolones,2015,BG,Bulgaria,35.29411764
Escherichia coli,Fluoroquinolones,2015,CY,Cyprus,45.52845528
Escherichia coli,Fluoroquinolones,2015,CZ,Czechia,22.59083728
Escherichia coli,Fluoroquinolones,2015,DE,Germany,19.38130613
Escherichia coli,Fluoroquinolones,2015,DK,Denmark,11.90371991
Escherichia coli,Fluoroquinolones,2015,EE,Estonia,15.234375
Escherichia coli,Fluoroquinolones,2015,EL,Greece,30.56255247
Escherichia coli,Fluoroquinolones,2015,ES,Spain,31.55459592
Escherichia coli,Fluoroquinolones,2015,FI,Finland,11.17166212
Escherichia coli,Fluoroquinolones,2015,FR,France,17.74868157
Escherichia coli,Fluoroquinolones,2015,HR,Croatia,23.9884393
Escherichia coli,Fluoroquinolones,2015,HU,Hungary,28.99554675
Escherichia coli,Fluoroquinolones,2015,IE,Ireland,23.07107563
Escherichia coli,Fluoroquinolones,2015,IS,Iceland,6.79012345
Escherichia coli,Fluoroquinolones,2015,IT,Italy,44.38282647
Escherichia coli,Fluoroquinolones,2015,LT,Lithuania,20.58319039
Escherichia coli,Fluoroquinolones,2015,LU,Luxembourg,24.20749279
Escherichia coli,Fluoroquinolones,2015,LV,Latvia,27.83505154
Escherichia coli,Fluoroquinolones,2015,MT,Malta,37.39495798
Escherichia coli,Fluoroquinolones,2015,NL,Netherlands,13.16087079
Escherichia coli,Fluoroquinolones,2015,NO,Norway,10.21831412
Escherichia coli,Fluoroquinolones,2015,PL,Poland,27.88033099
Escherichia coli,Fluoroquinolones,2015,PT,Portugal,29.65928132
Escherichia coli,Fluoroquinolones,2015,RO,Romania,30.7277628
Escherichia coli,Fluoroquinolones,2015,SE,Sweden,12.61538461
Escherichia coli,Fluoroquinolones,2015,SI,Slovenia,24.60377358
Escherichia coli,Fluoroquinolones,2015,SK,Slovakia,44.18344519
Escherichia coli,Fluoroquinolones,2015,UK,United Kingdom,15.64005505
Escherichia coli,Fluoroquinolones,2016,AT,Austria,19.83705949
Escherichia coli,Fluoroquinolones,2016,BE,Belgium,24.54592631
Escherichia coli,Fluoroquinolones,2016,BG,Bulgaria,42.19409282
Escherichia coli,Fluoroquinolones,2016,CY,Cyprus,46.97986577
Escherichia coli,Fluoroquinolones,2016,CZ,Czechia,27.63802678
Escherichia coli,Fluoroquinolones,2016,DE,Germany,19.44638287
Escherichia coli,Fluoroquinolones,2016,DK,Denmark,11.0420551
Escherichia coli,Fluoroquinolones,2016,EE,Estonia,13.87696709
Escherichia coli,Fluoroquinolones,2016,EL,Greece,32.13190184
Escherichia coli,Fluoroquinolones,2016,ES,Spain,32.82330439
Escherichia coli,Fluoroquinolones,2016,FI,Finland,11.46006655
Escherichia coli,Fluoroquinolones,2016,FR,France,16.65629721
Escherichia coli,Fluoroquinolones,2016,HR,Croatia,27.85782901
Escherichia coli,Fluoroquinolones,2016,HU,Hungary,26.78751258
Escherichia coli,Fluoroquinolones,2016,IE,Ireland,22.90969899
Escherichia coli,Fluoroquinolones,2016,IS,Iceland,9.55056179
Escherichia coli,Fluoroquinolones,2016,IT,Italy,43.2605042
Escherichia coli,Fluoroquinolones,2016,LT,Lithuania,19.74683544
Escherichia coli,Fluoroquinolones,2016,LU,Luxembourg,28.94736842
Escherichia coli,Fluoroquinolones,2016,LV,Latvia,27.75510204
Escherichia coli,Fluoroquinolones,2016,MT,Malta,41.46341463
Escherichia coli,Fluoroquinolones,2016,NL,Netherlands,12.8983308
Escherichia coli,Fluoroquinolones,2016,NO,Norway,10.93879811
Escherichia coli,Fluoroquinolones,2016,PL,Poland,33.06788016
Escherichia coli,Fluoroquinolones,2016,PT,Portugal,28.94691336
Escherichia coli,Fluoroquinolones,2016,RO,Romania,30.62200956
Escherichia coli,Fluoroquinolones,2016,SE,Sweden,13.6605729
Escherichia coli,Fluoroquinolones,2016,SI,Slovenia,25.56338028
Escherichia coli,Fluoroquinolones,2016,SK,Slovakia,40.43583535
Escherichia coli,Fluoroquinolones,2016,UK,United Kingdom,16.33090066
Escherichia coli,Fluoroquinolones,2017,AT,Austria,20.45835662
Escherichia coli,Fluoroquinolones,2017,BE,Belgium,23.80191693
Escherichia coli,Fluoroquinolones,2017,BG,Bulgaria,42.10526315
Escherichia coli,Fluoroquinolones,2017,CY,Cyprus,42.94871794
Escherichia coli,Fluoroquinolones,2017,CZ,Czechia,24.47639887
Escherichia coli,Fluoroquinolones,2017,DE,Germany,20.74978204
Escherichia coli,Fluoroquinolones,2017,DK,Denmark,12.78547725
Escherichia coli,Fluoroquinolones,2017,EE,Estonia,17.41357234
Escherichia coli,Fluoroquinolones,2017,EL,Greece,32.92349726
Escherichia coli,Fluoroquinolones,2017,ES,Spain,32.50302715
Escherichia coli,Fluoroquinolones,2017,FI,Finland,12.00754005
Escherichia coli,Fluoroquinolones,2017,FR,France,15.0210084
Escherichia coli,Fluoroquinolones,2017,HR,Croatia,28.17391304
Escherichia coli,Fluoroquinolones,2017,HU,Hungary,30.61921014
Escherichia coli,Fluoroquinolones,2017,IE,Ireland,23.59730682
Escherichia coli,Fluoroquinolones,2017,IS,Iceland,11.55778894
Escherichia coli,Fluoroquinolones,2017,IT,Italy,44.93880489
Escherichia coli,Fluoroquinolones,2017,LT,Lithuania,25.20612485
Escherichia coli,Fluoroquinolones,2017,LU,Luxembourg,22.86374133
Escherichia coli,Fluoroquinolones,2017,LV,Latvia,30.3482587
Escherichia coli,Fluoroquinolones,2017,MT,Malta,43.31210191
Escherichia coli,Fluoroquinolones,2017,NL,Netherlands,14.41885234
Escherichia coli,Fluoroquinolones,2017,NO,Norway,13.5620477
Escherichia coli,Fluoroquinolones,2017,PL,Poland,35.86244541
Escherichia coli,Fluoroquinolones,2017,PT,Portugal,27.27272727
Escherichia coli,Fluoroquinolones,2017,RO,Romania,26.44787644
Escherichia coli,Fluoroquinolones,2017,SE,Sweden,15.79312738
Escherichia coli,Fluoroquinolones,2017,SI,Slovenia,24.87346348
Escherichia coli,Fluoroquinolones,2017,SK,Slovakia,43.19727891
Escherichia coli,Fluoroquinolones,2017,UK,United Kingdom,17.46894152
Escherichia coli,Fluoroquinolones,2018,AT,Austria,21.8524388
Escherichia coli,Fluoroquinolones,2018,BE,Belgium,21.80004749
Escherichia coli,Fluoroquinolones,2018,BG,Bulgaria,41.78082191
Escherichia coli,Fluoroquinolones,2018,CY,Cyprus,42.38410596
Escherichia coli,Fluoroquinolones,2018,CZ,Czechia,24.27157778
Escherichia coli,Fluoroquinolones,2018,DE,Germany,19.828764
Escherichia coli,Fluoroquinolones,2018,DK,Denmark,13.25659116
Escherichia coli,Fluoroquinolones,2018,EE,Estonia,17.61158021
Escherichia coli,Fluoroquinolones,2018,EL,Greece,30.77866339
Escherichia coli,Fluoroquinolones,2018,ES,Spain,32.11659663
Escherichia coli,Fluoroquinolones,2018,FI,Finland,11.48126115
Escherichia coli,Fluoroquinolones,2018,FR,France,16.32243028
Escherichia coli,Fluoroquinolones,2018,HR,Croatia,30.02502085
Escherichia coli,Fluoroquinolones,2018,HU,Hungary,33.24873096
Escherichia coli,Fluoroquinolones,2018,IE,Ireland,23.90364422
Escherichia coli,Fluoroquinolones,2018,IS,Iceland,17.1875
Escherichia coli,Fluoroquinolones,2018,IT,Italy,41.6630306
Escherichia coli,Fluoroquinolones,2018,LT,Lithuania,19.6557971
Escherichia coli,Fluoroquinolones,2018,LU,Luxembourg,21.77033492
Escherichia coli,Fluoroquinolones,2018,LV,Latvia,24.12790697
Escherichia coli,Fluoroquinolones,2018,MT,Malta,41.86746987
Escherichia coli,Fluoroquinolones,2018,NL,Netherlands,14.70872613
Escherichia coli,Fluoroquinolones,2018,NO,Norway,12.87077637
Escherichia coli,Fluoroquinolones,2018,PL,Poland,34.67082197
Escherichia coli,Fluoroquinolones,2018,PT,Portugal,25.46012269
Escherichia coli,Fluoroquinolones,2018,RO,Romania,29.10216718
Escherichia coli,Fluoroquinolones,2018,SE,Sweden,18.05503904
Escherichia coli,Fluoroquinolones,2018,SI,Slovenia,22.78177458
Escherichia coli,Fluoroquinolones,2018,SK,Slovakia,42.10526315
Escherichia coli,Fluoroquinolones,2018,UK,United Kingdom,17.71218889
Escherichia coli,Fluoroquinolones,2019,AT,Austria,18.21305841
Escherichia coli,Fluoroquinolones,2019,BE,Belgium,19.05732484
Escherichia coli,Fluoroquinolones,2019,BG,Bulgaria,38.63636363
Escherichia coli,Fluoroquinolones,2019,CY,Cyprus,43.47826086
Escherichia coli,Fluoroquinolones,2019,CZ,Czechia,23.04445694
Escherichia coli,Fluoroquinolones,2019,DE,Germany,17.53230084
Escherichia coli,Fluoroquinolones,2019,DK,Denmark,11.47190008
Escherichia coli,Fluoroquinolones,2019,EE,Estonia,17.05685618
Escherichia coli,Fluoroquinolones,2019,EL,Greece,29.55665024
Escherichia coli,Fluoroquinolones,2019,ES,Spain,29.52880859
Escherichia coli,Fluoroquinolones,2019,FI,Finland,11.44177449
Escherichia coli,Fluoroquinolones,2019,FR,France,15.97051597
Escherichia coli,Fluoroquinolones,2019,HR,Croatia,27.25631768
Escherichia coli,Fluoroquinolones,2019,HU,Hungary,30.31693077
Escherichia coli,Fluoroquinolones,2019,IE,Ireland,20.35370772
Escherichia coli,Fluoroquinolones,2019,IS,Iceland,13.09523809
Escherichia coli,Fluoroquinolones,2019,IT,Italy,40.6309388
Escherichia coli,Fluoroquinolones,2019,LT,Lithuania,17.98051372
Escherichia coli,Fluoroquinolones,2019,LU,Luxembourg,20.52845528
Escherichia coli,Fluoroquinolones,2019,LV,Latvia,24.88687782
Escherichia coli,Fluoroquinolones,2019,MT,Malta,40.06024096
Escherichia coli,Fluoroquinolones,2019,NL,Netherlands,14.56563442
Escherichia coli,Fluoroquinolones,2019,NO,Norway,11.25860373
Escherichia coli,Fluoroquinolones,2019,PL,Poland,33.01852524
Escherichia coli,Fluoroquinolones,2019,PT,Portugal,26.46555745
Escherichia coli,Fluoroquinolones,2019,RO,Romania,28.28746177
Escherichia coli,Fluoroquinolones,2019,SE,Sweden,15.85210369
Escherichia coli,Fluoroquinolones,2019,SI,Slovenia,19.00621118
Escherichia coli,Fluoroquinolones,2019,SK,Slovakia,34.0
Escherichia coli,Fluoroquinolones,2019,UK,United Kingdom,17.8332155
Escherichia coli,Fluoroquinolones,2020,AT,Austria,17.3459892
Escherichia coli,Fluoroquinolones,2020,BE,Belgium,18.0787037
Escherichia coli,Fluoroquinolones,2020,BG,Bulgaria,42.91187739
Escherichia coli,Fluoroquinolones,2020,CY,Cyprus,48.24561403
Escherichia coli,Fluoroquinolones,2020,CZ,Czechia,20.18685352
Escherichia coli,Fluoroquinolones,2020,DE,Germany,16.53659565
Escherichia coli,Fluoroquinolones,2020,DK,Denmark,11.2265758
Escherichia coli,Fluoroquinolones,2020,EE,Estonia,14.07716371
Escherichia coli,Fluoroquinolones,2020,EL,Greece,32.74336283
Escherichia coli,Fluoroquinolones,2020,ES,Spain,28.60623156
Escherichia coli,Fluoroquinolones,2020,FI,Finland,10.53418005
Escherichia coli,Fluoroquinolones,2020,FR,France,15.92439011
Escherichia coli,Fluoroquinolones,2020,HR,Croatia,29.66101694
Escherichia coli,Fluoroquinolones,2020,HU,Hungary,30.33707865
Escherichia coli,Fluoroquinolones,2020,IE,Ireland,18.88185654
Escherichia coli,Fluoroquinolones,2020,IS,Iceland,11.83673469
Escherichia coli,Fluoroquinolones,2020,IT,Italy,37.59023354
Escherichia coli,Fluoroquinolones,2020,LT,Lithuania,18.75
Escherichia coli,Fluoroquinolones,2020,LU,Luxembourg,21.72897196
Escherichia coli,Fluoroquinolones,2020,LV,Latvia,27.51322751
Escherichia coli,Fluoroquinolones,2020,MT,Malta,35.37906137
Escherichia coli,Fluoroquinolones,2020,NL,Netherlands,13.33778371
Escherichia coli,Fluoroquinolones,2020,NO,Norway,9.95983935
Escherichia coli,Fluoroquinolones,2020,PL,Poland,32.99208934
Escherichia coli,Fluoroquinolones,2020,PT,Portugal,23.93498716
Escherichia coli,Fluoroquinolones,2020,RO,Romania,26.0
Escherichia coli,Fluoroquinolones,2020,SE,Sweden,14.08450704
Escherichia coli,Fluoroquinolones,2020,SI,Slovenia,18.11997526
Escherichia coli,Fluoroquinolones,2020,SK,Slovakia,34.1563786
Escherichia coli,Fluoroquinolones,2021,AT,Austria,15.07492327
Escherichia coli,Fluoroquinolones,2021,BE,Belgium,18.53420885
Escherichia coli,Fluoroquinolones,2021,BG,Bulgaria,33.46007604
Escherichia coli,Fluoroquinolones,2021,CY,Cyprus,51.5625
Escherichia coli,Fluoroquinolones,2021,CZ,Czechia,19.70006816
Escherichia coli,Fluoroquinolones,2021,DE,Germany,14.66013725
Escherichia coli,Fluoroquinolones,2021,DK,Denmark,10.47207446
Escherichia coli,Fluoroquinolones,2021,EE,Estonia,13.44902386
Escherichia coli,Fluoroquinolones,2021,EL,Greece,33.92857142
Escherichia coli,Fluoroquinolones,2021,ES,Spain,26.61471404
Escherichia coli,Fluoroquinolones,2021,FI,Finland,9.56566701
Escherichia coli,Fluoroquinolones,2021,FR,France,14.75658679
Escherichia coli,Fluoroquinolones,2021,HR,Croatia,28.98751733
Escherichia coli,Fluoroquinolones,2021,HU,Hungary,28.04878048
Escherichia coli,Fluoroquinolones,2021,IE,Ireland,15.97653554
Escherichia coli,Fluoroquinolones,2021,IS,Iceland,14.44043321
Escherichia coli,Fluoroquinolones,2021,IT,Italy,33.3610572
Escherichia coli,Fluoroquinolones,2021,LT,Lithuania,17.64705882
Escherichia coli,Fluoroquinolones,2021,LU,Luxembourg,20.9039548
Escherichia coli,Fluoroquinolones,2021,LV,Latvia,20.6632653
Escherichia coli,Fluoroquinolones,2021,MT,Malta,30.76923076
Escherichia coli,Fluoroquinolones,2021,NL,Netherlands,13.32319391
Escherichia coli,Fluoroquinolones,2021,NO,Norway,9.87718839
Escherichia coli,Fluoroquinolones,2021,PL,Poland,33.11287477
Escherichia coli,Fluoroquinolones,2021,PT,Portugal,22.49911
Escherichia coli,Fluoroquinolones,2021,RO,Romania,24.69879518
Escherichia coli,Fluoroquinolones,2021,SE,Sweden,13.66130558
Escherichia coli,Fluoroquinolones,2021,SI,Slovenia,16.65675193
Escherichia coli,Fluoroquinolones,2021,SK,Slovakia,29.75830815
Escherichia coli,Fluoroquinolones,2022,AT,Austria,13.93065998
Escherichia coli,Fluoroquinolones,2022,BE,Belgium,17.54850088
Escherichia coli,Fluoroquinolones,2022,BG,Bulgaria,40.58577405
Escherichia coli,Fluoroquinolones,2022,CY,Cyprus,46.36363636
Escherichia coli,Fluoroquinolones,2022,CZ,Czechia,18.2379349
Escherichia coli,Fluoroquinolones,2022,DE,Germany,15.18159592
Escherichia coli,Fluoroquinolones,2022,DK,Denmark,10.70943652
Escherichia coli,Fluoroquinolones,2022,EE,Estonia,16.31205673
Escherichia coli,Fluoroquinolones,2022,EL,Greece,37.77239709
Escherichia coli,Fluoroquinolones,2022,ES,Spain,28.60965428
Escherichia coli,Fluoroquinolones,2022,FI,Finland,9.90813648
Escherichia coli,Fluoroquinolones,2022,FR,France,14.70571444
Escherichia coli,Fluoroquinolones,2022,HR,Croatia,30.25641025
Escherichia coli,Fluoroquinolones,2022,HU,Hungary,29.27696562
Escherichia coli,Fluoroquinolones,2022,IE,Ireland,15.6
Escherichia coli,Fluoroquinolones,2022,IS,Iceland,10.21276595
Escherichia coli,Fluoroquinolones,2022,IT,Italy,31.62717219
Escherichia coli,Fluoroquinolones,2022,LI,Liechtenstein,
Escherichia coli,Fluoroquinolones,2022,LT,Lithuania,19.02552204
Escherichia coli,Fluoroquinolones,2022,LU,Luxembourg,16.84434968
Escherichia coli,Fluoroquinolones,2022,LV,Latvia,21.82952182
Escherichia coli,Fluoroquinolones,2022,MT,Malta,26.38036809
Escherichia coli,Fluoroquinolones,2022,NL,Netherlands,13.14293636
Escherichia coli,Fluoroquinolones,2022,NO,Norway,10.52066559
Escherichia coli,Fluoroquinolones,2022,PL,Poland,30.81103678
Escherichia coli,Fluoroquinolones,2022,PT,Portugal,21.44665461
Escherichia coli,Fluoroquinolones,2022,RO,Romania,23.76811594
Escherichia coli,Fluoroquinolones,2022,SE,Sweden,13.82098354
Escherichia coli,Fluoroquinolones,2022,SI,Slovenia,16.56626506
Escherichia coli,Fluoroquinolones,2022,SK,Slovakia,32.35294117
Escherichia coli,Fluoroquinolones,2023,AT,Austria,15.03050471
Escherichia coli,Fluoroquinolones,2023,BE,Belgium,18.23683679
Escherichia coli,Fluoroquinolones,2023,BG,Bulgaria,39.86928104
Escherichia coli,Fluoroquinolones,2023,CY,Cyprus,42.90030211
Escherichia coli,Fluoroquinolones,2023,CZ,Czechia,17.17665209
Escherichia coli,Fluoroquinolones,2023,DE,Germany,16.67172623
Escherichia coli,Fluoroquinolones,2023,DK,Denmark,10.46671242
Escherichia coli,Fluoroquinolones,2023,EE,Estonia,13.28273244
Escherichia coli,Fluoroquinolones,2023,EL,Greece,37.77538957
Escherichia coli,Fluoroquinolones,2023,ES,Spain,27.55537069
Escherichia coli,Fluoroquinolones,2023,FI,Finland,10.30274583
Escherichia coli,Fluoroquinolones,2023,HR,Croatia,29.66101694
Escherichia coli,Fluoroquinolones,2023,HU,Hungary,25.98828696
Escherichia coli,Fluoroquinolones,2023,IE,Ireland,15.96995427
Escherichia coli,Fluoroquinolones,2023,IS,Iceland,12.79069767
Escherichia coli,Fluoroquinolones,2023,IT,Italy,34.14425034
Escherichia coli,Fluoroquinolones,2023,LI,Liechtenstein,
Escherichia coli,Fluoroquinolones,2023,LT,Lithuania,20.54982817
Escherichia coli,Fluoroquinolones,2023,LU,Luxembourg,15.61822125
Escherichia coli,Fluoroquinolones,2023,LV,Latvia,28.50877192
Escherichia coli,Fluoroquinolones,2023,MT,Malta,27.88461538
Escherichia coli,Fluoroquinolones,2023,NL,Netherlands,12.94642857
Escherichia coli,Fluoroquinolones,2023,NO,Norway,10.12339461
Escherichia coli,Fluoroquinolones,2023,PL,Poland,32.20394736
Escherichia coli,Fluoroquinolones,2023,PT,Portugal,24.33192686
Escherichia coli,Fluoroquinolones,2023,RO,Romania,25.40816326
Escherichia coli,Fluoroquinolones,2023,SE,Sweden,14.74611204
Escherichia coli,Fluoroquinolones,2023,SI,Slovenia,15.92434411
Escherichia coli,Fluoroquinolones,2023,SK,Slovakia,31.16883116
Escherichia coli,Fluoroquinolones,2024,AT,Austria,15.50452564
Escherichia coli,Fluoroquinolones,2024,BE,Belgium,20.38396386
Escherichia coli,Fluoroquinolones,2024,BG,Bulgaria,28.27380952
Escherichia coli,Fluoroquinolones,2024,CY,Cyprus,49.25
Escherichia coli,Fluoroquinolones,2024,CZ,Czechia,19.18931583
Escherichia coli,Fluoroquinolones,2024,DE,Germany,16.95305504
Escherichia coli,Fluoroquinolones,2024,DK,Denmark,10.71668909
Escherichia coli,Fluoroquinolones,2024,EE,Estonia,14.61397058
Escherichia coli,Fluoroquinolones,2024,EL,Greece,36.34085213
Escherichia coli,Fluoroquinolones,2024,ES,Spain,29.9793246
Escherichia coli,Fluoroquinolones,2024,FI,Finland,9.85233599
Escherichia coli,Fluoroquinolones,2024,FR,France,13.80411306
Escherichia coli,Fluoroquinolones,2024,HR,Croatia,29.13085004
Escherichia coli,Fluoroquinolones,2024,HU,Hungary,25.10652245
Escherichia coli,Fluoroquinolones,2024,IE,Ireland,15.04178272
Escherichia coli,Fluoroquinolones,2024,IS,Iceland,13.79310344
Escherichia coli,Fluoroquinolones,2024,IT,Italy,34.49146583
Escherichia coli,Fluoroquinolones,2024,LI,Liechtenstein,
Escherichia coli,Fluoroquinolones,2024,LT,Lithuania,20.0464846
Escherichia coli,Fluoroquinolones,2024,LU,Luxembourg,18.70229007
Escherichia coli,Fluoroquinolones,2024,LV,Latvia,30.37974683
Escherichia coli,Fluoroquinolones,2024,MT,Malta,43.00202839
Escherichia coli,Fluoroquinolones,2024,NL,Netherlands,13.68327599
Escherichia coli,Fluoroquinolones,2024,NO,Norway,9.99495204
Escherichia coli,Fluoroquinolones,2024,PL,Poland,28.6939679
Escherichia coli,Fluoroquinolones,2024,PT,Portugal,23.71644872
Escherichia coli,Fluoroquinolones,2024,RO,Romania,25.18740629
Escherichia coli,Fluoroquinolones,2024,SE,Sweden,15.56811649
Escherichia coli,Fluoroquinolones,2024,SI,Slovenia,15.91574019
Escherichia coli,Fluoroquinolones,2024,SK,Slovakia,30.06451612
Klebsiella pneumoniae,Aminoglycosides,2005,AT,Austria,3.37078651
Klebsiella pneumoniae,Aminoglycosides,2005,BG,Bulgaria,52.94117647
Klebsiella pneumoniae,Aminoglycosides,2005,CY,Cyprus,
Klebsiella pneumoniae,Aminoglycosides,2005,CZ,Czechia,36.26834381
Klebsiella pneumoniae,Aminoglycosides,2005,DE,Germany,9.61538461
Klebsiella pneumoniae,Aminoglycosides,2005,EE,Estonia,7.89473684
Klebsiella pneumoniae,Aminoglycosides,2005,EL,Greece,58.73221216
Klebsiella pneumoniae,Aminoglycosides,2005,ES,Spain,3.57142857
Klebsiella pneumoniae,Aminoglycosides,2005,FI,Finland,2.66666666
Klebsiella pneumoniae,Aminoglycosides,2005,FR,France,5.13126491
Klebsiella pneumoniae,Aminoglycosides,2005,HR,Croatia,35.71428571
Klebsiella pneumoniae,Aminoglycosides,2005,HU,Hungary,25.72347266
Klebsiella pneumoniae,Aminoglycosides,2005,IE,Ireland,2.43902439
Klebsiella pneumoniae,Aminoglycosides,2005,IS,Iceland,0.0
Klebsiella pneumoniae,Aminoglycosides,2005,IT,Italy,7.88643533
Klebsiella pneumoniae,Aminoglycosides,2005,MT,Malta,
Klebsiella pneumoniae,Aminoglycosides,2005,NL,Netherlands,5.0
Klebsiella pneumoniae,Aminoglycosides,2005,NO,Norway,3.10880829
Klebsiella pneumoniae,Aminoglycosides,2005,PL,Poland,56.60377358
Klebsiella pneumoniae,Aminoglycosides,2005,PT,Portugal,
Klebsiella pneumoniae,Aminoglycosides,2005,RO,Romania,
Klebsiella pneumoniae,Aminoglycosides,2005,SE,Sweden,1.42857142
Klebsiella pneumoniae,Aminoglycosides,2005,SI,Slovenia,16.66666666
Klebsiella pneumoniae,Aminoglycosides,2005,UK,United Kingdom,6.36132315
Klebsiella pneumoniae,Aminoglycosides,2006,AT,Austria,4.84988452
Klebsiella pneumoniae,Aminoglycosides,2006,BG,Bulgaria,60.0
Klebsiella pneumoniae,Aminoglycosides,2006,CY,Cyprus,11.53846153
Klebsiella pneumoniae,Aminoglycosides,2006,CZ,Czechia,37.43362831
Klebsiella pneumoniae,Aminoglycosides,2006,DE,Germany,12.16216216
Klebsiella pneumoniae,Aminoglycosides,2006,DK,Denmark,1.98019801
Klebsiella pneumoniae,Aminoglycosides,2006,EE,Estonia,8.69565217
Klebsiella pneumoniae,Aminoglycosides,2006,EL,Greece,51.24851367
Klebsiella pneumoniae,Aminoglycosides,2006,ES,Spain,6.56028368
Klebsiella pneumoniae,Aminoglycosides,2006,FI,Finland,1.35135135
Klebsiella pneumoniae,Aminoglycosides,2006,FR,France,6.75675675
Klebsiella pneumoniae,Aminoglycosides,2006,HR,Croatia,32.51231527
Klebsiella pneumoniae,Aminoglycosides,2006,HU,Hungary,19.66666666
Klebsiella pneumoniae,Aminoglycosides,2006,IE,Ireland,8.05687203
Klebsiella pneumoniae,Aminoglycosides,2006,IS,Iceland,
Klebsiella pneumoniae,Aminoglycosides,2006,IT,Italy,26.14379084
Klebsiella pneumoniae,Aminoglycosides,2006,LT,Lithuania,25.71428571
Klebsiella pneumoniae,Aminoglycosides,2006,LU,Luxembourg,0.0
Klebsiella pneumoniae,Aminoglycosides,2006,LV,Latvia,25.0
Klebsiella pneumoniae,Aminoglycosides,2006,MT,Malta,6.25
Klebsiella pneumoniae,Aminoglycosides,2006,NL,Netherlands,3.58744394
Klebsiella pneumoniae,Aminoglycosides,2006,NO,Norway,0.38022813
Klebsiella pneumoniae,Aminoglycosides,2006,PL,Poland,35.71428571
Klebsiella pneumoniae,Aminoglycosides,2006,PT,Portugal,13.37579617
Klebsiella pneumoniae,Aminoglycosides,2006,RO,Romania,92.85714285
Klebsiella pneumoniae,Aminoglycosides,2006,SE,Sweden,0.16129032
Klebsiella pneumoniae,Aminoglycosides,2006,SI,Slovenia,17.93103448
Klebsiella pneumoniae,Aminoglycosides,2006,UK,United Kingdom,8.2010582
Klebsiella pneumoniae,Aminoglycosides,2007,AT,Austria,5.39325842
Klebsiella pneumoniae,Aminoglycosides,2007,BG,Bulgaria,58.62068965
Klebsiella pneumoniae,Aminoglycosides,2007,CY,Cyprus,12.82051282
Klebsiella pneumoniae,Aminoglycosides,2007,CZ,Czechia,41.62601626
Klebsiella pneumoniae,Aminoglycosides,2007,DE,Germany,5.78034682
Klebsiella pneumoniae,Aminoglycosides,2007,DK,Denmark,6.01023017
Klebsiella pneumoniae,Aminoglycosides,2007,EE,Estonia,1.61290322
Klebsiella pneumoniae,Aminoglycosides,2007,EL,Greece,51.8022657
Klebsiella pneumoniae,Aminoglycosides,2007,ES,Spain,9.06148867
Klebsiella pneumoniae,Aminoglycosides,2007,FI,Finland,0.76045627
Klebsiella pneumoniae,Aminoglycosides,2007,FR,France,10.71729957
Klebsiella pneumoniae,Aminoglycosides,2007,HR,Croatia,38.57142857
Klebsiella pneumoniae,Aminoglycosides,2007,HU,Hungary,28.84012539
Klebsiella pneumoniae,Aminoglycosides,2007,IE,Ireland,9.74576271
Klebsiella pneumoniae,Aminoglycosides,2007,IS,Iceland,0.0
Klebsiella pneumoniae,Aminoglycosides,2007,IT,Italy,24.93224932
Klebsiella pneumoniae,Aminoglycosides,2007,LT,Lithuania,36.58536585
Klebsiella pneumoniae,Aminoglycosides,2007,LU,Luxembourg,3.92156862
Klebsiella pneumoniae,Aminoglycosides,2007,LV,Latvia,22.22222222
Klebsiella pneumoniae,Aminoglycosides,2007,MT,Malta,0.0
Klebsiella pneumoniae,Aminoglycosides,2007,NL,Netherlands,5.33880903
Klebsiella pneumoniae,Aminoglycosides,2007,NO,Norway,0.625
Klebsiella pneumoniae,Aminoglycosides,2007,PL,Poland,31.25
Klebsiella pneumoniae,Aminoglycosides,2007,PT,Portugal,11.35135135
Klebsiella pneumoniae,Aminoglycosides,2007,RO,Romania,79.31034482
Klebsiella pneumoniae,Aminoglycosides,2007,SE,Sweden,1.08191653
Klebsiella pneumoniae,Aminoglycosides,2007,SI,Slovenia,22.35294117
Klebsiella pneumoniae,Aminoglycosides,2007,UK,United Kingdom,7.96703296
Klebsiella pneumoniae,Aminoglycosides,2008,AT,Austria,6.19621342
Klebsiella pneumoniae,Aminoglycosides,2008,BG,Bulgaria,57.14285714
Klebsiella pneumoniae,Aminoglycosides,2008,CY,Cyprus,14.51612903
Klebsiella pneumoniae,Aminoglycosides,2008,CZ,Czechia,40.13468013
Klebsiella pneumoniae,Aminoglycosides,2008,DE,Germany,9.78723404
Klebsiella pneumoniae,Aminoglycosides,2008,DK,Denmark,6.93568726
Klebsiella pneumoniae,Aminoglycosides,2008,EE,Estonia,15.49295774
Klebsiella pneumoniae,Aminoglycosides,2008,EL,Greece,53.25884543
Klebsiella pneumoniae,Aminoglycosides,2008,ES,Spain,8.93416927
Klebsiella pneumoniae,Aminoglycosides,2008,FI,Finland,1.42348754
Klebsiella pneumoniae,Aminoglycosides,2008,FR,France,16.63533834
Klebsiella pneumoniae,Aminoglycosides,2008,HR,Croatia,51.81818181
Klebsiella pneumoniae,Aminoglycosides,2008,HU,Hungary,34.95934959
Klebsiella pneumoniae,Aminoglycosides,2008,IE,Ireland,9.47712418
Klebsiella pneumoniae,Aminoglycosides,2008,IS,Iceland,4.16666666
Klebsiella pneumoniae,Aminoglycosides,2008,IT,Italy,23.92638036
Klebsiella pneumoniae,Aminoglycosides,2008,LT,Lithuania,40.74074074
Klebsiella pneumoniae,Aminoglycosides,2008,LU,Luxembourg,9.61538461
Klebsiella pneumoniae,Aminoglycosides,2008,LV,Latvia,51.28205128
Klebsiella pneumoniae,Aminoglycosides,2008,MT,Malta,0.0
Klebsiella pneumoniae,Aminoglycosides,2008,NL,Netherlands,7.34341252
Klebsiella pneumoniae,Aminoglycosides,2008,NO,Norway,1.4367816
Klebsiella pneumoniae,Aminoglycosides,2008,PL,Poland,
Klebsiella pneumoniae,Aminoglycosides,2008,PT,Portugal,18.96869244
Klebsiella pneumoniae,Aminoglycosides,2008,RO,Romania,
Klebsiella pneumoniae,Aminoglycosides,2008,SE,Sweden,1.09090909
Klebsiella pneumoniae,Aminoglycosides,2008,SI,Slovenia,22.9299363
Klebsiella pneumoniae,Aminoglycosides,2008,UK,United Kingdom,5.64784053
Klebsiella pneumoniae,Aminoglycosides,2009,AT,Austria,3.07941653
Klebsiella pneumoniae,Aminoglycosides,2009,BE,Belgium,12.06896551
Klebsiella pneumoniae,Aminoglycosides,2009,BG,Bulgaria,61.05263157
Klebsiella pneumoniae,Aminoglycosides,2009,CY,Cyprus,16.98113207
Klebsiella pneumoniae,Aminoglycosides,2009,CZ,Czechia,46.12068965
Klebsiella pneumoniae,Aminoglycosides,2009,DE,Germany,9.62343096
Klebsiella pneumoniae,Aminoglycosides,2009,DK,Denmark,7.17761557
Klebsiella pneumoniae,Aminoglycosides,2009,EE,Estonia,15.0
Klebsiella pneumoniae,Aminoglycosides,2009,EL,Greece,57.80771586
Klebsiella pneumoniae,Aminoglycosides,2009,ES,Spain,9.07643312
Klebsiella pneumoniae,Aminoglycosides,2009,FI,Finland,1.1461318
Klebsiella pneumoniae,Aminoglycosides,2009,FR,France,19.23076923
Klebsiella pneumoniae,Aminoglycosides,2009,HU,Hungary,40.50279329
Klebsiella pneumoniae,Aminoglycosides,2009,IE,Ireland,11.07594936
Klebsiella pneumoniae,Aminoglycosides,2009,IS,Iceland,0.0
Klebsiella pneumoniae,Aminoglycosides,2009,IT,Italy,19.31034482
Klebsiella pneumoniae,Aminoglycosides,2009,LT,Lithuania,55.88235294
Klebsiella pneumoniae,Aminoglycosides,2009,LU,Luxembourg,17.85714285
Klebsiella pneumoniae,Aminoglycosides,2009,LV,Latvia,44.18604651
Klebsiella pneumoniae,Aminoglycosides,2009,MT,Malta,0.0
Klebsiella pneumoniae,Aminoglycosides,2009,NL,Netherlands,3.29113924
Klebsiella pneumoniae,Aminoglycosides,2009,NO,Norway,3.04568527
Klebsiella pneumoniae,Aminoglycosides,2009,PL,Poland,29.65517241
Klebsiella pneumoniae,Aminoglycosides,2009,PT,Portugal,20.53571428
Klebsiella pneumoniae,Aminoglycosides,2009,RO,Romania,
Klebsiella pneumoniae,Aminoglycosides,2009,SE,Sweden,
Klebsiella pneumoniae,Aminoglycosides,2009,SI,Slovenia,27.51322751
Klebsiella pneumoniae,Aminoglycosides,2009,UK,United Kingdom,5.46762589
Klebsiella pneumoniae,Aminoglycosides,2010,AT,Austria,5.56328233
Klebsiella pneumoniae,Aminoglycosides,2010,BE,Belgium,1.9047619
Klebsiella pneumoniae,Aminoglycosides,2010,BG,Bulgaria,69.6
Klebsiella pneumoniae,Aminoglycosides,2010,CY,Cyprus,14.92537313
Klebsiella pneumoniae,Aminoglycosides,2010,CZ,Czechia,46.17886178
Klebsiella pneumoniae,Aminoglycosides,2010,DE,Germany,10.25104602
Klebsiella pneumoniae,Aminoglycosides,2010,DK,Denmark,6.13266583
Klebsiella pneumoniae,Aminoglycosides,2010,EE,Estonia,25.75757575
Klebsiella pneumoniae,Aminoglycosides,2010,EL,Greece,59.98807394
Klebsiella pneumoniae,Aminoglycosides,2010,ES,Spain,8.69939707
Klebsiella pneumoniae,Aminoglycosides,2010,FI,Finland,3.76344086
Klebsiella pneumoniae,Aminoglycosides,2010,FR,France,17.50972762
Klebsiella pneumoniae,Aminoglycosides,2010,HR,Croatia,48.38709677
Klebsiella pneumoniae,Aminoglycosides,2010,HU,Hungary,46.2890625
Klebsiella pneumoniae,Aminoglycosides,2010,IE,Ireland,6.94006309
Klebsiella pneumoniae,Aminoglycosides,2010,IS,Iceland,0.0
Klebsiella pneumoniae,Aminoglycosides,2010,IT,Italy,25.49857549
Klebsiella pneumoniae,Aminoglycosides,2010,LT,Lithuania,51.85185185
Klebsiella pneumoniae,Aminoglycosides,2010,LU,Luxembourg,5.08474576
Klebsiella pneumoniae,Aminoglycosides,2010,LV,Latvia,53.96825396
Klebsiella pneumoniae,Aminoglycosides,2010,MT,Malta,12.28070175
Klebsiella pneumoniae,Aminoglycosides,2010,NL,Netherlands,6.06741573
Klebsiella pneumoniae,Aminoglycosides,2010,NO,Norway,1.6985138
Klebsiella pneumoniae,Aminoglycosides,2010,PL,Poland,31.79723502
Klebsiella pneumoniae,Aminoglycosides,2010,PT,Portugal,26.67785234
Klebsiella pneumoniae,Aminoglycosides,2010,RO,Romania,
Klebsiella pneumoniae,Aminoglycosides,2010,SE,Sweden,1.63522012
Klebsiella pneumoniae,Aminoglycosides,2010,SI,Slovenia,22.44897959
Klebsiella pneumoniae,Aminoglycosides,2010,UK,United Kingdom,4.89335006
Klebsiella pneumoniae,Aminoglycosides,2011,AT,Austria,6.96202531
Klebsiella pneumoniae,Aminoglycosides,2011,BE,Belgium,8.88888888
Klebsiella pneumoniae,Aminoglycosides,2011,BG,Bulgaria,71.18644067
Klebsiella pneumoniae,Aminoglycosides,2011,CY,Cyprus,24.09638554
Klebsiella pneumoniae,Aminoglycosides,2011,CZ,Czechia,43.78420641
Klebsiella pneumoniae,Aminoglycosides,2011,DE,Germany,8.88030888
Klebsiella pneumoniae,Aminoglycosides,2011,DK,Denmark,5.8370044
Klebsiella pneumoniae,Aminoglycosides,2011,EE,Estonia,12.22222222
Klebsiella pneumoniae,Aminoglycosides,2011,EL,Greece,68.43388177
Klebsiella pneumoniae,Aminoglycosides,2011,ES,Spain,10.48034934
Klebsiella pneumoniae,Aminoglycosides,2011,FI,Finland,1.23762376
Klebsiella pneumoniae,Aminoglycosides,2011,FR,France,22.09715639
Klebsiella pneumoniae,Aminoglycosides,2011,HR,Croatia,43.24324324
Klebsiella pneumoniae,Aminoglycosides,2011,HU,Hungary,53.02325581
Klebsiella pneumoniae,Aminoglycosides,2011,IE,Ireland,7.2368421
Klebsiella pneumoniae,Aminoglycosides,2011,IS,Iceland,0.0
Klebsiella pneumoniae,Aminoglycosides,2011,IT,Italy,34.51776649
Klebsiella pneumoniae,Aminoglycosides,2011,LT,Lithuania,55.47445255
Klebsiella pneumoniae,Aminoglycosides,2011,LU,Luxembourg,29.16666666
Klebsiella pneumoniae,Aminoglycosides,2011,LV,Latvia,33.84615384
Klebsiella pneumoniae,Aminoglycosides,2011,MT,Malta,9.61538461
Klebsiella pneumoniae,Aminoglycosides,2011,NL,Netherlands,7.60368663
Klebsiella pneumoniae,Aminoglycosides,2011,NO,Norway,2.8169014
Klebsiella pneumoniae,Aminoglycosides,2011,PL,Poland,48.08743169
Klebsiella pneumoniae,Aminoglycosides,2011,PT,Portugal,31.50242326
Klebsiella pneumoniae,Aminoglycosides,2011,RO,Romania,
Klebsiella pneumoniae,Aminoglycosides,2011,SE,Sweden,1.9586507
Klebsiella pneumoniae,Aminoglycosides,2011,SI,Slovenia,21.98275862
Klebsiella pneumoniae,Aminoglycosides,2011,SK,Slovakia,65.94827586
Klebsiella pneumoniae,Aminoglycosides,2011,UK,United Kingdom,4.29009193
Klebsiella pneumoniae,Aminoglycosides,2012,AT,Austria,5.01750291
Klebsiella pneumoniae,Aminoglycosides,2012,BE,Belgium,11.59420289
Klebsiella pneumoniae,Aminoglycosides,2012,BG,Bulgaria,53.96825396
Klebsiella pneumoniae,Aminoglycosides,2012,CY,Cyprus,15.38461538
Klebsiella pneumoniae,Aminoglycosides,2012,CZ,Czechia,54.39599714
Klebsiella pneumoniae,Aminoglycosides,2012,DE,Germany,8.29562594
Klebsiella pneumoniae,Aminoglycosides,2012,DK,Denmark,5.98669623
Klebsiella pneumoniae,Aminoglycosides,2012,EE,Estonia,13.18681318
Klebsiella pneumoniae,Aminoglycosides,2012,EL,Greece,59.90202939
Klebsiella pneumoniae,Aminoglycosides,2012,ES,Spain,14.13703382
Klebsiella pneumoniae,Aminoglycosides,2012,FI,Finland,0.38759689
Klebsiella pneumoniae,Aminoglycosides,2012,FR,France,23.23503127
Klebsiella pneumoniae,Aminoglycosides,2012,HR,Croatia,46.08433734
Klebsiella pneumoniae,Aminoglycosides,2012,HU,Hungary,41.46341463
Klebsiella pneumoniae,Aminoglycosides,2012,IE,Ireland,9.17159763
Klebsiella pneumoniae,Aminoglycosides,2012,IS,Iceland,
Klebsiella pneumoniae,Aminoglycosides,2012,IT,Italy,36.9879518
Klebsiella pneumoniae,Aminoglycosides,2012,LT,Lithuania,63.78378378
Klebsiella pneumoniae,Aminoglycosides,2012,LU,Luxembourg,26.0
Klebsiella pneumoniae,Aminoglycosides,2012,LV,Latvia,51.28205128
Klebsiella pneumoniae,Aminoglycosides,2012,MT,Malta,26.78571428
Klebsiella pneumoniae,Aminoglycosides,2012,NL,Netherlands,6.44139387
Klebsiella pneumoniae,Aminoglycosides,2012,NO,Norway,2.41157556
Klebsiella pneumoniae,Aminoglycosides,2012,PL,Poland,53.55191256
Klebsiella pneumoniae,Aminoglycosides,2012,PT,Portugal,31.79487179
Klebsiella pneumoniae,Aminoglycosides,2012,RO,Romania,54.54545454
Klebsiella pneumoniae,Aminoglycosides,2012,SE,Sweden,2.45649948
Klebsiella pneumoniae,Aminoglycosides,2012,SI,Slovenia,20.47244094
Klebsiella pneumoniae,Aminoglycosides,2012,SK,Slovakia,63.12997347
Klebsiella pneumoniae,Aminoglycosides,2012,UK,United Kingdom,6.13786591
Klebsiella pneumoniae,Aminoglycosides,2013,AT,Austria,4.97109826
Klebsiella pneumoniae,Aminoglycosides,2013,BE,Belgium,11.93415637
Klebsiella pneumoniae,Aminoglycosides,2013,BG,Bulgaria,50.75757575
Klebsiella pneumoniae,Aminoglycosides,2013,CY,Cyprus,22.05882352
Klebsiella pneumoniae,Aminoglycosides,2013,CZ,Czechia,50.96824167
Klebsiella pneumoniae,Aminoglycosides,2013,DE,Germany,9.96068152
Klebsiella pneumoniae,Aminoglycosides,2013,DK,Denmark,4.39814814
Klebsiella pneumoniae,Aminoglycosides,2013,EE,Estonia,10.11235955
Klebsiella pneumoniae,Aminoglycosides,2013,EL,Greece,55.17536355
Klebsiella pneumoniae,Aminoglycosides,2013,ES,Spain,15.87429492
Klebsiella pneumoniae,Aminoglycosides,2013,FI,Finland,1.70777988
Klebsiella pneumoniae,Aminoglycosides,2013,FR,France,26.62538699
Klebsiella pneumoniae,Aminoglycosides,2013,HR,Croatia,50.81081081
Klebsiella pneumoniae,Aminoglycosides,2013,HU,Hungary,37.0036101
Klebsiella pneumoniae,Aminoglycosides,2013,IE,Ireland,17.35015772
Klebsiella pneumoniae,Aminoglycosides,2013,IS,Iceland,0.0
Klebsiella pneumoniae,Aminoglycosides,2013,IT,Italy,32.53796095
Klebsiella pneumoniae,Aminoglycosides,2013,LT,Lithuania,47.58620689
Klebsiella pneumoniae,Aminoglycosides,2013,LU,Luxembourg,28.30188679
Klebsiella pneumoniae,Aminoglycosides,2013,LV,Latvia,48.91304347
Klebsiella pneumoniae,Aminoglycosides,2013,MT,Malta,26.86567164
Klebsiella pneumoniae,Aminoglycosides,2013,NL,Netherlands,6.99432892
Klebsiella pneumoniae,Aminoglycosides,2013,NO,Norway,2.32919254
Klebsiella pneumoniae,Aminoglycosides,2013,PL,Poland,60.43956043
Klebsiella pneumoniae,Aminoglycosides,2013,PT,Portugal,29.38596491
Klebsiella pneumoniae,Aminoglycosides,2013,RO,Romania,57.2769953
Klebsiella pneumoniae,Aminoglycosides,2013,SE,Sweden,2.91497975
Klebsiella pneumoniae,Aminoglycosides,2013,SI,Slovenia,20.0
Klebsiella pneumoniae,Aminoglycosides,2013,SK,Slovakia,63.93442622
Klebsiella pneumoniae,Aminoglycosides,2013,UK,United Kingdom,6.36285468
Klebsiella pneumoniae,Aminoglycosides,2014,AT,Austria,5.51351351
Klebsiella pneumoniae,Aminoglycosides,2014,BE,Belgium,10.85043988
Klebsiella pneumoniae,Aminoglycosides,2014,BG,Bulgaria,65.73426573
Klebsiella pneumoniae,Aminoglycosides,2014,CY,Cyprus,28.75
Klebsiella pneumoniae,Aminoglycosides,2014,CZ,Czechia,50.6869125
Klebsiella pneumoniae,Aminoglycosides,2014,DE,Germany,7.05765407
Klebsiella pneumoniae,Aminoglycosides,2014,DK,Denmark,4.87804878
Klebsiella pneumoniae,Aminoglycosides,2014,EE,Estonia,18.51851851
Klebsiella pneumoniae,Aminoglycosides,2014,EL,Greece,59.32521087
Klebsiella pneumoniae,Aminoglycosides,2014,ES,Spain,13.8449367
Klebsiella pneumoniae,Aminoglycosides,2014,FI,Finland,2.32558139
Klebsiella pneumoniae,Aminoglycosides,2014,FR,France,27.65082266
Klebsiella pneumoniae,Aminoglycosides,2014,HR,Croatia,48.8023952
Klebsiella pneumoniae,Aminoglycosides,2014,HU,Hungary,31.7683881
Klebsiella pneumoniae,Aminoglycosides,2014,IE,Ireland,12.14689265
Klebsiella pneumoniae,Aminoglycosides,2014,IS,Iceland,3.57142857
Klebsiella pneumoniae,Aminoglycosides,2014,IT,Italy,36.21848739
Klebsiella pneumoniae,Aminoglycosides,2014,LT,Lithuania,49.34210526
Klebsiella pneumoniae,Aminoglycosides,2014,LU,Luxembourg,19.69696969
Klebsiella pneumoniae,Aminoglycosides,2014,LV,Latvia,43.22033898
Klebsiella pneumoniae,Aminoglycosides,2014,MT,Malta,28.28282828
Klebsiella pneumoniae,Aminoglycosides,2014,NL,Netherlands,4.36331255
Klebsiella pneumoniae,Aminoglycosides,2014,NO,Norway,4.83870967
Klebsiella pneumoniae,Aminoglycosides,2014,PL,Poland,59.12087912
Klebsiella pneumoniae,Aminoglycosides,2014,PT,Portugal,30.53927315
Klebsiella pneumoniae,Aminoglycosides,2014,RO,Romania,67.6
Klebsiella pneumoniae,Aminoglycosides,2014,SE,Sweden,3.25581395
Klebsiella pneumoniae,Aminoglycosides,2014,SI,Slovenia,20.17167381
Klebsiella pneumoniae,Aminoglycosides,2014,SK,Slovakia,68.21862348
Klebsiella pneumoniae,Aminoglycosides,2014,UK,United Kingdom,5.53662691
Klebsiella pneumoniae,Aminoglycosides,2015,AT,Austria,4.79666319
Klebsiella pneumoniae,Aminoglycosides,2015,BE,Belgium,11.5819209
Klebsiella pneumoniae,Aminoglycosides,2015,BG,Bulgaria,59.52380952
Klebsiella pneumoniae,Aminoglycosides,2015,CY,Cyprus,37.09677419
Klebsiella pneumoniae,Aminoglycosides,2015,CZ,Czechia,51.94071983
Klebsiella pneumoniae,Aminoglycosides,2015,DE,Germany,5.62579013
Klebsiella pneumoniae,Aminoglycosides,2015,DK,Denmark,2.55863539
Klebsiella pneumoniae,Aminoglycosides,2015,EE,Estonia,21.3114754
Klebsiella pneumoniae,Aminoglycosides,2015,EL,Greece,50.68376068
Klebsiella pneumoniae,Aminoglycosides,2015,ES,Spain,15.97084161
Klebsiella pneumoniae,Aminoglycosides,2015,FI,Finland,1.92
Klebsiella pneumoniae,Aminoglycosides,2015,FR,France,26.31578947
Klebsiella pneumoniae,Aminoglycosides,2015,HR,Croatia,43.15789473
Klebsiella pneumoniae,Aminoglycosides,2015,HU,Hungary,34.56090651
Klebsiella pneumoniae,Aminoglycosides,2015,IE,Ireland,15.93830334
Klebsiella pneumoniae,Aminoglycosides,2015,IS,Iceland,0.0
Klebsiella pneumoniae,Aminoglycosides,2015,IT,Italy,33.99795501
Klebsiella pneumoniae,Aminoglycosides,2015,LT,Lithuania,46.36871508
Klebsiella pneumoniae,Aminoglycosides,2015,LU,Luxembourg,15.0
Klebsiella pneumoniae,Aminoglycosides,2015,LV,Latvia,43.36283185
Klebsiella pneumoniae,Aminoglycosides,2015,MT,Malta,22.72727272
Klebsiella pneumoniae,Aminoglycosides,2015,NL,Netherlands,6.92821368
Klebsiella pneumoniae,Aminoglycosides,2015,NO,Norway,3.57142857
Klebsiella pneumoniae,Aminoglycosides,2015,PL,Poland,58.55855855
Klebsiella pneumoniae,Aminoglycosides,2015,PT,Portugal,32.58373205
Klebsiella pneumoniae,Aminoglycosides,2015,RO,Romania,54.13533834
Klebsiella pneumoniae,Aminoglycosides,2015,SE,Sweden,3.18133616
Klebsiella pneumoniae,Aminoglycosides,2015,SI,Slovenia,18.98734177
Klebsiella pneumoniae,Aminoglycosides,2015,SK,Slovakia,66.52631578
Klebsiella pneumoniae,Aminoglycosides,2015,UK,United Kingdom,9.25233644
Klebsiella pneumoniae,Aminoglycosides,2016,AT,Austria,4.84010371
Klebsiella pneumoniae,Aminoglycosides,2016,BE,Belgium,13.81475667
Klebsiella pneumoniae,Aminoglycosides,2016,BG,Bulgaria,64.44444444
Klebsiella pneumoniae,Aminoglycosides,2016,CY,Cyprus,22.66666666
Klebsiella pneumoniae,Aminoglycosides,2016,CZ,Czechia,47.14801444
Klebsiella pneumoniae,Aminoglycosides,2016,DE,Germany,7.7251808
Klebsiella pneumoniae,Aminoglycosides,2016,DK,Denmark,3.20623916
Klebsiella pneumoniae,Aminoglycosides,2016,EE,Estonia,21.3114754
Klebsiella pneumoniae,Aminoglycosides,2016,EL,Greece,52.86080273
Klebsiella pneumoniae,Aminoglycosides,2016,ES,Spain,15.49463647
Klebsiella pneumoniae,Aminoglycosides,2016,FI,Finland,2.33837689
Klebsiella pneumoniae,Aminoglycosides,2016,FR,France,26.23588945
Klebsiella pneumoniae,Aminoglycosides,2016,HR,Croatia,36.07594936
Klebsiella pneumoniae,Aminoglycosides,2016,HU,Hungary,34.72222222
Klebsiella pneumoniae,Aminoglycosides,2016,IE,Ireland,11.47902869
Klebsiella pneumoniae,Aminoglycosides,2016,IS,Iceland,0.0
Klebsiella pneumoniae,Aminoglycosides,2016,IT,Italy,36.13043478
Klebsiella pneumoniae,Aminoglycosides,2016,LT,Lithuania,49.23076923
Klebsiella pneumoniae,Aminoglycosides,2016,LU,Luxembourg,26.92307692
Klebsiella pneumoniae,Aminoglycosides,2016,LV,Latvia,38.46153846
Klebsiella pneumoniae,Aminoglycosides,2016,MT,Malta,22.5490196
Klebsiella pneumoniae,Aminoglycosides,2016,NL,Netherlands,6.81818181
Klebsiella pneumoniae,Aminoglycosides,2016,NO,Norway,3.33745364
Klebsiella pneumoniae,Aminoglycosides,2016,PL,Poland,56.65116279
Klebsiella pneumoniae,Aminoglycosides,2016,PT,Portugal,35.04492939
Klebsiella pneumoniae,Aminoglycosides,2016,RO,Romania,61.9047619
Klebsiella pneumoniae,Aminoglycosides,2016,SE,Sweden,3.41805433
Klebsiella pneumoniae,Aminoglycosides,2016,SI,Slovenia,16.47940074
Klebsiella pneumoniae,Aminoglycosides,2016,SK,Slovakia,62.44635193
Klebsiella pneumoniae,Aminoglycosides,2016,UK,United Kingdom,6.65054413
Klebsiella pneumoniae,Aminoglycosides,2017,AT,Austria,4.82033304
Klebsiella pneumoniae,Aminoglycosides,2017,BE,Belgium,12.48025276
Klebsiella pneumoniae,Aminoglycosides,2017,BG,Bulgaria,63.09523809
Klebsiella pneumoniae,Aminoglycosides,2017,CY,Cyprus,26.76056338
Klebsiella pneumoniae,Aminoglycosides,2017,CZ,Czechia,49.62406015
Klebsiella pneumoniae,Aminoglycosides,2017,DE,Germany,8.18326271
Klebsiella pneumoniae,Aminoglycosides,2017,DK,Denmark,3.20404721
Klebsiella pneumoniae,Aminoglycosides,2017,EE,Estonia,12.42236024
Klebsiella pneumoniae,Aminoglycosides,2017,EL,Greece,53.18991097
Klebsiella pneumoniae,Aminoglycosides,2017,ES,Spain,17.44877726
Klebsiella pneumoniae,Aminoglycosides,2017,FI,Finland,2.91262135
Klebsiella pneumoniae,Aminoglycosides,2017,FR,France,23.7661883
Klebsiella pneumoniae,Aminoglycosides,2017,HR,Croatia,30.8681672
Klebsiella pneumoniae,Aminoglycosides,2017,HU,Hungary,37.8066378
Klebsiella pneumoniae,Aminoglycosides,2017,IE,Ireland,11.89979123
Klebsiella pneumoniae,Aminoglycosides,2017,IS,Iceland,
Klebsiella pneumoniae,Aminoglycosides,2017,IT,Italy,34.4612991
Klebsiella pneumoniae,Aminoglycosides,2017,LT,Lithuania,53.72670807
Klebsiella pneumoniae,Aminoglycosides,2017,LU,Luxembourg,18.18181818
Klebsiella pneumoniae,Aminoglycosides,2017,LV,Latvia,29.56521739
Klebsiella pneumoniae,Aminoglycosides,2017,MT,Malta,31.62393162
Klebsiella pneumoniae,Aminoglycosides,2017,NL,Netherlands,7.44360902
Klebsiella pneumoniae,Aminoglycosides,2017,NO,Norway,4.22535211
Klebsiella pneumoniae,Aminoglycosides,2017,PL,Poland,55.45064377
Klebsiella pneumoniae,Aminoglycosides,2017,PT,Portugal,33.52962826
Klebsiella pneumoniae,Aminoglycosides,2017,RO,Romania,58.57988165
Klebsiella pneumoniae,Aminoglycosides,2017,SE,Sweden,4.74346563
Klebsiella pneumoniae,Aminoglycosides,2017,SI,Slovenia,16.02564102
Klebsiella pneumoniae,Aminoglycosides,2017,SK,Slovakia,61.11111111
Klebsiella pneumoniae,Aminoglycosides,2017,UK,United Kingdom,7.9433153
Klebsiella pneumoniae,Aminoglycosides,2018,AT,Austria,4.77759472
Klebsiella pneumoniae,Aminoglycosides,2018,BE,Belgium,12.44979919
Klebsiella pneumoniae,Aminoglycosides,2018,BG,Bulgaria,59.16230366
Klebsiella pneumoniae,Aminoglycosides,2018,CY,Cyprus,36.78160919
Klebsiella pneumoniae,Aminoglycosides,2018,CZ,Czechia,48.550236
Klebsiella pneumoniae,Aminoglycosides,2018,DE,Germany,6.20214395
Klebsiella pneumoniae,Aminoglycosides,2018,DK,Denmark,3.28638497
Klebsiella pneumoniae,Aminoglycosides,2018,EE,Estonia,10.24390243
Klebsiella pneumoniae,Aminoglycosides,2018,EL,Greece,54.40484196
Klebsiella pneumoniae,Aminoglycosides,2018,ES,Spain,19.34837092
Klebsiella pneumoniae,Aminoglycosides,2018,FI,Finland,2.58397932
Klebsiella pneumoniae,Aminoglycosides,2018,FR,France,24.81605351
Klebsiella pneumoniae,Aminoglycosides,2018,HR,Croatia,36.36363636
Klebsiella pneumoniae,Aminoglycosides,2018,HU,Hungary,32.66272189
Klebsiella pneumoniae,Aminoglycosides,2018,IE,Ireland,13.04347826
Klebsiella pneumoniae,Aminoglycosides,2018,IS,Iceland,
Klebsiella pneumoniae,Aminoglycosides,2018,IT,Italy,26.98050237
Klebsiella pneumoniae,Aminoglycosides,2018,LT,Lithuania,48.50948509
Klebsiella pneumoniae,Aminoglycosides,2018,LU,Luxembourg,20.0
Klebsiella pneumoniae,Aminoglycosides,2018,LV,Latvia,31.03448275
Klebsiella pneumoniae,Aminoglycosides,2018,MT,Malta,46.71532846
Klebsiella pneumoniae,Aminoglycosides,2018,NL,Netherlands,6.96909927
Klebsiella pneumoniae,Aminoglycosides,2018,NO,Norway,5.2917232
Klebsiella pneumoniae,Aminoglycosides,2018,PL,Poland,54.24448217
Klebsiella pneumoniae,Aminoglycosides,2018,PT,Portugal,34.37013996
Klebsiella pneumoniae,Aminoglycosides,2018,RO,Romania,50.91743119
Klebsiella pneumoniae,Aminoglycosides,2018,SE,Sweden,3.03587856
Klebsiella pneumoniae,Aminoglycosides,2018,SI,Slovenia,12.80276816
Klebsiella pneumoniae,Aminoglycosides,2018,SK,Slovakia,54.83870967
Klebsiella pneumoniae,Aminoglycosides,2018,UK,United Kingdom,9.07339288
Klebsiella pneumoniae,Aminoglycosides,2019,AT,Austria,5.45868081
Klebsiella pneumoniae,Aminoglycosides,2019,BE,Belgium,11.39072847
Klebsiella pneumoniae,Aminoglycosides,2019,BG,Bulgaria,57.30337078
Klebsiella pneumoniae,Aminoglycosides,2019,CY,Cyprus,24.13793103
Klebsiella pneumoniae,Aminoglycosides,2019,CZ,Czechia,47.66474728
Klebsiella pneumoniae,Aminoglycosides,2019,DE,Germany,7.30554361
Klebsiella pneumoniae,Aminoglycosides,2019,DK,Denmark,3.46097201
Klebsiella pneumoniae,Aminoglycosides,2019,EE,Estonia,6.14525139
Klebsiella pneumoniae,Aminoglycosides,2019,EL,Greece,55.16129032
Klebsiella pneumoniae,Aminoglycosides,2019,ES,Spain,18.185654
Klebsiella pneumoniae,Aminoglycosides,2019,FI,Finland,4.21179302
Klebsiella pneumoniae,Aminoglycosides,2019,FR,France,23.42893973
Klebsiella pneumoniae,Aminoglycosides,2019,HR,Croatia,42.76923076
Klebsiella pneumoniae,Aminoglycosides,2019,HU,Hungary,30.8114035
Klebsiella pneumoniae,Aminoglycosides,2019,IE,Ireland,11.02661596
Klebsiella pneumoniae,Aminoglycosides,2019,IS,Iceland,8.69565217
Klebsiella pneumoniae,Aminoglycosides,2019,IT,Italy,32.55662587
Klebsiella pneumoniae,Aminoglycosides,2019,LT,Lithuania,39.77011494
Klebsiella pneumoniae,Aminoglycosides,2019,LU,Luxembourg,17.47572815
Klebsiella pneumoniae,Aminoglycosides,2019,LV,Latvia,28.28282828
Klebsiella pneumoniae,Aminoglycosides,2019,MT,Malta,26.35658914
Klebsiella pneumoniae,Aminoglycosides,2019,NL,Netherlands,5.99721059
Klebsiella pneumoniae,Aminoglycosides,2019,NO,Norway,6.13718411
Klebsiella pneumoniae,Aminoglycosides,2019,PL,Poland,47.51773049
Klebsiella pneumoniae,Aminoglycosides,2019,PT,Portugal,32.23781388
Klebsiella pneumoniae,Aminoglycosides,2019,RO,Romania,53.04136253
Klebsiella pneumoniae,Aminoglycosides,2019,SE,Sweden,4.180602
Klebsiella pneumoniae,Aminoglycosides,2019,SI,Slovenia,8.25082508
Klebsiella pneumoniae,Aminoglycosides,2019,SK,Slovakia,49.32249322
Klebsiella pneumoniae,Aminoglycosides,2019,UK,United Kingdom,8.21309655
Klebsiella pneumoniae,Aminoglycosides,2020,AT,Austria,3.68663594
Klebsiella pneumoniae,Aminoglycosides,2020,BE,Belgium,13.07692307
Klebsiella pneumoniae,Aminoglycosides,2020,BG,Bulgaria,66.95652173
Klebsiella pneumoniae,Aminoglycosides,2020,CY,Cyprus,22.35294117
Klebsiella pneumoniae,Aminoglycosides,2020,CZ,Czechia,42.53731343
Klebsiella pneumoniae,Aminoglycosides,2020,DE,Germany,5.56909154
Klebsiella pneumoniae,Aminoglycosides,2020,DK,Denmark,3.25779036
Klebsiella pneumoniae,Aminoglycosides,2020,EE,Estonia,8.12182741
Klebsiella pneumoniae,Aminoglycosides,2020,EL,Greece,61.00278551
Klebsiella pneumoniae,Aminoglycosides,2020,ES,Spain,20.09869896
Klebsiella pneumoniae,Aminoglycosides,2020,FI,Finland,5.77136514
Klebsiella pneumoniae,Aminoglycosides,2020,FR,France,18.81686595
Klebsiella pneumoniae,Aminoglycosides,2020,HR,Croatia,38.14814814
Klebsiella pneumoniae,Aminoglycosides,2020,HU,Hungary,34.93810178
Klebsiella pneumoniae,Aminoglycosides,2020,IE,Ireland,11.54639175
Klebsiella pneumoniae,Aminoglycosides,2020,IS,Iceland,0.0
Klebsiella pneumoniae,Aminoglycosides,2020,IT,Italy,31.59327065
Klebsiella pneumoniae,Aminoglycosides,2020,LT,Lithuania,33.90243902
Klebsiella pneumoniae,Aminoglycosides,2020,LU,Luxembourg,20.68965517
Klebsiella pneumoniae,Aminoglycosides,2020,LV,Latvia,20.96774193
Klebsiella pneumoniae,Aminoglycosides,2020,MT,Malta,23.48484848
Klebsiella pneumoniae,Aminoglycosides,2020,NL,Netherlands,7.30136005
Klebsiella pneumoniae,Aminoglycosides,2020,NO,Norway,7.26495726
Klebsiella pneumoniae,Aminoglycosides,2020,PL,Poland,49.95093228
Klebsiella pneumoniae,Aminoglycosides,2020,PT,Portugal,28.2348677
Klebsiella pneumoniae,Aminoglycosides,2020,RO,Romania,49.62406015
Klebsiella pneumoniae,Aminoglycosides,2020,SE,Sweden,3.58890701
Klebsiella pneumoniae,Aminoglycosides,2020,SI,Slovenia,10.0
Klebsiella pneumoniae,Aminoglycosides,2020,SK,Slovakia,48.88888888
Klebsiella pneumoniae,Aminoglycosides,2021,AT,Austria,3.40080971
Klebsiella pneumoniae,Aminoglycosides,2021,BE,Belgium,9.67365967
Klebsiella pneumoniae,Aminoglycosides,2021,BG,Bulgaria,69.00826446
Klebsiella pneumoniae,Aminoglycosides,2021,CY,Cyprus,36.76470588
Klebsiella pneumoniae,Aminoglycosides,2021,CZ,Czechia,41.59456118
Klebsiella pneumoniae,Aminoglycosides,2021,DE,Germany,4.34293067
Klebsiella pneumoniae,Aminoglycosides,2021,DK,Denmark,2.08333333
Klebsiella pneumoniae,Aminoglycosides,2021,EE,Estonia,7.65957446
Klebsiella pneumoniae,Aminoglycosides,2021,EL,Greece,69.12080057
Klebsiella pneumoniae,Aminoglycosides,2021,ES,Spain,20.56247118
Klebsiella pneumoniae,Aminoglycosides,2021,FI,Finland,4.22245108
Klebsiella pneumoniae,Aminoglycosides,2021,FR,France,17.40331491
Klebsiella pneumoniae,Aminoglycosides,2021,HR,Croatia,46.62921348
Klebsiella pneumoniae,Aminoglycosides,2021,HU,Hungary,31.7976513
Klebsiella pneumoniae,Aminoglycosides,2021,IE,Ireland,10.55776892
Klebsiella pneumoniae,Aminoglycosides,2021,IS,Iceland,0.0
Klebsiella pneumoniae,Aminoglycosides,2021,IT,Italy,30.80381033
Klebsiella pneumoniae,Aminoglycosides,2021,LT,Lithuania,28.962818
Klebsiella pneumoniae,Aminoglycosides,2021,LU,Luxembourg,14.85148514
Klebsiella pneumoniae,Aminoglycosides,2021,LV,Latvia,22.22222222
Klebsiella pneumoniae,Aminoglycosides,2021,MT,Malta,20.0
Klebsiella pneumoniae,Aminoglycosides,2021,NL,Netherlands,5.59055118
Klebsiella pneumoniae,Aminoglycosides,2021,NO,Norway,5.08905852
Klebsiella pneumoniae,Aminoglycosides,2021,PL,Poland,55.05865102
Klebsiella pneumoniae,Aminoglycosides,2021,PT,Portugal,24.96141975
Klebsiella pneumoniae,Aminoglycosides,2021,RO,Romania,51.59090909
Klebsiella pneumoniae,Aminoglycosides,2021,SE,Sweden,3.91954615
Klebsiella pneumoniae,Aminoglycosides,2021,SI,Slovenia,13.67521367
Klebsiella pneumoniae,Aminoglycosides,2021,SK,Slovakia,59.70961887
Klebsiella pneumoniae,Aminoglycosides,2022,AT,Austria,2.93863439
Klebsiella pneumoniae,Aminoglycosides,2022,BE,Belgium,10.6060606
Klebsiella pneumoniae,Aminoglycosides,2022,BG,Bulgaria,61.92307692
Klebsiella pneumoniae,Aminoglycosides,2022,CY,Cyprus,37.56345177
Klebsiella pneumoniae,Aminoglycosides,2022,CZ,Czechia,39.86568986
Klebsiella pneumoniae,Aminoglycosides,2022,DE,Germany,4.27650028
Klebsiella pneumoniae,Aminoglycosides,2022,DK,Denmark,2.67062314
Klebsiella pneumoniae,Aminoglycosides,2022,EE,Estonia,8.08510638
Klebsiella pneumoniae,Aminoglycosides,2022,EL,Greece,67.94231835
Klebsiella pneumoniae,Aminoglycosides,2022,ES,Spain,19.17902725
Klebsiella pneumoniae,Aminoglycosides,2022,FI,Finland,2.48691099
Klebsiella pneumoniae,Aminoglycosides,2022,FR,France,16.84031469
Klebsiella pneumoniae,Aminoglycosides,2022,HR,Croatia,41.53005464
Klebsiella pneumoniae,Aminoglycosides,2022,HU,Hungary,32.57965056
Klebsiella pneumoniae,Aminoglycosides,2022,IE,Ireland,7.88912579
Klebsiella pneumoniae,Aminoglycosides,2022,IS,Iceland,0.0
Klebsiella pneumoniae,Aminoglycosides,2022,IT,Italy,31.76450156
Klebsiella pneumoniae,Aminoglycosides,2022,LT,Lithuania,27.13178294
Klebsiella pneumoniae,Aminoglycosides,2022,LU,Luxembourg,9.4017094
Klebsiella pneumoniae,Aminoglycosides,2022,LV,Latvia,24.65277777
Klebsiella pneumoniae,Aminoglycosides,2022,MT,Malta,5.83333333
Klebsiella pneumoniae,Aminoglycosides,2022,NL,Netherlands,6.28158844
Klebsiella pneumoniae,Aminoglycosides,2022,NO,Norway,3.96419437
Klebsiella pneumoniae,Aminoglycosides,2022,PL,Poland,47.42351046
Klebsiella pneumoniae,Aminoglycosides,2022,PT,Portugal,23.12768063
Klebsiella pneumoniae,Aminoglycosides,2022,RO,Romania,52.75590551
Klebsiella pneumoniae,Aminoglycosides,2022,SE,Sweden,3.37962962
Klebsiella pneumoniae,Aminoglycosides,2022,SI,Slovenia,12.36559139
Klebsiella pneumoniae,Aminoglycosides,2022,SK,Slovakia,43.62745098
Klebsiella pneumoniae,Aminoglycosides,2023,AT,Austria,3.97350993
Klebsiella pneumoniae,Aminoglycosides,2023,BE,Belgium,11.46095717
Klebsiella pneumoniae,Aminoglycosides,2023,BG,Bulgaria,73.33333333
Klebsiella pneumoniae,Aminoglycosides,2023,CY,Cyprus,33.95348837
Klebsiella pneumoniae,Aminoglycosides,2023,CZ,Czechia,36.60874775
Klebsiella pneumoniae,Aminoglycosides,2023,DE,Germany,3.9670273
Klebsiella pneumoniae,Aminoglycosides,2023,DK,Denmark,2.64097073
Klebsiella pneumoniae,Aminoglycosides,2023,EE,Estonia,7.66666666
Klebsiella pneumoniae,Aminoglycosides,2023,EL,Greece,64.74719101
Klebsiella pneumoniae,Aminoglycosides,2023,ES,Spain,16.79462571
Klebsiella pneumoniae,Aminoglycosides,2023,FI,Finland,5.23415977
Klebsiella pneumoniae,Aminoglycosides,2023,HR,Croatia,37.43315508
Klebsiella pneumoniae,Aminoglycosides,2023,HU,Hungary,31.41862489
Klebsiella pneumoniae,Aminoglycosides,2023,IE,Ireland,8.75656742
Klebsiella pneumoniae,Aminoglycosides,2023,IS,Iceland,4.54545454
Klebsiella pneumoniae,Aminoglycosides,2023,IT,Italy,32.6730518
Klebsiella pneumoniae,Aminoglycosides,2023,LI,Liechtenstein,
Klebsiella pneumoniae,Aminoglycosides,2023,LT,Lithuania,29.25925925
Klebsiella pneumoniae,Aminoglycosides,2023,LU,Luxembourg,10.58823529
Klebsiella pneumoniae,Aminoglycosides,2023,LV,Latvia,25.73839662
Klebsiella pneumoniae,Aminoglycosides,2023,MT,Malta,10.88435374
Klebsiella pneumoniae,Aminoglycosides,2023,NL,Netherlands,6.25
Klebsiella pneumoniae,Aminoglycosides,2023,NO,Norway,4.1931385
Klebsiella pneumoniae,Aminoglycosides,2023,PL,Poland,49.86130374
Klebsiella pneumoniae,Aminoglycosides,2023,PT,Portugal,23.75658279
Klebsiella pneumoniae,Aminoglycosides,2023,RO,Romania,57.05368289
Klebsiella pneumoniae,Aminoglycosides,2023,SE,Sweden,4.48243992
Klebsiella pneumoniae,Aminoglycosides,2023,SI,Slovenia,17.10914454
Klebsiella pneumoniae,Aminoglycosides,2023,SK,Slovakia,40.32258064
Klebsiella pneumoniae,Aminoglycosides,2024,AT,Austria,4.08970976
Klebsiella pneumoniae,Aminoglycosides,2024,BE,Belgium,11.35416666
Klebsiella pneumoniae,Aminoglycosides,2024,BG,Bulgaria,73.81974248
Klebsiella pneumoniae,Aminoglycosides,2024,CY,Cyprus,41.71779141
Klebsiella pneumoniae,Aminoglycosides,2024,CZ,Czechia,34.9745331
Klebsiella pneumoniae,Aminoglycosides,2024,DE,Germany,3.51418616
Klebsiella pneumoniae,Aminoglycosides,2024,DK,Denmark,2.96819787
Klebsiella pneumoniae,Aminoglycosides,2024,EE,Estonia,6.02836879
Klebsiella pneumoniae,Aminoglycosides,2024,EL,Greece,59.55056179
Klebsiella pneumoniae,Aminoglycosides,2024,ES,Spain,15.92101203
Klebsiella pneumoniae,Aminoglycosides,2024,FI,Finland,3.11059907
Klebsiella pneumoniae,Aminoglycosides,2024,FR,France,15.5673274
Klebsiella pneumoniae,Aminoglycosides,2024,HR,Croatia,41.64989939
Klebsiella pneumoniae,Aminoglycosides,2024,HU,Hungary,28.49206349
Klebsiella pneumoniae,Aminoglycosides,2024,IE,Ireland,5.88235294
Klebsiella pneumoniae,Aminoglycosides,2024,IS,Iceland,0.0
Klebsiella pneumoniae,Aminoglycosides,2024,IT,Italy,31.72528201
Klebsiella pneumoniae,Aminoglycosides,2024,LI,Liechtenstein,
Klebsiella pneumoniae,Aminoglycosides,2024,LT,Lithuania,35.59556786
Klebsiella pneumoniae,Aminoglycosides,2024,LU,Luxembourg,5.92592592
Klebsiella pneumoniae,Aminoglycosides,2024,LV,Latvia,36.07954545
Klebsiella pneumoniae,Aminoglycosides,2024,MT,Malta,9.6590909
Klebsiella pneumoniae,Aminoglycosides,2024,NL,Netherlands,8.28698553
Klebsiella pneumoniae,Aminoglycosides,2024,NO,Norway,5.08849557
Klebsiella pneumoniae,Aminoglycosides,2024,PL,Poland,45.53571428
Klebsiella pneumoniae,Aminoglycosides,2024,PT,Portugal,20.13586956
Klebsiella pneumoniae,Aminoglycosides,2024,RO,Romania,53.8
Klebsiella pneumoniae,Aminoglycosides,2024,SE,Sweden,4.64301357
Klebsiella pneumoniae,Aminoglycosides,2024,SI,Slovenia,10.51136363
Klebsiella pneumoniae,Aminoglycosides,2024,SK,Slovakia,42.10526315
Klebsiella pneumoniae,Carbapenems,2005,AT,Austria,0.0
Klebsiella pneumoniae,Carbapenems,2005,BG,Bulgaria,0.0
Klebsiella pneumoniae,Carbapenems,2005,CY,Cyprus,
Klebsiella pneumoniae,Carbapenems,2005,CZ,Czechia,0.0
Klebsiella pneumoniae,Carbapenems,2005,DE,Germany,1.96078431
Klebsiella pneumoniae,Carbapenems,2005,EE,Estonia,0.0
Klebsiella pneumoniae,Carbapenems,2005,EL,Greece,27.8137128
Klebsiella pneumoniae,Carbapenems,2005,ES,Spain,0.0
Klebsiella pneumoniae,Carbapenems,2005,FI,Finland,0.0
Klebsiella pneumoniae,Carbapenems,2005,FR,France,0.13280212
Klebsiella pneumoniae,Carbapenems,2005,HR,Croatia,0.0
Klebsiella pneumoniae,Carbapenems,2005,HU,Hungary,0.33333333
Klebsiella pneumoniae,Carbapenems,2005,IE,Ireland,0.0
Klebsiella pneumoniae,Carbapenems,2005,IS,Iceland,0.0
Klebsiella pneumoniae,Carbapenems,2005,MT,Malta,
Klebsiella pneumoniae,Carbapenems,2005,NL,Netherlands,0.0
Klebsiella pneumoniae,Carbapenems,2005,NO,Norway,0.62111801
Klebsiella pneumoniae,Carbapenems,2005,PL,Poland,0.0
Klebsiella pneumoniae,Carbapenems,2005,RO,Romania,
Klebsiella pneumoniae,Carbapenems,2005,SE,Sweden,
Klebsiella pneumoniae,Carbapenems,2005,SI,Slovenia,0.0
Klebsiella pneumoniae,Carbapenems,2005,UK,United Kingdom,0.0
Klebsiella pneumoniae,Carbapenems,2006,AT,Austria,0.0
Klebsiella pneumoniae,Carbapenems,2006,BG,Bulgaria,0.0
Klebsiella pneumoniae,Carbapenems,2006,CY,Cyprus,0.0
Klebsiella pneumoniae,Carbapenems,2006,CZ,Czechia,
Klebsiella pneumoniae,Carbapenems,2006,DE,Germany,0.0
Klebsiella pneumoniae,Carbapenems,2006,DK,Denmark,0.0
Klebsiella pneumoniae,Carbapenems,2006,EE,Estonia,0.0
Klebsiella pneumoniae,Carbapenems,2006,EL,Greece,32.85543608
Klebsiella pneumoniae,Carbapenems,2006,ES,Spain,0.0
Klebsiella pneumoniae,Carbapenems,2006,FI,Finland,0.0
Klebsiella pneumoniae,Carbapenems,2006,FR,France,0.0
Klebsiella pneumoniae,Carbapenems,2006,HR,Croatia,0.0
Klebsiella pneumoniae,Carbapenems,2006,HU,Hungary,0.0
Klebsiella pneumoniae,Carbapenems,2006,IE,Ireland,0.0
Klebsiella pneumoniae,Carbapenems,2006,IS,Iceland,
Klebsiella pneumoniae,Carbapenems,2006,IT,Italy,1.3114754
Klebsiella pneumoniae,Carbapenems,2006,LT,Lithuania,0.0
Klebsiella pneumoniae,Carbapenems,2006,LU,Luxembourg,
Klebsiella pneumoniae,Carbapenems,2006,LV,Latvia,0.0
Klebsiella pneumoniae,Carbapenems,2006,MT,Malta,0.0
Klebsiella pneumoniae,Carbapenems,2006,NL,Netherlands,0.30395136
Klebsiella pneumoniae,Carbapenems,2006,NO,Norway,0.45248868
Klebsiella pneumoniae,Carbapenems,2006,PL,Poland,
Klebsiella pneumoniae,Carbapenems,2006,RO,Romania,0.0
Klebsiella pneumoniae,Carbapenems,2006,SE,Sweden,
Klebsiella pneumoniae,Carbapenems,2006,SI,Slovenia,0.0
Klebsiella pneumoniae,Carbapenems,2006,UK,United Kingdom,0.34965034
Klebsiella pneumoniae,Carbapenems,2007,AT,Austria,0.0
Klebsiella pneumoniae,Carbapenems,2007,BG,Bulgaria,0.0
Klebsiella pneumoniae,Carbapenems,2007,CY,Cyprus,2.56410256
Klebsiella pneumoniae,Carbapenems,2007,CZ,Czechia,0.0
Klebsiella pneumoniae,Carbapenems,2007,DE,Germany,1.73410404
Klebsiella pneumoniae,Carbapenems,2007,DK,Denmark,0.0
Klebsiella pneumoniae,Carbapenems,2007,EE,Estonia,0.0
Klebsiella pneumoniae,Carbapenems,2007,EL,Greece,42.44306418
Klebsiella pneumoniae,Carbapenems,2007,ES,Spain,0.0
Klebsiella pneumoniae,Carbapenems,2007,FI,Finland,0.0
Klebsiella pneumoniae,Carbapenems,2007,FR,France,0.09460737
Klebsiella pneumoniae,Carbapenems,2007,HR,Croatia,0.35842293
Klebsiella pneumoniae,Carbapenems,2007,HU,Hungary,0.0
Klebsiella pneumoniae,Carbapenems,2007,IE,Ireland,0.0
Klebsiella pneumoniae,Carbapenems,2007,IS,Iceland,0.0
Klebsiella pneumoniae,Carbapenems,2007,IT,Italy,1.11111111
Klebsiella pneumoniae,Carbapenems,2007,LT,Lithuania,0.0
Klebsiella pneumoniae,Carbapenems,2007,LU,Luxembourg,
Klebsiella pneumoniae,Carbapenems,2007,LV,Latvia,0.0
Klebsiella pneumoniae,Carbapenems,2007,MT,Malta,0.0
Klebsiella pneumoniae,Carbapenems,2007,NL,Netherlands,0.0
Klebsiella pneumoniae,Carbapenems,2007,NO,Norway,0.0
Klebsiella pneumoniae,Carbapenems,2007,PL,Poland,
Klebsiella pneumoniae,Carbapenems,2007,PT,Portugal,0.0
Klebsiella pneumoniae,Carbapenems,2007,RO,Romania,0.0
Klebsiella pneumoniae,Carbapenems,2007,SE,Sweden,0.0
Klebsiella pneumoniae,Carbapenems,2007,SI,Slovenia,0.0
Klebsiella pneumoniae,Carbapenems,2007,UK,United Kingdom,0.33112582
Klebsiella pneumoniae,Carbapenems,2008,AT,Austria,0.0
Klebsiella pneumoniae,Carbapenems,2008,BG,Bulgaria,0.0
Klebsiella pneumoniae,Carbapenems,2008,CY,Cyprus,9.67741935
Klebsiella pneumoniae,Carbapenems,2008,CZ,Czechia,0.23809523
Klebsiella pneumoniae,Carbapenems,2008,DE,Germany,0.0
Klebsiella pneumoniae,Carbapenems,2008,DK,Denmark,0.19120458
Klebsiella pneumoniae,Carbapenems,2008,EE,Estonia,0.0
Klebsiella pneumoniae,Carbapenems,2008,EL,Greece,36.59217877
Klebsiella pneumoniae,Carbapenems,2008,ES,Spain,0.0
Klebsiella pneumoniae,Carbapenems,2008,FI,Finland,0.0
Klebsiella pneumoniae,Carbapenems,2008,FR,France,0.0
Klebsiella pneumoniae,Carbapenems,2008,HR,Croatia,0.31152647
Klebsiella pneumoniae,Carbapenems,2008,HU,Hungary,0.0
Klebsiella pneumoniae,Carbapenems,2008,IE,Ireland,0.0
Klebsiella pneumoniae,Carbapenems,2008,IS,Iceland,0.0
Klebsiella pneumoniae,Carbapenems,2008,IT,Italy,1.94174757
Klebsiella pneumoniae,Carbapenems,2008,LT,Lithuania,0.0
Klebsiella pneumoniae,Carbapenems,2008,LU,Luxembourg,
Klebsiella pneumoniae,Carbapenems,2008,LV,Latvia,2.5
Klebsiella pneumoniae,Carbapenems,2008,MT,Malta,0.0
Klebsiella pneumoniae,Carbapenems,2008,NL,Netherlands,0.0
Klebsiella pneumoniae,Carbapenems,2008,NO,Norway,0.67340067
Klebsiella pneumoniae,Carbapenems,2008,PL,Poland,
Klebsiella pneumoniae,Carbapenems,2008,PT,Portugal,0.72463768
Klebsiella pneumoniae,Carbapenems,2008,RO,Romania,
Klebsiella pneumoniae,Carbapenems,2008,SE,Sweden,0.0
Klebsiella pneumoniae,Carbapenems,2008,SI,Slovenia,0.0
Klebsiella pneumoniae,Carbapenems,2008,UK,United Kingdom,1.23966942
Klebsiella pneumoniae,Carbapenems,2009,AT,Austria,0.0
Klebsiella pneumoniae,Carbapenems,2009,BE,Belgium,1.20481927
Klebsiella pneumoniae,Carbapenems,2009,BG,Bulgaria,0.0
Klebsiella pneumoniae,Carbapenems,2009,CY,Cyprus,16.98113207
Klebsiella pneumoniae,Carbapenems,2009,CZ,Czechia,0.24711696
Klebsiella pneumoniae,Carbapenems,2009,DE,Germany,0.0
Klebsiella pneumoniae,Carbapenems,2009,DK,Denmark,0.0
Klebsiella pneumoniae,Carbapenems,2009,EE,Estonia,0.0
Klebsiella pneumoniae,Carbapenems,2009,EL,Greece,43.51567301
Klebsiella pneumoniae,Carbapenems,2009,ES,Spain,0.17391304
Klebsiella pneumoniae,Carbapenems,2009,FI,Finland,0.28490028
Klebsiella pneumoniae,Carbapenems,2009,FR,France,0.1577287
Klebsiella pneumoniae,Carbapenems,2009,HU,Hungary,0.55555555
Klebsiella pneumoniae,Carbapenems,2009,IE,Ireland,0.0
Klebsiella pneumoniae,Carbapenems,2009,IS,Iceland,0.0
Klebsiella pneumoniae,Carbapenems,2009,IT,Italy,1.31578947
Klebsiella pneumoniae,Carbapenems,2009,LT,Lithuania,0.0
Klebsiella pneumoniae,Carbapenems,2009,LU,Luxembourg,0.0
Klebsiella pneumoniae,Carbapenems,2009,LV,Latvia,0.0
Klebsiella pneumoniae,Carbapenems,2009,MT,Malta,0.0
Klebsiella pneumoniae,Carbapenems,2009,NL,Netherlands,0.0
Klebsiella pneumoniae,Carbapenems,2009,NO,Norway,0.0
Klebsiella pneumoniae,Carbapenems,2009,PL,Poland,0.71942446
Klebsiella pneumoniae,Carbapenems,2009,PT,Portugal,0.82474226
Klebsiella pneumoniae,Carbapenems,2009,RO,Romania,
Klebsiella pneumoniae,Carbapenems,2009,SE,Sweden,
Klebsiella pneumoniae,Carbapenems,2009,SI,Slovenia,0.52910052
Klebsiella pneumoniae,Carbapenems,2009,UK,United Kingdom,0.16920473
Klebsiella pneumoniae,Carbapenems,2010,AT,Austria,0.58939096
Klebsiella pneumoniae,Carbapenems,2010,BE,Belgium,0.0
Klebsiella pneumoniae,Carbapenems,2010,BG,Bulgaria,0.0
Klebsiella pneumoniae,Carbapenems,2010,CY,Cyprus,16.41791044
Klebsiella pneumoniae,Carbapenems,2010,CZ,Czechia,0.09066183
Klebsiella pneumoniae,Carbapenems,2010,DE,Germany,0.0
Klebsiella pneumoniae,Carbapenems,2010,DK,Denmark,0.0
Klebsiella pneumoniae,Carbapenems,2010,EE,Estonia,0.0
Klebsiella pneumoniae,Carbapenems,2010,EL,Greece,49.08120924
Klebsiella pneumoniae,Carbapenems,2010,ES,Spain,0.0
Klebsiella pneumoniae,Carbapenems,2010,FI,Finland,0.0
Klebsiella pneumoniae,Carbapenems,2010,FR,France,0.0698324
Klebsiella pneumoniae,Carbapenems,2010,HR,Croatia,2.15053763
Klebsiella pneumoniae,Carbapenems,2010,HU,Hungary,5.49898167
Klebsiella pneumoniae,Carbapenems,2010,IE,Ireland,0.0
Klebsiella pneumoniae,Carbapenems,2010,IS,Iceland,
Klebsiella pneumoniae,Carbapenems,2010,IT,Italy,15.18467852
Klebsiella pneumoniae,Carbapenems,2010,LT,Lithuania,0.0
Klebsiella pneumoniae,Carbapenems,2010,LU,Luxembourg,0.0
Klebsiella pneumoniae,Carbapenems,2010,LV,Latvia,0.0
Klebsiella pneumoniae,Carbapenems,2010,MT,Malta,0.0
Klebsiella pneumoniae,Carbapenems,2010,NL,Netherlands,0.22421524
Klebsiella pneumoniae,Carbapenems,2010,NO,Norway,0.0
Klebsiella pneumoniae,Carbapenems,2010,PL,Poland,0.0
Klebsiella pneumoniae,Carbapenems,2010,PT,Portugal,1.3544018
Klebsiella pneumoniae,Carbapenems,2010,RO,Romania,
Klebsiella pneumoniae,Carbapenems,2010,SE,Sweden,0.28248587
Klebsiella pneumoniae,Carbapenems,2010,SI,Slovenia,0.51282051
Klebsiella pneumoniae,Carbapenems,2010,UK,United Kingdom,0.14771048
Klebsiella pneumoniae,Carbapenems,2011,AT,Austria,0.16393442
Klebsiella pneumoniae,Carbapenems,2011,BE,Belgium,0.30959752
Klebsiella pneumoniae,Carbapenems,2011,BG,Bulgaria,0.0
Klebsiella pneumoniae,Carbapenems,2011,CY,Cyprus,15.6626506
Klebsiella pneumoniae,Carbapenems,2011,CZ,Czechia,0.08382229
Klebsiella pneumoniae,Carbapenems,2011,DE,Germany,0.0
Klebsiella pneumoniae,Carbapenems,2011,DK,Denmark,0.0
Klebsiella pneumoniae,Carbapenems,2011,EE,Estonia,0.0
Klebsiella pneumoniae,Carbapenems,2011,EL,Greece,68.15403422
Klebsiella pneumoniae,Carbapenems,2011,ES,Spain,0.34965034
Klebsiella pneumoniae,Carbapenems,2011,FI,Finland,0.0
Klebsiella pneumoniae,Carbapenems,2011,FR,France,0.0
Klebsiella pneumoniae,Carbapenems,2011,HR,Croatia,0.0
Klebsiella pneumoniae,Carbapenems,2011,HU,Hungary,1.937046
Klebsiella pneumoniae,Carbapenems,2011,IE,Ireland,0.33112582
Klebsiella pneumoniae,Carbapenems,2011,IT,Italy,26.66666666
Klebsiella pneumoniae,Carbapenems,2011,LT,Lithuania,
Klebsiella pneumoniae,Carbapenems,2011,LU,Luxembourg,0.0
Klebsiella pneumoniae,Carbapenems,2011,LV,Latvia,0.0
Klebsiella pneumoniae,Carbapenems,2011,MT,Malta,3.84615384
Klebsiella pneumoniae,Carbapenems,2011,NL,Netherlands,0.23014959
Klebsiella pneumoniae,Carbapenems,2011,NO,Norway,0.0
Klebsiella pneumoniae,Carbapenems,2011,PL,Poland,0.53191489
Klebsiella pneumoniae,Carbapenems,2011,PT,Portugal,0.34482758
Klebsiella pneumoniae,Carbapenems,2011,RO,Romania,
Klebsiella pneumoniae,Carbapenems,2011,SE,Sweden,0.0
Klebsiella pneumoniae,Carbapenems,2011,SI,Slovenia,0.0
Klebsiella pneumoniae,Carbapenems,2011,SK,Slovakia,0.69124423
Klebsiella pneumoniae,Carbapenems,2011,UK,United Kingdom,0.36363636
Klebsiella pneumoniae,Carbapenems,2012,AT,Austria,0.81300813
Klebsiella pneumoniae,Carbapenems,2012,BE,Belgium,0.73394495
Klebsiella pneumoniae,Carbapenems,2012,BG,Bulgaria,1.85185185
Klebsiella pneumoniae,Carbapenems,2012,CY,Cyprus,9.23076923
Klebsiella pneumoniae,Carbapenems,2012,CZ,Czechia,0.30604437
Klebsiella pneumoniae,Carbapenems,2012,DE,Germany,0.0
Klebsiella pneumoniae,Carbapenems,2012,DK,Denmark,0.29411764
Klebsiella pneumoniae,Carbapenems,2012,EE,Estonia,1.26582278
Klebsiella pneumoniae,Carbapenems,2012,EL,Greece,60.47945205
Klebsiella pneumoniae,Carbapenems,2012,ES,Spain,0.78125
Klebsiella pneumoniae,Carbapenems,2012,FI,Finland,0.0
Klebsiella pneumoniae,Carbapenems,2012,FR,France,0.49170251
Klebsiella pneumoniae,Carbapenems,2012,HR,Croatia,0.0
Klebsiella pneumoniae,Carbapenems,2012,HU,Hungary,2.91060291
Klebsiella pneumoniae,Carbapenems,2012,IE,Ireland,0.0
Klebsiella pneumoniae,Carbapenems,2012,IT,Italy,29.11242603
Klebsiella pneumoniae,Carbapenems,2012,LT,Lithuania,0.0
Klebsiella pneumoniae,Carbapenems,2012,LU,Luxembourg,0.0
Klebsiella pneumoniae,Carbapenems,2012,LV,Latvia,0.0
Klebsiella pneumoniae,Carbapenems,2012,MT,Malta,3.57142857
Klebsiella pneumoniae,Carbapenems,2012,NL,Netherlands,0.10570824
Klebsiella pneumoniae,Carbapenems,2012,NO,Norway,0.48154093
Klebsiella pneumoniae,Carbapenems,2012,PL,Poland,0.83565459
Klebsiella pneumoniae,Carbapenems,2012,PT,Portugal,0.66755674
Klebsiella pneumoniae,Carbapenems,2012,RO,Romania,13.72549019
Klebsiella pneumoniae,Carbapenems,2012,SE,Sweden,0.10235414
Klebsiella pneumoniae,Carbapenems,2012,SI,Slovenia,0.39370078
Klebsiella pneumoniae,Carbapenems,2012,SK,Slovakia,6.34441087
Klebsiella pneumoniae,Carbapenems,2012,UK,United Kingdom,0.45045045
Klebsiella pneumoniae,Carbapenems,2013,AT,Austria,1.2087912
Klebsiella pneumoniae,Carbapenems,2013,BE,Belgium,0.32362459
Klebsiella pneumoniae,Carbapenems,2013,BG,Bulgaria,0.0
Klebsiella pneumoniae,Carbapenems,2013,CY,Cyprus,5.88235294
Klebsiella pneumoniae,Carbapenems,2013,CZ,Czechia,0.52956751
Klebsiella pneumoniae,Carbapenems,2013,DE,Germany,0.65530799
Klebsiella pneumoniae,Carbapenems,2013,DK,Denmark,0.15503875
Klebsiella pneumoniae,Carbapenems,2013,EE,Estonia,2.7027027
Klebsiella pneumoniae,Carbapenems,2013,EL,Greece,59.3879239
Klebsiella pneumoniae,Carbapenems,2013,ES,Spain,1.61160354
Klebsiella pneumoniae,Carbapenems,2013,FI,Finland,0.0
Klebsiella pneumoniae,Carbapenems,2013,FR,France,0.65146579
Klebsiella pneumoniae,Carbapenems,2013,HR,Croatia,0.53191489
Klebsiella pneumoniae,Carbapenems,2013,HU,Hungary,1.69491525
Klebsiella pneumoniae,Carbapenems,2013,IE,Ireland,0.31545741
Klebsiella pneumoniae,Carbapenems,2013,IT,Italy,34.34273916
Klebsiella pneumoniae,Carbapenems,2013,LT,Lithuania,0.0
Klebsiella pneumoniae,Carbapenems,2013,LU,Luxembourg,1.88679245
Klebsiella pneumoniae,Carbapenems,2013,LV,Latvia,0.0
Klebsiella pneumoniae,Carbapenems,2013,MT,Malta,5.97014925
Klebsiella pneumoniae,Carbapenems,2013,NL,Netherlands,0.18957345
Klebsiella pneumoniae,Carbapenems,2013,NO,Norway,0.15503875
Klebsiella pneumoniae,Carbapenems,2013,PL,Poland,0.81081081
Klebsiella pneumoniae,Carbapenems,2013,PT,Portugal,1.7699115
Klebsiella pneumoniae,Carbapenems,2013,RO,Romania,20.46511627
Klebsiella pneumoniae,Carbapenems,2013,SE,Sweden,0.0
Klebsiella pneumoniae,Carbapenems,2013,SI,Slovenia,0.40816326
Klebsiella pneumoniae,Carbapenems,2013,SK,Slovakia,0.58479532
Klebsiella pneumoniae,Carbapenems,2013,UK,United Kingdom,0.47573739
Klebsiella pneumoniae,Carbapenems,2014,AT,Austria,0.61791967
Klebsiella pneumoniae,Carbapenems,2014,BE,Belgium,0.46620046
Klebsiella pneumoniae,Carbapenems,2014,BG,Bulgaria,7.1942446
Klebsiella pneumoniae,Carbapenems,2014,CY,Cyprus,5.0
Klebsiella pneumoniae,Carbapenems,2014,CZ,Czechia,0.08710801
Klebsiella pneumoniae,Carbapenems,2014,DE,Germany,0.69582504
Klebsiella pneumoniae,Carbapenems,2014,DK,Denmark,0.24096385
Klebsiella pneumoniae,Carbapenems,2014,EE,Estonia,0.0
Klebsiella pneumoniae,Carbapenems,2014,EL,Greece,62.31617647
Klebsiella pneumoniae,Carbapenems,2014,ES,Spain,2.2906793
Klebsiella pneumoniae,Carbapenems,2014,FI,Finland,0.0
Klebsiella pneumoniae,Carbapenems,2014,FR,France,0.47551117
Klebsiella pneumoniae,Carbapenems,2014,HR,Croatia,0.89820359
Klebsiella pneumoniae,Carbapenems,2014,HU,Hungary,1.12721417
Klebsiella pneumoniae,Carbapenems,2014,IE,Ireland,0.56657223
Klebsiella pneumoniae,Carbapenems,2014,IT,Italy,32.92775665
Klebsiella pneumoniae,Carbapenems,2014,LT,Lithuania,1.29870129
Klebsiella pneumoniae,Carbapenems,2014,LU,Luxembourg,1.51515151
Klebsiella pneumoniae,Carbapenems,2014,LV,Latvia,1.69491525
Klebsiella pneumoniae,Carbapenems,2014,MT,Malta,9.09090909
Klebsiella pneumoniae,Carbapenems,2014,NL,Netherlands,0.26714158
Klebsiella pneumoniae,Carbapenems,2014,NO,Norway,0.0
Klebsiella pneumoniae,Carbapenems,2014,PL,Poland,1.33037694
Klebsiella pneumoniae,Carbapenems,2014,PT,Portugal,1.76366843
Klebsiella pneumoniae,Carbapenems,2014,RO,Romania,31.51750972
Klebsiella pneumoniae,Carbapenems,2014,SE,Sweden,0.0
Klebsiella pneumoniae,Carbapenems,2014,SI,Slovenia,0.85836909
Klebsiella pneumoniae,Carbapenems,2014,SK,Slovakia,2.63157894
Klebsiella pneumoniae,Carbapenems,2014,UK,United Kingdom,0.84190832
Klebsiella pneumoniae,Carbapenems,2015,AT,Austria,0.78277886
Klebsiella pneumoniae,Carbapenems,2015,BE,Belgium,0.51413881
Klebsiella pneumoniae,Carbapenems,2015,BG,Bulgaria,3.15789473
Klebsiella pneumoniae,Carbapenems,2015,CY,Cyprus,12.9032258
Klebsiella pneumoniae,Carbapenems,2015,CZ,Czechia,0.27272727
Klebsiella pneumoniae,Carbapenems,2015,DE,Germany,0.12634238
Klebsiella pneumoniae,Carbapenems,2015,DK,Denmark,0.0
Klebsiella pneumoniae,Carbapenems,2015,EE,Estonia,0.0
Klebsiella pneumoniae,Carbapenems,2015,EL,Greece,61.94092827
Klebsiella pneumoniae,Carbapenems,2015,ES,Spain,2.15778826
Klebsiella pneumoniae,Carbapenems,2015,FI,Finland,0.0
Klebsiella pneumoniae,Carbapenems,2015,FR,France,0.49019607
Klebsiella pneumoniae,Carbapenems,2015,HR,Croatia,2.36842105
Klebsiella pneumoniae,Carbapenems,2015,HU,Hungary,0.1455604
Klebsiella pneumoniae,Carbapenems,2015,IE,Ireland,0.51413881
Klebsiella pneumoniae,Carbapenems,2015,IS,Iceland,
Klebsiella pneumoniae,Carbapenems,2015,IT,Italy,33.51675837
Klebsiella pneumoniae,Carbapenems,2015,LT,Lithuania,0.0
Klebsiella pneumoniae,Carbapenems,2015,LU,Luxembourg,0.0
Klebsiella pneumoniae,Carbapenems,2015,LV,Latvia,0.0
Klebsiella pneumoniae,Carbapenems,2015,MT,Malta,4.54545454
Klebsiella pneumoniae,Carbapenems,2015,NL,Netherlands,0.16708437
Klebsiella pneumoniae,Carbapenems,2015,NO,Norway,0.14285714
Klebsiella pneumoniae,Carbapenems,2015,PL,Poland,0.45454545
Klebsiella pneumoniae,Carbapenems,2015,PT,Portugal,3.35731414
Klebsiella pneumoniae,Carbapenems,2015,RO,Romania,24.72324723
Klebsiella pneumoniae,Carbapenems,2015,SE,Sweden,0.0
Klebsiella pneumoniae,Carbapenems,2015,SI,Slovenia,1.26582278
Klebsiella pneumoniae,Carbapenems,2015,SK,Slovakia,0.91743119
Klebsiella pneumoniae,Carbapenems,2015,UK,United Kingdom,0.41580041
Klebsiella pneumoniae,Carbapenems,2016,AT,Austria,0.66777963
Klebsiella pneumoniae,Carbapenems,2016,BE,Belgium,2.39162929
Klebsiella pneumoniae,Carbapenems,2016,BG,Bulgaria,4.40251572
Klebsiella pneumoniae,Carbapenems,2016,CY,Cyprus,10.66666666
Klebsiella pneumoniae,Carbapenems,2016,CZ,Czechia,0.0
Klebsiella pneumoniae,Carbapenems,2016,DE,Germany,0.48891786
Klebsiella pneumoniae,Carbapenems,2016,DK,Denmark,0.26809651
Klebsiella pneumoniae,Carbapenems,2016,EE,Estonia,0.0
Klebsiella pneumoniae,Carbapenems,2016,EL,Greece,66.86440677
Klebsiella pneumoniae,Carbapenems,2016,ES,Spain,2.08706022
Klebsiella pneumoniae,Carbapenems,2016,FI,Finland,0.25974025
Klebsiella pneumoniae,Carbapenems,2016,FR,France,0.39556962
Klebsiella pneumoniae,Carbapenems,2016,HR,Croatia,0.0
Klebsiella pneumoniae,Carbapenems,2016,HU,Hungary,0.42674253
Klebsiella pneumoniae,Carbapenems,2016,IE,Ireland,0.66225165
Klebsiella pneumoniae,Carbapenems,2016,IS,Iceland,
Klebsiella pneumoniae,Carbapenems,2016,IT,Italy,33.94018205
Klebsiella pneumoniae,Carbapenems,2016,LT,Lithuania,0.0
Klebsiella pneumoniae,Carbapenems,2016,LU,Luxembourg,0.0
Klebsiella pneumoniae,Carbapenems,2016,LV,Latvia,2.22222222
Klebsiella pneumoniae,Carbapenems,2016,MT,Malta,5.88235294
Klebsiella pneumoniae,Carbapenems,2016,NL,Netherlands,0.07593014
Klebsiella pneumoniae,Carbapenems,2016,NO,Norway,0.0
Klebsiella pneumoniae,Carbapenems,2016,PL,Poland,2.13713268
Klebsiella pneumoniae,Carbapenems,2016,PT,Portugal,5.17094017
Klebsiella pneumoniae,Carbapenems,2016,RO,Romania,31.43712574
Klebsiella pneumoniae,Carbapenems,2016,SE,Sweden,0.13063357
Klebsiella pneumoniae,Carbapenems,2016,SI,Slovenia,0.0
Klebsiella pneumoniae,Carbapenems,2016,SK,Slovakia,2.52873563
Klebsiella pneumoniae,Carbapenems,2016,UK,United Kingdom,0.27040314
Klebsiella pneumoniae,Carbapenems,2017,AT,Austria,0.99188458
Klebsiella pneumoniae,Carbapenems,2017,BE,Belgium,1.13780025
Klebsiella pneumoniae,Carbapenems,2017,BG,Bulgaria,12.4260355
Klebsiella pneumoniae,Carbapenems,2017,CY,Cyprus,15.49295774
Klebsiella pneumoniae,Carbapenems,2017,CZ,Czechia,0.38058991
Klebsiella pneumoniae,Carbapenems,2017,DE,Germany,0.46668395
Klebsiella pneumoniae,Carbapenems,2017,DK,Denmark,0.25316455
Klebsiella pneumoniae,Carbapenems,2017,EE,Estonia,0.0
Klebsiella pneumoniae,Carbapenems,2017,EL,Greece,64.71019809
Klebsiella pneumoniae,Carbapenems,2017,ES,Spain,2.78145695
Klebsiella pneumoniae,Carbapenems,2017,FI,Finland,0.26385224
Klebsiella pneumoniae,Carbapenems,2017,FR,France,0.67687923
Klebsiella pneumoniae,Carbapenems,2017,HR,Croatia,0.0
Klebsiella pneumoniae,Carbapenems,2017,HU,Hungary,0.29368575
Klebsiella pneumoniae,Carbapenems,2017,IE,Ireland,0.20920502
Klebsiella pneumoniae,Carbapenems,2017,IT,Italy,29.6886864
Klebsiella pneumoniae,Carbapenems,2017,LT,Lithuania,0.61538461
Klebsiella pneumoniae,Carbapenems,2017,LU,Luxembourg,0.0
Klebsiella pneumoniae,Carbapenems,2017,LV,Latvia,1.72413793
Klebsiella pneumoniae,Carbapenems,2017,MT,Malta,10.25641025
Klebsiella pneumoniae,Carbapenems,2017,NL,Netherlands,0.45112781
Klebsiella pneumoniae,Carbapenems,2017,NO,Norway,0.0
Klebsiella pneumoniae,Carbapenems,2017,PL,Poland,6.37381567
Klebsiella pneumoniae,Carbapenems,2017,PT,Portugal,8.63970588
Klebsiella pneumoniae,Carbapenems,2017,RO,Romania,22.45508982
Klebsiella pneumoniae,Carbapenems,2017,SE,Sweden,0.09680542
Klebsiella pneumoniae,Carbapenems,2017,SI,Slovenia,0.0
Klebsiella pneumoniae,Carbapenems,2017,SK,Slovakia,4.44444444
Klebsiella pneumoniae,Carbapenems,2017,UK,United Kingdom,0.58778915
Klebsiella pneumoniae,Carbapenems,2018,AT,Austria,1.01351351
Klebsiella pneumoniae,Carbapenems,2018,BE,Belgium,1.39037433
Klebsiella pneumoniae,Carbapenems,2018,BG,Bulgaria,21.24352331
Klebsiella pneumoniae,Carbapenems,2018,CY,Cyprus,21.83908045
Klebsiella pneumoniae,Carbapenems,2018,CZ,Czechia,0.25125628
Klebsiella pneumoniae,Carbapenems,2018,DE,Germany,0.42842741
Klebsiella pneumoniae,Carbapenems,2018,DK,Denmark,0.54102795
Klebsiella pneumoniae,Carbapenems,2018,EE,Estonia,0.55865921
Klebsiella pneumoniae,Carbapenems,2018,EL,Greece,63.88518024
Klebsiella pneumoniae,Carbapenems,2018,ES,Spain,3.8095238
Klebsiella pneumoniae,Carbapenems,2018,FI,Finland,0.61728395
Klebsiella pneumoniae,Carbapenems,2018,FR,France,0.50033355
Klebsiella pneumoniae,Carbapenems,2018,HR,Croatia,2.15384615
Klebsiella pneumoniae,Carbapenems,2018,HU,Hungary,0.24183796
Klebsiella pneumoniae,Carbapenems,2018,IE,Ireland,0.62240663
Klebsiella pneumoniae,Carbapenems,2018,IS,Iceland,
Klebsiella pneumoniae,Carbapenems,2018,IT,Italy,26.78445229
Klebsiella pneumoniae,Carbapenems,2018,LT,Lithuania,0.26954177
Klebsiella pneumoniae,Carbapenems,2018,LU,Luxembourg,0.0
Klebsiella pneumoniae,Carbapenems,2018,LV,Latvia,0.49019607
Klebsiella pneumoniae,Carbapenems,2018,MT,Malta,15.44117647
Klebsiella pneumoniae,Carbapenems,2018,NL,Netherlands,0.46052631
Klebsiella pneumoniae,Carbapenems,2018,NO,Norway,0.13586956
Klebsiella pneumoniae,Carbapenems,2018,PL,Poland,8.11496196
Klebsiella pneumoniae,Carbapenems,2018,PT,Portugal,11.70503316
Klebsiella pneumoniae,Carbapenems,2018,RO,Romania,29.47845804
Klebsiella pneumoniae,Carbapenems,2018,SE,Sweden,0.18382352
Klebsiella pneumoniae,Carbapenems,2018,SI,Slovenia,0.69204152
Klebsiella pneumoniae,Carbapenems,2018,SK,Slovakia,3.48360655
Klebsiella pneumoniae,Carbapenems,2018,UK,United Kingdom,0.69742489
Klebsiella pneumoniae,Carbapenems,2019,AT,Austria,1.2345679
Klebsiella pneumoniae,Carbapenems,2019,BE,Belgium,1.05680317
Klebsiella pneumoniae,Carbapenems,2019,BG,Bulgaria,26.96629213
Klebsiella pneumoniae,Carbapenems,2019,CY,Cyprus,13.33333333
Klebsiella pneumoniae,Carbapenems,2019,CZ,Czechia,0.608828
Klebsiella pneumoniae,Carbapenems,2019,DE,Germany,0.93259855
Klebsiella pneumoniae,Carbapenems,2019,DK,Denmark,0.29498525
Klebsiella pneumoniae,Carbapenems,2019,EE,Estonia,0.0
Klebsiella pneumoniae,Carbapenems,2019,EL,Greece,58.33333333
Klebsiella pneumoniae,Carbapenems,2019,ES,Spain,4.79566305
Klebsiella pneumoniae,Carbapenems,2019,FI,Finland,0.35294117
Klebsiella pneumoniae,Carbapenems,2019,FR,France,0.99900099
Klebsiella pneumoniae,Carbapenems,2019,HR,Croatia,12.0
Klebsiella pneumoniae,Carbapenems,2019,HU,Hungary,0.8988764
Klebsiella pneumoniae,Carbapenems,2019,IE,Ireland,0.9487666
Klebsiella pneumoniae,Carbapenems,2019,IT,Italy,28.47781569
Klebsiella pneumoniae,Carbapenems,2019,LT,Lithuania,3.42465753
Klebsiella pneumoniae,Carbapenems,2019,LU,Luxembourg,0.97087378
Klebsiella pneumoniae,Carbapenems,2019,LV,Latvia,0.0
Klebsiella pneumoniae,Carbapenems,2019,MT,Malta,7.75193798
Klebsiella pneumoniae,Carbapenems,2019,NL,Netherlands,0.20935101
Klebsiella pneumoniae,Carbapenems,2019,NO,Norway,0.24213075
Klebsiella pneumoniae,Carbapenems,2019,PL,Poland,7.7056277
Klebsiella pneumoniae,Carbapenems,2019,PT,Portugal,10.85501858
Klebsiella pneumoniae,Carbapenems,2019,RO,Romania,32.34042553
Klebsiella pneumoniae,Carbapenems,2019,SE,Sweden,0.11154489
Klebsiella pneumoniae,Carbapenems,2019,SI,Slovenia,0.330033
Klebsiella pneumoniae,Carbapenems,2019,SK,Slovakia,4.55840455
Klebsiella pneumoniae,Carbapenems,2019,UK,United Kingdom,0.6635071
Klebsiella pneumoniae,Carbapenems,2020,AT,Austria,0.94786729
Klebsiella pneumoniae,Carbapenems,2020,BE,Belgium,1.13507377
Klebsiella pneumoniae,Carbapenems,2020,BG,Bulgaria,28.11244979
Klebsiella pneumoniae,Carbapenems,2020,CY,Cyprus,19.76744186
Klebsiella pneumoniae,Carbapenems,2020,CZ,Czechia,0.48701298
Klebsiella pneumoniae,Carbapenems,2020,DE,Germany,0.48405942
Klebsiella pneumoniae,Carbapenems,2020,DK,Denmark,0.77848549
Klebsiella pneumoniae,Carbapenems,2020,EE,Estonia,0.0
Klebsiella pneumoniae,Carbapenems,2020,EL,Greece,66.25344352
Klebsiella pneumoniae,Carbapenems,2020,ES,Spain,4.66786355
Klebsiella pneumoniae,Carbapenems,2020,FI,Finland,0.11098779
Klebsiella pneumoniae,Carbapenems,2020,FR,France,0.54211843
Klebsiella pneumoniae,Carbapenems,2020,HR,Croatia,19.10112359
Klebsiella pneumoniae,Carbapenems,2020,HU,Hungary,0.69348127
Klebsiella pneumoniae,Carbapenems,2020,IE,Ireland,0.41928721
Klebsiella pneumoniae,Carbapenems,2020,IS,Iceland,0.0
Klebsiella pneumoniae,Carbapenems,2020,IT,Italy,29.50681297
Klebsiella pneumoniae,Carbapenems,2020,LT,Lithuania,2.905569
Klebsiella pneumoniae,Carbapenems,2020,LU,Luxembourg,1.14942528
Klebsiella pneumoniae,Carbapenems,2020,LV,Latvia,1.05820105
Klebsiella pneumoniae,Carbapenems,2020,MT,Malta,7.57575757
Klebsiella pneumoniae,Carbapenems,2020,NL,Netherlands,0.07163323
Klebsiella pneumoniae,Carbapenems,2020,NO,Norway,0.1455604
Klebsiella pneumoniae,Carbapenems,2020,PL,Poland,8.19366852
Klebsiella pneumoniae,Carbapenems,2020,PT,Portugal,11.58273381
Klebsiella pneumoniae,Carbapenems,2020,RO,Romania,48.31223628
Klebsiella pneumoniae,Carbapenems,2020,SE,Sweden,0.27129679
Klebsiella pneumoniae,Carbapenems,2020,SI,Slovenia,0.0
Klebsiella pneumoniae,Carbapenems,2020,SK,Slovakia,8.1632653
Klebsiella pneumoniae,Carbapenems,2021,AT,Austria,0.97640358
Klebsiella pneumoniae,Carbapenems,2021,BE,Belgium,1.40388768
Klebsiella pneumoniae,Carbapenems,2021,BG,Bulgaria,46.28099173
Klebsiella pneumoniae,Carbapenems,2021,CY,Cyprus,26.24113475
Klebsiella pneumoniae,Carbapenems,2021,CZ,Czechia,1.03857566
Klebsiella pneumoniae,Carbapenems,2021,DE,Germany,0.79535026
Klebsiella pneumoniae,Carbapenems,2021,DK,Denmark,0.4531722
Klebsiella pneumoniae,Carbapenems,2021,EE,Estonia,0.91743119
Klebsiella pneumoniae,Carbapenems,2021,EL,Greece,73.69534555
Klebsiella pneumoniae,Carbapenems,2021,ES,Spain,5.73903627
Klebsiella pneumoniae,Carbapenems,2021,FI,Finland,0.0
Klebsiella pneumoniae,Carbapenems,2021,FR,France,0.76158239
Klebsiella pneumoniae,Carbapenems,2021,HR,Croatia,32.8611898
Klebsiella pneumoniae,Carbapenems,2021,HU,Hungary,0.91575091
Klebsiella pneumoniae,Carbapenems,2021,IE,Ireland,0.60362173
Klebsiella pneumoniae,Carbapenems,2021,IS,Iceland,0.0
Klebsiella pneumoniae,Carbapenems,2021,IT,Italy,27.19534532
Klebsiella pneumoniae,Carbapenems,2021,LT,Lithuania,0.97847358
Klebsiella pneumoniae,Carbapenems,2021,LU,Luxembourg,0.990099
Klebsiella pneumoniae,Carbapenems,2021,LV,Latvia,1.58102766
Klebsiella pneumoniae,Carbapenems,2021,MT,Malta,6.66666666
Klebsiella pneumoniae,Carbapenems,2021,NL,Netherlands,0.23622047
Klebsiella pneumoniae,Carbapenems,2021,NO,Norway,0.25542784
Klebsiella pneumoniae,Carbapenems,2021,PL,Poland,19.52414275
Klebsiella pneumoniae,Carbapenems,2021,PT,Portugal,11.58730158
Klebsiella pneumoniae,Carbapenems,2021,RO,Romania,54.46096654
Klebsiella pneumoniae,Carbapenems,2021,SE,Sweden,0.15022533
Klebsiella pneumoniae,Carbapenems,2021,SI,Slovenia,0.85470085
Klebsiella pneumoniae,Carbapenems,2021,SK,Slovakia,11.65048543
Klebsiella pneumoniae,Carbapenems,2022,AT,Austria,0.88211708
Klebsiella pneumoniae,Carbapenems,2022,BE,Belgium,1.43712574
Klebsiella pneumoniae,Carbapenems,2022,BG,Bulgaria,47.3076923
Klebsiella pneumoniae,Carbapenems,2022,CY,Cyprus,36.41304347
Klebsiella pneumoniae,Carbapenems,2022,CZ,Czechia,1.50829562
Klebsiella pneumoniae,Carbapenems,2022,DE,Germany,1.07454667
Klebsiella pneumoniae,Carbapenems,2022,DK,Denmark,0.45731707
Klebsiella pneumoniae,Carbapenems,2022,EE,Estonia,1.47058823
Klebsiella pneumoniae,Carbapenems,2022,EL,Greece,72.04658901
Klebsiella pneumoniae,Carbapenems,2022,ES,Spain,5.24511484
Klebsiella pneumoniae,Carbapenems,2022,FI,Finland,0.0
Klebsiella pneumoniae,Carbapenems,2022,FR,France,0.96676737
Klebsiella pneumoniae,Carbapenems,2022,HR,Croatia,23.97820163
Klebsiella pneumoniae,Carbapenems,2022,HU,Hungary,5.2742616
Klebsiella pneumoniae,Carbapenems,2022,IE,Ireland,0.64102564
Klebsiella pneumoniae,Carbapenems,2022,IS,Iceland,0.0
Klebsiella pneumoniae,Carbapenems,2022,IT,Italy,24.89755923
Klebsiella pneumoniae,Carbapenems,2022,LT,Lithuania,0.58027079
Klebsiella pneumoniae,Carbapenems,2022,LU,Luxembourg,1.7094017
Klebsiella pneumoniae,Carbapenems,2022,LV,Latvia,2.77777777
Klebsiella pneumoniae,Carbapenems,2022,MT,Malta,5.0
Klebsiella pneumoniae,Carbapenems,2022,NL,Netherlands,0.43352601
Klebsiella pneumoniae,Carbapenems,2022,NO,Norway,0.26007802
Klebsiella pneumoniae,Carbapenems,2022,PL,Poland,16.81681681
Klebsiella pneumoniae,Carbapenems,2022,PT,Portugal,10.28960817
Klebsiella pneumoniae,Carbapenems,2022,RO,Romania,47.84688995
Klebsiella pneumoniae,Carbapenems,2022,SE,Sweden,0.18501387
Klebsiella pneumoniae,Carbapenems,2022,SI,Slovenia,1.88172043
Klebsiella pneumoniae,Carbapenems,2022,SK,Slovakia,15.03957783
Klebsiella pneumoniae,Carbapenems,2023,AT,Austria,1.7977528
Klebsiella pneumoniae,Carbapenems,2023,BE,Belgium,2.34933605
Klebsiella pneumoniae,Carbapenems,2023,BG,Bulgaria,56.79012345
Klebsiella pneumoniae,Carbapenems,2023,CY,Cyprus,33.63636363
Klebsiella pneumoniae,Carbapenems,2023,CZ,Czechia,1.45772594
Klebsiella pneumoniae,Carbapenems,2023,DE,Germany,1.07063746
Klebsiella pneumoniae,Carbapenems,2023,DK,Denmark,0.3770739
Klebsiella pneumoniae,Carbapenems,2023,EE,Estonia,2.28136882
Klebsiella pneumoniae,Carbapenems,2023,EL,Greece,69.66498393
Klebsiella pneumoniae,Carbapenems,2023,ES,Spain,4.29570429
Klebsiella pneumoniae,Carbapenems,2023,FI,Finland,0.13755158
Klebsiella pneumoniae,Carbapenems,2023,HR,Croatia,27.68959435
Klebsiella pneumoniae,Carbapenems,2023,HU,Hungary,5.80985915
Klebsiella pneumoniae,Carbapenems,2023,IE,Ireland,0.35523978
Klebsiella pneumoniae,Carbapenems,2023,IS,Iceland,0.0
Klebsiella pneumoniae,Carbapenems,2023,IT,Italy,26.48308188
Klebsiella pneumoniae,Carbapenems,2023,LI,Liechtenstein,
Klebsiella pneumoniae,Carbapenems,2023,LT,Lithuania,3.88170055
Klebsiella pneumoniae,Carbapenems,2023,LU,Luxembourg,2.38095238
Klebsiella pneumoniae,Carbapenems,2023,LV,Latvia,6.32911392
Klebsiella pneumoniae,Carbapenems,2023,MT,Malta,3.40136054
Klebsiella pneumoniae,Carbapenems,2023,NL,Netherlands,0.4045853
Klebsiella pneumoniae,Carbapenems,2023,NO,Norway,0.50825921
Klebsiella pneumoniae,Carbapenems,2023,PL,Poland,18.12977099
Klebsiella pneumoniae,Carbapenems,2023,PT,Portugal,13.10975609
Klebsiella pneumoniae,Carbapenems,2023,RO,Romania,52.76595744
Klebsiella pneumoniae,Carbapenems,2023,SE,Sweden,0.50831792
Klebsiella pneumoniae,Carbapenems,2023,SI,Slovenia,3.83480825
Klebsiella pneumoniae,Carbapenems,2023,SK,Slovakia,12.58064516
Klebsiella pneumoniae,Carbapenems,2024,AT,Austria,1.47783251
Klebsiella pneumoniae,Carbapenems,2024,BE,Belgium,1.88172043
Klebsiella pneumoniae,Carbapenems,2024,BG,Bulgaria,67.59656652
Klebsiella pneumoniae,Carbapenems,2024,CY,Cyprus,48.45679012
Klebsiella pneumoniae,Carbapenems,2024,CZ,Czechia,2.15727209
Klebsiella pneumoniae,Carbapenems,2024,DE,Germany,1.24450951
Klebsiella pneumoniae,Carbapenems,2024,DK,Denmark,0.44085231
Klebsiella pneumoniae,Carbapenems,2024,EE,Estonia,1.70212765
Klebsiella pneumoniae,Carbapenems,2024,EL,Greece,60.24027459
Klebsiella pneumoniae,Carbapenems,2024,ES,Spain,5.34302877
Klebsiella pneumoniae,Carbapenems,2024,FI,Finland,0.23041474
Klebsiella pneumoniae,Carbapenems,2024,FR,France,1.20641216
Klebsiella pneumoniae,Carbapenems,2024,HR,Croatia,31.3253012
Klebsiella pneumoniae,Carbapenems,2024,HU,Hungary,6.7253803
Klebsiella pneumoniae,Carbapenems,2024,IE,Ireland,0.20283975
Klebsiella pneumoniae,Carbapenems,2024,IS,Iceland,0.0
Klebsiella pneumoniae,Carbapenems,2024,IT,Italy,23.95901318
Klebsiella pneumoniae,Carbapenems,2024,LI,Liechtenstein,
Klebsiella pneumoniae,Carbapenems,2024,LT,Lithuania,9.51724137
Klebsiella pneumoniae,Carbapenems,2024,LU,Luxembourg,0.73529411
Klebsiella pneumoniae,Carbapenems,2024,LV,Latvia,9.94318181
Klebsiella pneumoniae,Carbapenems,2024,MT,Malta,2.84090909
Klebsiella pneumoniae,Carbapenems,2024,NL,Netherlands,0.77151335
Klebsiella pneumoniae,Carbapenems,2024,NO,Norway,0.77605321
Klebsiella pneumoniae,Carbapenems,2024,PL,Poland,18.85
Klebsiella pneumoniae,Carbapenems,2024,PT,Portugal,12.52490748
Klebsiella pneumoniae,Carbapenems,2024,RO,Romania,50.25951557
Klebsiella pneumoniae,Carbapenems,2024,SE,Sweden,0.5235602
Klebsiella pneumoniae,Carbapenems,2024,SI,Slovenia,3.69318181
Klebsiella pneumoniae,Carbapenems,2024,SK,Slovakia,13.12335958
Klebsiella pneumoniae,Third-generation cephalosporins,2005,AT,Austria,5.68181818
Klebsiella pneumoniae,Third-generation cephalosporins,2005,BG,Bulgaria,50.0
Klebsiella pneumoniae,Third-generation cephalosporins,2005,CY,Cyprus,
Klebsiella pneumoniae,Third-generation cephalosporins,2005,CZ,Czechia,32.42677824
Klebsiella pneumoniae,Third-generation cephalosporins,2005,DE,Germany,6.73076923
Klebsiella pneumoniae,Third-generation cephalosporins,2005,EE,Estonia,8.1081081
Klebsiella pneumoniae,Third-generation cephalosporins,2005,EL,Greece,60.59431524
Klebsiella pneumoniae,Third-generation cephalosporins,2005,ES,Spain,7.14285714
Klebsiella pneumoniae,Third-generation cephalosporins,2005,FI,Finland,2.28571428
Klebsiella pneumoniae,Third-generation cephalosporins,2005,FR,France,4.12621359
Klebsiella pneumoniae,Third-generation cephalosporins,2005,HR,Croatia,45.53571428
Klebsiella pneumoniae,Third-generation cephalosporins,2005,HU,Hungary,27.65273311
Klebsiella pneumoniae,Third-generation cephalosporins,2005,IE,Ireland,7.14285714
Klebsiella pneumoniae,Third-generation cephalosporins,2005,IS,Iceland,0.0
Klebsiella pneumoniae,Third-generation cephalosporins,2005,IT,Italy,19.53352769
Klebsiella pneumoniae,Third-generation cephalosporins,2005,MT,Malta,
Klebsiella pneumoniae,Third-generation cephalosporins,2005,NL,Netherlands,3.90625
Klebsiella pneumoniae,Third-generation cephalosporins,2005,NO,Norway,2.07253886
Klebsiella pneumoniae,Third-generation cephalosporins,2005,PL,Poland,66.03773584
Klebsiella pneumoniae,Third-generation cephalosporins,2005,RO,Romania,
Klebsiella pneumoniae,Third-generation cephalosporins,2005,SE,Sweden,1.41843971
Klebsiella pneumoniae,Third-generation cephalosporins,2005,SI,Slovenia,19.23076923
Klebsiella pneumoniae,Third-generation cephalosporins,2005,UK,United Kingdom,12.33333333
Klebsiella pneumoniae,Third-generation cephalosporins,2006,AT,Austria,6.03248259
Klebsiella pneumoniae,Third-generation cephalosporins,2006,BG,Bulgaria,60.0
Klebsiella pneumoniae,Third-generation cephalosporins,2006,CY,Cyprus,26.92307692
Klebsiella pneumoniae,Third-generation cephalosporins,2006,CZ,Czechia,34.77876106
Klebsiella pneumoniae,Third-generation cephalosporins,2006,DE,Germany,13.60544217
Klebsiella pneumoniae,Third-generation cephalosporins,2006,DK,Denmark,3.72093023
Klebsiella pneumoniae,Third-generation cephalosporins,2006,EE,Estonia,8.51063829
Klebsiella pneumoniae,Third-generation cephalosporins,2006,EL,Greece,57.90725326
Klebsiella pneumoniae,Third-generation cephalosporins,2006,ES,Spain,9.43060498
Klebsiella pneumoniae,Third-generation cephalosporins,2006,FI,Finland,0.87719298
Klebsiella pneumoniae,Third-generation cephalosporins,2006,FR,France,6.12668743
Klebsiella pneumoniae,Third-generation cephalosporins,2006,HR,Croatia,34.14634146
Klebsiella pneumoniae,Third-generation cephalosporins,2006,HU,Hungary,20.26578073
Klebsiella pneumoniae,Third-generation cephalosporins,2006,IE,Ireland,8.54271356
Klebsiella pneumoniae,Third-generation cephalosporins,2006,IS,Iceland,
Klebsiella pneumoniae,Third-generation cephalosporins,2006,IT,Italy,32.8125
Klebsiella pneumoniae,Third-generation cephalosporins,2006,LT,Lithuania,22.85714285
Klebsiella pneumoniae,Third-generation cephalosporins,2006,LU,Luxembourg,9.52380952
Klebsiella pneumoniae,Third-generation cephalosporins,2006,LV,Latvia,35.71428571
Klebsiella pneumoniae,Third-generation cephalosporins,2006,MT,Malta,6.25
Klebsiella pneumoniae,Third-generation cephalosporins,2006,NL,Netherlands,3.52644836
Klebsiella pneumoniae,Third-generation cephalosporins,2006,NO,Norway,1.52091254
Klebsiella pneumoniae,Third-generation cephalosporins,2006,PL,Poland,38.09523809
Klebsiella pneumoniae,Third-generation cephalosporins,2006,PT,Portugal,20.7920792
Klebsiella pneumoniae,Third-generation cephalosporins,2006,RO,Romania,93.75
Klebsiella pneumoniae,Third-generation cephalosporins,2006,SE,Sweden,1.44927536
Klebsiella pneumoniae,Third-generation cephalosporins,2006,SI,Slovenia,24.13793103
Klebsiella pneumoniae,Third-generation cephalosporins,2006,UK,United Kingdom,11.14864864
Klebsiella pneumoniae,Third-generation cephalosporins,2007,AT,Austria,8.18181818
Klebsiella pneumoniae,Third-generation cephalosporins,2007,BG,Bulgaria,55.17241379
Klebsiella pneumoniae,Third-generation cephalosporins,2007,CY,Cyprus,30.76923076
Klebsiella pneumoniae,Third-generation cephalosporins,2007,CZ,Czechia,45.69105691
Klebsiella pneumoniae,Third-generation cephalosporins,2007,DE,Germany,6.3583815
Klebsiella pneumoniae,Third-generation cephalosporins,2007,DK,Denmark,10.36585365
Klebsiella pneumoniae,Third-generation cephalosporins,2007,EE,Estonia,3.17460317
Klebsiella pneumoniae,Third-generation cephalosporins,2007,EL,Greece,61.83127572
Klebsiella pneumoniae,Third-generation cephalosporins,2007,ES,Spain,9.62479608
Klebsiella pneumoniae,Third-generation cephalosporins,2007,FI,Finland,1.47058823
Klebsiella pneumoniae,Third-generation cephalosporins,2007,FR,France,10.07751937
Klebsiella pneumoniae,Third-generation cephalosporins,2007,HR,Croatia,40.35714285
Klebsiella pneumoniae,Third-generation cephalosporins,2007,HU,Hungary,25.23659305
Klebsiella pneumoniae,Third-generation cephalosporins,2007,IE,Ireland,7.62711864
Klebsiella pneumoniae,Third-generation cephalosporins,2007,IS,Iceland,0.0
Klebsiella pneumoniae,Third-generation cephalosporins,2007,IT,Italy,34.87738419
Klebsiella pneumoniae,Third-generation cephalosporins,2007,LT,Lithuania,26.82926829
Klebsiella pneumoniae,Third-generation cephalosporins,2007,LU,Luxembourg,1.96078431
Klebsiella pneumoniae,Third-generation cephalosporins,2007,LV,Latvia,44.44444444
Klebsiella pneumoniae,Third-generation cephalosporins,2007,MT,Malta,7.14285714
Klebsiella pneumoniae,Third-generation cephalosporins,2007,NL,Netherlands,6.87203791
Klebsiella pneumoniae,Third-generation cephalosporins,2007,NO,Norway,1.5625
Klebsiella pneumoniae,Third-generation cephalosporins,2007,PL,Poland,34.375
Klebsiella pneumoniae,Third-generation cephalosporins,2007,PT,Portugal,16.52173913
Klebsiella pneumoniae,Third-generation cephalosporins,2007,RO,Romania,80.0
Klebsiella pneumoniae,Third-generation cephalosporins,2007,SE,Sweden,1.38674884
Klebsiella pneumoniae,Third-generation cephalosporins,2007,SI,Slovenia,27.64705882
Klebsiella pneumoniae,Third-generation cephalosporins,2007,UK,United Kingdom,12.53822629
Klebsiella pneumoniae,Third-generation cephalosporins,2008,AT,Austria,7.94473229
Klebsiella pneumoniae,Third-generation cephalosporins,2008,BG,Bulgaria,73.46938775
Klebsiella pneumoniae,Third-generation cephalosporins,2008,CY,Cyprus,35.48387096
Klebsiella pneumoniae,Third-generation cephalosporins,2008,CZ,Czechia,47.68921634
Klebsiella pneumoniae,Third-generation cephalosporins,2008,DE,Germany,11.4893617
Klebsiella pneumoniae,Third-generation cephalosporins,2008,DK,Denmark,9.19354838
Klebsiella pneumoniae,Third-generation cephalosporins,2008,EE,Estonia,11.59420289
Klebsiella pneumoniae,Third-generation cephalosporins,2008,EL,Greece,65.74074074
Klebsiella pneumoniae,Third-generation cephalosporins,2008,ES,Spain,11.89358372
Klebsiella pneumoniae,Third-generation cephalosporins,2008,FI,Finland,1.73611111
Klebsiella pneumoniae,Third-generation cephalosporins,2008,FR,France,15.20210896
Klebsiella pneumoniae,Third-generation cephalosporins,2008,HR,Croatia,54.38066465
Klebsiella pneumoniae,Third-generation cephalosporins,2008,HU,Hungary,34.95934959
Klebsiella pneumoniae,Third-generation cephalosporins,2008,IE,Ireland,10.81967213
Klebsiella pneumoniae,Third-generation cephalosporins,2008,IS,Iceland,4.16666666
Klebsiella pneumoniae,Third-generation cephalosporins,2008,IT,Italy,38.92857142
Klebsiella pneumoniae,Third-generation cephalosporins,2008,LT,Lithuania,35.8490566
Klebsiella pneumoniae,Third-generation cephalosporins,2008,LU,Luxembourg,19.23076923
Klebsiella pneumoniae,Third-generation cephalosporins,2008,LV,Latvia,57.5
Klebsiella pneumoniae,Third-generation cephalosporins,2008,MT,Malta,0.0
Klebsiella pneumoniae,Third-generation cephalosporins,2008,NL,Netherlands,7.57575757
Klebsiella pneumoniae,Third-generation cephalosporins,2008,NO,Norway,1.7191977
Klebsiella pneumoniae,Third-generation cephalosporins,2008,PL,Poland,
Klebsiella pneumoniae,Third-generation cephalosporins,2008,PT,Portugal,25.70356472
Klebsiella pneumoniae,Third-generation cephalosporins,2008,RO,Romania,
Klebsiella pneumoniae,Third-generation cephalosporins,2008,SE,Sweden,2.3030303
Klebsiella pneumoniae,Third-generation cephalosporins,2008,SI,Slovenia,26.11464968
Klebsiella pneumoniae,Third-generation cephalosporins,2008,UK,United Kingdom,6.71140939
Klebsiella pneumoniae,Third-generation cephalosporins,2009,AT,Austria,7.64227642
Klebsiella pneumoniae,Third-generation cephalosporins,2009,BE,Belgium,14.78873239
Klebsiella pneumoniae,Third-generation cephalosporins,2009,BG,Bulgaria,69.47368421
Klebsiella pneumoniae,Third-generation cephalosporins,2009,CY,Cyprus,41.50943396
Klebsiella pneumoniae,Third-generation cephalosporins,2009,CZ,Czechia,52.08480565
Klebsiella pneumoniae,Third-generation cephalosporins,2009,DE,Germany,13.16348195
Klebsiella pneumoniae,Third-generation cephalosporins,2009,DK,Denmark,11.23595505
Klebsiella pneumoniae,Third-generation cephalosporins,2009,EE,Estonia,17.24137931
Klebsiella pneumoniae,Third-generation cephalosporins,2009,EL,Greece,68.66585067
Klebsiella pneumoniae,Third-generation cephalosporins,2009,ES,Spain,11.14649681
Klebsiella pneumoniae,Third-generation cephalosporins,2009,FI,Finland,1.36239782
Klebsiella pneumoniae,Third-generation cephalosporins,2009,FR,France,18.6502177
Klebsiella pneumoniae,Third-generation cephalosporins,2009,HU,Hungary,38.44011142
Klebsiella pneumoniae,Third-generation cephalosporins,2009,IE,Ireland,11.14649681
Klebsiella pneumoniae,Third-generation cephalosporins,2009,IS,Iceland,0.0
Klebsiella pneumoniae,Third-generation cephalosporins,2009,IT,Italy,37.13235294
Klebsiella pneumoniae,Third-generation cephalosporins,2009,LT,Lithuania,56.71641791
Klebsiella pneumoniae,Third-generation cephalosporins,2009,LU,Luxembourg,25.0
Klebsiella pneumoniae,Third-generation cephalosporins,2009,LV,Latvia,54.54545454
Klebsiella pneumoniae,Third-generation cephalosporins,2009,MT,Malta,0.0
Klebsiella pneumoniae,Third-generation cephalosporins,2009,NL,Netherlands,5.5
Klebsiella pneumoniae,Third-generation cephalosporins,2009,NO,Norway,2.77777777
Klebsiella pneumoniae,Third-generation cephalosporins,2009,PL,Poland,48.95104895
Klebsiella pneumoniae,Third-generation cephalosporins,2009,PT,Portugal,27.51798561
Klebsiella pneumoniae,Third-generation cephalosporins,2009,RO,Romania,
Klebsiella pneumoniae,Third-generation cephalosporins,2009,SE,Sweden,
Klebsiella pneumoniae,Third-generation cephalosporins,2009,SI,Slovenia,31.21693121
Klebsiella pneumoniae,Third-generation cephalosporins,2009,UK,United Kingdom,7.17557251
Klebsiella pneumoniae,Third-generation cephalosporins,2010,AT,Austria,12.63888888
Klebsiella pneumoniae,Third-generation cephalosporins,2010,BE,Belgium,12.58741258
Klebsiella pneumoniae,Third-generation cephalosporins,2010,BG,Bulgaria,75.59055118
Klebsiella pneumoniae,Third-generation cephalosporins,2010,CY,Cyprus,34.3283582
Klebsiella pneumoniae,Third-generation cephalosporins,2010,CZ,Czechia,48.21852731
Klebsiella pneumoniae,Third-generation cephalosporins,2010,DE,Germany,12.76150627
Klebsiella pneumoniae,Third-generation cephalosporins,2010,DK,Denmark,10.55456171
Klebsiella pneumoniae,Third-generation cephalosporins,2010,EE,Estonia,17.28395061
Klebsiella pneumoniae,Third-generation cephalosporins,2010,EL,Greece,74.61447212
Klebsiella pneumoniae,Third-generation cephalosporins,2010,ES,Spain,10.24978466
Klebsiella pneumoniae,Third-generation cephalosporins,2010,FI,Finland,4.0302267
Klebsiella pneumoniae,Third-generation cephalosporins,2010,FR,France,17.83398184
Klebsiella pneumoniae,Third-generation cephalosporins,2010,HR,Croatia,55.51601423
Klebsiella pneumoniae,Third-generation cephalosporins,2010,HU,Hungary,45.8984375
Klebsiella pneumoniae,Third-generation cephalosporins,2010,IE,Ireland,8.49056603
Klebsiella pneumoniae,Third-generation cephalosporins,2010,IS,Iceland,3.7037037
Klebsiella pneumoniae,Third-generation cephalosporins,2010,IT,Italy,46.50499286
Klebsiella pneumoniae,Third-generation cephalosporins,2010,LT,Lithuania,50.61728395
Klebsiella pneumoniae,Third-generation cephalosporins,2010,LU,Luxembourg,5.08474576
Klebsiella pneumoniae,Third-generation cephalosporins,2010,LV,Latvia,54.6875
Klebsiella pneumoniae,Third-generation cephalosporins,2010,MT,Malta,12.28070175
Klebsiella pneumoniae,Third-generation cephalosporins,2010,NL,Netherlands,7.17488789
Klebsiella pneumoniae,Third-generation cephalosporins,2010,NO,Norway,2.08768267
Klebsiella pneumoniae,Third-generation cephalosporins,2010,PL,Poland,39.65517241
Klebsiella pneumoniae,Third-generation cephalosporins,2010,PT,Portugal,28.27586206
Klebsiella pneumoniae,Third-generation cephalosporins,2010,RO,Romania,
Klebsiella pneumoniae,Third-generation cephalosporins,2010,SE,Sweden,2.37529691
Klebsiella pneumoniae,Third-generation cephalosporins,2010,SI,Slovenia,22.44897959
Klebsiella pneumoniae,Third-generation cephalosporins,2010,UK,United Kingdom,9.69044414
Klebsiella pneumoniae,Third-generation cephalosporins,2011,AT,Austria,13.33333333
Klebsiella pneumoniae,Third-generation cephalosporins,2011,BE,Belgium,13.62275449
Klebsiella pneumoniae,Third-generation cephalosporins,2011,BG,Bulgaria,80.99173553
Klebsiella pneumoniae,Third-generation cephalosporins,2011,CY,Cyprus,40.96385542
Klebsiella pneumoniae,Third-generation cephalosporins,2011,CZ,Czechia,48.25174825
Klebsiella pneumoniae,Third-generation cephalosporins,2011,DE,Germany,12.52408477
Klebsiella pneumoniae,Third-generation cephalosporins,2011,DK,Denmark,11.14599686
Klebsiella pneumoniae,Third-generation cephalosporins,2011,EE,Estonia,39.53488372
Klebsiella pneumoniae,Third-generation cephalosporins,2011,EL,Greece,75.79579579
Klebsiella pneumoniae,Third-generation cephalosporins,2011,ES,Spain,13.36244541
Klebsiella pneumoniae,Third-generation cephalosporins,2011,FI,Finland,2.47524752
Klebsiella pneumoniae,Third-generation cephalosporins,2011,FR,France,25.3325272
Klebsiella pneumoniae,Third-generation cephalosporins,2011,HR,Croatia,48.16053511
Klebsiella pneumoniae,Third-generation cephalosporins,2011,HU,Hungary,53.13225058
Klebsiella pneumoniae,Third-generation cephalosporins,2011,IE,Ireland,7.56578947
Klebsiella pneumoniae,Third-generation cephalosporins,2011,IS,Iceland,7.69230769
Klebsiella pneumoniae,Third-generation cephalosporins,2011,IT,Italy,45.93301435
Klebsiella pneumoniae,Third-generation cephalosporins,2011,LT,Lithuania,60.5839416
Klebsiella pneumoniae,Third-generation cephalosporins,2011,LU,Luxembourg,35.41666666
Klebsiella pneumoniae,Third-generation cephalosporins,2011,LV,Latvia,38.46153846
Klebsiella pneumoniae,Third-generation cephalosporins,2011,MT,Malta,13.46153846
Klebsiella pneumoniae,Third-generation cephalosporins,2011,NL,Netherlands,6.80507497
Klebsiella pneumoniae,Third-generation cephalosporins,2011,NO,Norway,2.85035629
Klebsiella pneumoniae,Third-generation cephalosporins,2011,PL,Poland,59.71223021
Klebsiella pneumoniae,Third-generation cephalosporins,2011,PT,Portugal,35.38961038
Klebsiella pneumoniae,Third-generation cephalosporins,2011,RO,Romania,44.0
Klebsiella pneumoniae,Third-generation cephalosporins,2011,SE,Sweden,2.33297985
Klebsiella pneumoniae,Third-generation cephalosporins,2011,SI,Slovenia,30.17241379
Klebsiella pneumoniae,Third-generation cephalosporins,2011,SK,Slovakia,68.24034334
Klebsiella pneumoniae,Third-generation cephalosporins,2011,UK,United Kingdom,5.34759358
Klebsiella pneumoniae,Third-generation cephalosporins,2012,AT,Austria,11.75785797
Klebsiella pneumoniae,Third-generation cephalosporins,2012,BE,Belgium,16.48148148
Klebsiella pneumoniae,Third-generation cephalosporins,2012,BG,Bulgaria,74.8031496
Klebsiella pneumoniae,Third-generation cephalosporins,2012,CY,Cyprus,23.07692307
Klebsiella pneumoniae,Third-generation cephalosporins,2012,CZ,Czechia,51.17941386
Klebsiella pneumoniae,Third-generation cephalosporins,2012,DE,Germany,12.95180722
Klebsiella pneumoniae,Third-generation cephalosporins,2012,DK,Denmark,10.46698872
Klebsiella pneumoniae,Third-generation cephalosporins,2012,EE,Estonia,17.77777777
Klebsiella pneumoniae,Third-generation cephalosporins,2012,EL,Greece,70.87045921
Klebsiella pneumoniae,Third-generation cephalosporins,2012,ES,Spain,16.73894189
Klebsiella pneumoniae,Third-generation cephalosporins,2012,FI,Finland,1.67910447
Klebsiella pneumoniae,Third-generation cephalosporins,2012,FR,France,22.61835184
Klebsiella pneumoniae,Third-generation cephalosporins,2012,HR,Croatia,52.10843373
Klebsiella pneumoniae,Third-generation cephalosporins,2012,HU,Hungary,43.0
Klebsiella pneumoniae,Third-generation cephalosporins,2012,IE,Ireland,9.50920245
Klebsiella pneumoniae,Third-generation cephalosporins,2012,IS,Iceland,
Klebsiella pneumoniae,Third-generation cephalosporins,2012,IT,Italy,47.88732394
Klebsiella pneumoniae,Third-generation cephalosporins,2012,LT,Lithuania,63.97849462
Klebsiella pneumoniae,Third-generation cephalosporins,2012,LU,Luxembourg,34.0
Klebsiella pneumoniae,Third-generation cephalosporins,2012,LV,Latvia,62.82051282
Klebsiella pneumoniae,Third-generation cephalosporins,2012,MT,Malta,26.78571428
Klebsiella pneumoniae,Third-generation cephalosporins,2012,NL,Netherlands,7.50528541
Klebsiella pneumoniae,Third-generation cephalosporins,2012,NO,Norway,3.22061191
Klebsiella pneumoniae,Third-generation cephalosporins,2012,PL,Poland,60.49723756
Klebsiella pneumoniae,Third-generation cephalosporins,2012,PT,Portugal,38.66837387
Klebsiella pneumoniae,Third-generation cephalosporins,2012,RO,Romania,60.78431372
Klebsiella pneumoniae,Third-generation cephalosporins,2012,SE,Sweden,2.86591606
Klebsiella pneumoniae,Third-generation cephalosporins,2012,SI,Slovenia,28.34645669
Klebsiella pneumoniae,Third-generation cephalosporins,2012,SK,Slovakia,62.69841269
Klebsiella pneumoniae,Third-generation cephalosporins,2012,UK,United Kingdom,11.81525241
Klebsiella pneumoniae,Third-generation cephalosporins,2013,AT,Austria,10.73326248
Klebsiella pneumoniae,Third-generation cephalosporins,2013,BE,Belgium,15.31986531
Klebsiella pneumoniae,Third-generation cephalosporins,2013,BG,Bulgaria,69.56521739
Klebsiella pneumoniae,Third-generation cephalosporins,2013,CY,Cyprus,30.88235294
Klebsiella pneumoniae,Third-generation cephalosporins,2013,CZ,Czechia,51.97521301
Klebsiella pneumoniae,Third-generation cephalosporins,2013,DE,Germany,16.05744125
Klebsiella pneumoniae,Third-generation cephalosporins,2013,DK,Denmark,11.53119092
Klebsiella pneumoniae,Third-generation cephalosporins,2013,EE,Estonia,23.33333333
Klebsiella pneumoniae,Third-generation cephalosporins,2013,EL,Greece,70.11589403
Klebsiella pneumoniae,Third-generation cephalosporins,2013,ES,Spain,19.8227236
Klebsiella pneumoniae,Third-generation cephalosporins,2013,FI,Finland,2.18181818
Klebsiella pneumoniae,Third-generation cephalosporins,2013,FR,France,28.01857585
Klebsiella pneumoniae,Third-generation cephalosporins,2013,HR,Croatia,50.0
Klebsiella pneumoniae,Third-generation cephalosporins,2013,HU,Hungary,37.34290843
Klebsiella pneumoniae,Third-generation cephalosporins,2013,IE,Ireland,19.30379746
Klebsiella pneumoniae,Third-generation cephalosporins,2013,IS,Iceland,0.0
Klebsiella pneumoniae,Third-generation cephalosporins,2013,IT,Italy,55.10062456
Klebsiella pneumoniae,Third-generation cephalosporins,2013,LT,Lithuania,44.13793103
Klebsiella pneumoniae,Third-generation cephalosporins,2013,LU,Luxembourg,33.96226415
Klebsiella pneumoniae,Third-generation cephalosporins,2013,LV,Latvia,66.30434782
Klebsiella pneumoniae,Third-generation cephalosporins,2013,MT,Malta,28.35820895
Klebsiella pneumoniae,Third-generation cephalosporins,2013,NL,Netherlands,7.56859035
Klebsiella pneumoniae,Third-generation cephalosporins,2013,NO,Norway,4.03100775
Klebsiella pneumoniae,Third-generation cephalosporins,2013,PL,Poland,65.15957446
Klebsiella pneumoniae,Third-generation cephalosporins,2013,PT,Portugal,36.99231613
Klebsiella pneumoniae,Third-generation cephalosporins,2013,RO,Romania,67.28971962
Klebsiella pneumoniae,Third-generation cephalosporins,2013,SE,Sweden,3.61538461
Klebsiella pneumoniae,Third-generation cephalosporins,2013,SI,Slovenia,28.97959183
Klebsiella pneumoniae,Third-generation cephalosporins,2013,SK,Slovakia,66.39344262
Klebsiella pneumoniae,Third-generation cephalosporins,2013,UK,United Kingdom,13.64902506
Klebsiella pneumoniae,Third-generation cephalosporins,2014,AT,Austria,8.23293172
Klebsiella pneumoniae,Third-generation cephalosporins,2014,BE,Belgium,16.28865979
Klebsiella pneumoniae,Third-generation cephalosporins,2014,BG,Bulgaria,74.83443708
Klebsiella pneumoniae,Third-generation cephalosporins,2014,CY,Cyprus,32.5
Klebsiella pneumoniae,Third-generation cephalosporins,2014,CZ,Czechia,52.92841648
Klebsiella pneumoniae,Third-generation cephalosporins,2014,DE,Germany,12.72365805
Klebsiella pneumoniae,Third-generation cephalosporins,2014,DK,Denmark,7.56756756
Klebsiella pneumoniae,Third-generation cephalosporins,2014,EE,Estonia,20.74074074
Klebsiella pneumoniae,Third-generation cephalosporins,2014,EL,Greece,72.52747252
Klebsiella pneumoniae,Third-generation cephalosporins,2014,ES,Spain,18.02371541
Klebsiella pneumoniae,Third-generation cephalosporins,2014,FI,Finland,2.40549828
Klebsiella pneumoniae,Third-generation cephalosporins,2014,FR,France,29.56204379
Klebsiella pneumoniae,Third-generation cephalosporins,2014,HR,Croatia,47.90419161
Klebsiella pneumoniae,Third-generation cephalosporins,2014,HU,Hungary,35.55900621
Klebsiella pneumoniae,Third-generation cephalosporins,2014,IE,Ireland,11.5819209
Klebsiella pneumoniae,Third-generation cephalosporins,2014,IS,Iceland,0.0
Klebsiella pneumoniae,Third-generation cephalosporins,2014,IT,Italy,56.48218347
Klebsiella pneumoniae,Third-generation cephalosporins,2014,LT,Lithuania,52.59740259
Klebsiella pneumoniae,Third-generation cephalosporins,2014,LU,Luxembourg,34.84848484
Klebsiella pneumoniae,Third-generation cephalosporins,2014,LV,Latvia,52.88461538
Klebsiella pneumoniae,Third-generation cephalosporins,2014,MT,Malta,28.28282828
Klebsiella pneumoniae,Third-generation cephalosporins,2014,NL,Netherlands,5.87711487
Klebsiella pneumoniae,Third-generation cephalosporins,2014,NO,Norway,5.89812332
Klebsiella pneumoniae,Third-generation cephalosporins,2014,PL,Poland,68.17204301
Klebsiella pneumoniae,Third-generation cephalosporins,2014,PT,Portugal,40.88785046
Klebsiella pneumoniae,Third-generation cephalosporins,2014,RO,Romania,73.828125
Klebsiella pneumoniae,Third-generation cephalosporins,2014,SE,Sweden,4.5
Klebsiella pneumoniae,Third-generation cephalosporins,2014,SI,Slovenia,26.60944206
Klebsiella pneumoniae,Third-generation cephalosporins,2014,SK,Slovakia,69.37119675
Klebsiella pneumoniae,Third-generation cephalosporins,2014,UK,United Kingdom,9.30470347
Klebsiella pneumoniae,Third-generation cephalosporins,2015,AT,Austria,8.38095238
Klebsiella pneumoniae,Third-generation cephalosporins,2015,BE,Belgium,19.70443349
Klebsiella pneumoniae,Third-generation cephalosporins,2015,BG,Bulgaria,75.0
Klebsiella pneumoniae,Third-generation cephalosporins,2015,CY,Cyprus,43.54838709
Klebsiella pneumoniae,Third-generation cephalosporins,2015,CZ,Czechia,54.12844036
Klebsiella pneumoniae,Third-generation cephalosporins,2015,DE,Germany,10.24667931
Klebsiella pneumoniae,Third-generation cephalosporins,2015,DK,Denmark,7.7502691
Klebsiella pneumoniae,Third-generation cephalosporins,2015,EE,Estonia,23.65591397
Klebsiella pneumoniae,Third-generation cephalosporins,2015,EL,Greece,69.53586497
Klebsiella pneumoniae,Third-generation cephalosporins,2015,ES,Spain,20.32193158
Klebsiella pneumoniae,Third-generation cephalosporins,2015,FI,Finland,2.95031055
Klebsiella pneumoniae,Third-generation cephalosporins,2015,FR,France,30.53892215
Klebsiella pneumoniae,Third-generation cephalosporins,2015,HR,Croatia,46.84210526
Klebsiella pneumoniae,Third-generation cephalosporins,2015,HU,Hungary,37.21590909
Klebsiella pneumoniae,Third-generation cephalosporins,2015,IE,Ireland,14.72868217
Klebsiella pneumoniae,Third-generation cephalosporins,2015,IS,Iceland,0.0
Klebsiella pneumoniae,Third-generation cephalosporins,2015,IT,Italy,55.87793896
Klebsiella pneumoniae,Third-generation cephalosporins,2015,LT,Lithuania,51.68539325
Klebsiella pneumoniae,Third-generation cephalosporins,2015,LU,Luxembourg,28.33333333
Klebsiella pneumoniae,Third-generation cephalosporins,2015,LV,Latvia,46.95652173
Klebsiella pneumoniae,Third-generation cephalosporins,2015,MT,Malta,15.9090909
Klebsiella pneumoniae,Third-generation cephalosporins,2015,NL,Netherlands,9.43238731
Klebsiella pneumoniae,Third-generation cephalosporins,2015,NO,Norway,4.99286733
Klebsiella pneumoniae,Third-generation cephalosporins,2015,PL,Poland,64.20118343
Klebsiella pneumoniae,Third-generation cephalosporins,2015,PT,Portugal,40.40114613
Klebsiella pneumoniae,Third-generation cephalosporins,2015,RO,Romania,70.74074074
Klebsiella pneumoniae,Third-generation cephalosporins,2015,SE,Sweden,3.29670329
Klebsiella pneumoniae,Third-generation cephalosporins,2015,SI,Slovenia,22.78481012
Klebsiella pneumoniae,Third-generation cephalosporins,2015,SK,Slovakia,67.1641791
Klebsiella pneumoniae,Third-generation cephalosporins,2015,UK,United Kingdom,10.48034934
Klebsiella pneumoniae,Third-generation cephalosporins,2016,AT,Austria,9.55823293
Klebsiella pneumoniae,Third-generation cephalosporins,2016,BE,Belgium,22.86995515
Klebsiella pneumoniae,Third-generation cephalosporins,2016,BG,Bulgaria,72.5
Klebsiella pneumoniae,Third-generation cephalosporins,2016,CY,Cyprus,30.66666666
Klebsiella pneumoniae,Third-generation cephalosporins,2016,CZ,Czechia,51.80635838
Klebsiella pneumoniae,Third-generation cephalosporins,2016,DE,Germany,13.62451108
Klebsiella pneumoniae,Third-generation cephalosporins,2016,DK,Denmark,7.51341681
Klebsiella pneumoniae,Third-generation cephalosporins,2016,EE,Estonia,32.78688524
Klebsiella pneumoniae,Third-generation cephalosporins,2016,EL,Greece,72.48094834
Klebsiella pneumoniae,Third-generation cephalosporins,2016,ES,Spain,22.36135957
Klebsiella pneumoniae,Third-generation cephalosporins,2016,FI,Finland,4.07894736
Klebsiella pneumoniae,Third-generation cephalosporins,2016,FR,France,28.87947631
Klebsiella pneumoniae,Third-generation cephalosporins,2016,HR,Croatia,48.59813084
Klebsiella pneumoniae,Third-generation cephalosporins,2016,HU,Hungary,37.53462603
Klebsiella pneumoniae,Third-generation cephalosporins,2016,IE,Ireland,13.49557522
Klebsiella pneumoniae,Third-generation cephalosporins,2016,IS,Iceland,0.0
Klebsiella pneumoniae,Third-generation cephalosporins,2016,IT,Italy,55.83259127
Klebsiella pneumoniae,Third-generation cephalosporins,2016,LT,Lithuania,56.74846625
Klebsiella pneumoniae,Third-generation cephalosporins,2016,LU,Luxembourg,35.89743589
Klebsiella pneumoniae,Third-generation cephalosporins,2016,LV,Latvia,47.36842105
Klebsiella pneumoniae,Third-generation cephalosporins,2016,MT,Malta,21.56862745
Klebsiella pneumoniae,Third-generation cephalosporins,2016,NL,Netherlands,10.53030303
Klebsiella pneumoniae,Third-generation cephalosporins,2016,NO,Norway,5.79531442
Klebsiella pneumoniae,Third-generation cephalosporins,2016,PL,Poland,64.44833625
Klebsiella pneumoniae,Third-generation cephalosporins,2016,PT,Portugal,46.70072371
Klebsiella pneumoniae,Third-generation cephalosporins,2016,RO,Romania,68.02325581
Klebsiella pneumoniae,Third-generation cephalosporins,2016,SE,Sweden,4.87963565
Klebsiella pneumoniae,Third-generation cephalosporins,2016,SI,Slovenia,22.84644194
Klebsiella pneumoniae,Third-generation cephalosporins,2016,SK,Slovakia,61.29032258
Klebsiella pneumoniae,Third-generation cephalosporins,2016,UK,United Kingdom,8.86561062
Klebsiella pneumoniae,Third-generation cephalosporins,2017,AT,Austria,8.58208955
Klebsiella pneumoniae,Third-generation cephalosporins,2017,BE,Belgium,19.30261519
Klebsiella pneumoniae,Third-generation cephalosporins,2017,BG,Bulgaria,76.33136094
Klebsiella pneumoniae,Third-generation cephalosporins,2017,CY,Cyprus,46.47887323
Klebsiella pneumoniae,Third-generation cephalosporins,2017,CZ,Czechia,53.19789315
Klebsiella pneumoniae,Third-generation cephalosporins,2017,DE,Germany,14.60819927
Klebsiella pneumoniae,Third-generation cephalosporins,2017,DK,Denmark,7.28888888
Klebsiella pneumoniae,Third-generation cephalosporins,2017,EE,Estonia,21.11801242
Klebsiella pneumoniae,Third-generation cephalosporins,2017,EL,Greece,69.16299559
Klebsiella pneumoniae,Third-generation cephalosporins,2017,ES,Spain,21.28222075
Klebsiella pneumoniae,Third-generation cephalosporins,2017,FI,Finland,4.56989247
Klebsiella pneumoniae,Third-generation cephalosporins,2017,FR,France,28.83817427
Klebsiella pneumoniae,Third-generation cephalosporins,2017,HR,Croatia,41.74757281
Klebsiella pneumoniae,Third-generation cephalosporins,2017,HU,Hungary,41.12554112
Klebsiella pneumoniae,Third-generation cephalosporins,2017,IE,Ireland,14.64435146
Klebsiella pneumoniae,Third-generation cephalosporins,2017,IS,Iceland,
Klebsiella pneumoniae,Third-generation cephalosporins,2017,IT,Italy,54.59544383
Klebsiella pneumoniae,Third-generation cephalosporins,2017,LT,Lithuania,63.19018404
Klebsiella pneumoniae,Third-generation cephalosporins,2017,LU,Luxembourg,27.27272727
Klebsiella pneumoniae,Third-generation cephalosporins,2017,LV,Latvia,33.62068965
Klebsiella pneumoniae,Third-generation cephalosporins,2017,MT,Malta,35.04273504
Klebsiella pneumoniae,Third-generation cephalosporins,2017,NL,Netherlands,10.91045899
Klebsiella pneumoniae,Third-generation cephalosporins,2017,NO,Norway,5.76184379
Klebsiella pneumoniae,Third-generation cephalosporins,2017,PL,Poland,63.0091438
Klebsiella pneumoniae,Third-generation cephalosporins,2017,PT,Portugal,44.91432737
Klebsiella pneumoniae,Third-generation cephalosporins,2017,RO,Romania,62.53687315
Klebsiella pneumoniae,Third-generation cephalosporins,2017,SE,Sweden,5.60928433
Klebsiella pneumoniae,Third-generation cephalosporins,2017,SI,Slovenia,23.71794871
Klebsiella pneumoniae,Third-generation cephalosporins,2017,SK,Slovakia,63.18082788
Klebsiella pneumoniae,Third-generation cephalosporins,2017,UK,United Kingdom,11.36135129
Klebsiella pneumoniae,Third-generation cephalosporins,2018,AT,Austria,8.35380835
Klebsiella pneumoniae,Third-generation cephalosporins,2018,BE,Belgium,21.39037433
Klebsiella pneumoniae,Third-generation cephalosporins,2018,BG,Bulgaria,77.72020725
Klebsiella pneumoniae,Third-generation cephalosporins,2018,CY,Cyprus,48.27586206
Klebsiella pneumoniae,Third-generation cephalosporins,2018,CZ,Czechia,50.06747638
Klebsiella pneumoniae,Third-generation cephalosporins,2018,DE,Germany,12.93732695
Klebsiella pneumoniae,Third-generation cephalosporins,2018,DK,Denmark,6.47109577
Klebsiella pneumoniae,Third-generation cephalosporins,2018,EE,Estonia,13.592233
Klebsiella pneumoniae,Third-generation cephalosporins,2018,EL,Greece,70.73333333
Klebsiella pneumoniae,Third-generation cephalosporins,2018,ES,Spain,25.47642928
Klebsiella pneumoniae,Third-generation cephalosporins,2018,FI,Finland,4.47204968
Klebsiella pneumoniae,Third-generation cephalosporins,2018,FR,France,30.76162215
Klebsiella pneumoniae,Third-generation cephalosporins,2018,HR,Croatia,44.33962264
Klebsiella pneumoniae,Third-generation cephalosporins,2018,HU,Hungary,40.21226415
Klebsiella pneumoniae,Third-generation cephalosporins,2018,IE,Ireland,14.49275362
Klebsiella pneumoniae,Third-generation cephalosporins,2018,IS,Iceland,
Klebsiella pneumoniae,Third-generation cephalosporins,2018,IT,Italy,53.58367626
Klebsiella pneumoniae,Third-generation cephalosporins,2018,LT,Lithuania,55.79514824
Klebsiella pneumoniae,Third-generation cephalosporins,2018,LU,Luxembourg,29.4117647
Klebsiella pneumoniae,Third-generation cephalosporins,2018,LV,Latvia,37.74509803
Klebsiella pneumoniae,Third-generation cephalosporins,2018,MT,Malta,53.28467153
Klebsiella pneumoniae,Third-generation cephalosporins,2018,NL,Netherlands,10.72368421
Klebsiella pneumoniae,Third-generation cephalosporins,2018,NO,Norway,7.46268656
Klebsiella pneumoniae,Third-generation cephalosporins,2018,PL,Poland,64.64315012
Klebsiella pneumoniae,Third-generation cephalosporins,2018,PT,Portugal,49.98061264
Klebsiella pneumoniae,Third-generation cephalosporins,2018,RO,Romania,61.39954853
Klebsiella pneumoniae,Third-generation cephalosporins,2018,SE,Sweden,5.50964187
Klebsiella pneumoniae,Third-generation cephalosporins,2018,SI,Slovenia,14.87889273
Klebsiella pneumoniae,Third-generation cephalosporins,2018,SK,Slovakia,55.93561368
Klebsiella pneumoniae,Third-generation cephalosporins,2018,UK,United Kingdom,12.98977031
Klebsiella pneumoniae,Third-generation cephalosporins,2019,AT,Austria,10.33182503
Klebsiella pneumoniae,Third-generation cephalosporins,2019,BE,Belgium,19.49934123
Klebsiella pneumoniae,Third-generation cephalosporins,2019,BG,Bulgaria,75.65543071
Klebsiella pneumoniae,Third-generation cephalosporins,2019,CY,Cyprus,48.33333333
Klebsiella pneumoniae,Third-generation cephalosporins,2019,CZ,Czechia,50.67178502
Klebsiella pneumoniae,Third-generation cephalosporins,2019,DE,Germany,12.22716677
Klebsiella pneumoniae,Third-generation cephalosporins,2019,DK,Denmark,6.65064102
Klebsiella pneumoniae,Third-generation cephalosporins,2019,EE,Estonia,10.61452513
Klebsiella pneumoniae,Third-generation cephalosporins,2019,EL,Greece,66.4516129
Klebsiella pneumoniae,Third-generation cephalosporins,2019,ES,Spain,25.25041736
Klebsiella pneumoniae,Third-generation cephalosporins,2019,FI,Finland,6.33640552
Klebsiella pneumoniae,Third-generation cephalosporins,2019,FR,France,30.17886178
Klebsiella pneumoniae,Third-generation cephalosporins,2019,HR,Croatia,52.99684542
Klebsiella pneumoniae,Third-generation cephalosporins,2019,HU,Hungary,36.66300768
Klebsiella pneumoniae,Third-generation cephalosporins,2019,IE,Ireland,17.64705882
Klebsiella pneumoniae,Third-generation cephalosporins,2019,IS,Iceland,4.34782608
Klebsiella pneumoniae,Third-generation cephalosporins,2019,IT,Italy,57.59189505
Klebsiella pneumoniae,Third-generation cephalosporins,2019,LT,Lithuania,55.0
Klebsiella pneumoniae,Third-generation cephalosporins,2019,LU,Luxembourg,25.24271844
Klebsiella pneumoniae,Third-generation cephalosporins,2019,LV,Latvia,36.86868686
Klebsiella pneumoniae,Third-generation cephalosporins,2019,MT,Malta,37.20930232
Klebsiella pneumoniae,Third-generation cephalosporins,2019,NL,Netherlands,9.62343096
Klebsiella pneumoniae,Third-generation cephalosporins,2019,NO,Norway,7.69230769
Klebsiella pneumoniae,Third-generation cephalosporins,2019,PL,Poland,58.31903945
Klebsiella pneumoniae,Third-generation cephalosporins,2019,PT,Portugal,47.64553207
Klebsiella pneumoniae,Third-generation cephalosporins,2019,RO,Romania,64.09185803
Klebsiella pneumoniae,Third-generation cephalosporins,2019,SE,Sweden,8.30083565
Klebsiella pneumoniae,Third-generation cephalosporins,2019,SI,Slovenia,16.50165016
Klebsiella pneumoniae,Third-generation cephalosporins,2019,SK,Slovakia,57.49318801
Klebsiella pneumoniae,Third-generation cephalosporins,2019,UK,United Kingdom,13.21142387
Klebsiella pneumoniae,Third-generation cephalosporins,2020,AT,Austria,7.82918149
Klebsiella pneumoniae,Third-generation cephalosporins,2020,BE,Belgium,19.7368421
Klebsiella pneumoniae,Third-generation cephalosporins,2020,BG,Bulgaria,79.11646586
Klebsiella pneumoniae,Third-generation cephalosporins,2020,CY,Cyprus,54.65116279
Klebsiella pneumoniae,Third-generation cephalosporins,2020,CZ,Czechia,45.86160108
Klebsiella pneumoniae,Third-generation cephalosporins,2020,DE,Germany,10.92184368
Klebsiella pneumoniae,Third-generation cephalosporins,2020,DK,Denmark,6.01265822
Klebsiella pneumoniae,Third-generation cephalosporins,2020,EE,Estonia,11.55778894
Klebsiella pneumoniae,Third-generation cephalosporins,2020,EL,Greece,74.51790633
Klebsiella pneumoniae,Third-generation cephalosporins,2020,ES,Spain,26.6361556
Klebsiella pneumoniae,Third-generation cephalosporins,2020,FI,Finland,7.21420643
Klebsiella pneumoniae,Third-generation cephalosporins,2020,FR,France,27.84935579
Klebsiella pneumoniae,Third-generation cephalosporins,2020,HR,Croatia,52.22222222
Klebsiella pneumoniae,Third-generation cephalosporins,2020,HU,Hungary,40.38461538
Klebsiella pneumoniae,Third-generation cephalosporins,2020,IE,Ireland,18.68583162
Klebsiella pneumoniae,Third-generation cephalosporins,2020,IS,Iceland,0.0
Klebsiella pneumoniae,Third-generation cephalosporins,2020,IT,Italy,54.33333333
Klebsiella pneumoniae,Third-generation cephalosporins,2020,LT,Lithuania,42.6150121
Klebsiella pneumoniae,Third-generation cephalosporins,2020,LU,Luxembourg,26.4367816
Klebsiella pneumoniae,Third-generation cephalosporins,2020,LV,Latvia,48.40425531
Klebsiella pneumoniae,Third-generation cephalosporins,2020,MT,Malta,38.63636363
Klebsiella pneumoniae,Third-generation cephalosporins,2020,NL,Netherlands,11.16678596
Klebsiella pneumoniae,Third-generation cephalosporins,2020,NO,Norway,10.11396011
Klebsiella pneumoniae,Third-generation cephalosporins,2020,PL,Poland,62.95955882
Klebsiella pneumoniae,Third-generation cephalosporins,2020,PT,Portugal,47.57422157
Klebsiella pneumoniae,Third-generation cephalosporins,2020,RO,Romania,67.9245283
Klebsiella pneumoniae,Third-generation cephalosporins,2020,SE,Sweden,8.08903365
Klebsiella pneumoniae,Third-generation cephalosporins,2020,SI,Slovenia,15.80756013
Klebsiella pneumoniae,Third-generation cephalosporins,2020,SK,Slovakia,54.38596491
Klebsiella pneumoniae,Third-generation cephalosporins,2021,AT,Austria,9.80842911
Klebsiella pneumoniae,Third-generation cephalosporins,2021,BE,Belgium,18.89848812
Klebsiella pneumoniae,Third-generation cephalosporins,2021,BG,Bulgaria,81.40495867
Klebsiella pneumoniae,Third-generation cephalosporins,2021,CY,Cyprus,54.60992907
Klebsiella pneumoniae,Third-generation cephalosporins,2021,CZ,Czechia,49.69097651
Klebsiella pneumoniae,Third-generation cephalosporins,2021,DE,Germany,10.37014377
Klebsiella pneumoniae,Third-generation cephalosporins,2021,DK,Denmark,5.13029315
Klebsiella pneumoniae,Third-generation cephalosporins,2021,EE,Estonia,12.76595744
Klebsiella pneumoniae,Third-generation cephalosporins,2021,EL,Greece,80.36723163
Klebsiella pneumoniae,Third-generation cephalosporins,2021,ES,Spain,27.55054066
Klebsiella pneumoniae,Third-generation cephalosporins,2021,FI,Finland,5.56127703
Klebsiella pneumoniae,Third-generation cephalosporins,2021,FR,France,25.41725316
Klebsiella pneumoniae,Third-generation cephalosporins,2021,HR,Croatia,62.04986149
Klebsiella pneumoniae,Third-generation cephalosporins,2021,HU,Hungary,38.64864864
Klebsiella pneumoniae,Third-generation cephalosporins,2021,IE,Ireland,15.5378486
Klebsiella pneumoniae,Third-generation cephalosporins,2021,IS,Iceland,3.44827586
Klebsiella pneumoniae,Third-generation cephalosporins,2021,IT,Italy,53.62936772
Klebsiella pneumoniae,Third-generation cephalosporins,2021,LT,Lithuania,42.96875
Klebsiella pneumoniae,Third-generation cephalosporins,2021,LU,Luxembourg,25.74257425
Klebsiella pneumoniae,Third-generation cephalosporins,2021,LV,Latvia,35.96837944
Klebsiella pneumoniae,Third-generation cephalosporins,2021,MT,Malta,28.88888888
Klebsiella pneumoniae,Third-generation cephalosporins,2021,NL,Netherlands,10.07874015
Klebsiella pneumoniae,Third-generation cephalosporins,2021,NO,Norway,7.36975857
Klebsiella pneumoniae,Third-generation cephalosporins,2021,PL,Poland,69.97206703
Klebsiella pneumoniae,Third-generation cephalosporins,2021,PT,Portugal,45.02130956
Klebsiella pneumoniae,Third-generation cephalosporins,2021,RO,Romania,70.78651685
Klebsiella pneumoniae,Third-generation cephalosporins,2021,SE,Sweden,6.95
Klebsiella pneumoniae,Third-generation cephalosporins,2021,SI,Slovenia,21.65242165
Klebsiella pneumoniae,Third-generation cephalosporins,2021,SK,Slovakia,68.44036697
Klebsiella pneumoniae,Third-generation cephalosporins,2022,AT,Austria,9.57015409
Klebsiella pneumoniae,Third-generation cephalosporins,2022,BE,Belgium,18.31626848
Klebsiella pneumoniae,Third-generation cephalosporins,2022,BG,Bulgaria,78.46153846
Klebsiella pneumoniae,Third-generation cephalosporins,2022,CY,Cyprus,63.81909547
Klebsiella pneumoniae,Third-generation cephalosporins,2022,CZ,Czechia,49.57264957
Klebsiella pneumoniae,Third-generation cephalosporins,2022,DE,Germany,10.61114842
Klebsiella pneumoniae,Third-generation cephalosporins,2022,DK,Denmark,5.22508038
Klebsiella pneumoniae,Third-generation cephalosporins,2022,EE,Estonia,14.89361702
Klebsiella pneumoniae,Third-generation cephalosporins,2022,EL,Greece,78.24639289
Klebsiella pneumoniae,Third-generation cephalosporins,2022,ES,Spain,26.6848196
Klebsiella pneumoniae,Third-generation cephalosporins,2022,FI,Finland,4.7858942
Klebsiella pneumoniae,Third-generation cephalosporins,2022,FR,France,25.03433392
Klebsiella pneumoniae,Third-generation cephalosporins,2022,HR,Croatia,54.200542
Klebsiella pneumoniae,Third-generation cephalosporins,2022,HU,Hungary,40.74074074
Klebsiella pneumoniae,Third-generation cephalosporins,2022,IE,Ireland,12.57995735
Klebsiella pneumoniae,Third-generation cephalosporins,2022,IS,Iceland,3.125
Klebsiella pneumoniae,Third-generation cephalosporins,2022,IT,Italy,53.2955229
Klebsiella pneumoniae,Third-generation cephalosporins,2022,LT,Lithuania,39.84526112
Klebsiella pneumoniae,Third-generation cephalosporins,2022,LU,Luxembourg,18.8034188
Klebsiella pneumoniae,Third-generation cephalosporins,2022,LV,Latvia,38.67595818
Klebsiella pneumoniae,Third-generation cephalosporins,2022,MT,Malta,27.5
Klebsiella pneumoniae,Third-generation cephalosporins,2022,NL,Netherlands,9.81949458
Klebsiella pneumoniae,Third-generation cephalosporins,2022,NO,Norway,6.63198959
Klebsiella pneumoniae,Third-generation cephalosporins,2022,PL,Poland,61.9330855
Klebsiella pneumoniae,Third-generation cephalosporins,2022,PT,Portugal,45.20411549
Klebsiella pneumoniae,Third-generation cephalosporins,2022,RO,Romania,63.5179153
Klebsiella pneumoniae,Third-generation cephalosporins,2022,SE,Sweden,7.82045349
Klebsiella pneumoniae,Third-generation cephalosporins,2022,SI,Slovenia,20.69892473
Klebsiella pneumoniae,Third-generation cephalosporins,2022,SK,Slovakia,56.14035087
Klebsiella pneumoniae,Third-generation cephalosporins,2023,AT,Austria,14.01734104
Klebsiella pneumoniae,Third-generation cephalosporins,2023,BE,Belgium,19.91828396
Klebsiella pneumoniae,Third-generation cephalosporins,2023,BG,Bulgaria,81.48148148
Klebsiella pneumoniae,Third-generation cephalosporins,2023,CY,Cyprus,60.45454545
Klebsiella pneumoniae,Third-generation cephalosporins,2023,CZ,Czechia,46.25524266
Klebsiella pneumoniae,Third-generation cephalosporins,2023,DE,Germany,10.03076923
Klebsiella pneumoniae,Third-generation cephalosporins,2023,DK,Denmark,5.70975416
Klebsiella pneumoniae,Third-generation cephalosporins,2023,EE,Estonia,12.95681063
Klebsiella pneumoniae,Third-generation cephalosporins,2023,EL,Greece,75.60153994
Klebsiella pneumoniae,Third-generation cephalosporins,2023,ES,Spain,25.25552258
Klebsiella pneumoniae,Third-generation cephalosporins,2023,FI,Finland,8.66574965
Klebsiella pneumoniae,Third-generation cephalosporins,2023,HR,Croatia,55.39823008
Klebsiella pneumoniae,Third-generation cephalosporins,2023,HU,Hungary,42.03655352
Klebsiella pneumoniae,Third-generation cephalosporins,2023,IE,Ireland,15.96491228
Klebsiella pneumoniae,Third-generation cephalosporins,2023,IS,Iceland,6.81818181
Klebsiella pneumoniae,Third-generation cephalosporins,2023,IT,Italy,55.17441018
Klebsiella pneumoniae,Third-generation cephalosporins,2023,LI,Liechtenstein,
Klebsiella pneumoniae,Third-generation cephalosporins,2023,LT,Lithuania,43.43807763
Klebsiella pneumoniae,Third-generation cephalosporins,2023,LU,Luxembourg,21.17647058
Klebsiella pneumoniae,Third-generation cephalosporins,2023,LV,Latvia,41.59663865
Klebsiella pneumoniae,Third-generation cephalosporins,2023,MT,Malta,25.17006802
Klebsiella pneumoniae,Third-generation cephalosporins,2023,NL,Netherlands,10.17287234
Klebsiella pneumoniae,Third-generation cephalosporins,2023,NO,Norway,5.84498094
Klebsiella pneumoniae,Third-generation cephalosporins,2023,PL,Poland,64.33566433
Klebsiella pneumoniae,Third-generation cephalosporins,2023,PT,Portugal,50.69056714
Klebsiella pneumoniae,Third-generation cephalosporins,2023,RO,Romania,69.44444444
Klebsiella pneumoniae,Third-generation cephalosporins,2023,SE,Sweden,9.93071593
Klebsiella pneumoniae,Third-generation cephalosporins,2023,SI,Slovenia,23.00884955
Klebsiella pneumoniae,Third-generation cephalosporins,2023,SK,Slovakia,52.58064516
Klebsiella pneumoniae,Third-generation cephalosporins,2024,AT,Austria,14.55509723
Klebsiella pneumoniae,Third-generation cephalosporins,2024,BE,Belgium,20.99400171
Klebsiella pneumoniae,Third-generation cephalosporins,2024,BG,Bulgaria,84.33476394
Klebsiella pneumoniae,Third-generation cephalosporins,2024,CY,Cyprus,68.0981595
Klebsiella pneumoniae,Third-generation cephalosporins,2024,CZ,Czechia,44.1426146
Klebsiella pneumoniae,Third-generation cephalosporins,2024,DE,Germany,10.71918121
Klebsiella pneumoniae,Third-generation cephalosporins,2024,DK,Denmark,5.88690937
Klebsiella pneumoniae,Third-generation cephalosporins,2024,EE,Estonia,14.28571428
Klebsiella pneumoniae,Third-generation cephalosporins,2024,EL,Greece,70.08443908
Klebsiella pneumoniae,Third-generation cephalosporins,2024,ES,Spain,23.50272232
Klebsiella pneumoniae,Third-generation cephalosporins,2024,FI,Finland,10.82949308
Klebsiella pneumoniae,Third-generation cephalosporins,2024,FR,France,27.05733691
Klebsiella pneumoniae,Third-generation cephalosporins,2024,HR,Croatia,62.44979919
Klebsiella pneumoniae,Third-generation cephalosporins,2024,HU,Hungary,39.79430379
Klebsiella pneumoniae,Third-generation cephalosporins,2024,IE,Ireland,15.0406504
Klebsiella pneumoniae,Third-generation cephalosporins,2024,IS,Iceland,4.87804878
Klebsiella pneumoniae,Third-generation cephalosporins,2024,IT,Italy,52.9297002
Klebsiella pneumoniae,Third-generation cephalosporins,2024,LI,Liechtenstein,
Klebsiella pneumoniae,Third-generation cephalosporins,2024,LT,Lithuania,47.72413793
Klebsiella pneumoniae,Third-generation cephalosporins,2024,LU,Luxembourg,20.0
Klebsiella pneumoniae,Third-generation cephalosporins,2024,LV,Latvia,47.29344729
Klebsiella pneumoniae,Third-generation cephalosporins,2024,MT,Malta,27.84090909
Klebsiella pneumoniae,Third-generation cephalosporins,2024,NL,Netherlands,12.91946308
Klebsiella pneumoniae,Third-generation cephalosporins,2024,NO,Norway,6.96902654
Klebsiella pneumoniae,Third-generation cephalosporins,2024,PL,Poland,60.62683643
Klebsiella pneumoniae,Third-generation cephalosporins,2024,PT,Portugal,46.28387442
Klebsiella pneumoniae,Third-generation cephalosporins,2024,RO,Romania,67.00942587
Klebsiella pneumoniae,Third-generation cephalosporins,2024,SE,Sweden,9.62545308
Klebsiella pneumoniae,Third-generation cephalosporins,2024,SI,Slovenia,19.60227272
Klebsiella pneumoniae,Third-generation cephalosporins,2024,SK,Slovakia,55.90551181
Klebsiella pneumoniae,Fluoroquinolones,2005,AT,Austria,11.36363636
Klebsiella pneumoniae,Fluoroquinolones,2005,BG,Bulgaria,26.47058823
Klebsiella pneumoniae,Fluoroquinolones,2005,CY,Cyprus,
Klebsiella pneumoniae,Fluoroquinolones,2005,CZ,Czechia,38.0753138
Klebsiella pneumoniae,Fluoroquinolones,2005,DE,Germany,5.71428571
Klebsiella pneumoniae,Fluoroquinolones,2005,EE,Estonia,0.0
Klebsiella pneumoniae,Fluoroquinolones,2005,EL,Greece,54.40414507
Klebsiella pneumoniae,Fluoroquinolones,2005,ES,Spain,10.71428571
Klebsiella pneumoniae,Fluoroquinolones,2005,FI,Finland,3.22580645
Klebsiella pneumoniae,Fluoroquinolones,2005,FR,France,7.15990453
Klebsiella pneumoniae,Fluoroquinolones,2005,HR,Croatia,18.18181818
Klebsiella pneumoniae,Fluoroquinolones,2005,HU,Hungary,20.70175438
Klebsiella pneumoniae,Fluoroquinolones,2005,IE,Ireland,2.5
Klebsiella pneumoniae,Fluoroquinolones,2005,IS,Iceland,0.0
Klebsiella pneumoniae,Fluoroquinolones,2005,IT,Italy,11.32075471
Klebsiella pneumoniae,Fluoroquinolones,2005,MT,Malta,
Klebsiella pneumoniae,Fluoroquinolones,2005,NL,Netherlands,5.86206896
Klebsiella pneumoniae,Fluoroquinolones,2005,NO,Norway,1.16279069
Klebsiella pneumoniae,Fluoroquinolones,2005,PL,Poland,33.96226415
Klebsiella pneumoniae,Fluoroquinolones,2005,PT,Portugal,
Klebsiella pneumoniae,Fluoroquinolones,2005,RO,Romania,
Klebsiella pneumoniae,Fluoroquinolones,2005,SE,Sweden,4.90566037
Klebsiella pneumoniae,Fluoroquinolones,2005,SI,Slovenia,14.1025641
Klebsiella pneumoniae,Fluoroquinolones,2005,UK,United Kingdom,12.09677419
Klebsiella pneumoniae,Fluoroquinolones,2006,AT,Austria,8.10185185
Klebsiella pneumoniae,Fluoroquinolones,2006,BG,Bulgaria,23.63636363
Klebsiella pneumoniae,Fluoroquinolones,2006,CY,Cyprus,11.53846153
Klebsiella pneumoniae,Fluoroquinolones,2006,CZ,Czechia,47.3870682
Klebsiella pneumoniae,Fluoroquinolones,2006,DE,Germany,12.24489795
Klebsiella pneumoniae,Fluoroquinolones,2006,DK,Denmark,6.07210626
Klebsiella pneumoniae,Fluoroquinolones,2006,EE,Estonia,4.87804878
Klebsiella pneumoniae,Fluoroquinolones,2006,EL,Greece,49.64285714
Klebsiella pneumoniae,Fluoroquinolones,2006,ES,Spain,8.34813499
Klebsiella pneumoniae,Fluoroquinolones,2006,FI,Finland,3.94736842
Klebsiella pneumoniae,Fluoroquinolones,2006,FR,France,8.52878464
Klebsiella pneumoniae,Fluoroquinolones,2006,HR,Croatia,23.41463414
Klebsiella pneumoniae,Fluoroquinolones,2006,HU,Hungary,13.18681318
Klebsiella pneumoniae,Fluoroquinolones,2006,IE,Ireland,15.76354679
Klebsiella pneumoniae,Fluoroquinolones,2006,IS,Iceland,
Klebsiella pneumoniae,Fluoroquinolones,2006,IT,Italy,23.05194805
Klebsiella pneumoniae,Fluoroquinolones,2006,LT,Lithuania,2.85714285
Klebsiella pneumoniae,Fluoroquinolones,2006,LU,Luxembourg,
Klebsiella pneumoniae,Fluoroquinolones,2006,LV,Latvia,25.92592592
Klebsiella pneumoniae,Fluoroquinolones,2006,MT,Malta,6.25
Klebsiella pneumoniae,Fluoroquinolones,2006,NL,Netherlands,4.30839002
Klebsiella pneumoniae,Fluoroquinolones,2006,NO,Norway,6.8548387
Klebsiella pneumoniae,Fluoroquinolones,2006,PL,Poland,28.57142857
Klebsiella pneumoniae,Fluoroquinolones,2006,PT,Portugal,19.67741935
Klebsiella pneumoniae,Fluoroquinolones,2006,RO,Romania,34.48275862
Klebsiella pneumoniae,Fluoroquinolones,2006,SE,Sweden,5.19713261
Klebsiella pneumoniae,Fluoroquinolones,2006,SI,Slovenia,21.37931034
Klebsiella pneumoniae,Fluoroquinolones,2006,UK,United Kingdom,12.59842519
Klebsiella pneumoniae,Fluoroquinolones,2007,AT,Austria,12.58426966
Klebsiella pneumoniae,Fluoroquinolones,2007,BG,Bulgaria,41.37931034
Klebsiella pneumoniae,Fluoroquinolones,2007,CY,Cyprus,23.07692307
Klebsiella pneumoniae,Fluoroquinolones,2007,CZ,Czechia,48.45528455
Klebsiella pneumoniae,Fluoroquinolones,2007,DE,Germany,9.24855491
Klebsiella pneumoniae,Fluoroquinolones,2007,DK,Denmark,13.3697135
Klebsiella pneumoniae,Fluoroquinolones,2007,EE,Estonia,1.78571428
Klebsiella pneumoniae,Fluoroquinolones,2007,EL,Greece,55.06198347
Klebsiella pneumoniae,Fluoroquinolones,2007,ES,Spain,16.69367909
Klebsiella pneumoniae,Fluoroquinolones,2007,FI,Finland,0.73260073
Klebsiella pneumoniae,Fluoroquinolones,2007,FR,France,14.04255319
Klebsiella pneumoniae,Fluoroquinolones,2007,HR,Croatia,33.81818181
Klebsiella pneumoniae,Fluoroquinolones,2007,HU,Hungary,22.1875
Klebsiella pneumoniae,Fluoroquinolones,2007,IE,Ireland,16.52173913
Klebsiella pneumoniae,Fluoroquinolones,2007,IS,Iceland,0.0
Klebsiella pneumoniae,Fluoroquinolones,2007,IT,Italy,27.29729729
Klebsiella pneumoniae,Fluoroquinolones,2007,LT,Lithuania,7.69230769
Klebsiella pneumoniae,Fluoroquinolones,2007,LU,Luxembourg,11.53846153
Klebsiella pneumoniae,Fluoroquinolones,2007,LV,Latvia,26.92307692
Klebsiella pneumoniae,Fluoroquinolones,2007,MT,Malta,10.71428571
Klebsiella pneumoniae,Fluoroquinolones,2007,NL,Netherlands,4.39330543
Klebsiella pneumoniae,Fluoroquinolones,2007,NO,Norway,4.54545454
Klebsiella pneumoniae,Fluoroquinolones,2007,PL,Poland,3.125
Klebsiella pneumoniae,Fluoroquinolones,2007,PT,Portugal,18.30601092
Klebsiella pneumoniae,Fluoroquinolones,2007,RO,Romania,23.33333333
Klebsiella pneumoniae,Fluoroquinolones,2007,SE,Sweden,6.5116279
Klebsiella pneumoniae,Fluoroquinolones,2007,SI,Slovenia,26.47058823
Klebsiella pneumoniae,Fluoroquinolones,2007,UK,United Kingdom,11.84971098
Klebsiella pneumoniae,Fluoroquinolones,2008,AT,Austria,11.70395869
Klebsiella pneumoniae,Fluoroquinolones,2008,BG,Bulgaria,52.08333333
Klebsiella pneumoniae,Fluoroquinolones,2008,CY,Cyprus,22.58064516
Klebsiella pneumoniae,Fluoroquinolones,2008,CZ,Czechia,51.54155495
Klebsiella pneumoniae,Fluoroquinolones,2008,DE,Germany,15.31914893
Klebsiella pneumoniae,Fluoroquinolones,2008,DK,Denmark,15.96752368
Klebsiella pneumoniae,Fluoroquinolones,2008,EE,Estonia,6.55737704
Klebsiella pneumoniae,Fluoroquinolones,2008,EL,Greece,64.29240862
Klebsiella pneumoniae,Fluoroquinolones,2008,ES,Spain,14.86697965
Klebsiella pneumoniae,Fluoroquinolones,2008,FI,Finland,2.09059233
Klebsiella pneumoniae,Fluoroquinolones,2008,FR,France,20.57416267
Klebsiella pneumoniae,Fluoroquinolones,2008,HR,Croatia,43.51851851
Klebsiella pneumoniae,Fluoroquinolones,2008,HU,Hungary,32.87671232
Klebsiella pneumoniae,Fluoroquinolones,2008,IE,Ireland,10.59602649
Klebsiella pneumoniae,Fluoroquinolones,2008,IS,Iceland,8.33333333
Klebsiella pneumoniae,Fluoroquinolones,2008,IT,Italy,27.50809061
Klebsiella pneumoniae,Fluoroquinolones,2008,LT,Lithuania,23.07692307
Klebsiella pneumoniae,Fluoroquinolones,2008,LU,Luxembourg,11.76470588
Klebsiella pneumoniae,Fluoroquinolones,2008,LV,Latvia,45.0
Klebsiella pneumoniae,Fluoroquinolones,2008,MT,Malta,8.33333333
Klebsiella pneumoniae,Fluoroquinolones,2008,NL,Netherlands,6.53594771
Klebsiella pneumoniae,Fluoroquinolones,2008,NO,Norway,3.74639769
Klebsiella pneumoniae,Fluoroquinolones,2008,PL,Poland,
Klebsiella pneumoniae,Fluoroquinolones,2008,PT,Portugal,21.78030303
Klebsiella pneumoniae,Fluoroquinolones,2008,RO,Romania,
Klebsiella pneumoniae,Fluoroquinolones,2008,SE,Sweden,7.02479338
Klebsiella pneumoniae,Fluoroquinolones,2008,SI,Slovenia,25.477707
Klebsiella pneumoniae,Fluoroquinolones,2008,UK,United Kingdom,7.01219512
Klebsiella pneumoniae,Fluoroquinolones,2009,AT,Austria,8.4437086
Klebsiella pneumoniae,Fluoroquinolones,2009,BE,Belgium,13.38028169
Klebsiella pneumoniae,Fluoroquinolones,2009,BG,Bulgaria,48.42105263
Klebsiella pneumoniae,Fluoroquinolones,2009,CY,Cyprus,43.39622641
Klebsiella pneumoniae,Fluoroquinolones,2009,CZ,Czechia,54.27561837
Klebsiella pneumoniae,Fluoroquinolones,2009,DE,Germany,14.82254697
Klebsiella pneumoniae,Fluoroquinolones,2009,DK,Denmark,16.18204804
Klebsiella pneumoniae,Fluoroquinolones,2009,EE,Estonia,18.96551724
Klebsiella pneumoniae,Fluoroquinolones,2009,EL,Greece,65.62115621
Klebsiella pneumoniae,Fluoroquinolones,2009,ES,Spain,15.78947368
Klebsiella pneumoniae,Fluoroquinolones,2009,FI,Finland,3.2
Klebsiella pneumoniae,Fluoroquinolones,2009,FR,France,24.03846153
Klebsiella pneumoniae,Fluoroquinolones,2009,HU,Hungary,33.23943661
Klebsiella pneumoniae,Fluoroquinolones,2009,IE,Ireland,10.79365079
Klebsiella pneumoniae,Fluoroquinolones,2009,IS,Iceland,0.0
Klebsiella pneumoniae,Fluoroquinolones,2009,IT,Italy,20.40133779
Klebsiella pneumoniae,Fluoroquinolones,2009,LT,Lithuania,37.31343283
Klebsiella pneumoniae,Fluoroquinolones,2009,LU,Luxembourg,21.42857142
Klebsiella pneumoniae,Fluoroquinolones,2009,LV,Latvia,34.09090909
Klebsiella pneumoniae,Fluoroquinolones,2009,MT,Malta,2.63157894
Klebsiella pneumoniae,Fluoroquinolones,2009,NL,Netherlands,4.07124681
Klebsiella pneumoniae,Fluoroquinolones,2009,NO,Norway,5.61224489
Klebsiella pneumoniae,Fluoroquinolones,2009,PL,Poland,32.37410071
Klebsiella pneumoniae,Fluoroquinolones,2009,PT,Portugal,27.56052141
Klebsiella pneumoniae,Fluoroquinolones,2009,RO,Romania,
Klebsiella pneumoniae,Fluoroquinolones,2009,SE,Sweden,
Klebsiella pneumoniae,Fluoroquinolones,2009,SI,Slovenia,26.98412698
Klebsiella pneumoniae,Fluoroquinolones,2009,UK,United Kingdom,5.75757575
Klebsiella pneumoniae,Fluoroquinolones,2010,AT,Austria,18.19444444
Klebsiella pneumoniae,Fluoroquinolones,2010,BE,Belgium,12.5
Klebsiella pneumoniae,Fluoroquinolones,2010,BG,Bulgaria,52.38095238
Klebsiella pneumoniae,Fluoroquinolones,2010,CY,Cyprus,38.80597014
Klebsiella pneumoniae,Fluoroquinolones,2010,CZ,Czechia,55.10688836
Klebsiella pneumoniae,Fluoroquinolones,2010,DE,Germany,14.85355648
Klebsiella pneumoniae,Fluoroquinolones,2010,DK,Denmark,11.29271916
Klebsiella pneumoniae,Fluoroquinolones,2010,EE,Estonia,25.0
Klebsiella pneumoniae,Fluoroquinolones,2010,EL,Greece,70.88305489
Klebsiella pneumoniae,Fluoroquinolones,2010,ES,Spain,13.60895779
Klebsiella pneumoniae,Fluoroquinolones,2010,FI,Finland,2.49376558
Klebsiella pneumoniae,Fluoroquinolones,2010,FR,France,21.80746561
Klebsiella pneumoniae,Fluoroquinolones,2010,HR,Croatia,47.48201438
Klebsiella pneumoniae,Fluoroquinolones,2010,HU,Hungary,42.85714285
Klebsiella pneumoniae,Fluoroquinolones,2010,IE,Ireland,8.17610062
Klebsiella pneumoniae,Fluoroquinolones,2010,IS,Iceland,0.0
Klebsiella pneumoniae,Fluoroquinolones,2010,IT,Italy,38.50574712
Klebsiella pneumoniae,Fluoroquinolones,2010,LT,Lithuania,36.25
Klebsiella pneumoniae,Fluoroquinolones,2010,LU,Luxembourg,6.77966101
Klebsiella pneumoniae,Fluoroquinolones,2010,LV,Latvia,52.38095238
Klebsiella pneumoniae,Fluoroquinolones,2010,MT,Malta,15.78947368
Klebsiella pneumoniae,Fluoroquinolones,2010,NL,Netherlands,6.52418447
Klebsiella pneumoniae,Fluoroquinolones,2010,NO,Norway,7.35294117
Klebsiella pneumoniae,Fluoroquinolones,2010,PL,Poland,33.0316742
Klebsiella pneumoniae,Fluoroquinolones,2010,PT,Portugal,31.35888501
Klebsiella pneumoniae,Fluoroquinolones,2010,RO,Romania,
Klebsiella pneumoniae,Fluoroquinolones,2010,SE,Sweden,5.79514824
Klebsiella pneumoniae,Fluoroquinolones,2010,SI,Slovenia,25.0
Klebsiella pneumoniae,Fluoroquinolones,2010,UK,United Kingdom,7.421875
Klebsiella pneumoniae,Fluoroquinolones,2011,AT,Austria,16.5621079
Klebsiella pneumoniae,Fluoroquinolones,2011,BE,Belgium,14.93212669
Klebsiella pneumoniae,Fluoroquinolones,2011,BG,Bulgaria,51.23966942
Klebsiella pneumoniae,Fluoroquinolones,2011,CY,Cyprus,36.14457831
Klebsiella pneumoniae,Fluoroquinolones,2011,CZ,Czechia,52.83605283
Klebsiella pneumoniae,Fluoroquinolones,2011,DE,Germany,14.06551059
Klebsiella pneumoniae,Fluoroquinolones,2011,DK,Denmark,11.59909909
Klebsiella pneumoniae,Fluoroquinolones,2011,EE,Estonia,21.97802197
Klebsiella pneumoniae,Fluoroquinolones,2011,EL,Greece,72.2324159
Klebsiella pneumoniae,Fluoroquinolones,2011,ES,Spain,17.03056768
Klebsiella pneumoniae,Fluoroquinolones,2011,FI,Finland,2.72277227
Klebsiella pneumoniae,Fluoroquinolones,2011,FR,France,27.98573975
Klebsiella pneumoniae,Fluoroquinolones,2011,HR,Croatia,42.46575342
Klebsiella pneumoniae,Fluoroquinolones,2011,HU,Hungary,50.95238095
Klebsiella pneumoniae,Fluoroquinolones,2011,IE,Ireland,8.91089108
Klebsiella pneumoniae,Fluoroquinolones,2011,IS,Iceland,4.16666666
Klebsiella pneumoniae,Fluoroquinolones,2011,IT,Italy,45.72864321
Klebsiella pneumoniae,Fluoroquinolones,2011,LT,Lithuania,54.74452554
Klebsiella pneumoniae,Fluoroquinolones,2011,LU,Luxembourg,33.33333333
Klebsiella pneumoniae,Fluoroquinolones,2011,LV,Latvia,38.09523809
Klebsiella pneumoniae,Fluoroquinolones,2011,MT,Malta,13.46153846
Klebsiella pneumoniae,Fluoroquinolones,2011,NL,Netherlands,7.37327188
Klebsiella pneumoniae,Fluoroquinolones,2011,NO,Norway,3.51288056
Klebsiella pneumoniae,Fluoroquinolones,2011,PL,Poland,57.72357723
Klebsiella pneumoniae,Fluoroquinolones,2011,PT,Portugal,36.30470016
Klebsiella pneumoniae,Fluoroquinolones,2011,RO,Romania,
Klebsiella pneumoniae,Fluoroquinolones,2011,SE,Sweden,3.81760339
Klebsiella pneumoniae,Fluoroquinolones,2011,SI,Slovenia,35.34482758
Klebsiella pneumoniae,Fluoroquinolones,2011,SK,Slovakia,70.75268817
Klebsiella pneumoniae,Fluoroquinolones,2011,UK,United Kingdom,4.56852791
Klebsiella pneumoniae,Fluoroquinolones,2012,AT,Austria,15.4402895
Klebsiella pneumoniae,Fluoroquinolones,2012,BE,Belgium,17.29323308
Klebsiella pneumoniae,Fluoroquinolones,2012,BG,Bulgaria,47.24409448
Klebsiella pneumoniae,Fluoroquinolones,2012,CY,Cyprus,21.53846153
Klebsiella pneumoniae,Fluoroquinolones,2012,CZ,Czechia,50.39313795
Klebsiella pneumoniae,Fluoroquinolones,2012,DE,Germany,13.72549019
Klebsiella pneumoniae,Fluoroquinolones,2012,DK,Denmark,8.82040382
Klebsiella pneumoniae,Fluoroquinolones,2012,EE,Estonia,17.24137931
Klebsiella pneumoniae,Fluoroquinolones,2012,EL,Greece,69.67787114
Klebsiella pneumoniae,Fluoroquinolones,2012,ES,Spain,16.52173913
Klebsiella pneumoniae,Fluoroquinolones,2012,FI,Finland,2.0522388
Klebsiella pneumoniae,Fluoroquinolones,2012,FR,France,24.42341809
Klebsiella pneumoniae,Fluoroquinolones,2012,HR,Croatia,42.90030211
Klebsiella pneumoniae,Fluoroquinolones,2012,HU,Hungary,41.64948453
Klebsiella pneumoniae,Fluoroquinolones,2012,IE,Ireland,7.3964497
Klebsiella pneumoniae,Fluoroquinolones,2012,IS,Iceland,
Klebsiella pneumoniae,Fluoroquinolones,2012,IT,Italy,49.94011976
Klebsiella pneumoniae,Fluoroquinolones,2012,LT,Lithuania,55.4347826
Klebsiella pneumoniae,Fluoroquinolones,2012,LU,Luxembourg,32.0
Klebsiella pneumoniae,Fluoroquinolones,2012,LV,Latvia,46.15384615
Klebsiella pneumoniae,Fluoroquinolones,2012,MT,Malta,26.78571428
Klebsiella pneumoniae,Fluoroquinolones,2012,NL,Netherlands,6.65961945
Klebsiella pneumoniae,Fluoroquinolones,2012,NO,Norway,4.02684563
Klebsiella pneumoniae,Fluoroquinolones,2012,PL,Poland,60.16713091
Klebsiella pneumoniae,Fluoroquinolones,2012,PT,Portugal,35.77863577
Klebsiella pneumoniae,Fluoroquinolones,2012,RO,Romania,50.0
Klebsiella pneumoniae,Fluoroquinolones,2012,SE,Sweden,3.68474923
Klebsiella pneumoniae,Fluoroquinolones,2012,SI,Slovenia,33.07086614
Klebsiella pneumoniae,Fluoroquinolones,2012,SK,Slovakia,66.75531914
Klebsiella pneumoniae,Fluoroquinolones,2012,UK,United Kingdom,7.43243243
Klebsiella pneumoniae,Fluoroquinolones,2013,AT,Austria,15.78378378
Klebsiella pneumoniae,Fluoroquinolones,2013,BE,Belgium,22.22222222
Klebsiella pneumoniae,Fluoroquinolones,2013,BG,Bulgaria,45.65217391
Klebsiella pneumoniae,Fluoroquinolones,2013,CY,Cyprus,23.52941176
Klebsiella pneumoniae,Fluoroquinolones,2013,CZ,Czechia,47.71494965
Klebsiella pneumoniae,Fluoroquinolones,2013,DE,Germany,15.07936507
Klebsiella pneumoniae,Fluoroquinolones,2013,DK,Denmark,8.92448512
Klebsiella pneumoniae,Fluoroquinolones,2013,EE,Estonia,26.66666666
Klebsiella pneumoniae,Fluoroquinolones,2013,EL,Greece,67.5767918
Klebsiella pneumoniae,Fluoroquinolones,2013,ES,Spain,21.83722804
Klebsiella pneumoniae,Fluoroquinolones,2013,FI,Finland,2.60707635
Klebsiella pneumoniae,Fluoroquinolones,2013,FR,France,29.43632567
Klebsiella pneumoniae,Fluoroquinolones,2013,HR,Croatia,43.16353887
Klebsiella pneumoniae,Fluoroquinolones,2013,HU,Hungary,37.65765765
Klebsiella pneumoniae,Fluoroquinolones,2013,IE,Ireland,14.55696202
Klebsiella pneumoniae,Fluoroquinolones,2013,IS,Iceland,0.0
Klebsiella pneumoniae,Fluoroquinolones,2013,IT,Italy,54.4117647
Klebsiella pneumoniae,Fluoroquinolones,2013,LT,Lithuania,45.13888888
Klebsiella pneumoniae,Fluoroquinolones,2013,LU,Luxembourg,22.64150943
Klebsiella pneumoniae,Fluoroquinolones,2013,LV,Latvia,43.18181818
Klebsiella pneumoniae,Fluoroquinolones,2013,MT,Malta,28.35820895
Klebsiella pneumoniae,Fluoroquinolones,2013,NL,Netherlands,7.37937559
Klebsiella pneumoniae,Fluoroquinolones,2013,NO,Norway,4.87012987
Klebsiella pneumoniae,Fluoroquinolones,2013,PL,Poland,70.05347593
Klebsiella pneumoniae,Fluoroquinolones,2013,PT,Portugal,35.67508232
Klebsiella pneumoniae,Fluoroquinolones,2013,RO,Romania,51.64319248
Klebsiella pneumoniae,Fluoroquinolones,2013,SE,Sweden,3.93700787
Klebsiella pneumoniae,Fluoroquinolones,2013,SI,Slovenia,32.65306122
Klebsiella pneumoniae,Fluoroquinolones,2013,SK,Slovakia,66.87116564
Klebsiella pneumoniae,Fluoroquinolones,2013,UK,United Kingdom,8.65800865
Klebsiella pneumoniae,Fluoroquinolones,2014,AT,Austria,10.40164778
Klebsiella pneumoniae,Fluoroquinolones,2014,BE,Belgium,18.18181818
Klebsiella pneumoniae,Fluoroquinolones,2014,BG,Bulgaria,50.33112582
Klebsiella pneumoniae,Fluoroquinolones,2014,CY,Cyprus,26.25
Klebsiella pneumoniae,Fluoroquinolones,2014,CZ,Czechia,47.97395079
Klebsiella pneumoniae,Fluoroquinolones,2014,DE,Germany,12.65306122
Klebsiella pneumoniae,Fluoroquinolones,2014,DK,Denmark,6.89289501
Klebsiella pneumoniae,Fluoroquinolones,2014,EE,Estonia,21.80451127
Klebsiella pneumoniae,Fluoroquinolones,2014,EL,Greece,67.63875823
Klebsiella pneumoniae,Fluoroquinolones,2014,ES,Spain,18.6413902
Klebsiella pneumoniae,Fluoroquinolones,2014,FI,Finland,4.64716006
Klebsiella pneumoniae,Fluoroquinolones,2014,FR,France,30.98850574
Klebsiella pneumoniae,Fluoroquinolones,2014,HR,Croatia,44.84848484
Klebsiella pneumoniae,Fluoroquinolones,2014,HU,Hungary,34.94539781
Klebsiella pneumoniae,Fluoroquinolones,2014,IE,Ireland,13.52112676
Klebsiella pneumoniae,Fluoroquinolones,2014,IS,Iceland,3.57142857
Klebsiella pneumoniae,Fluoroquinolones,2014,IT,Italy,55.67567567
Klebsiella pneumoniae,Fluoroquinolones,2014,LT,Lithuania,45.45454545
Klebsiella pneumoniae,Fluoroquinolones,2014,LU,Luxembourg,31.81818181
Klebsiella pneumoniae,Fluoroquinolones,2014,LV,Latvia,44.8275862
Klebsiella pneumoniae,Fluoroquinolones,2014,MT,Malta,32.32323232
Klebsiella pneumoniae,Fluoroquinolones,2014,NL,Netherlands,4.98664292
Klebsiella pneumoniae,Fluoroquinolones,2014,NO,Norway,6.16621983
Klebsiella pneumoniae,Fluoroquinolones,2014,PL,Poland,67.91208791
Klebsiella pneumoniae,Fluoroquinolones,2014,PT,Portugal,36.50700934
Klebsiella pneumoniae,Fluoroquinolones,2014,RO,Romania,66.53696498
Klebsiella pneumoniae,Fluoroquinolones,2014,SE,Sweden,4.06290956
Klebsiella pneumoniae,Fluoroquinolones,2014,SI,Slovenia,32.61802575
Klebsiella pneumoniae,Fluoroquinolones,2014,SK,Slovakia,70.79107505
Klebsiella pneumoniae,Fluoroquinolones,2014,UK,United Kingdom,7.69911504
Klebsiella pneumoniae,Fluoroquinolones,2015,AT,Austria,11.66180758
Klebsiella pneumoniae,Fluoroquinolones,2015,BE,Belgium,22.69129287
Klebsiella pneumoniae,Fluoroquinolones,2015,BG,Bulgaria,37.5
Klebsiella pneumoniae,Fluoroquinolones,2015,CY,Cyprus,37.09677419
Klebsiella pneumoniae,Fluoroquinolones,2015,CZ,Czechia,48.87005649
Klebsiella pneumoniae,Fluoroquinolones,2015,DE,Germany,9.55696202
Klebsiella pneumoniae,Fluoroquinolones,2015,DK,Denmark,5.34759358
Klebsiella pneumoniae,Fluoroquinolones,2015,EE,Estonia,33.87096774
Klebsiella pneumoniae,Fluoroquinolones,2015,EL,Greece,66.40826873
Klebsiella pneumoniae,Fluoroquinolones,2015,ES,Spain,21.55172413
Klebsiella pneumoniae,Fluoroquinolones,2015,FI,Finland,3.34346504
Klebsiella pneumoniae,Fluoroquinolones,2015,FR,France,30.66037735
Klebsiella pneumoniae,Fluoroquinolones,2015,HR,Croatia,48.68421052
Klebsiella pneumoniae,Fluoroquinolones,2015,HU,Hungary,36.71428571
Klebsiella pneumoniae,Fluoroquinolones,2015,IE,Ireland,17.01030927
Klebsiella pneumoniae,Fluoroquinolones,2015,IS,Iceland,2.85714285
Klebsiella pneumoniae,Fluoroquinolones,2015,IT,Italy,53.65
Klebsiella pneumoniae,Fluoroquinolones,2015,LT,Lithuania,45.81005586
Klebsiella pneumoniae,Fluoroquinolones,2015,LU,Luxembourg,20.0
Klebsiella pneumoniae,Fluoroquinolones,2015,LV,Latvia,41.96428571
Klebsiella pneumoniae,Fluoroquinolones,2015,MT,Malta,26.13636363
Klebsiella pneumoniae,Fluoroquinolones,2015,NL,Netherlands,7.34557595
Klebsiella pneumoniae,Fluoroquinolones,2015,NO,Norway,5.0
Klebsiella pneumoniae,Fluoroquinolones,2015,PL,Poland,63.88467374
Klebsiella pneumoniae,Fluoroquinolones,2015,PT,Portugal,38.58643744
Klebsiella pneumoniae,Fluoroquinolones,2015,RO,Romania,61.42322097
Klebsiella pneumoniae,Fluoroquinolones,2015,SE,Sweden,4.52039691
Klebsiella pneumoniae,Fluoroquinolones,2015,SI,Slovenia,24.47257383
Klebsiella pneumoniae,Fluoroquinolones,2015,SK,Slovakia,70.04219409
Klebsiella pneumoniae,Fluoroquinolones,2015,UK,United Kingdom,13.25420375
Klebsiella pneumoniae,Fluoroquinolones,2016,AT,Austria,9.79133226
Klebsiella pneumoniae,Fluoroquinolones,2016,BE,Belgium,23.61733931
Klebsiella pneumoniae,Fluoroquinolones,2016,BG,Bulgaria,55.625
Klebsiella pneumoniae,Fluoroquinolones,2016,CY,Cyprus,32.0
Klebsiella pneumoniae,Fluoroquinolones,2016,CZ,Czechia,50.50578034
Klebsiella pneumoniae,Fluoroquinolones,2016,DE,Germany,12.64667535
Klebsiella pneumoniae,Fluoroquinolones,2016,DK,Denmark,5.29513888
Klebsiella pneumoniae,Fluoroquinolones,2016,EE,Estonia,29.50819672
Klebsiella pneumoniae,Fluoroquinolones,2016,EL,Greece,68.64406779
Klebsiella pneumoniae,Fluoroquinolones,2016,ES,Spain,22.73269689
Klebsiella pneumoniae,Fluoroquinolones,2016,FI,Finland,2.73081924
Klebsiella pneumoniae,Fluoroquinolones,2016,FR,France,27.65546543
Klebsiella pneumoniae,Fluoroquinolones,2016,HR,Croatia,43.39622641
Klebsiella pneumoniae,Fluoroquinolones,2016,HU,Hungary,35.20336605
Klebsiella pneumoniae,Fluoroquinolones,2016,IE,Ireland,11.25827814
Klebsiella pneumoniae,Fluoroquinolones,2016,IS,Iceland,0.0
Klebsiella pneumoniae,Fluoroquinolones,2016,IT,Italy,56.04982206
Klebsiella pneumoniae,Fluoroquinolones,2016,LT,Lithuania,54.62962962
Klebsiella pneumoniae,Fluoroquinolones,2016,LU,Luxembourg,35.89743589
Klebsiella pneumoniae,Fluoroquinolones,2016,LV,Latvia,41.75824175
Klebsiella pneumoniae,Fluoroquinolones,2016,MT,Malta,33.33333333
Klebsiella pneumoniae,Fluoroquinolones,2016,NL,Netherlands,7.12121212
Klebsiella pneumoniae,Fluoroquinolones,2016,NO,Norway,4.33168316
Klebsiella pneumoniae,Fluoroquinolones,2016,PL,Poland,66.84539767
Klebsiella pneumoniae,Fluoroquinolones,2016,PT,Portugal,41.70212765
Klebsiella pneumoniae,Fluoroquinolones,2016,RO,Romania,60.81871345
Klebsiella pneumoniae,Fluoroquinolones,2016,SE,Sweden,5.41422048
Klebsiella pneumoniae,Fluoroquinolones,2016,SI,Slovenia,29.58801498
Klebsiella pneumoniae,Fluoroquinolones,2016,SK,Slovakia,66.30901287
Klebsiella pneumoniae,Fluoroquinolones,2016,UK,United Kingdom,7.47847478
Klebsiella pneumoniae,Fluoroquinolones,2017,AT,Austria,14.21098517
Klebsiella pneumoniae,Fluoroquinolones,2017,BE,Belgium,23.66127023
Klebsiella pneumoniae,Fluoroquinolones,2017,BG,Bulgaria,59.7633136
Klebsiella pneumoniae,Fluoroquinolones,2017,CY,Cyprus,35.2112676
Klebsiella pneumoniae,Fluoroquinolones,2017,CZ,Czechia,49.20993227
Klebsiella pneumoniae,Fluoroquinolones,2017,DE,Germany,15.32278973
Klebsiella pneumoniae,Fluoroquinolones,2017,DK,Denmark,9.1293322
Klebsiella pneumoniae,Fluoroquinolones,2017,EE,Estonia,24.84472049
Klebsiella pneumoniae,Fluoroquinolones,2017,EL,Greece,66.93907875
Klebsiella pneumoniae,Fluoroquinolones,2017,ES,Spain,22.54374158
Klebsiella pneumoniae,Fluoroquinolones,2017,FI,Finland,7.93650793
Klebsiella pneumoniae,Fluoroquinolones,2017,FR,France,26.78447678
Klebsiella pneumoniae,Fluoroquinolones,2017,HR,Croatia,40.77669902
Klebsiella pneumoniae,Fluoroquinolones,2017,HU,Hungary,41.45985401
Klebsiella pneumoniae,Fluoroquinolones,2017,IE,Ireland,14.85355648
Klebsiella pneumoniae,Fluoroquinolones,2017,IS,Iceland,
Klebsiella pneumoniae,Fluoroquinolones,2017,IT,Italy,55.73770491
Klebsiella pneumoniae,Fluoroquinolones,2017,LT,Lithuania,64.72392638
Klebsiella pneumoniae,Fluoroquinolones,2017,LU,Luxembourg,28.28282828
Klebsiella pneumoniae,Fluoroquinolones,2017,LV,Latvia,32.75862068
Klebsiella pneumoniae,Fluoroquinolones,2017,MT,Malta,39.31623931
Klebsiella pneumoniae,Fluoroquinolones,2017,NL,Netherlands,11.7293233
Klebsiella pneumoniae,Fluoroquinolones,2017,NO,Norway,10.24327784
Klebsiella pneumoniae,Fluoroquinolones,2017,PL,Poland,66.30581867
Klebsiella pneumoniae,Fluoroquinolones,2017,PT,Portugal,45.6871345
Klebsiella pneumoniae,Fluoroquinolones,2017,RO,Romania,64.09495548
Klebsiella pneumoniae,Fluoroquinolones,2017,SE,Sweden,9.76789168
Klebsiella pneumoniae,Fluoroquinolones,2017,SI,Slovenia,30.39215686
Klebsiella pneumoniae,Fluoroquinolones,2017,SK,Slovakia,66.73819742
Klebsiella pneumoniae,Fluoroquinolones,2017,UK,United Kingdom,9.27640279
Klebsiella pneumoniae,Fluoroquinolones,2018,AT,Austria,13.18591318
Klebsiella pneumoniae,Fluoroquinolones,2018,BE,Belgium,22.63948497
Klebsiella pneumoniae,Fluoroquinolones,2018,BG,Bulgaria,62.69430051
Klebsiella pneumoniae,Fluoroquinolones,2018,CY,Cyprus,49.42528735
Klebsiella pneumoniae,Fluoroquinolones,2018,CZ,Czechia,47.23346828
Klebsiella pneumoniae,Fluoroquinolones,2018,DE,Germany,13.35012594
Klebsiella pneumoniae,Fluoroquinolones,2018,DK,Denmark,8.52228303
Klebsiella pneumoniae,Fluoroquinolones,2018,EE,Estonia,20.97560975
Klebsiella pneumoniae,Fluoroquinolones,2018,EL,Greece,68.07795698
Klebsiella pneumoniae,Fluoroquinolones,2018,ES,Spain,23.76751427
Klebsiella pneumoniae,Fluoroquinolones,2018,FI,Finland,6.31188118
Klebsiella pneumoniae,Fluoroquinolones,2018,FR,France,30.43043043
Klebsiella pneumoniae,Fluoroquinolones,2018,HR,Croatia,48.62385321
Klebsiella pneumoniae,Fluoroquinolones,2018,HU,Hungary,38.00475059
Klebsiella pneumoniae,Fluoroquinolones,2018,IE,Ireland,18.01242236
Klebsiella pneumoniae,Fluoroquinolones,2018,IS,Iceland,
Klebsiella pneumoniae,Fluoroquinolones,2018,IT,Italy,52.67732962
Klebsiella pneumoniae,Fluoroquinolones,2018,LT,Lithuania,56.75675675
Klebsiella pneumoniae,Fluoroquinolones,2018,LU,Luxembourg,24.70588235
Klebsiella pneumoniae,Fluoroquinolones,2018,LV,Latvia,38.5
Klebsiella pneumoniae,Fluoroquinolones,2018,MT,Malta,55.47445255
Klebsiella pneumoniae,Fluoroquinolones,2018,NL,Netherlands,11.63708086
Klebsiella pneumoniae,Fluoroquinolones,2018,NO,Norway,13.06122448
Klebsiella pneumoniae,Fluoroquinolones,2018,PL,Poland,68.18558409
Klebsiella pneumoniae,Fluoroquinolones,2018,PT,Portugal,43.78858024
Klebsiella pneumoniae,Fluoroquinolones,2018,RO,Romania,57.36961451
Klebsiella pneumoniae,Fluoroquinolones,2018,SE,Sweden,10.11959521
Klebsiella pneumoniae,Fluoroquinolones,2018,SI,Slovenia,27.33564013
Klebsiella pneumoniae,Fluoroquinolones,2018,SK,Slovakia,60.96579476
Klebsiella pneumoniae,Fluoroquinolones,2018,UK,United Kingdom,13.08928571
Klebsiella pneumoniae,Fluoroquinolones,2019,AT,Austria,15.67445365
Klebsiella pneumoniae,Fluoroquinolones,2019,BE,Belgium,19.81505944
Klebsiella pneumoniae,Fluoroquinolones,2019,BG,Bulgaria,60.6741573
Klebsiella pneumoniae,Fluoroquinolones,2019,CY,Cyprus,31.66666666
Klebsiella pneumoniae,Fluoroquinolones,2019,CZ,Czechia,48.71959026
Klebsiella pneumoniae,Fluoroquinolones,2019,DE,Germany,13.12831389
Klebsiella pneumoniae,Fluoroquinolones,2019,DK,Denmark,9.55180014
Klebsiella pneumoniae,Fluoroquinolones,2019,EE,Estonia,16.20111731
Klebsiella pneumoniae,Fluoroquinolones,2019,EL,Greece,66.88102893
Klebsiella pneumoniae,Fluoroquinolones,2019,ES,Spain,23.95789473
Klebsiella pneumoniae,Fluoroquinolones,2019,FI,Finland,7.28323699
Klebsiella pneumoniae,Fluoroquinolones,2019,FR,France,30.89405027
Klebsiella pneumoniae,Fluoroquinolones,2019,HR,Croatia,57.86163522
Klebsiella pneumoniae,Fluoroquinolones,2019,HU,Hungary,36.74367436
Klebsiella pneumoniae,Fluoroquinolones,2019,IE,Ireland,17.30038022
Klebsiella pneumoniae,Fluoroquinolones,2019,IS,Iceland,4.34782608
Klebsiella pneumoniae,Fluoroquinolones,2019,IT,Italy,54.69318772
Klebsiella pneumoniae,Fluoroquinolones,2019,LT,Lithuania,52.05479452
Klebsiella pneumoniae,Fluoroquinolones,2019,LU,Luxembourg,27.18446601
Klebsiella pneumoniae,Fluoroquinolones,2019,LV,Latvia,36.86868686
Klebsiella pneumoniae,Fluoroquinolones,2019,MT,Malta,44.18604651
Klebsiella pneumoniae,Fluoroquinolones,2019,NL,Netherlands,11.10335195
Klebsiella pneumoniae,Fluoroquinolones,2019,NO,Norway,8.77403846
Klebsiella pneumoniae,Fluoroquinolones,2019,PL,Poland,61.25970664
Klebsiella pneumoniae,Fluoroquinolones,2019,PT,Portugal,45.78402366
Klebsiella pneumoniae,Fluoroquinolones,2019,RO,Romania,61.99575371
Klebsiella pneumoniae,Fluoroquinolones,2019,SE,Sweden,10.50866405
Klebsiella pneumoniae,Fluoroquinolones,2019,SI,Slovenia,19.47194719
Klebsiella pneumoniae,Fluoroquinolones,2019,SK,Slovakia,56.94822888
Klebsiella pneumoniae,Fluoroquinolones,2019,UK,United Kingdom,12.7687665
Klebsiella pneumoniae,Fluoroquinolones,2020,AT,Austria,11.95748449
Klebsiella pneumoniae,Fluoroquinolones,2020,BE,Belgium,22.83205268
Klebsiella pneumoniae,Fluoroquinolones,2020,BG,Bulgaria,67.06827309
Klebsiella pneumoniae,Fluoroquinolones,2020,CY,Cyprus,50.0
Klebsiella pneumoniae,Fluoroquinolones,2020,CZ,Czechia,44.23337856
Klebsiella pneumoniae,Fluoroquinolones,2020,DE,Germany,11.65080954
Klebsiella pneumoniae,Fluoroquinolones,2020,DK,Denmark,7.56718528
Klebsiella pneumoniae,Fluoroquinolones,2020,EE,Estonia,17.25888324
Klebsiella pneumoniae,Fluoroquinolones,2020,EL,Greece,74.38016528
Klebsiella pneumoniae,Fluoroquinolones,2020,ES,Spain,25.69756975
Klebsiella pneumoniae,Fluoroquinolones,2020,FI,Finland,7.39081746
Klebsiella pneumoniae,Fluoroquinolones,2020,FR,France,28.05438912
Klebsiella pneumoniae,Fluoroquinolones,2020,HR,Croatia,54.10447761
Klebsiella pneumoniae,Fluoroquinolones,2020,HU,Hungary,40.79670329
Klebsiella pneumoniae,Fluoroquinolones,2020,IE,Ireland,17.0781893
Klebsiella pneumoniae,Fluoroquinolones,2020,IS,Iceland,0.0
Klebsiella pneumoniae,Fluoroquinolones,2020,IT,Italy,52.42752769
Klebsiella pneumoniae,Fluoroquinolones,2020,LT,Lithuania,45.27845036
Klebsiella pneumoniae,Fluoroquinolones,2020,LU,Luxembourg,31.03448275
Klebsiella pneumoniae,Fluoroquinolones,2020,LV,Latvia,41.4893617
Klebsiella pneumoniae,Fluoroquinolones,2020,MT,Malta,37.12121212
Klebsiella pneumoniae,Fluoroquinolones,2020,NL,Netherlands,13.11827956
Klebsiella pneumoniae,Fluoroquinolones,2020,NO,Norway,11.20689655
Klebsiella pneumoniae,Fluoroquinolones,2020,PL,Poland,65.16129032
Klebsiella pneumoniae,Fluoroquinolones,2020,PT,Portugal,42.67722202
Klebsiella pneumoniae,Fluoroquinolones,2020,RO,Romania,66.24472573
Klebsiella pneumoniae,Fluoroquinolones,2020,SE,Sweden,10.16393442
Klebsiella pneumoniae,Fluoroquinolones,2020,SI,Slovenia,24.74226804
Klebsiella pneumoniae,Fluoroquinolones,2020,SK,Slovakia,53.84615384
Klebsiella pneumoniae,Fluoroquinolones,2021,AT,Austria,12.04911742
Klebsiella pneumoniae,Fluoroquinolones,2021,BE,Belgium,19.00647948
Klebsiella pneumoniae,Fluoroquinolones,2021,BG,Bulgaria,71.07438016
Klebsiella pneumoniae,Fluoroquinolones,2021,CY,Cyprus,49.64539007
Klebsiella pneumoniae,Fluoroquinolones,2021,CZ,Czechia,42.76885043
Klebsiella pneumoniae,Fluoroquinolones,2021,DE,Germany,10.91560261
Klebsiella pneumoniae,Fluoroquinolones,2021,DK,Denmark,7.13224368
Klebsiella pneumoniae,Fluoroquinolones,2021,EE,Estonia,16.59574468
Klebsiella pneumoniae,Fluoroquinolones,2021,EL,Greece,79.97179125
Klebsiella pneumoniae,Fluoroquinolones,2021,ES,Spain,27.72140221
Klebsiella pneumoniae,Fluoroquinolones,2021,FI,Finland,5.45829042
Klebsiella pneumoniae,Fluoroquinolones,2021,FR,France,25.03579464
Klebsiella pneumoniae,Fluoroquinolones,2021,HR,Croatia,63.88888888
Klebsiella pneumoniae,Fluoroquinolones,2021,HU,Hungary,37.77372262
Klebsiella pneumoniae,Fluoroquinolones,2021,IE,Ireland,16.2
Klebsiella pneumoniae,Fluoroquinolones,2021,IS,Iceland,0.0
Klebsiella pneumoniae,Fluoroquinolones,2021,IT,Italy,50.74312216
Klebsiella pneumoniae,Fluoroquinolones,2021,LT,Lithuania,38.23529411
Klebsiella pneumoniae,Fluoroquinolones,2021,LU,Luxembourg,23.76237623
Klebsiella pneumoniae,Fluoroquinolones,2021,LV,Latvia,30.95238095
Klebsiella pneumoniae,Fluoroquinolones,2021,MT,Malta,34.81481481
Klebsiella pneumoniae,Fluoroquinolones,2021,NL,Netherlands,10.23622047
Klebsiella pneumoniae,Fluoroquinolones,2021,NO,Norway,11.76470588
Klebsiella pneumoniae,Fluoroquinolones,2021,PL,Poland,70.37815126
Klebsiella pneumoniae,Fluoroquinolones,2021,PT,Portugal,41.60246533
Klebsiella pneumoniae,Fluoroquinolones,2021,RO,Romania,67.1641791
Klebsiella pneumoniae,Fluoroquinolones,2021,SE,Sweden,11.06083459
Klebsiella pneumoniae,Fluoroquinolones,2021,SI,Slovenia,24.21652421
Klebsiella pneumoniae,Fluoroquinolones,2021,SK,Slovakia,64.9090909
Klebsiella pneumoniae,Fluoroquinolones,2022,AT,Austria,9.97464074
Klebsiella pneumoniae,Fluoroquinolones,2022,BE,Belgium,20.18038331
Klebsiella pneumoniae,Fluoroquinolones,2022,BG,Bulgaria,65.38461538
Klebsiella pneumoniae,Fluoroquinolones,2022,CY,Cyprus,53.92670157
Klebsiella pneumoniae,Fluoroquinolones,2022,CZ,Czechia,43.16239316
Klebsiella pneumoniae,Fluoroquinolones,2022,DE,Germany,11.91723767
Klebsiella pneumoniae,Fluoroquinolones,2022,DK,Denmark,7.58364312
Klebsiella pneumoniae,Fluoroquinolones,2022,EE,Estonia,16.17021276
Klebsiella pneumoniae,Fluoroquinolones,2022,EL,Greece,78.69034406
Klebsiella pneumoniae,Fluoroquinolones,2022,ES,Spain,28.83522727
Klebsiella pneumoniae,Fluoroquinolones,2022,FI,Finland,5.66750629
Klebsiella pneumoniae,Fluoroquinolones,2022,FR,France,24.58333333
Klebsiella pneumoniae,Fluoroquinolones,2022,HR,Croatia,53.71900826
Klebsiella pneumoniae,Fluoroquinolones,2022,HU,Hungary,39.55928646
Klebsiella pneumoniae,Fluoroquinolones,2022,IE,Ireland,9.87124463
Klebsiella pneumoniae,Fluoroquinolones,2022,IS,Iceland,9.375
Klebsiella pneumoniae,Fluoroquinolones,2022,IT,Italy,48.71015373
Klebsiella pneumoniae,Fluoroquinolones,2022,LT,Lithuania,39.88326848
Klebsiella pneumoniae,Fluoroquinolones,2022,LU,Luxembourg,21.36752136
Klebsiella pneumoniae,Fluoroquinolones,2022,LV,Latvia,33.10104529
Klebsiella pneumoniae,Fluoroquinolones,2022,MT,Malta,31.66666666
Klebsiella pneumoniae,Fluoroquinolones,2022,NL,Netherlands,12.63537906
Klebsiella pneumoniae,Fluoroquinolones,2022,NO,Norway,10.06535947
Klebsiella pneumoniae,Fluoroquinolones,2022,PL,Poland,60.55182699
Klebsiella pneumoniae,Fluoroquinolones,2022,PT,Portugal,40.6930693
Klebsiella pneumoniae,Fluoroquinolones,2022,RO,Romania,60.35598705
Klebsiella pneumoniae,Fluoroquinolones,2022,SE,Sweden,12.34280391
Klebsiella pneumoniae,Fluoroquinolones,2022,SI,Slovenia,22.04301075
Klebsiella pneumoniae,Fluoroquinolones,2022,SK,Slovakia,47.92176039
Klebsiella pneumoniae,Fluoroquinolones,2023,AT,Austria,13.89102072
Klebsiella pneumoniae,Fluoroquinolones,2023,BE,Belgium,21.88139059
Klebsiella pneumoniae,Fluoroquinolones,2023,BG,Bulgaria,73.33333333
Klebsiella pneumoniae,Fluoroquinolones,2023,CY,Cyprus,55.0
Klebsiella pneumoniae,Fluoroquinolones,2023,CZ,Czechia,37.86698621
Klebsiella pneumoniae,Fluoroquinolones,2023,DE,Germany,11.70016027
Klebsiella pneumoniae,Fluoroquinolones,2023,DK,Denmark,7.09169054
Klebsiella pneumoniae,Fluoroquinolones,2023,EE,Estonia,16.83501683
Klebsiella pneumoniae,Fluoroquinolones,2023,EL,Greece,76.91597414
Klebsiella pneumoniae,Fluoroquinolones,2023,ES,Spain,25.91765081
Klebsiella pneumoniae,Fluoroquinolones,2023,FI,Finland,8.94085281
Klebsiella pneumoniae,Fluoroquinolones,2023,HR,Croatia,56.63716814
Klebsiella pneumoniae,Fluoroquinolones,2023,HU,Hungary,38.01580333
Klebsiella pneumoniae,Fluoroquinolones,2023,IE,Ireland,15.50802139
Klebsiella pneumoniae,Fluoroquinolones,2023,IS,Iceland,11.36363636
Klebsiella pneumoniae,Fluoroquinolones,2023,IT,Italy,50.07750793
Klebsiella pneumoniae,Fluoroquinolones,2023,LI,Liechtenstein,
Klebsiella pneumoniae,Fluoroquinolones,2023,LT,Lithuania,42.10526315
Klebsiella pneumoniae,Fluoroquinolones,2023,LU,Luxembourg,18.82352941
Klebsiella pneumoniae,Fluoroquinolones,2023,LV,Latvia,36.59574468
Klebsiella pneumoniae,Fluoroquinolones,2023,MT,Malta,29.25170068
Klebsiella pneumoniae,Fluoroquinolones,2023,NL,Netherlands,11.30319148
Klebsiella pneumoniae,Fluoroquinolones,2023,NO,Norway,11.74968071
Klebsiella pneumoniae,Fluoroquinolones,2023,PL,Poland,63.64795918
Klebsiella pneumoniae,Fluoroquinolones,2023,PT,Portugal,44.18740849
Klebsiella pneumoniae,Fluoroquinolones,2023,RO,Romania,63.95721925
Klebsiella pneumoniae,Fluoroquinolones,2023,SE,Sweden,12.66821345
Klebsiella pneumoniae,Fluoroquinolones,2023,SI,Slovenia,27.13864306
Klebsiella pneumoniae,Fluoroquinolones,2023,SK,Slovakia,45.48387096
Klebsiella pneumoniae,Fluoroquinolones,2024,AT,Austria,12.53101736
Klebsiella pneumoniae,Fluoroquinolones,2024,BE,Belgium,23.15608919
Klebsiella pneumoniae,Fluoroquinolones,2024,BG,Bulgaria,80.25751072
Klebsiella pneumoniae,Fluoroquinolones,2024,CY,Cyprus,69.9386503
Klebsiella pneumoniae,Fluoroquinolones,2024,CZ,Czechia,35.0311262
Klebsiella pneumoniae,Fluoroquinolones,2024,DE,Germany,11.23317769
Klebsiella pneumoniae,Fluoroquinolones,2024,DK,Denmark,8.16181689
Klebsiella pneumoniae,Fluoroquinolones,2024,EE,Estonia,13.19444444
Klebsiella pneumoniae,Fluoroquinolones,2024,EL,Greece,69.85125858
Klebsiella pneumoniae,Fluoroquinolones,2024,ES,Spain,28.25221916
Klebsiella pneumoniae,Fluoroquinolones,2024,FI,Finland,7.14285714
Klebsiella pneumoniae,Fluoroquinolones,2024,FR,France,22.63910969
Klebsiella pneumoniae,Fluoroquinolones,2024,HR,Croatia,62.37424547
Klebsiella pneumoniae,Fluoroquinolones,2024,HU,Hungary,36.48
Klebsiella pneumoniae,Fluoroquinolones,2024,IE,Ireland,9.69072164
Klebsiella pneumoniae,Fluoroquinolones,2024,IS,Iceland,0.0
Klebsiella pneumoniae,Fluoroquinolones,2024,IT,Italy,47.68478763
Klebsiella pneumoniae,Fluoroquinolones,2024,LI,Liechtenstein,
Klebsiella pneumoniae,Fluoroquinolones,2024,LT,Lithuania,44.38280166
Klebsiella pneumoniae,Fluoroquinolones,2024,LU,Luxembourg,15.55555555
Klebsiella pneumoniae,Fluoroquinolones,2024,LV,Latvia,45.58404558
Klebsiella pneumoniae,Fluoroquinolones,2024,MT,Malta,31.25
Klebsiella pneumoniae,Fluoroquinolones,2024,NL,Netherlands,14.51612903
Klebsiella pneumoniae,Fluoroquinolones,2024,NO,Norway,11.33333333
Klebsiella pneumoniae,Fluoroquinolones,2024,PL,Poland,57.37623762
Klebsiella pneumoniae,Fluoroquinolones,2024,PT,Portugal,39.5669824
Klebsiella pneumoniae,Fluoroquinolones,2024,RO,Romania,64.51335055
Klebsiella pneumoniae,Fluoroquinolones,2024,SE,Sweden,13.55177993
Klebsiella pneumoniae,Fluoroquinolones,2024,SI,Slovenia,20.73863636
Klebsiella pneumoniae,Fluoroquinolones,2024,SK,Slovakia,50.13192612
