"HealthTopic","Population","Indicator","Unit","Time","RegionCode","RegionName","NumValue","TxtValue"
"Antimicrobial resistance","Escherichia coli|Fluoroquinolones","R - resistant isolates, percentage  ","%","2000","DE","Germany",7.777777770,""
"Antimicrobial resistance","Escherichia coli|Fluoroquinolones","R - resistant isolates, percentage  ","%","2000","EE","Estonia",-,""
"Antimicrobial resistance","Escherichia coli|Fluoroquinolones","R - resistant isolates, percentage  ","%","2000","EL","Greece",4.285714280,""
"Antimicrobial resistance","Escherichia coli|Fluoroquinolones","R - resistant isolates, percentage  ","%","2000","NL","Netherlands",3.360655730,""
"Antimicrobial resistance","Escherichia coli|Fluoroquinolones","R - resistant isolates, percentage  ","%","2000","NO","Norway",1.656050950,""
"Antimicrobial resistance","Escherichia coli|Fluoroquinolones","R - resistant isolates, percentage  ","%","2000","SE","Sweden",-,""
"Antimicrobial resistance","Escherichia coli|Fluoroquinolones","R - resistant isolates, percentage  ","%","2001","AT","Austria",7.035175870,""
"Antimicrobial resistance","Escherichia coli|Fluoroquinolones","R - resistant isolates, percentage  ","%","2001","BE","Belgium",8.900523560,""
"Antimicrobial resistance","Escherichia coli|Fluoroquinolones","R - resistant isolates, percentage  ","%","2001","BG","Bulgaria",7.865168530,""
"Antimicrobial resistance","Escherichia coli|Fluoroquinolones","R - resistant isolates, percentage  ","%","2001","CZ","Czechia",8.091993180,""
"Antimicrobial resistance","Escherichia coli|Fluoroquinolones","R - resistant isolates, percentage  ","%","2001","DE","Germany",11.246943760,""
"Antimicrobial resistance","Escherichia coli|Fluoroquinolones","R - resistant isolates, percentage  ","%","2001","EE","Estonia",0.000000000,""
"Antimicrobial resistance","Escherichia coli|Fluoroquinolones","R - resistant isolates, percentage  ","%","2001","EL","Greece",9.461966600,""
"Antimicrobial resistance","Escherichia coli|Fluoroquinolones","R - resistant isolates, percentage  ","%","2001","ES","Spain",17.251815980,""
"Antimicrobial resistance","Escherichia coli|Fluoroquinolones","R - resistant isolates, percentage  ","%","2001","FI","Finland",5.403158760,""
"Antimicrobial resistance","Escherichia coli|Fluoroquinolones","R - resistant isolates, percentage  ","%","2001","HR","Croatia",4.519774010,""
"Antimicrobial resistance","Escherichia coli|Fluoroquinolones","R - resistant isolates, percentage  ","%","2001","HU","Hungary",5.058365750,""
"Antimicrobial resistance","Escherichia coli|Fluoroquinolones","R - resistant isolates, percentage  ","%","2001","IS","Iceland",3.703703700,""
"Antimicrobial resistance","Escherichia coli|Fluoroquinolones","R - resistant isolates, percentage  ","%","2001","LU","Luxembourg",4.232804230,""
"Antimicrobial resistance","Escherichia coli|Fluoroquinolones","R - resistant isolates, percentage  ","%","2001","MT","Malta",15.384615380,""
"Antimicrobial resistance","Escherichia coli|Fluoroquinolones","R - resistant isolates, percentage  ","%","2001","NL","Netherlands",5.419892790,""
"Antimicrobial resistance","Escherichia coli|Fluoroquinolones","R - resistant isolates, percentage  ","%","2001","NO","Norway",1.306413300,""
"Antimicrobial resistance","Escherichia coli|Fluoroquinolones","R - resistant isolates, percentage  ","%","2001","PL","Poland",8.602150530,""
"Antimicrobial resistance","Escherichia coli|Fluoroquinolones","R - resistant isolates, percentage  ","%","2001","PT","Portugal",17.525773190,""
"Antimicrobial resistance","Escherichia coli|Fluoroquinolones","R - resistant isolates, percentage  ","%","2001","SE","Sweden",3.739551250,""
"Antimicrobial resistance","Escherichia coli|Fluoroquinolones","R - resistant isolates, percentage  ","%","2001","SI","Slovenia",8.040201000,""
"Antimicrobial resistance","Escherichia coli|Fluoroquinolones","R - resistant isolates, percentage  ","%","2001","SK","Slovakia",15.555555550,""
"Antimicrobial resistance","Escherichia coli|Fluoroquinolones","R - resistant isolates, percentage  ","%","2001","UK","United Kingdom",6.204081630,""
"Antimicrobial resistance","Escherichia coli|Fluoroquinolones","R - resistant isolates, percentage  ","%","2002","AT","Austria",10.169491520,""
"Antimicrobial resistance","Escherichia coli|Fluoroquinolones","R - resistant isolates, percentage  ","%","2002","BE","Belgium",13.235294110,""
"Antimicrobial resistance","Escherichia coli|Fluoroquinolones","R - resistant isolates, percentage  ","%","2002","BG","Bulgaria",14.074074070,""
"Antimicrobial resistance","Escherichia coli|Fluoroquinolones","R - resistant isolates, percentage  ","%","2002","CZ","Czechia",10.403530890,""
"Antimicrobial resistance","Escherichia coli|Fluoroquinolones","R - resistant isolates, percentage  ","%","2002","DE","Germany",14.513108610,""
"Antimicrobial resistance","Escherichia coli|Fluoroquinolones","R - resistant isolates, percentage  ","%","2002","EE","Estonia",4.918032780,""
"Antimicrobial resistance","Escherichia coli|Fluoroquinolones","R - resistant isolates, percentage  ","%","2002","EL","Greece",13.139931740,""
"Antimicrobial resistance","Escherichia coli|Fluoroquinolones","R - resistant isolates, percentage  ","%","2002","ES","Spain",19.289749790,""
"Antimicrobial resistance","Escherichia coli|Fluoroquinolones","R - resistant isolates, percentage  ","%","2002","FI","Finland",6.341840680,""
"Antimicrobial resistance","Escherichia coli|Fluoroquinolones","R - resistant isolates, percentage  ","%","2002","FR","France",8.189482130,""
"Antimicrobial resistance","Escherichia coli|Fluoroquinolones","R - resistant isolates, percentage  ","%","2002","HR","Croatia",5.306122440,""
"Antimicrobial resistance","Escherichia coli|Fluoroquinolones","R - resistant isolates, percentage  ","%","2002","HU","Hungary",10.365853650,""
"Antimicrobial resistance","Escherichia coli|Fluoroquinolones","R - resistant isolates, percentage  ","%","2002","IE","Ireland",5.131761440,""
"Antimicrobial resistance","Escherichia coli|Fluoroquinolones","R - resistant isolates, percentage  ","%","2002","IS","Iceland",2.702702700,""
"Antimicrobial resistance","Escherichia coli|Fluoroquinolones","R - resistant isolates, percentage  ","%","2002","IT","Italy",21.069692050,""
"Antimicrobial resistance","Escherichia coli|Fluoroquinolones","R - resistant isolates, percentage  ","%","2002","LU","Luxembourg",9.433962260,""
"Antimicrobial resistance","Escherichia coli|Fluoroquinolones","R - resistant isolates, percentage  ","%","2002","MT","Malta",12.162162160,""
"Antimicrobial resistance","Escherichia coli|Fluoroquinolones","R - resistant isolates, percentage  ","%","2002","NL","Netherlands",5.428443240,""
"Antimicrobial resistance","Escherichia coli|Fluoroquinolones","R - resistant isolates, percentage  ","%","2002","NO","Norway",1.710261560,""
"Antimicrobial resistance","Escherichia coli|Fluoroquinolones","R - resistant isolates, percentage  ","%","2002","PL","Poland",10.526315780,""
"Antimicrobial resistance","Escherichia coli|Fluoroquinolones","R - resistant isolates, percentage  ","%","2002","PT","Portugal",23.484848480,""
"Antimicrobial resistance","Escherichia coli|Fluoroquinolones","R - resistant isolates, percentage  ","%","2002","RO","Romania",20.000000000,""
"Antimicrobial resistance","Escherichia coli|Fluoroquinolones","R - resistant isolates, percentage  ","%","2002","SE","Sweden",5.095277540,""
"Antimicrobial resistance","Escherichia coli|Fluoroquinolones","R - resistant isolates, percentage  ","%","2002","SI","Slovenia",11.980440090,""
"Antimicrobial resistance","Escherichia coli|Fluoroquinolones","R - resistant isolates, percentage  ","%","2002","SK","Slovakia",14.485981300,""
"Antimicrobial resistance","Escherichia coli|Fluoroquinolones","R - resistant isolates, percentage  ","%","2002","UK","United Kingdom",7.345286290,""
"Antimicrobial resistance","Escherichia coli|Fluoroquinolones","R - resistant isolates, percentage  ","%","2003","AT","Austria",14.124872050,""
"Antimicrobial resistance","Escherichia coli|Fluoroquinolones","R - resistant isolates, percentage  ","%","2003","BE","Belgium",11.566858080,""
"Antimicrobial resistance","Escherichia coli|Fluoroquinolones","R - resistant isolates, percentage  ","%","2003","BG","Bulgaria",19.354838700,""
"Antimicrobial resistance","Escherichia coli|Fluoroquinolones","R - resistant isolates, percentage  ","%","2003","CY","Cyprus",-,""
"Antimicrobial resistance","Escherichia coli|Fluoroquinolones","R - resistant isolates, percentage  ","%","2003","CZ","Czechia",13.208616780,""
"Antimicrobial resistance","Escherichia coli|Fluoroquinolones","R - resistant isolates, percentage  ","%","2003","DE","Germany",13.960703200,""
"Antimicrobial resistance","Escherichia coli|Fluoroquinolones","R - resistant isolates, percentage  ","%","2003","EE","Estonia",4.597701140,""
"Antimicrobial resistance","Escherichia coli|Fluoroquinolones","R - resistant isolates, percentage  ","%","2003","EL","Greece",12.265917600,""
"Antimicrobial resistance","Escherichia coli|Fluoroquinolones","R - resistant isolates, percentage  ","%","2003","ES","Spain",20.992800300,""
"Antimicrobial resistance","Escherichia coli|Fluoroquinolones","R - resistant isolates, percentage  ","%","2003","FI","Finland",5.102040810,""
"Antimicrobial resistance","Escherichia coli|Fluoroquinolones","R - resistant isolates, percentage  ","%","2003","FR","France",9.323906310,""
"Antimicrobial resistance","Escherichia coli|Fluoroquinolones","R - resistant isolates, percentage  ","%","2003","HR","Croatia",7.129798900,""
"Antimicrobial resistance","Escherichia coli|Fluoroquinolones","R - resistant isolates, percentage  ","%","2003","HU","Hungary",14.901477830,""
"Antimicrobial resistance","Escherichia coli|Fluoroquinolones","R - resistant isolates, percentage  ","%","2003","IE","Ireland",9.558823520,""
"Antimicrobial resistance","Escherichia coli|Fluoroquinolones","R - resistant isolates, percentage  ","%","2003","IS","Iceland",5.555555550,""
"Antimicrobial resistance","Escherichia coli|Fluoroquinolones","R - resistant isolates, percentage  ","%","2003","IT","Italy",24.810400860,""
"Antimicrobial resistance","Escherichia coli|Fluoroquinolones","R - resistant isolates, percentage  ","%","2003","LU","Luxembourg",11.946902650,""
"Antimicrobial resistance","Escherichia coli|Fluoroquinolones","R - resistant isolates, percentage  ","%","2003","MT","Malta",24.444444440,""
"Antimicrobial resistance","Escherichia coli|Fluoroquinolones","R - resistant isolates, percentage  ","%","2003","NL","Netherlands",7.219512190,""
"Antimicrobial resistance","Escherichia coli|Fluoroquinolones","R - resistant isolates, percentage  ","%","2003","NO","Norway",1.872659170,""
"Antimicrobial resistance","Escherichia coli|Fluoroquinolones","R - resistant isolates, percentage  ","%","2003","PL","Poland",6.611570240,""
"Antimicrobial resistance","Escherichia coli|Fluoroquinolones","R - resistant isolates, percentage  ","%","2003","PT","Portugal",25.841184380,""
"Antimicrobial resistance","Escherichia coli|Fluoroquinolones","R - resistant isolates, percentage  ","%","2003","RO","Romania",14.000000000,""
"Antimicrobial resistance","Escherichia coli|Fluoroquinolones","R - resistant isolates, percentage  ","%","2003","SE","Sweden",6.568407560,""
"Antimicrobial resistance","Escherichia coli|Fluoroquinolones","R - resistant isolates, percentage  ","%","2003","SI","Slovenia",11.221945130,""
"Antimicrobial resistance","Escherichia coli|Fluoroquinolones","R - resistant isolates, percentage  ","%","2003","SK","Slovakia",20.168067220,""
"Antimicrobial resistance","Escherichia coli|Fluoroquinolones","R - resistant isolates, percentage  ","%","2003","UK","United Kingdom",11.277831550,""
"Antimicrobial resistance","Escherichia coli|Fluoroquinolones","R - resistant isolates, percentage  ","%","2004","AT","Austria",16.720604090,""
"Antimicrobial resistance","Escherichia coli|Fluoroquinolones","R - resistant isolates, percentage  ","%","2004","BE","Belgium",15.378844710,""
"Antimicrobial resistance","Escherichia coli|Fluoroquinolones","R - resistant isolates, percentage  ","%","2004","BG","Bulgaria",23.926380360,""
"Antimicrobial resistance","Escherichia coli|Fluoroquinolones","R - resistant isolates, percentage  ","%","2004","CY","Cyprus",21.739130430,""
"Antimicrobial resistance","Escherichia coli|Fluoroquinolones","R - resistant isolates, percentage  ","%","2004","CZ","Czechia",15.928753180,""
"Antimicrobial resistance","Escherichia coli|Fluoroquinolones","R - resistant isolates, percentage  ","%","2004","DE","Germany",24.349286310,""
"Antimicrobial resistance","Escherichia coli|Fluoroquinolones","R - resistant isolates, percentage  ","%","2004","EE","Estonia",6.410256410,""
"Antimicrobial resistance","Escherichia coli|Fluoroquinolones","R - resistant isolates, percentage  ","%","2004","EL","Greece",11.617515630,""
"Antimicrobial resistance","Escherichia coli|Fluoroquinolones","R - resistant isolates, percentage  ","%","2004","ES","Spain",25.389497980,""
"Antimicrobial resistance","Escherichia coli|Fluoroquinolones","R - resistant isolates, percentage  ","%","2004","FI","Finland",7.259528130,""
"Antimicrobial resistance","Escherichia coli|Fluoroquinolones","R - resistant isolates, percentage  ","%","2004","FR","France",8.226950350,""
"Antimicrobial resistance","Escherichia coli|Fluoroquinolones","R - resistant isolates, percentage  ","%","2004","HR","Croatia",8.239700370,""
"Antimicrobial resistance","Escherichia coli|Fluoroquinolones","R - resistant isolates, percentage  ","%","2004","HU","Hungary",19.422863480,""
"Antimicrobial resistance","Escherichia coli|Fluoroquinolones","R - resistant isolates, percentage  ","%","2004","IE","Ireland",12.118713930,""
"Antimicrobial resistance","Escherichia coli|Fluoroquinolones","R - resistant isolates, percentage  ","%","2004","IS","Iceland",1.769911500,""
"Antimicrobial resistance","Escherichia coli|Fluoroquinolones","R - resistant isolates, percentage  ","%","2004","IT","Italy",27.838258160,""
"Antimicrobial resistance","Escherichia coli|Fluoroquinolones","R - resistant isolates, percentage  ","%","2004","LU","Luxembourg",17.592592590,""
"Antimicrobial resistance","Escherichia coli|Fluoroquinolones","R - resistant isolates, percentage  ","%","2004","MT","Malta",35.555555550,""
"Antimicrobial resistance","Escherichia coli|Fluoroquinolones","R - resistant isolates, percentage  ","%","2004","NL","Netherlands",6.598712440,""
"Antimicrobial resistance","Escherichia coli|Fluoroquinolones","R - resistant isolates, percentage  ","%","2004","NO","Norway",4.367606910,""
"Antimicrobial resistance","Escherichia coli|Fluoroquinolones","R - resistant isolates, percentage  ","%","2004","PL","Poland",8.556149730,""
"Antimicrobial resistance","Escherichia coli|Fluoroquinolones","R - resistant isolates, percentage  ","%","2004","PT","Portugal",26.703755210,""
"Antimicrobial resistance","Escherichia coli|Fluoroquinolones","R - resistant isolates, percentage  ","%","2004","RO","Romania",20.930232550,""
"Antimicrobial resistance","Escherichia coli|Fluoroquinolones","R - resistant isolates, percentage  ","%","2004","SE","Sweden",7.581660170,""
"Antimicrobial resistance","Escherichia coli|Fluoroquinolones","R - resistant isolates, percentage  ","%","2004","SI","Slovenia",12.390924950,""
"Antimicrobial resistance","Escherichia coli|Fluoroquinolones","R - resistant isolates, percentage  ","%","2004","SK","Slovakia",24.025974020,""
"Antimicrobial resistance","Escherichia coli|Fluoroquinolones","R - resistant isolates, percentage  ","%","2004","UK","United Kingdom",14.169629250,""
"Antimicrobial resistance","Escherichia coli|Fluoroquinolones","R - resistant isolates, percentage  ","%","2005","AT","Austria",19.375305020,""
"Antimicrobial resistance","Escherichia coli|Fluoroquinolones","R - resistant isolates, percentage  ","%","2005","BE","Belgium",16.837782340,""
"Antimicrobial resistance","Escherichia coli|Fluoroquinolones","R - resistant isolates, percentage  ","%","2005","BG","Bulgaria",28.571428570,""
"Antimicrobial resistance","Escherichia coli|Fluoroquinolones","R - resistant isolates, percentage  ","%","2005","CY","Cyprus",28.767123280,""
"Antimicrobial resistance","Escherichia coli|Fluoroquinolones","R - resistant isolates, percentage  ","%","2005","CZ","Czechia",20.241827130,""
"Antimicrobial resistance","Escherichia coli|Fluoroquinolones","R - resistant isolates, percentage  ","%","2005","DE","Germany",23.406478570,""
"Antimicrobial resistance","Escherichia coli|Fluoroquinolones","R - resistant isolates, percentage  ","%","2005","DK","Denmark",4.749340360,""
"Antimicrobial resistance","Escherichia coli|Fluoroquinolones","R - resistant isolates, percentage  ","%","2005","EE","Estonia",5.298013240,""
"Antimicrobial resistance","Escherichia coli|Fluoroquinolones","R - resistant isolates, percentage  ","%","2005","EL","Greece",12.323943660,""
"Antimicrobial resistance","Escherichia coli|Fluoroquinolones","R - resistant isolates, percentage  ","%","2005","ES","Spain",28.165720010,""
"Antimicrobial resistance","Escherichia coli|Fluoroquinolones","R - resistant isolates, percentage  ","%","2005","FI","Finland",7.401032700,""
"Antimicrobial resistance","Escherichia coli|Fluoroquinolones","R - resistant isolates, percentage  ","%","2005","FR","France",11.015262110,""
"Antimicrobial resistance","Escherichia coli|Fluoroquinolones","R - resistant isolates, percentage  ","%","2005","HR","Croatia",8.791208790,""
"Antimicrobial resistance","Escherichia coli|Fluoroquinolones","R - resistant isolates, percentage  ","%","2005","HU","Hungary",21.923474660,""
"Antimicrobial resistance","Escherichia coli|Fluoroquinolones","R - resistant isolates, percentage  ","%","2005","IE","Ireland",16.867469870,""
"Antimicrobial resistance","Escherichia coli|Fluoroquinolones","R - resistant isolates, percentage  ","%","2005","IS","Iceland",3.418803410,""
"Antimicrobial resistance","Escherichia coli|Fluoroquinolones","R - resistant isolates, percentage  ","%","2005","IT","Italy",28.244972570,""
"Antimicrobial resistance","Escherichia coli|Fluoroquinolones","R - resistant isolates, percentage  ","%","2005","LU","Luxembourg",18.617021270,""
"Antimicrobial resistance","Escherichia coli|Fluoroquinolones","R - resistant isolates, percentage  ","%","2005","MT","Malta",30.588235290,""
"Antimicrobial resistance","Escherichia coli|Fluoroquinolones","R - resistant isolates, percentage  ","%","2005","NL","Netherlands",9.934701490,""
"Antimicrobial resistance","Escherichia coli|Fluoroquinolones","R - resistant isolates, percentage  ","%","2005","NO","Norway",4.683648310,""
"Antimicrobial resistance","Escherichia coli|Fluoroquinolones","R - resistant isolates, percentage  ","%","2005","PL","Poland",19.886363630,""
"Antimicrobial resistance","Escherichia coli|Fluoroquinolones","R - resistant isolates, percentage  ","%","2005","PT","Portugal",29.281767950,""
"Antimicrobial resistance","Escherichia coli|Fluoroquinolones","R - resistant isolates, percentage  ","%","2005","RO","Romania",8.860759490,""
"Antimicrobial resistance","Escherichia coli|Fluoroquinolones","R - resistant isolates, percentage  ","%","2005","SE","Sweden",6.322028310,""
"Antimicrobial resistance","Escherichia coli|Fluoroquinolones","R - resistant isolates, percentage  ","%","2005","SI","Slovenia",12.024353120,""
"Antimicrobial resistance","Escherichia coli|Fluoroquinolones","R - resistant isolates, percentage  ","%","2005","SK","Slovakia",14.393939390,""
"Antimicrobial resistance","Escherichia coli|Fluoroquinolones","R - resistant isolates, percentage  ","%","2005","UK","United Kingdom",16.831217670,""
"Antimicrobial resistance","Escherichia coli|Fluoroquinolones","R - resistant isolates, percentage  ","%","2006","AT","Austria",22.086885910,""
"Antimicrobial resistance","Escherichia coli|Fluoroquinolones","R - resistant isolates, percentage  ","%","2006","BE","Belgium",19.369369360,""
"Antimicrobial resistance","Escherichia coli|Fluoroquinolones","R - resistant isolates, percentage  ","%","2006","BG","Bulgaria",26.178010470,""
"Antimicrobial resistance","Escherichia coli|Fluoroquinolones","R - resistant isolates, percentage  ","%","2006","CY","Cyprus",34.831460670,""
"Antimicrobial resistance","Escherichia coli|Fluoroquinolones","R - resistant isolates, percentage  ","%","2006","CZ","Czechia",23.227611940,""
"Antimicrobial resistance","Escherichia coli|Fluoroquinolones","R - resistant isolates, percentage  ","%","2006","DE","Germany",29.279811090,""
"Antimicrobial resistance","Escherichia coli|Fluoroquinolones","R - resistant isolates, percentage  ","%","2006","DK","Denmark",6.624472570,""
"Antimicrobial resistance","Escherichia coli|Fluoroquinolones","R - resistant isolates, percentage  ","%","2006","EE","Estonia",6.565656560,""
"Antimicrobial resistance","Escherichia coli|Fluoroquinolones","R - resistant isolates, percentage  ","%","2006","EL","Greece",14.480000000,""
"Antimicrobial resistance","Escherichia coli|Fluoroquinolones","R - resistant isolates, percentage  ","%","2006","ES","Spain",28.005952380,""
"Antimicrobial resistance","Escherichia coli|Fluoroquinolones","R - resistant isolates, percentage  ","%","2006","FI","Finland",8.213333330,""
"Antimicrobial resistance","Escherichia coli|Fluoroquinolones","R - resistant isolates, percentage  ","%","2006","FR","France",13.822242340,""
"Antimicrobial resistance","Escherichia coli|Fluoroquinolones","R - resistant isolates, percentage  ","%","2006","HR","Croatia",15.463917520,""
"Antimicrobial resistance","Escherichia coli|Fluoroquinolones","R - resistant isolates, percentage  ","%","2006","HU","Hungary",26.610644250,""
"Antimicrobial resistance","Escherichia coli|Fluoroquinolones","R - resistant isolates, percentage  ","%","2006","IE","Ireland",20.974706970,""
"Antimicrobial resistance","Escherichia coli|Fluoroquinolones","R - resistant isolates, percentage  ","%","2006","IS","Iceland",11.570247930,""
"Antimicrobial resistance","Escherichia coli|Fluoroquinolones","R - resistant isolates, percentage  ","%","2006","IT","Italy",26.877934270,""
"Antimicrobial resistance","Escherichia coli|Fluoroquinolones","R - resistant isolates, percentage  ","%","2006","LT","Lithuania",12.280701750,""
"Antimicrobial resistance","Escherichia coli|Fluoroquinolones","R - resistant isolates, percentage  ","%","2006","LU","Luxembourg",19.760479040,""
"Antimicrobial resistance","Escherichia coli|Fluoroquinolones","R - resistant isolates, percentage  ","%","2006","LV","Latvia",10.000000000,""
"Antimicrobial resistance","Escherichia coli|Fluoroquinolones","R - resistant isolates, percentage  ","%","2006","MT","Malta",31.914893610,""
"Antimicrobial resistance","Escherichia coli|Fluoroquinolones","R - resistant isolates, percentage  ","%","2006","NL","Netherlands",11.205073990,""
"Antimicrobial resistance","Escherichia coli|Fluoroquinolones","R - resistant isolates, percentage  ","%","2006","NO","Norway",4.868154150,""
"Antimicrobial resistance","Escherichia coli|Fluoroquinolones","R - resistant isolates, percentage  ","%","2006","PL","Poland",20.388349510,""
"Antimicrobial resistance","Escherichia coli|Fluoroquinolones","R - resistant isolates, percentage  ","%","2006","PT","Portugal",27.674418600,""
"Antimicrobial resistance","Escherichia coli|Fluoroquinolones","R - resistant isolates, percentage  ","%","2006","RO","Romania",41.025641020,""
"Antimicrobial resistance","Escherichia coli|Fluoroquinolones","R - resistant isolates, percentage  ","%","2006","SE","Sweden",7.953144260,""
"Antimicrobial resistance","Escherichia coli|Fluoroquinolones","R - resistant isolates, percentage  ","%","2006","SI","Slovenia",15.202231520,""
"Antimicrobial resistance","Escherichia coli|Fluoroquinolones","R - resistant isolates, percentage  ","%","2006","UK","United Kingdom",19.907192570,""
"Antimicrobial resistance","Escherichia coli|Fluoroquinolones","R - resistant isolates, percentage  ","%","2007","AT","Austria",25.681548790,""
"Antimicrobial resistance","Escherichia coli|Fluoroquinolones","R - resistant isolates, percentage  ","%","2007","BE","Belgium",19.167264890,""
"Antimicrobial resistance","Escherichia coli|Fluoroquinolones","R - resistant isolates, percentage  ","%","2007","BG","Bulgaria",34.645669290,""
"Antimicrobial resistance","Escherichia coli|Fluoroquinolones","R - resistant isolates, percentage  ","%","2007","CY","Cyprus",39.449541280,""
"Antimicrobial resistance","Escherichia coli|Fluoroquinolones","R - resistant isolates, percentage  ","%","2007","CZ","Czechia",24.147963420,""
"Antimicrobial resistance","Escherichia coli|Fluoroquinolones","R - resistant isolates, percentage  ","%","2007","DE","Germany",29.732510280,""
"Antimicrobial resistance","Escherichia coli|Fluoroquinolones","R - resistant isolates, percentage  ","%","2007","DK","Denmark",9.297374020,""
"Antimicrobial resistance","Escherichia coli|Fluoroquinolones","R - resistant isolates, percentage  ","%","2007","EE","Estonia",6.730769230,""
"Antimicrobial resistance","Escherichia coli|Fluoroquinolones","R - resistant isolates, percentage  ","%","2007","EL","Greece",19.152404230,""
"Antimicrobial resistance","Escherichia coli|Fluoroquinolones","R - resistant isolates, percentage  ","%","2007","ES","Spain",30.445476900,""
"Antimicrobial resistance","Escherichia coli|Fluoroquinolones","R - resistant isolates, percentage  ","%","2007","FI","Finland",7.696254480,""
"Antimicrobial resistance","Escherichia coli|Fluoroquinolones","R - resistant isolates, percentage  ","%","2007","FR","France",14.792084160,""
"Antimicrobial resistance","Escherichia coli|Fluoroquinolones","R - resistant isolates, percentage  ","%","2007","HR","Croatia",13.139534880,""
"Antimicrobial resistance","Escherichia coli|Fluoroquinolones","R - resistant isolates, percentage  ","%","2007","HU","Hungary",26.306769490,""
"Antimicrobial resistance","Escherichia coli|Fluoroquinolones","R - resistant isolates, percentage  ","%","2007","IE","Ireland",21.309592180,""
"Antimicrobial resistance","Escherichia coli|Fluoroquinolones","R - resistant isolates, percentage  ","%","2007","IS","Iceland",16.666666660,""
"Antimicrobial resistance","Escherichia coli|Fluoroquinolones","R - resistant isolates, percentage  ","%","2007","IT","Italy",31.525076760,""
"Antimicrobial resistance","Escherichia coli|Fluoroquinolones","R - resistant isolates, percentage  ","%","2007","LT","Lithuania",9.482758620,""
"Antimicrobial resistance","Escherichia coli|Fluoroquinolones","R - resistant isolates, percentage  ","%","2007","LU","Luxembourg",21.454545450,""
"Antimicrobial resistance","Escherichia coli|Fluoroquinolones","R - resistant isolates, percentage  ","%","2007","LV","Latvia",17.105263150,""
"Antimicrobial resistance","Escherichia coli|Fluoroquinolones","R - resistant isolates, percentage  ","%","2007","MT","Malta",35.042735040,""
"Antimicrobial resistance","Escherichia coli|Fluoroquinolones","R - resistant isolates, percentage  ","%","2007","NL","Netherlands",12.587155960,""
"Antimicrobial resistance","Escherichia coli|Fluoroquinolones","R - resistant isolates, percentage  ","%","2007","NO","Norway",7.086614170,""
"Antimicrobial resistance","Escherichia coli|Fluoroquinolones","R - resistant isolates, percentage  ","%","2007","PL","Poland",12.890625000,""
"Antimicrobial resistance","Escherichia coli|Fluoroquinolones","R - resistant isolates, percentage  ","%","2007","PT","Portugal",29.848594080,""
"Antimicrobial resistance","Escherichia coli|Fluoroquinolones","R - resistant isolates, percentage  ","%","2007","RO","Romania",26.666666660,""
"Antimicrobial resistance","Escherichia coli|Fluoroquinolones","R - resistant isolates, percentage  ","%","2007","SE","Sweden",10.322580640,""
"Antimicrobial resistance","Escherichia coli|Fluoroquinolones","R - resistant isolates, percentage  ","%","2007","SI","Slovenia",17.156286720,""
"Antimicrobial resistance","Escherichia coli|Fluoroquinolones","R - resistant isolates, percentage  ","%","2007","UK","United Kingdom",17.897196260,""
"Antimicrobial resistance","Escherichia coli|Fluoroquinolones","R - resistant isolates, percentage  ","%","2008","AT","Austria",22.924369740,""
"Antimicrobial resistance","Escherichia coli|Fluoroquinolones","R - resistant isolates, percentage  ","%","2008","BE","Belgium",16.842900300,""
"Antimicrobial resistance","Escherichia coli|Fluoroquinolones","R - resistant isolates, percentage  ","%","2008","BG","Bulgaria",31.506849310,""
"Antimicrobial resistance","Escherichia coli|Fluoroquinolones","R - resistant isolates, percentage  ","%","2008","CY","Cyprus",45.378151260,""
"Antimicrobial resistance","Escherichia coli|Fluoroquinolones","R - resistant isolates, percentage  ","%","2008","CZ","Czechia",26.023391810,""
"Antimicrobial resistance","Escherichia coli|Fluoroquinolones","R - resistant isolates, percentage  ","%","2008","DE","Germany",23.416149060,""
"Antimicrobial resistance","Escherichia coli|Fluoroquinolones","R - resistant isolates, percentage  ","%","2008","DK","Denmark",10.172299530,""
"Antimicrobial resistance","Escherichia coli|Fluoroquinolones","R - resistant isolates, percentage  ","%","2008","EE","Estonia",6.746031740,""
"Antimicrobial resistance","Escherichia coli|Fluoroquinolones","R - resistant isolates, percentage  ","%","2008","EL","Greece",22.406639000,""
"Antimicrobial resistance","Escherichia coli|Fluoroquinolones","R - resistant isolates, percentage  ","%","2008","ES","Spain",32.520775620,""
"Antimicrobial resistance","Escherichia coli|Fluoroquinolones","R - resistant isolates, percentage  ","%","2008","FI","Finland",8.724513980,""
"Antimicrobial resistance","Escherichia coli|Fluoroquinolones","R - resistant isolates, percentage  ","%","2008","FR","France",15.698062790,""
"Antimicrobial resistance","Escherichia coli|Fluoroquinolones","R - resistant isolates, percentage  ","%","2008","HR","Croatia",14.989059080,""
"Antimicrobial resistance","Escherichia coli|Fluoroquinolones","R - resistant isolates, percentage  ","%","2008","HU","Hungary",26.124401910,""
"Antimicrobial resistance","Escherichia coli|Fluoroquinolones","R - resistant isolates, percentage  ","%","2008","IE","Ireland",22.629310340,""
"Antimicrobial resistance","Escherichia coli|Fluoroquinolones","R - resistant isolates, percentage  ","%","2008","IS","Iceland",6.086956520,""
"Antimicrobial resistance","Escherichia coli|Fluoroquinolones","R - resistant isolates, percentage  ","%","2008","IT","Italy",37.596471880,""
"Antimicrobial resistance","Escherichia coli|Fluoroquinolones","R - resistant isolates, percentage  ","%","2008","LT","Lithuania",13.815789470,""
"Antimicrobial resistance","Escherichia coli|Fluoroquinolones","R - resistant isolates, percentage  ","%","2008","LU","Luxembourg",22.112211220,""
"Antimicrobial resistance","Escherichia coli|Fluoroquinolones","R - resistant isolates, percentage  ","%","2008","LV","Latvia",14.444444440,""
"Antimicrobial resistance","Escherichia coli|Fluoroquinolones","R - resistant isolates, percentage  ","%","2008","MT","Malta",33.593750000,""
"Antimicrobial resistance","Escherichia coli|Fluoroquinolones","R - resistant isolates, percentage  ","%","2008","NL","Netherlands",14.394278050,""
"Antimicrobial resistance","Escherichia coli|Fluoroquinolones","R - resistant isolates, percentage  ","%","2008","NO","Norway",7.390817460,""
"Antimicrobial resistance","Escherichia coli|Fluoroquinolones","R - resistant isolates, percentage  ","%","2008","PL","Poland",20.238095230,""
"Antimicrobial resistance","Escherichia coli|Fluoroquinolones","R - resistant isolates, percentage  ","%","2008","PT","Portugal",28.598604940,""
"Antimicrobial resistance","Escherichia coli|Fluoroquinolones","R - resistant isolates, percentage  ","%","2008","RO","Romania",26.923076920,""
"Antimicrobial resistance","Escherichia coli|Fluoroquinolones","R - resistant isolates, percentage  ","%","2008","SE","Sweden",10.279329600,""
"Antimicrobial resistance","Escherichia coli|Fluoroquinolones","R - resistant isolates, percentage  ","%","2008","SI","Slovenia",16.933638440,""
"Antimicrobial resistance","Escherichia coli|Fluoroquinolones","R - resistant isolates, percentage  ","%","2008","UK","United Kingdom",15.105485230,""
"Antimicrobial resistance","Escherichia coli|Fluoroquinolones","R - resistant isolates, percentage  ","%","2009","AT","Austria",20.489296630,""
"Antimicrobial resistance","Escherichia coli|Fluoroquinolones","R - resistant isolates, percentage  ","%","2009","BE","Belgium",19.946808510,""
"Antimicrobial resistance","Escherichia coli|Fluoroquinolones","R - resistant isolates, percentage  ","%","2009","BG","Bulgaria",27.979274610,""
"Antimicrobial resistance","Escherichia coli|Fluoroquinolones","R - resistant isolates, percentage  ","%","2009","CY","Cyprus",43.382352940,""
"Antimicrobial resistance","Escherichia coli|Fluoroquinolones","R - resistant isolates, percentage  ","%","2009","CZ","Czechia",23.168963010,""
"Antimicrobial resistance","Escherichia coli|Fluoroquinolones","R - resistant isolates, percentage  ","%","2009","DE","Germany",23.402727920,""
"Antimicrobial resistance","Escherichia coli|Fluoroquinolones","R - resistant isolates, percentage  ","%","2009","DK","Denmark",13.182618900,""
"Antimicrobial resistance","Escherichia coli|Fluoroquinolones","R - resistant isolates, percentage  ","%","2009","EE","Estonia",8.278145690,""
"Antimicrobial resistance","Escherichia coli|Fluoroquinolones","R - resistant isolates, percentage  ","%","2009","EL","Greece",23.421926910,""
"Antimicrobial resistance","Escherichia coli|Fluoroquinolones","R - resistant isolates, percentage  ","%","2009","ES","Spain",31.496062990,""
"Antimicrobial resistance","Escherichia coli|Fluoroquinolones","R - resistant isolates, percentage  ","%","2009","FI","Finland",9.176788120,""
"Antimicrobial resistance","Escherichia coli|Fluoroquinolones","R - resistant isolates, percentage  ","%","2009","FR","France",18.556207350,""
"Antimicrobial resistance","Escherichia coli|Fluoroquinolones","R - resistant isolates, percentage  ","%","2009","HU","Hungary",30.497131930,""
"Antimicrobial resistance","Escherichia coli|Fluoroquinolones","R - resistant isolates, percentage  ","%","2009","IE","Ireland",21.695760590,""
"Antimicrobial resistance","Escherichia coli|Fluoroquinolones","R - resistant isolates, percentage  ","%","2009","IS","Iceland",7.070707070,""
"Antimicrobial resistance","Escherichia coli|Fluoroquinolones","R - resistant isolates, percentage  ","%","2009","IT","Italy",36.152954800,""
"Antimicrobial resistance","Escherichia coli|Fluoroquinolones","R - resistant isolates, percentage  ","%","2009","LT","Lithuania",14.576271180,""
"Antimicrobial resistance","Escherichia coli|Fluoroquinolones","R - resistant isolates, percentage  ","%","2009","LU","Luxembourg",25.581395340,""
"Antimicrobial resistance","Escherichia coli|Fluoroquinolones","R - resistant isolates, percentage  ","%","2009","LV","Latvia",23.529411760,""
"Antimicrobial resistance","Escherichia coli|Fluoroquinolones","R - resistant isolates, percentage  ","%","2009","MT","Malta",30.379746830,""
"Antimicrobial resistance","Escherichia coli|Fluoroquinolones","R - resistant isolates, percentage  ","%","2009","NL","Netherlands",11.022297010,""
"Antimicrobial resistance","Escherichia coli|Fluoroquinolones","R - resistant isolates, percentage  ","%","2009","NO","Norway",8.688524590,""
"Antimicrobial resistance","Escherichia coli|Fluoroquinolones","R - resistant isolates, percentage  ","%","2009","PL","Poland",23.104056430,""
"Antimicrobial resistance","Escherichia coli|Fluoroquinolones","R - resistant isolates, percentage  ","%","2009","PT","Portugal",27.724277740,""
"Antimicrobial resistance","Escherichia coli|Fluoroquinolones","R - resistant isolates, percentage  ","%","2009","RO","Romania",18.181818180,""
"Antimicrobial resistance","Escherichia coli|Fluoroquinolones","R - resistant isolates, percentage  ","%","2009","SE","Sweden",-,""
"Antimicrobial resistance","Escherichia coli|Fluoroquinolones","R - resistant isolates, percentage  ","%","2009","SI","Slovenia",18.253079500,""
"Antimicrobial resistance","Escherichia coli|Fluoroquinolones","R - resistant isolates, percentage  ","%","2009","UK","United Kingdom",18.038740920,""
"Antimicrobial resistance","Escherichia coli|Fluoroquinolones","R - resistant isolates, percentage  ","%","2010","AT","Austria",20.888888880,""
"Antimicrobial resistance","Escherichia coli|Fluoroquinolones","R - resistant isolates, percentage  ","%","2010","BE","Belgium",21.548821540,""
"Antimicrobial resistance","Escherichia coli|Fluoroquinolones","R - resistant isolates, percentage  ","%","2010","BG","Bulgaria",33.112582780,""
"Antimicrobial resistance","Escherichia coli|Fluoroquinolones","R - resistant isolates, percentage  ","%","2010","CY","Cyprus",42.753623180,""
"Antimicrobial resistance","Escherichia coli|Fluoroquinolones","R - resistant isolates, percentage  ","%","2010","CZ","Czechia",22.732769040,""
"Antimicrobial resistance","Escherichia coli|Fluoroquinolones","R - resistant isolates, percentage  ","%","2010","DE","Germany",24.759695060,""
"Antimicrobial resistance","Escherichia coli|Fluoroquinolones","R - resistant isolates, percentage  ","%","2010","DK","Denmark",13.739734680,""
"Antimicrobial resistance","Escherichia coli|Fluoroquinolones","R - resistant isolates, percentage  ","%","2010","EE","Estonia",8.365019010,""
"Antimicrobial resistance","Escherichia coli|Fluoroquinolones","R - resistant isolates, percentage  ","%","2010","EL","Greece",24.406332450,""
"Antimicrobial resistance","Escherichia coli|Fluoroquinolones","R - resistant isolates, percentage  ","%","2010","ES","Spain",32.759831460,""
"Antimicrobial resistance","Escherichia coli|Fluoroquinolones","R - resistant isolates, percentage  ","%","2010","FI","Finland",9.215686270,""
"Antimicrobial resistance","Escherichia coli|Fluoroquinolones","R - resistant isolates, percentage  ","%","2010","FR","France",17.541911840,""
"Antimicrobial resistance","Escherichia coli|Fluoroquinolones","R - resistant isolates, percentage  ","%","2010","HR","Croatia",17.009132420,""
"Antimicrobial resistance","Escherichia coli|Fluoroquinolones","R - resistant isolates, percentage  ","%","2010","HU","Hungary",36.576444760,""
"Antimicrobial resistance","Escherichia coli|Fluoroquinolones","R - resistant isolates, percentage  ","%","2010","IE","Ireland",22.862541330,""
"Antimicrobial resistance","Escherichia coli|Fluoroquinolones","R - resistant isolates, percentage  ","%","2010","IS","Iceland",10.526315780,""
"Antimicrobial resistance","Escherichia coli|Fluoroquinolones","R - resistant isolates, percentage  ","%","2010","IT","Italy",39.203612470,""
"Antimicrobial resistance","Escherichia coli|Fluoroquinolones","R - resistant isolates, percentage  ","%","2010","LT","Lithuania",13.513513510,""
"Antimicrobial resistance","Escherichia coli|Fluoroquinolones","R - resistant isolates, percentage  ","%","2010","LU","Luxembourg",26.271186440,""
"Antimicrobial resistance","Escherichia coli|Fluoroquinolones","R - resistant isolates, percentage  ","%","2010","LV","Latvia",14.432989690,""
"Antimicrobial resistance","Escherichia coli|Fluoroquinolones","R - resistant isolates, percentage  ","%","2010","MT","Malta",34.375000000,""
"Antimicrobial resistance","Escherichia coli|Fluoroquinolones","R - resistant isolates, percentage  ","%","2010","NL","Netherlands",13.880320780,""
"Antimicrobial resistance","Escherichia coli|Fluoroquinolones","R - resistant isolates, percentage  ","%","2010","NO","Norway",8.734009700,""
"Antimicrobial resistance","Escherichia coli|Fluoroquinolones","R - resistant isolates, percentage  ","%","2010","PL","Poland",25.759768450,""
"Antimicrobial resistance","Escherichia coli|Fluoroquinolones","R - resistant isolates, percentage  ","%","2010","PT","Portugal",27.277459650,""
"Antimicrobial resistance","Escherichia coli|Fluoroquinolones","R - resistant isolates, percentage  ","%","2010","RO","Romania",24.242424240,""
"Antimicrobial resistance","Escherichia coli|Fluoroquinolones","R - resistant isolates, percentage  ","%","2010","SE","Sweden",10.505252620,""
"Antimicrobial resistance","Escherichia coli|Fluoroquinolones","R - resistant isolates, percentage  ","%","2010","SI","Slovenia",19.327731090,""
"Antimicrobial resistance","Escherichia coli|Fluoroquinolones","R - resistant isolates, percentage  ","%","2010","UK","United Kingdom",17.300103840,""
"Antimicrobial resistance","Escherichia coli|Fluoroquinolones","R - resistant isolates, percentage  ","%","2011","AT","Austria",22.264389620,""
"Antimicrobial resistance","Escherichia coli|Fluoroquinolones","R - resistant isolates, percentage  ","%","2011","BE","Belgium",21.527190750,""
"Antimicrobial resistance","Escherichia coli|Fluoroquinolones","R - resistant isolates, percentage  ","%","2011","BG","Bulgaria",30.167597760,""
"Antimicrobial resistance","Escherichia coli|Fluoroquinolones","R - resistant isolates, percentage  ","%","2011","CY","Cyprus",47.445255470,""
"Antimicrobial resistance","Escherichia coli|Fluoroquinolones","R - resistant isolates, percentage  ","%","2011","CZ","Czechia",23.489932880,""
"Antimicrobial resistance","Escherichia coli|Fluoroquinolones","R - resistant isolates, percentage  ","%","2011","DE","Germany",23.734873480,""
"Antimicrobial resistance","Escherichia coli|Fluoroquinolones","R - resistant isolates, percentage  ","%","2011","DK","Denmark",14.066424780,""
"Antimicrobial resistance","Escherichia coli|Fluoroquinolones","R - resistant isolates, percentage  ","%","2011","EE","Estonia",9.935897430,""
"Antimicrobial resistance","Escherichia coli|Fluoroquinolones","R - resistant isolates, percentage  ","%","2011","EL","Greece",26.587578500,""
"Antimicrobial resistance","Escherichia coli|Fluoroquinolones","R - resistant isolates, percentage  ","%","2011","ES","Spain",34.482758620,""
"Antimicrobial resistance","Escherichia coli|Fluoroquinolones","R - resistant isolates, percentage  ","%","2011","FI","Finland",10.960264900,""
"Antimicrobial resistance","Escherichia coli|Fluoroquinolones","R - resistant isolates, percentage  ","%","2011","FR","France",17.920404870,""
"Antimicrobial resistance","Escherichia coli|Fluoroquinolones","R - resistant isolates, percentage  ","%","2011","HR","Croatia",20.273109240,""
"Antimicrobial resistance","Escherichia coli|Fluoroquinolones","R - resistant isolates, percentage  ","%","2011","HU","Hungary",31.162407250,""
"Antimicrobial resistance","Escherichia coli|Fluoroquinolones","R - resistant isolates, percentage  ","%","2011","IE","Ireland",22.944728280,""
"Antimicrobial resistance","Escherichia coli|Fluoroquinolones","R - resistant isolates, percentage  ","%","2011","IS","Iceland",14.049586770,""
"Antimicrobial resistance","Escherichia coli|Fluoroquinolones","R - resistant isolates, percentage  ","%","2011","IT","Italy",40.547656660,""
"Antimicrobial resistance","Escherichia coli|Fluoroquinolones","R - resistant isolates, percentage  ","%","2011","LT","Lithuania",12.860892380,""
"Antimicrobial resistance","Escherichia coli|Fluoroquinolones","R - resistant isolates, percentage  ","%","2011","LU","Luxembourg",24.079320110,""
"Antimicrobial resistance","Escherichia coli|Fluoroquinolones","R - resistant isolates, percentage  ","%","2011","LV","Latvia",16.793893120,""
"Antimicrobial resistance","Escherichia coli|Fluoroquinolones","R - resistant isolates, percentage  ","%","2011","MT","Malta",31.963470310,""
"Antimicrobial resistance","Escherichia coli|Fluoroquinolones","R - resistant isolates, percentage  ","%","2011","NL","Netherlands",14.443625640,""
"Antimicrobial resistance","Escherichia coli|Fluoroquinolones","R - resistant isolates, percentage  ","%","2011","NO","Norway",8.982035920,""
"Antimicrobial resistance","Escherichia coli|Fluoroquinolones","R - resistant isolates, percentage  ","%","2011","PL","Poland",27.344434700,""
"Antimicrobial resistance","Escherichia coli|Fluoroquinolones","R - resistant isolates, percentage  ","%","2011","PT","Portugal",27.230046940,""
"Antimicrobial resistance","Escherichia coli|Fluoroquinolones","R - resistant isolates, percentage  ","%","2011","RO","Romania",28.000000000,""
"Antimicrobial resistance","Escherichia coli|Fluoroquinolones","R - resistant isolates, percentage  ","%","2011","SE","Sweden",10.056851590,""
"Antimicrobial resistance","Escherichia coli|Fluoroquinolones","R - resistant isolates, percentage  ","%","2011","SI","Slovenia",20.658682630,""
"Antimicrobial resistance","Escherichia coli|Fluoroquinolones","R - resistant isolates, percentage  ","%","2011","SK","Slovakia",41.813261160,""
"Antimicrobial resistance","Escherichia coli|Fluoroquinolones","R - resistant isolates, percentage  ","%","2011","UK","United Kingdom",17.541337160,""
"Antimicrobial resistance","Escherichia coli|Fluoroquinolones","R - resistant isolates, percentage  ","%","2012","AT","Austria",20.554016620,""
"Antimicrobial resistance","Escherichia coli|Fluoroquinolones","R - resistant isolates, percentage  ","%","2012","BE","Belgium",22.162162160,""
"Antimicrobial resistance","Escherichia coli|Fluoroquinolones","R - resistant isolates, percentage  ","%","2012","BG","Bulgaria",34.080717480,""
"Antimicrobial resistance","Escherichia coli|Fluoroquinolones","R - resistant isolates, percentage  ","%","2012","CY","Cyprus",42.045454540,""
"Antimicrobial resistance","Escherichia coli|Fluoroquinolones","R - resistant isolates, percentage  ","%","2012","CZ","Czechia",20.968316120,""
"Antimicrobial resistance","Escherichia coli|Fluoroquinolones","R - resistant isolates, percentage  ","%","2012","DE","Germany",21.107927410,""
"Antimicrobial resistance","Escherichia coli|Fluoroquinolones","R - resistant isolates, percentage  ","%","2012","DK","Denmark",14.121845520,""
"Antimicrobial resistance","Escherichia coli|Fluoroquinolones","R - resistant isolates, percentage  ","%","2012","EE","Estonia",14.144736840,""
"Antimicrobial resistance","Escherichia coli|Fluoroquinolones","R - resistant isolates, percentage  ","%","2012","EL","Greece",29.081632650,""
"Antimicrobial resistance","Escherichia coli|Fluoroquinolones","R - resistant isolates, percentage  ","%","2012","ES","Spain",33.852140070,""
"Antimicrobial resistance","Escherichia coli|Fluoroquinolones","R - resistant isolates, percentage  ","%","2012","FI","Finland",11.733080320,""
"Antimicrobial resistance","Escherichia coli|Fluoroquinolones","R - resistant isolates, percentage  ","%","2012","FR","France",17.845828930,""
"Antimicrobial resistance","Escherichia coli|Fluoroquinolones","R - resistant isolates, percentage  ","%","2012","HR","Croatia",17.040358740,""
"Antimicrobial resistance","Escherichia coli|Fluoroquinolones","R - resistant isolates, percentage  ","%","2012","HU","Hungary",28.930366110,""
"Antimicrobial resistance","Escherichia coli|Fluoroquinolones","R - resistant isolates, percentage  ","%","2012","IE","Ireland",24.285714280,""
"Antimicrobial resistance","Escherichia coli|Fluoroquinolones","R - resistant isolates, percentage  ","%","2012","IS","Iceland",9.701492530,""
"Antimicrobial resistance","Escherichia coli|Fluoroquinolones","R - resistant isolates, percentage  ","%","2012","IT","Italy",42.054794520,""
"Antimicrobial resistance","Escherichia coli|Fluoroquinolones","R - resistant isolates, percentage  ","%","2012","LT","Lithuania",14.692982450,""
"Antimicrobial resistance","Escherichia coli|Fluoroquinolones","R - resistant isolates, percentage  ","%","2012","LU","Luxembourg",23.952095800,""
"Antimicrobial resistance","Escherichia coli|Fluoroquinolones","R - resistant isolates, percentage  ","%","2012","LV","Latvia",14.473684210,""
"Antimicrobial resistance","Escherichia coli|Fluoroquinolones","R - resistant isolates, percentage  ","%","2012","MT","Malta",30.143540660,""
"Antimicrobial resistance","Escherichia coli|Fluoroquinolones","R - resistant isolates, percentage  ","%","2012","NL","Netherlands",15.635564570,""
"Antimicrobial resistance","Escherichia coli|Fluoroquinolones","R - resistant isolates, percentage  ","%","2012","NO","Norway",11.290889900,""
"Antimicrobial resistance","Escherichia coli|Fluoroquinolones","R - resistant isolates, percentage  ","%","2012","PL","Poland",29.332042590,""
"Antimicrobial resistance","Escherichia coli|Fluoroquinolones","R - resistant isolates, percentage  ","%","2012","PT","Portugal",30.305838730,""
"Antimicrobial resistance","Escherichia coli|Fluoroquinolones","R - resistant isolates, percentage  ","%","2012","RO","Romania",29.032258060,""
"Antimicrobial resistance","Escherichia coli|Fluoroquinolones","R - resistant isolates, percentage  ","%","2012","SE","Sweden",11.089037380,""
"Antimicrobial resistance","Escherichia coli|Fluoroquinolones","R - resistant isolates, percentage  ","%","2012","SI","Slovenia",21.404109580,""
"Antimicrobial resistance","Escherichia coli|Fluoroquinolones","R - resistant isolates, percentage  ","%","2012","SK","Slovakia",41.294964020,""
"Antimicrobial resistance","Escherichia coli|Fluoroquinolones","R - resistant isolates, percentage  ","%","2012","UK","United Kingdom",16.567857710,""
"Antimicrobial resistance","Escherichia coli|Fluoroquinolones","R - resistant isolates, percentage  ","%","2013","AT","Austria",21.967749470,""
"Antimicrobial resistance","Escherichia coli|Fluoroquinolones","R - resistant isolates, percentage  ","%","2013","BE","Belgium",22.951616820,""
"Antimicrobial resistance","Escherichia coli|Fluoroquinolones","R - resistant isolates, percentage  ","%","2013","BG","Bulgaria",37.433155080,""
"Antimicrobial resistance","Escherichia coli|Fluoroquinolones","R - resistant isolates, percentage  ","%","2013","CY","Cyprus",51.851851850,""
"Antimicrobial resistance","Escherichia coli|Fluoroquinolones","R - resistant isolates, percentage  ","%","2013","CZ","Czechia",20.758550620,""
"Antimicrobial resistance","Escherichia coli|Fluoroquinolones","R - resistant isolates, percentage  ","%","2013","DE","Germany",22.073262830,""
"Antimicrobial resistance","Escherichia coli|Fluoroquinolones","R - resistant isolates, percentage  ","%","2013","DK","Denmark",12.440070650,""
"Antimicrobial resistance","Escherichia coli|Fluoroquinolones","R - resistant isolates, percentage  ","%","2013","EE","Estonia",11.834319520,""
"Antimicrobial resistance","Escherichia coli|Fluoroquinolones","R - resistant isolates, percentage  ","%","2013","EL","Greece",30.887096770,""
"Antimicrobial resistance","Escherichia coli|Fluoroquinolones","R - resistant isolates, percentage  ","%","2013","ES","Spain",34.897063780,""
"Antimicrobial resistance","Escherichia coli|Fluoroquinolones","R - resistant isolates, percentage  ","%","2013","FI","Finland",13.239358760,""
"Antimicrobial resistance","Escherichia coli|Fluoroquinolones","R - resistant isolates, percentage  ","%","2013","FR","France",16.734531730,""
"Antimicrobial resistance","Escherichia coli|Fluoroquinolones","R - resistant isolates, percentage  ","%","2013","HR","Croatia",20.175438590,""
"Antimicrobial resistance","Escherichia coli|Fluoroquinolones","R - resistant isolates, percentage  ","%","2013","HU","Hungary",30.307262560,""
"Antimicrobial resistance","Escherichia coli|Fluoroquinolones","R - resistant isolates, percentage  ","%","2013","IE","Ireland",24.172719930,""
"Antimicrobial resistance","Escherichia coli|Fluoroquinolones","R - resistant isolates, percentage  ","%","2013","IS","Iceland",14.655172410,""
"Antimicrobial resistance","Escherichia coli|Fluoroquinolones","R - resistant isolates, percentage  ","%","2013","IT","Italy",42.209775960,""
"Antimicrobial resistance","Escherichia coli|Fluoroquinolones","R - resistant isolates, percentage  ","%","2013","LT","Lithuania",15.935334870,""
"Antimicrobial resistance","Escherichia coli|Fluoroquinolones","R - resistant isolates, percentage  ","%","2013","LU","Luxembourg",27.796610160,""
"Antimicrobial resistance","Escherichia coli|Fluoroquinolones","R - resistant isolates, percentage  ","%","2013","LV","Latvia",18.656716410,""
"Antimicrobial resistance","Escherichia coli|Fluoroquinolones","R - resistant isolates, percentage  ","%","2013","MT","Malta",29.752066110,""
"Antimicrobial resistance","Escherichia coli|Fluoroquinolones","R - resistant isolates, percentage  ","%","2013","NL","Netherlands",14.759262030,""
"Antimicrobial resistance","Escherichia coli|Fluoroquinolones","R - resistant isolates, percentage  ","%","2013","NO","Norway",10.890756300,""
"Antimicrobial resistance","Escherichia coli|Fluoroquinolones","R - resistant isolates, percentage  ","%","2013","PL","Poland",27.342995160,""
"Antimicrobial resistance","Escherichia coli|Fluoroquinolones","R - resistant isolates, percentage  ","%","2013","PT","Portugal",31.620111730,""
"Antimicrobial resistance","Escherichia coli|Fluoroquinolones","R - resistant isolates, percentage  ","%","2013","RO","Romania",31.000000000,""
"Antimicrobial resistance","Escherichia coli|Fluoroquinolones","R - resistant isolates, percentage  ","%","2013","SE","Sweden",11.582381720,""
"Antimicrobial resistance","Escherichia coli|Fluoroquinolones","R - resistant isolates, percentage  ","%","2013","SI","Slovenia",19.852941170,""
"Antimicrobial resistance","Escherichia coli|Fluoroquinolones","R - resistant isolates, percentage  ","%","2013","SK","Slovakia",40.346534650,""
"Antimicrobial resistance","Escherichia coli|Fluoroquinolones","R - resistant isolates, percentage  ","%","2013","UK","United Kingdom",16.304658470,""
"Antimicrobial resistance","Escherichia coli|Fluoroquinolones","R - resistant isolates, percentage  ","%","2014","AT","Austria",19.819043510,""
"Antimicrobial resistance","Escherichia coli|Fluoroquinolones","R - resistant isolates, percentage  ","%","2014","BE","Belgium",26.702577910,""
"Antimicrobial resistance","Escherichia coli|Fluoroquinolones","R - resistant isolates, percentage  ","%","2014","BG","Bulgaria",38.604651160,""
"Antimicrobial resistance","Escherichia coli|Fluoroquinolones","R - resistant isolates, percentage  ","%","2014","CY","Cyprus",46.405228750,""
"Antimicrobial resistance","Escherichia coli|Fluoroquinolones","R - resistant isolates, percentage  ","%","2014","CZ","Czechia",21.606182790,""
"Antimicrobial resistance","Escherichia coli|Fluoroquinolones","R - resistant isolates, percentage  ","%","2014","DE","Germany",20.590621450,""
"Antimicrobial resistance","Escherichia coli|Fluoroquinolones","R - resistant isolates, percentage  ","%","2014","DK","Denmark",12.252171970,""
"Antimicrobial resistance","Escherichia coli|Fluoroquinolones","R - resistant isolates, percentage  ","%","2014","EE","Estonia",12.285012280,""
"Antimicrobial resistance","Escherichia coli|Fluoroquinolones","R - resistant isolates, percentage  ","%","2014","EL","Greece",32.760180990,""
"Antimicrobial resistance","Escherichia coli|Fluoroquinolones","R - resistant isolates, percentage  ","%","2014","ES","Spain",34.032313500,""
"Antimicrobial resistance","Escherichia coli|Fluoroquinolones","R - resistant isolates, percentage  ","%","2014","FI","Finland",11.035866560,""
"Antimicrobial resistance","Escherichia coli|Fluoroquinolones","R - resistant isolates, percentage  ","%","2014","FR","France",17.648200250,""
"Antimicrobial resistance","Escherichia coli|Fluoroquinolones","R - resistant isolates, percentage  ","%","2014","HR","Croatia",20.055970140,""
"Antimicrobial resistance","Escherichia coli|Fluoroquinolones","R - resistant isolates, percentage  ","%","2014","HU","Hungary",28.438661710,""
"Antimicrobial resistance","Escherichia coli|Fluoroquinolones","R - resistant isolates, percentage  ","%","2014","IE","Ireland",24.528301880,""
"Antimicrobial resistance","Escherichia coli|Fluoroquinolones","R - resistant isolates, percentage  ","%","2014","IS","Iceland",7.801418430,""
"Antimicrobial resistance","Escherichia coli|Fluoroquinolones","R - resistant isolates, percentage  ","%","2014","IT","Italy",43.926514940,""
"Antimicrobial resistance","Escherichia coli|Fluoroquinolones","R - resistant isolates, percentage  ","%","2014","LT","Lithuania",12.837837830,""
"Antimicrobial resistance","Escherichia coli|Fluoroquinolones","R - resistant isolates, percentage  ","%","2014","LU","Luxembourg",24.728260860,""
"Antimicrobial resistance","Escherichia coli|Fluoroquinolones","R - resistant isolates, percentage  ","%","2014","LV","Latvia",17.679558010,""
"Antimicrobial resistance","Escherichia coli|Fluoroquinolones","R - resistant isolates, percentage  ","%","2014","MT","Malta",28.731343280,""
"Antimicrobial resistance","Escherichia coli|Fluoroquinolones","R - resistant isolates, percentage  ","%","2014","NL","Netherlands",13.962952560,""
"Antimicrobial resistance","Escherichia coli|Fluoroquinolones","R - resistant isolates, percentage  ","%","2014","NO","Norway",11.010248900,""
"Antimicrobial resistance","Escherichia coli|Fluoroquinolones","R - resistant isolates, percentage  ","%","2014","PL","Poland",29.233680220,""
"Antimicrobial resistance","Escherichia coli|Fluoroquinolones","R - resistant isolates, percentage  ","%","2014","PT","Portugal",32.365227770,""
"Antimicrobial resistance","Escherichia coli|Fluoroquinolones","R - resistant isolates, percentage  ","%","2014","RO","Romania",31.270358300,""
"Antimicrobial resistance","Escherichia coli|Fluoroquinolones","R - resistant isolates, percentage  ","%","2014","SE","Sweden",11.299105400,""
"Antimicrobial resistance","Escherichia coli|Fluoroquinolones","R - resistant isolates, percentage  ","%","2014","SI","Slovenia",23.273026310,""
"Antimicrobial resistance","Escherichia coli|Fluoroquinolones","R - resistant isolates, percentage  ","%","2014","SK","Slovakia",42.953776770,""
"Antimicrobial resistance","Escherichia coli|Fluoroquinolones","R - resistant isolates, percentage  ","%","2014","UK","United Kingdom",16.818378840,""
"Antimicrobial resistance","Escherichia coli|Fluoroquinolones","R - resistant isolates, percentage  ","%","2015","AT","Austria",20.029118130,""
"Antimicrobial resistance","Escherichia coli|Fluoroquinolones","R - resistant isolates, percentage  ","%","2015","BE","Belgium",26.588693950,""
"Antimicrobial resistance","Escherichia coli|Fluoroquinolones","R - resistant isolates, percentage  ","%","2015","BG","Bulgaria",35.294117640,""
"Antimicrobial resistance","Escherichia coli|Fluoroquinolones","R - resistant isolates, percentage  ","%","2015","CY","Cyprus",45.528455280,""
"Antimicrobial resistance","Escherichia coli|Fluoroquinolones","R - resistant isolates, percentage  ","%","2015","CZ","Czechia",22.590837280,""
"Antimicrobial resistance","Escherichia coli|Fluoroquinolones","R - resistant isolates, percentage  ","%","2015","DE","Germany",19.381306130,""
"Antimicrobial resistance","Escherichia coli|Fluoroquinolones","R - resistant isolates, percentage  ","%","2015","DK","Denmark",11.903719910,""
"Antimicrobial resistance","Escherichia coli|Fluoroquinolones","R - resistant isolates, percentage  ","%","2015","EE","Estonia",15.234375000,""
"Antimicrobial resistance","Escherichia coli|Fluoroquinolones","R - resistant isolates, percentage  ","%","2015","EL","Greece",30.562552470,""
"Antimicrobial resistance","Escherichia coli|Fluoroquinolones","R - resistant isolates, percentage  ","%","2015","ES","Spain",31.554595920,""
"Antimicrobial resistance","Escherichia coli|Fluoroquinolones","R - resistant isolates, percentage  ","%","2015","FI","Finland",11.171662120,""
"Antimicrobial resistance","Escherichia coli|Fluoroquinolones","R - resistant isolates, percentage  ","%","2015","FR","France",17.748681570,""
"Antimicrobial resistance","Escherichia coli|Fluoroquinolones","R - resistant isolates, percentage  ","%","2015","HR","Croatia",23.988439300,""
"Antimicrobial resistance","Escherichia coli|Fluoroquinolones","R - resistant isolates, percentage  ","%","2015","HU","Hungary",28.995546750,""
"Antimicrobial resistance","Escherichia coli|Fluoroquinolones","R - resistant isolates, percentage  ","%","2015","IE","Ireland",23.071075630,""
"Antimicrobial resistance","Escherichia coli|Fluoroquinolones","R - resistant isolates, percentage  ","%","2015","IS","Iceland",6.790123450,""
"Antimicrobial resistance","Escherichia coli|Fluoroquinolones","R - resistant isolates, percentage  ","%","2015","IT","Italy",44.382826470,""
"Antimicrobial resistance","Escherichia coli|Fluoroquinolones","R - resistant isolates, percentage  ","%","2015","LT","Lithuania",20.583190390,""
"Antimicrobial resistance","Escherichia coli|Fluoroquinolones","R - resistant isolates, percentage  ","%","2015","LU","Luxembourg",24.207492790,""
"Antimicrobial resistance","Escherichia coli|Fluoroquinolones","R - resistant isolates, percentage  ","%","2015","LV","Latvia",27.835051540,""
"Antimicrobial resistance","Escherichia coli|Fluoroquinolones","R - resistant isolates, percentage  ","%","2015","MT","Malta",37.394957980,""
"Antimicrobial resistance","Escherichia coli|Fluoroquinolones","R - resistant isolates, percentage  ","%","2015","NL","Netherlands",13.160870790,""
"Antimicrobial resistance","Escherichia coli|Fluoroquinolones","R - resistant isolates, percentage  ","%","2015","NO","Norway",10.218314120,""
"Antimicrobial resistance","Escherichia coli|Fluoroquinolones","R - resistant isolates, percentage  ","%","2015","PL","Poland",27.880330990,""
"Antimicrobial resistance","Escherichia coli|Fluoroquinolones","R - resistant isolates, percentage  ","%","2015","PT","Portugal",29.659281320,""
"Antimicrobial resistance","Escherichia coli|Fluoroquinolones","R - resistant isolates, percentage  ","%","2015","RO","Romania",30.727762800,""
"Antimicrobial resistance","Escherichia coli|Fluoroquinolones","R - resistant isolates, percentage  ","%","2015","SE","Sweden",12.615384610,""
"Antimicrobial resistance","Escherichia coli|Fluoroquinolones","R - resistant isolates, percentage  ","%","2015","SI","Slovenia",24.603773580,""
"Antimicrobial resistance","Escherichia coli|Fluoroquinolones","R - resistant isolates, percentage  ","%","2015","SK","Slovakia",44.183445190,""
"Antimicrobial resistance","Escherichia coli|Fluoroquinolones","R - resistant isolates, percentage  ","%","2015","UK","United Kingdom",15.640055050,""
"Antimicrobial resistance","Escherichia coli|Fluoroquinolones","R - resistant isolates, percentage  ","%","2016","AT","Austria",19.837059490,""
"Antimicrobial resistance","Escherichia coli|Fluoroquinolones","R - resistant isolates, percentage  ","%","2016","BE","Belgium",24.545926310,""
"Antimicrobial resistance","Escherichia coli|Fluoroquinolones","R - resistant isolates, percentage  ","%","2016","BG","Bulgaria",42.194092820,""
"Antimicrobial resistance","Escherichia coli|Fluoroquinolones","R - resistant isolates, percentage  ","%","2016","CY","Cyprus",46.979865770,""
"Antimicrobial resistance","Escherichia coli|Fluoroquinolones","R - resistant isolates, percentage  ","%","2016","CZ","Czechia",27.638026780,""
"Antimicrobial resistance","Escherichia coli|Fluoroquinolones","R - resistant isolates, percentage  ","%","2016","DE","Germany",19.446382870,""
"Antimicrobial resistance","Escherichia coli|Fluoroquinolones","R - resistant isolates, percentage  ","%","2016","DK","Denmark",11.042055100,""
"Antimicrobial resistance","Escherichia coli|Fluoroquinolones","R - resistant isolates, percentage  ","%","2016","EE","Estonia",13.876967090,""
"Antimicrobial resistance","Escherichia coli|Fluoroquinolones","R - resistant isolates, percentage  ","%","2016","EL","Greece",32.131901840,""
"Antimicrobial resistance","Escherichia coli|Fluoroquinolones","R - resistant isolates, percentage  ","%","2016","ES","Spain",32.823304390,""
"Antimicrobial resistance","Escherichia coli|Fluoroquinolones","R - resistant isolates, percentage  ","%","2016","FI","Finland",11.460066550,""
"Antimicrobial resistance","Escherichia coli|Fluoroquinolones","R - resistant isolates, percentage  ","%","2016","FR","France",16.656297210,""
"Antimicrobial resistance","Escherichia coli|Fluoroquinolones","R - resistant isolates, percentage  ","%","2016","HR","Croatia",27.857829010,""
"Antimicrobial resistance","Escherichia coli|Fluoroquinolones","R - resistant isolates, percentage  ","%","2016","HU","Hungary",26.787512580,""
"Antimicrobial resistance","Escherichia coli|Fluoroquinolones","R - resistant isolates, percentage  ","%","2016","IE","Ireland",22.909698990,""
"Antimicrobial resistance","Escherichia coli|Fluoroquinolones","R - resistant isolates, percentage  ","%","2016","IS","Iceland",9.550561790,""
"Antimicrobial resistance","Escherichia coli|Fluoroquinolones","R - resistant isolates, percentage  ","%","2016","IT","Italy",43.260504200,""
"Antimicrobial resistance","Escherichia coli|Fluoroquinolones","R - resistant isolates, percentage  ","%","2016","LT","Lithuania",19.746835440,""
"Antimicrobial resistance","Escherichia coli|Fluoroquinolones","R - resistant isolates, percentage  ","%","2016","LU","Luxembourg",28.947368420,""
"Antimicrobial resistance","Escherichia coli|Fluoroquinolones","R - resistant isolates, percentage  ","%","2016","LV","Latvia",27.755102040,""
"Antimicrobial resistance","Escherichia coli|Fluoroquinolones","R - resistant isolates, percentage  ","%","2016","MT","Malta",41.463414630,""
"Antimicrobial resistance","Escherichia coli|Fluoroquinolones","R - resistant isolates, percentage  ","%","2016","NL","Netherlands",12.898330800,""
"Antimicrobial resistance","Escherichia coli|Fluoroquinolones","R - resistant isolates, percentage  ","%","2016","NO","Norway",10.938798110,""
"Antimicrobial resistance","Escherichia coli|Fluoroquinolones","R - resistant isolates, percentage  ","%","2016","PL","Poland",33.067880160,""
"Antimicrobial resistance","Escherichia coli|Fluoroquinolones","R - resistant isolates, percentage  ","%","2016","PT","Portugal",28.946913360,""
"Antimicrobial resistance","Escherichia coli|Fluoroquinolones","R - resistant isolates, percentage  ","%","2016","RO","Romania",30.622009560,""
"Antimicrobial resistance","Escherichia coli|Fluoroquinolones","R - resistant isolates, percentage  ","%","2016","SE","Sweden",13.660572900,""
"Antimicrobial resistance","Escherichia coli|Fluoroquinolones","R - resistant isolates, percentage  ","%","2016","SI","Slovenia",25.563380280,""
"Antimicrobial resistance","Escherichia coli|Fluoroquinolones","R - resistant isolates, percentage  ","%","2016","SK","Slovakia",40.435835350,""
"Antimicrobial resistance","Escherichia coli|Fluoroquinolones","R - resistant isolates, percentage  ","%","2016","UK","United Kingdom",16.330900660,""
"Antimicrobial resistance","Escherichia coli|Fluoroquinolones","R - resistant isolates, percentage  ","%","2017","AT","Austria",20.458356620,""
"Antimicrobial resistance","Escherichia coli|Fluoroquinolones","R - resistant isolates, percentage  ","%","2017","BE","Belgium",23.801916930,""
"Antimicrobial resistance","Escherichia coli|Fluoroquinolones","R - resistant isolates, percentage  ","%","2017","BG","Bulgaria",42.105263150,""
"Antimicrobial resistance","Escherichia coli|Fluoroquinolones","R - resistant isolates, percentage  ","%","2017","CY","Cyprus",42.948717940,""
"Antimicrobial resistance","Escherichia coli|Fluoroquinolones","R - resistant isolates, percentage  ","%","2017","CZ","Czechia",24.476398870,""
"Antimicrobial resistance","Escherichia coli|Fluoroquinolones","R - resistant isolates, percentage  ","%","2017","DE","Germany",20.749782040,""
"Antimicrobial resistance","Escherichia coli|Fluoroquinolones","R - resistant isolates, percentage  ","%","2017","DK","Denmark",12.785477250,""
"Antimicrobial resistance","Escherichia coli|Fluoroquinolones","R - resistant isolates, percentage  ","%","2017","EE","Estonia",17.413572340,""
"Antimicrobial resistance","Escherichia coli|Fluoroquinolones","R - resistant isolates, percentage  ","%","2017","EL","Greece",32.923497260,""
"Antimicrobial resistance","Escherichia coli|Fluoroquinolones","R - resistant isolates, percentage  ","%","2017","ES","Spain",32.503027150,""
"Antimicrobial resistance","Escherichia coli|Fluoroquinolones","R - resistant isolates, percentage  ","%","2017","FI","Finland",12.007540050,""
"Antimicrobial resistance","Escherichia coli|Fluoroquinolones","R - resistant isolates, percentage  ","%","2017","FR","France",15.021008400,""
"Antimicrobial resistance","Escherichia coli|Fluoroquinolones","R - resistant isolates, percentage  ","%","2017","HR","Croatia",28.173913040,""
"Antimicrobial resistance","Escherichia coli|Fluoroquinolones","R - resistant isolates, percentage  ","%","2017","HU","Hungary",30.619210140,""
"Antimicrobial resistance","Escherichia coli|Fluoroquinolones","R - resistant isolates, percentage  ","%","2017","IE","Ireland",23.597306820,""
"Antimicrobial resistance","Escherichia coli|Fluoroquinolones","R - resistant isolates, percentage  ","%","2017","IS","Iceland",11.557788940,""
"Antimicrobial resistance","Escherichia coli|Fluoroquinolones","R - resistant isolates, percentage  ","%","2017","IT","Italy",44.938804890,""
"Antimicrobial resistance","Escherichia coli|Fluoroquinolones","R - resistant isolates, percentage  ","%","2017","LT","Lithuania",25.206124850,""
"Antimicrobial resistance","Escherichia coli|Fluoroquinolones","R - resistant isolates, percentage  ","%","2017","LU","Luxembourg",22.863741330,""
"Antimicrobial resistance","Escherichia coli|Fluoroquinolones","R - resistant isolates, percentage  ","%","2017","LV","Latvia",30.348258700,""
"Antimicrobial resistance","Escherichia coli|Fluoroquinolones","R - resistant isolates, percentage  ","%","2017","MT","Malta",43.312101910,""
"Antimicrobial resistance","Escherichia coli|Fluoroquinolones","R - resistant isolates, percentage  ","%","2017","NL","Netherlands",14.418852340,""
"Antimicrobial resistance","Escherichia coli|Fluoroquinolones","R - resistant isolates, percentage  ","%","2017","NO","Norway",13.562047700,""
"Antimicrobial resistance","Escherichia coli|Fluoroquinolones","R - resistant isolates, percentage  ","%","2017","PL","Poland",35.862445410,""
"Antimicrobial resistance","Escherichia coli|Fluoroquinolones","R - resistant isolates, percentage  ","%","2017","PT","Portugal",27.272727270,""
"Antimicrobial resistance","Escherichia coli|Fluoroquinolones","R - resistant isolates, percentage  ","%","2017","RO","Romania",26.447876440,""
"Antimicrobial resistance","Escherichia coli|Fluoroquinolones","R - resistant isolates, percentage  ","%","2017","SE","Sweden",15.793127380,""
"Antimicrobial resistance","Escherichia coli|Fluoroquinolones","R - resistant isolates, percentage  ","%","2017","SI","Slovenia",24.873463480,""
"Antimicrobial resistance","Escherichia coli|Fluoroquinolones","R - resistant isolates, percentage  ","%","2017","SK","Slovakia",43.197278910,""
"Antimicrobial resistance","Escherichia coli|Fluoroquinolones","R - resistant isolates, percentage  ","%","2017","UK","United Kingdom",17.468941520,""
"Antimicrobial resistance","Escherichia coli|Fluoroquinolones","R - resistant isolates, percentage  ","%","2018","AT","Austria",21.852438800,""
"Antimicrobial resistance","Escherichia coli|Fluoroquinolones","R - resistant isolates, percentage  ","%","2018","BE","Belgium",21.800047490,""
"Antimicrobial resistance","Escherichia coli|Fluoroquinolones","R - resistant isolates, percentage  ","%","2018","BG","Bulgaria",41.780821910,""
"Antimicrobial resistance","Escherichia coli|Fluoroquinolones","R - resistant isolates, percentage  ","%","2018","CY","Cyprus",42.384105960,""
"Antimicrobial resistance","Escherichia coli|Fluoroquinolones","R - resistant isolates, percentage  ","%","2018","CZ","Czechia",24.271577780,""
"Antimicrobial resistance","Escherichia coli|Fluoroquinolones","R - resistant isolates, percentage  ","%","2018","DE","Germany",19.828764000,""
"Antimicrobial resistance","Escherichia coli|Fluoroquinolones","R - resistant isolates, percentage  ","%","2018","DK","Denmark",13.256591160,""
"Antimicrobial resistance","Escherichia coli|Fluoroquinolones","R - resistant isolates, percentage  ","%","2018","EE","Estonia",17.611580210,""
"Antimicrobial resistance","Escherichia coli|Fluoroquinolones","R - resistant isolates, percentage  ","%","2018","EL","Greece",30.778663390,""
"Antimicrobial resistance","Escherichia coli|Fluoroquinolones","R - resistant isolates, percentage  ","%","2018","ES","Spain",32.116596630,""
"Antimicrobial resistance","Escherichia coli|Fluoroquinolones","R - resistant isolates, percentage  ","%","2018","FI","Finland",11.481261150,""
"Antimicrobial resistance","Escherichia coli|Fluoroquinolones","R - resistant isolates, percentage  ","%","2018","FR","France",16.322430280,""
"Antimicrobial resistance","Escherichia coli|Fluoroquinolones","R - resistant isolates, percentage  ","%","2018","HR","Croatia",30.025020850,""
"Antimicrobial resistance","Escherichia coli|Fluoroquinolones","R - resistant isolates, percentage  ","%","2018","HU","Hungary",33.248730960,""
"Antimicrobial resistance","Escherichia coli|Fluoroquinolones","R - resistant isolates, percentage  ","%","2018","IE","Ireland",23.903644220,""
"Antimicrobial resistance","Escherichia coli|Fluoroquinolones","R - resistant isolates, percentage  ","%","2018","IS","Iceland",17.187500000,""
"Antimicrobial resistance","Escherichia coli|Fluoroquinolones","R - resistant isolates, percentage  ","%","2018","IT","Italy",41.663030600,""
"Antimicrobial resistance","Escherichia coli|Fluoroquinolones","R - resistant isolates, percentage  ","%","2018","LT","Lithuania",19.655797100,""
"Antimicrobial resistance","Escherichia coli|Fluoroquinolones","R - resistant isolates, percentage  ","%","2018","LU","Luxembourg",21.770334920,""
"Antimicrobial resistance","Escherichia coli|Fluoroquinolones","R - resistant isolates, percentage  ","%","2018","LV","Latvia",24.127906970,""
"Antimicrobial resistance","Escherichia coli|Fluoroquinolones","R - resistant isolates, percentage  ","%","2018","MT","Malta",41.867469870,""
"Antimicrobial resistance","Escherichia coli|Fluoroquinolones","R - resistant isolates, percentage  ","%","2018","NL","Netherlands",14.708726130,""
"Antimicrobial resistance","Escherichia coli|Fluoroquinolones","R - resistant isolates, percentage  ","%","2018","NO","Norway",12.870776370,""
"Antimicrobial resistance","Escherichia coli|Fluoroquinolones","R - resistant isolates, percentage  ","%","2018","PL","Poland",34.670821970,""
"Antimicrobial resistance","Escherichia coli|Fluoroquinolones","R - resistant isolates, percentage  ","%","2018","PT","Portugal",25.460122690,""
"Antimicrobial resistance","Escherichia coli|Fluoroquinolones","R - resistant isolates, percentage  ","%","2018","RO","Romania",29.102167180,""
"Antimicrobial resistance","Escherichia coli|Fluoroquinolones","R - resistant isolates, percentage  ","%","2018","SE","Sweden",18.055039040,""
"Antimicrobial resistance","Escherichia coli|Fluoroquinolones","R - resistant isolates, percentage  ","%","2018","SI","Slovenia",22.781774580,""
"Antimicrobial resistance","Escherichia coli|Fluoroquinolones","R - resistant isolates, percentage  ","%","2018","SK","Slovakia",42.105263150,""
"Antimicrobial resistance","Escherichia coli|Fluoroquinolones","R - resistant isolates, percentage  ","%","2018","UK","United Kingdom",17.712188890,""
"Antimicrobial resistance","Escherichia coli|Fluoroquinolones","R - resistant isolates, percentage  ","%","2019","AT","Austria",18.213058410,""
"Antimicrobial resistance","Escherichia coli|Fluoroquinolones","R - resistant isolates, percentage  ","%","2019","BE","Belgium",19.057324840,""
"Antimicrobial resistance","Escherichia coli|Fluoroquinolones","R - resistant isolates, percentage  ","%","2019","BG","Bulgaria",38.636363630,""
"Antimicrobial resistance","Escherichia coli|Fluoroquinolones","R - resistant isolates, percentage  ","%","2019","CY","Cyprus",43.478260860,""
"Antimicrobial resistance","Escherichia coli|Fluoroquinolones","R - resistant isolates, percentage  ","%","2019","CZ","Czechia",23.044456940,""
"Antimicrobial resistance","Escherichia coli|Fluoroquinolones","R - resistant isolates, percentage  ","%","2019","DE","Germany",17.532300840,""
"Antimicrobial resistance","Escherichia coli|Fluoroquinolones","R - resistant isolates, percentage  ","%","2019","DK","Denmark",11.471900080,""
"Antimicrobial resistance","Escherichia coli|Fluoroquinolones","R - resistant isolates, percentage  ","%","2019","EE","Estonia",17.056856180,""
"Antimicrobial resistance","Escherichia coli|Fluoroquinolones","R - resistant isolates, percentage  ","%","2019","EL","Greece",29.556650240,""
"Antimicrobial resistance","Escherichia coli|Fluoroquinolones","R - resistant isolates, percentage  ","%","2019","ES","Spain",29.528808590,""
"Antimicrobial resistance","Escherichia coli|Fluoroquinolones","R - resistant isolates, percentage  ","%","2019","FI","Finland",11.441774490,""
"Antimicrobial resistance","Escherichia coli|Fluoroquinolones","R - resistant isolates, percentage  ","%","2019","FR","France",15.970515970,""
"Antimicrobial resistance","Escherichia coli|Fluoroquinolones","R - resistant isolates, percentage  ","%","2019","HR","Croatia",27.256317680,""
"Antimicrobial resistance","Escherichia coli|Fluoroquinolones","R - resistant isolates, percentage  ","%","2019","HU","Hungary",30.316930770,""
"Antimicrobial resistance","Escherichia coli|Fluoroquinolones","R - resistant isolates, percentage  ","%","2019","IE","Ireland",20.353707720,""
"Antimicrobial resistance","Escherichia coli|Fluoroquinolones","R - resistant isolates, percentage  ","%","2019","IS","Iceland",13.095238090,""
"Antimicrobial resistance","Escherichia coli|Fluoroquinolones","R - resistant isolates, percentage  ","%","2019","IT","Italy",40.630938800,""
"Antimicrobial resistance","Escherichia coli|Fluoroquinolones","R - resistant isolates, percentage  ","%","2019","LT","Lithuania",17.980513720,""
"Antimicrobial resistance","Escherichia coli|Fluoroquinolones","R - resistant isolates, percentage  ","%","2019","LU","Luxembourg",20.528455280,""
"Antimicrobial resistance","Escherichia coli|Fluoroquinolones","R - resistant isolates, percentage  ","%","2019","LV","Latvia",24.886877820,""
"Antimicrobial resistance","Escherichia coli|Fluoroquinolones","R - resistant isolates, percentage  ","%","2019","MT","Malta",40.060240960,""
"Antimicrobial resistance","Escherichia coli|Fluoroquinolones","R - resistant isolates, percentage  ","%","2019","NL","Netherlands",14.565634420,""
"Antimicrobial resistance","Escherichia coli|Fluoroquinolones","R - resistant isolates, percentage  ","%","2019","NO","Norway",11.258603730,""
"Antimicrobial resistance","Escherichia coli|Fluoroquinolones","R - resistant isolates, percentage  ","%","2019","PL","Poland",33.018525240,""
"Antimicrobial resistance","Escherichia coli|Fluoroquinolones","R - resistant isolates, percentage  ","%","2019","PT","Portugal",26.465557450,""
"Antimicrobial resistance","Escherichia coli|Fluoroquinolones","R - resistant isolates, percentage  ","%","2019","RO","Romania",28.287461770,""
"Antimicrobial resistance","Escherichia coli|Fluoroquinolones","R - resistant isolates, percentage  ","%","2019","SE","Sweden",15.852103690,""
"Antimicrobial resistance","Escherichia coli|Fluoroquinolones","R - resistant isolates, percentage  ","%","2019","SI","Slovenia",19.006211180,""
"Antimicrobial resistance","Escherichia coli|Fluoroquinolones","R - resistant isolates, percentage  ","%","2019","SK","Slovakia",34.000000000,""
"Antimicrobial resistance","Escherichia coli|Fluoroquinolones","R - resistant isolates, percentage  ","%","2019","UK","United Kingdom",17.833215500,""
"Antimicrobial resistance","Escherichia coli|Fluoroquinolones","R - resistant isolates, percentage  ","%","2020","AT","Austria",17.345989200,""
"Antimicrobial resistance","Escherichia coli|Fluoroquinolones","R - resistant isolates, percentage  ","%","2020","BE","Belgium",18.078703700,""
"Antimicrobial resistance","Escherichia coli|Fluoroquinolones","R - resistant isolates, percentage  ","%","2020","BG","Bulgaria",42.911877390,""
"Antimicrobial resistance","Escherichia coli|Fluoroquinolones","R - resistant isolates, percentage  ","%","2020","CY","Cyprus",48.245614030,""
"Antimicrobial resistance","Escherichia coli|Fluoroquinolones","R - resistant isolates, percentage  ","%","2020","CZ","Czechia",20.186853520,""
"Antimicrobial resistance","Escherichia coli|Fluoroquinolones","R - resistant isolates, percentage  ","%","2020","DE","Germany",16.536595650,""
"Antimicrobial resistance","Escherichia coli|Fluoroquinolones","R - resistant isolates, percentage  ","%","2020","DK","Denmark",11.226575800,""
"Antimicrobial resistance","Escherichia coli|Fluoroquinolones","R - resistant isolates, percentage  ","%","2020","EE","Estonia",14.077163710,""
"Antimicrobial resistance","Escherichia coli|Fluoroquinolones","R - resistant isolates, percentage  ","%","2020","EL","Greece",32.743362830,""
"Antimicrobial resistance","Escherichia coli|Fluoroquinolones","R - resistant isolates, percentage  ","%","2020","ES","Spain",28.606231560,""
"Antimicrobial resistance","Escherichia coli|Fluoroquinolones","R - resistant isolates, percentage  ","%","2020","FI","Finland",10.534180050,""
"Antimicrobial resistance","Escherichia coli|Fluoroquinolones","R - resistant isolates, percentage  ","%","2020","FR","France",15.924390110,""
"Antimicrobial resistance","Escherichia coli|Fluoroquinolones","R - resistant isolates, percentage  ","%","2020","HR","Croatia",29.661016940,""
"Antimicrobial resistance","Escherichia coli|Fluoroquinolones","R - resistant isolates, percentage  ","%","2020","HU","Hungary",30.337078650,""
"Antimicrobial resistance","Escherichia coli|Fluoroquinolones","R - resistant isolates, percentage  ","%","2020","IE","Ireland",18.881856540,""
"Antimicrobial resistance","Escherichia coli|Fluoroquinolones","R - resistant isolates, percentage  ","%","2020","IS","Iceland",11.836734690,""
"Antimicrobial resistance","Escherichia coli|Fluoroquinolones","R - resistant isolates, percentage  ","%","2020","IT","Italy",37.590233540,""
"Antimicrobial resistance","Escherichia coli|Fluoroquinolones","R - resistant isolates, percentage  ","%","2020","LT","Lithuania",18.750000000,""
"Antimicrobial resistance","Escherichia coli|Fluoroquinolones","R - resistant isolates, percentage  ","%","2020","LU","Luxembourg",21.728971960,""
"Antimicrobial resistance","Escherichia coli|Fluoroquinolones","R - resistant isolates, percentage  ","%","2020","LV","Latvia",27.513227510,""
"Antimicrobial resistance","Escherichia coli|Fluoroquinolones","R - resistant isolates, percentage  ","%","2020","MT","Malta",35.379061370,""
"Antimicrobial resistance","Escherichia coli|Fluoroquinolones","R - resistant isolates, percentage  ","%","2020","NL","Netherlands",13.337783710,""
"Antimicrobial resistance","Escherichia coli|Fluoroquinolones","R - resistant isolates, percentage  ","%","2020","NO","Norway",9.959839350,""
"Antimicrobial resistance","Escherichia coli|Fluoroquinolones","R - resistant isolates, percentage  ","%","2020","PL","Poland",32.992089340,""
"Antimicrobial resistance","Escherichia coli|Fluoroquinolones","R - resistant isolates, percentage  ","%","2020","PT","Portugal",23.934987160,""
"Antimicrobial resistance","Escherichia coli|Fluoroquinolones","R - resistant isolates, percentage  ","%","2020","RO","Romania",26.000000000,""
"Antimicrobial resistance","Escherichia coli|Fluoroquinolones","R - resistant isolates, percentage  ","%","2020","SE","Sweden",14.084507040,""
"Antimicrobial resistance","Escherichia coli|Fluoroquinolones","R - resistant isolates, percentage  ","%","2020","SI","Slovenia",18.119975260,""
"Antimicrobial resistance","Escherichia coli|Fluoroquinolones","R - resistant isolates, percentage  ","%","2020","SK","Slovakia",34.156378600,""
"Antimicrobial resistance","Escherichia coli|Fluoroquinolones","R - resistant isolates, percentage  ","%","2021","AT","Austria",15.074923270,""
"Antimicrobial resistance","Escherichia coli|Fluoroquinolones","R - resistant isolates, percentage  ","%","2021","BE","Belgium",18.534208850,""
"Antimicrobial resistance","Escherichia coli|Fluoroquinolones","R - resistant isolates, percentage  ","%","2021","BG","Bulgaria",33.460076040,""
"Antimicrobial resistance","Escherichia coli|Fluoroquinolones","R - resistant isolates, percentage  ","%","2021","CY","Cyprus",51.562500000,""
"Antimicrobial resistance","Escherichia coli|Fluoroquinolones","R - resistant isolates, percentage  ","%","2021","CZ","Czechia",19.700068160,""
"Antimicrobial resistance","Escherichia coli|Fluoroquinolones","R - resistant isolates, percentage  ","%","2021","DE","Germany",14.660137250,""
"Antimicrobial resistance","Escherichia coli|Fluoroquinolones","R - resistant isolates, percentage  ","%","2021","DK","Denmark",10.472074460,""
"Antimicrobial resistance","Escherichia coli|Fluoroquinolones","R - resistant isolates, percentage  ","%","2021","EE","Estonia",13.449023860,""
"Antimicrobial resistance","Escherichia coli|Fluoroquinolones","R - resistant isolates, percentage  ","%","2021","EL","Greece",33.928571420,""
"Antimicrobial resistance","Escherichia coli|Fluoroquinolones","R - resistant isolates, percentage  ","%","2021","ES","Spain",26.614714040,""
"Antimicrobial resistance","Escherichia coli|Fluoroquinolones","R - resistant isolates, percentage  ","%","2021","FI","Finland",9.565667010,""
"Antimicrobial resistance","Escherichia coli|Fluoroquinolones","R - resistant isolates, percentage  ","%","2021","FR","France",14.756586790,""
"Antimicrobial resistance","Escherichia coli|Fluoroquinolones","R - resistant isolates, percentage  ","%","2021","HR","Croatia",28.987517330,""
"Antimicrobial resistance","Escherichia coli|Fluoroquinolones","R - resistant isolates, percentage  ","%","2021","HU","Hungary",28.048780480,""
"Antimicrobial resistance","Escherichia coli|Fluoroquinolones","R - resistant isolates, percentage  ","%","2021","IE","Ireland",15.976535540,""
"Antimicrobial resistance","Escherichia coli|Fluoroquinolones","R - resistant isolates, percentage  ","%","2021","IS","Iceland",14.440433210,""
"Antimicrobial resistance","Escherichia coli|Fluoroquinolones","R - resistant isolates, percentage  ","%","2021","IT","Italy",33.361057200,""
"Antimicrobial resistance","Escherichia coli|Fluoroquinolones","R - resistant isolates, percentage  ","%","2021","LT","Lithuania",17.647058820,""
"Antimicrobial resistance","Escherichia coli|Fluoroquinolones","R - resistant isolates, percentage  ","%","2021","LU","Luxembourg",20.903954800,""
"Antimicrobial resistance","Escherichia coli|Fluoroquinolones","R - resistant isolates, percentage  ","%","2021","LV","Latvia",20.663265300,""
"Antimicrobial resistance","Escherichia coli|Fluoroquinolones","R - resistant isolates, percentage  ","%","2021","MT","Malta",30.769230760,""
"Antimicrobial resistance","Escherichia coli|Fluoroquinolones","R - resistant isolates, percentage  ","%","2021","NL","Netherlands",13.323193910,""
"Antimicrobial resistance","Escherichia coli|Fluoroquinolones","R - resistant isolates, percentage  ","%","2021","NO","Norway",9.877188390,""
"Antimicrobial resistance","Escherichia coli|Fluoroquinolones","R - resistant isolates, percentage  ","%","2021","PL","Poland",33.112874770,""
"Antimicrobial resistance","Escherichia coli|Fluoroquinolones","R - resistant isolates, percentage  ","%","2021","PT","Portugal",22.499110000,""
"Antimicrobial resistance","Escherichia coli|Fluoroquinolones","R - resistant isolates, percentage  ","%","2021","RO","Romania",24.698795180,""
"Antimicrobial resistance","Escherichia coli|Fluoroquinolones","R - resistant isolates, percentage  ","%","2021","SE","Sweden",13.661305580,""
"Antimicrobial resistance","Escherichia coli|Fluoroquinolones","R - resistant isolates, percentage  ","%","2021","SI","Slovenia",16.656751930,""
"Antimicrobial resistance","Escherichia coli|Fluoroquinolones","R - resistant isolates, percentage  ","%","2021","SK","Slovakia",29.758308150,""
"Antimicrobial resistance","Escherichia coli|Fluoroquinolones","R - resistant isolates, percentage  ","%","2022","AT","Austria",13.930659980,""
"Antimicrobial resistance","Escherichia coli|Fluoroquinolones","R - resistant isolates, percentage  ","%","2022","BE","Belgium",17.548500880,""
"Antimicrobial resistance","Escherichia coli|Fluoroquinolones","R - resistant isolates, percentage  ","%","2022","BG","Bulgaria",40.585774050,""
"Antimicrobial resistance","Escherichia coli|Fluoroquinolones","R - resistant isolates, percentage  ","%","2022","CY","Cyprus",46.363636360,""
"Antimicrobial resistance","Escherichia coli|Fluoroquinolones","R - resistant isolates, percentage  ","%","2022","CZ","Czechia",18.237934900,""
"Antimicrobial resistance","Escherichia coli|Fluoroquinolones","R - resistant isolates, percentage  ","%","2022","DE","Germany",15.181595920,""
"Antimicrobial resistance","Escherichia coli|Fluoroquinolones","R - resistant isolates, percentage  ","%","2022","DK","Denmark",10.709436520,""
"Antimicrobial resistance","Escherichia coli|Fluoroquinolones","R - resistant isolates, percentage  ","%","2022","EE","Estonia",16.312056730,""
"Antimicrobial resistance","Escherichia coli|Fluoroquinolones","R - resistant isolates, percentage  ","%","2022","EL","Greece",37.772397090,""
"Antimicrobial resistance","Escherichia coli|Fluoroquinolones","R - resistant isolates, percentage  ","%","2022","ES","Spain",28.609654280,""
"Antimicrobial resistance","Escherichia coli|Fluoroquinolones","R - resistant isolates, percentage  ","%","2022","FI","Finland",9.908136480,""
"Antimicrobial resistance","Escherichia coli|Fluoroquinolones","R - resistant isolates, percentage  ","%","2022","FR","France",14.705714440,""
"Antimicrobial resistance","Escherichia coli|Fluoroquinolones","R - resistant isolates, percentage  ","%","2022","HR","Croatia",30.256410250,""
"Antimicrobial resistance","Escherichia coli|Fluoroquinolones","R - resistant isolates, percentage  ","%","2022","HU","Hungary",29.276965620,""
"Antimicrobial resistance","Escherichia coli|Fluoroquinolones","R - resistant isolates, percentage  ","%","2022","IE","Ireland",15.600000000,""
"Antimicrobial resistance","Escherichia coli|Fluoroquinolones","R - resistant isolates, percentage  ","%","2022","IS","Iceland",10.212765950,""
"Antimicrobial resistance","Escherichia coli|Fluoroquinolones","R - resistant isolates, percentage  ","%","2022","IT","Italy",31.627172190,""
"Antimicrobial resistance","Escherichia coli|Fluoroquinolones","R - resistant isolates, percentage  ","%","2022","LI","Liechtenstein",-,""
"Antimicrobial resistance","Escherichia coli|Fluoroquinolones","R - resistant isolates, percentage  ","%","2022","LT","Lithuania",19.025522040,""
"Antimicrobial resistance","Escherichia coli|Fluoroquinolones","R - resistant isolates, percentage  ","%","2022","LU","Luxembourg",16.844349680,""
"Antimicrobial resistance","Escherichia coli|Fluoroquinolones","R - resistant isolates, percentage  ","%","2022","LV","Latvia",21.829521820,""
"Antimicrobial resistance","Escherichia coli|Fluoroquinolones","R - resistant isolates, percentage  ","%","2022","MT","Malta",26.380368090,""
"Antimicrobial resistance","Escherichia coli|Fluoroquinolones","R - resistant isolates, percentage  ","%","2022","NL","Netherlands",13.142936360,""
"Antimicrobial resistance","Escherichia coli|Fluoroquinolones","R - resistant isolates, percentage  ","%","2022","NO","Norway",10.520665590,""
"Antimicrobial resistance","Escherichia coli|Fluoroquinolones","R - resistant isolates, percentage  ","%","2022","PL","Poland",30.811036780,""
"Antimicrobial resistance","Escherichia coli|Fluoroquinolones","R - resistant isolates, percentage  ","%","2022","PT","Portugal",21.446654610,""
"Antimicrobial resistance","Escherichia coli|Fluoroquinolones","R - resistant isolates, percentage  ","%","2022","RO","Romania",23.768115940,""
"Antimicrobial resistance","Escherichia coli|Fluoroquinolones","R - resistant isolates, percentage  ","%","2022","SE","Sweden",13.820983540,""
"Antimicrobial resistance","Escherichia coli|Fluoroquinolones","R - resistant isolates, percentage  ","%","2022","SI","Slovenia",16.566265060,""
"Antimicrobial resistance","Escherichia coli|Fluoroquinolones","R - resistant isolates, percentage  ","%","2022","SK","Slovakia",32.352941170,""
"Antimicrobial resistance","Escherichia coli|Fluoroquinolones","R - resistant isolates, percentage  ","%","2023","AT","Austria",15.030504710,""
"Antimicrobial resistance","Escherichia coli|Fluoroquinolones","R - resistant isolates, percentage  ","%","2023","BE","Belgium",18.236836790,""
"Antimicrobial resistance","Escherichia coli|Fluoroquinolones","R - resistant isolates, percentage  ","%","2023","BG","Bulgaria",39.869281040,""
"Antimicrobial resistance","Escherichia coli|Fluoroquinolones","R - resistant isolates, percentage  ","%","2023","CY","Cyprus",42.900302110,""
"Antimicrobial resistance","Escherichia coli|Fluoroquinolones","R - resistant isolates, percentage  ","%","2023","CZ","Czechia",17.176652090,""
"Antimicrobial resistance","Escherichia coli|Fluoroquinolones","R - resistant isolates, percentage  ","%","2023","DE","Germany",16.671726230,""
"Antimicrobial resistance","Escherichia coli|Fluoroquinolones","R - resistant isolates, percentage  ","%","2023","DK","Denmark",10.466712420,""
"Antimicrobial resistance","Escherichia coli|Fluoroquinolones","R - resistant isolates, percentage  ","%","2023","EE","Estonia",13.282732440,""
"Antimicrobial resistance","Escherichia coli|Fluoroquinolones","R - resistant isolates, percentage  ","%","2023","EL","Greece",37.775389570,""
"Antimicrobial resistance","Escherichia coli|Fluoroquinolones","R - resistant isolates, percentage  ","%","2023","ES","Spain",27.555370690,""
"Antimicrobial resistance","Escherichia coli|Fluoroquinolones","R - resistant isolates, percentage  ","%","2023","FI","Finland",10.302745830,""
"Antimicrobial resistance","Escherichia coli|Fluoroquinolones","R - resistant isolates, percentage  ","%","2023","HR","Croatia",29.661016940,""
"Antimicrobial resistance","Escherichia coli|Fluoroquinolones","R - resistant isolates, percentage  ","%","2023","HU","Hungary",25.988286960,""
"Antimicrobial resistance","Escherichia coli|Fluoroquinolones","R - resistant isolates, percentage  ","%","2023","IE","Ireland",15.969954270,""
"Antimicrobial resistance","Escherichia coli|Fluoroquinolones","R - resistant isolates, percentage  ","%","2023","IS","Iceland",12.790697670,""
"Antimicrobial resistance","Escherichia coli|Fluoroquinolones","R - resistant isolates, percentage  ","%","2023","IT","Italy",34.144250340,""
"Antimicrobial resistance","Escherichia coli|Fluoroquinolones","R - resistant isolates, percentage  ","%","2023","LI","Liechtenstein",-,""
"Antimicrobial resistance","Escherichia coli|Fluoroquinolones","R - resistant isolates, percentage  ","%","2023","LT","Lithuania",20.549828170,""
"Antimicrobial resistance","Escherichia coli|Fluoroquinolones","R - resistant isolates, percentage  ","%","2023","LU","Luxembourg",15.618221250,""
"Antimicrobial resistance","Escherichia coli|Fluoroquinolones","R - resistant isolates, percentage  ","%","2023","LV","Latvia",28.508771920,""
"Antimicrobial resistance","Escherichia coli|Fluoroquinolones","R - resistant isolates, percentage  ","%","2023","MT","Malta",27.884615380,""
"Antimicrobial resistance","Escherichia coli|Fluoroquinolones","R - resistant isolates, percentage  ","%","2023","NL","Netherlands",12.946428570,""
"Antimicrobial resistance","Escherichia coli|Fluoroquinolones","R - resistant isolates, percentage  ","%","2023","NO","Norway",10.123394610,""
"Antimicrobial resistance","Escherichia coli|Fluoroquinolones","R - resistant isolates, percentage  ","%","2023","PL","Poland",32.203947360,""
"Antimicrobial resistance","Escherichia coli|Fluoroquinolones","R - resistant isolates, percentage  ","%","2023","PT","Portugal",24.331926860,""
"Antimicrobial resistance","Escherichia coli|Fluoroquinolones","R - resistant isolates, percentage  ","%","2023","RO","Romania",25.408163260,""
"Antimicrobial resistance","Escherichia coli|Fluoroquinolones","R - resistant isolates, percentage  ","%","2023","SE","Sweden",14.746112040,""
"Antimicrobial resistance","Escherichia coli|Fluoroquinolones","R - resistant isolates, percentage  ","%","2023","SI","Slovenia",15.924344110,""
"Antimicrobial resistance","Escherichia coli|Fluoroquinolones","R - resistant isolates, percentage  ","%","2023","SK","Slovakia",31.168831160,""
"Antimicrobial resistance","Escherichia coli|Fluoroquinolones","R - resistant isolates, percentage  ","%","2024","AT","Austria",15.504525640,""
"Antimicrobial resistance","Escherichia coli|Fluoroquinolones","R - resistant isolates, percentage  ","%","2024","BE","Belgium",20.383963860,""
"Antimicrobial resistance","Escherichia coli|Fluoroquinolones","R - resistant isolates, percentage  ","%","2024","BG","Bulgaria",28.273809520,""
"Antimicrobial resistance","Escherichia coli|Fluoroquinolones","R - resistant isolates, percentage  ","%","2024","CY","Cyprus",49.250000000,""
"Antimicrobial resistance","Escherichia coli|Fluoroquinolones","R - resistant isolates, percentage  ","%","2024","CZ","Czechia",19.189315830,""
"Antimicrobial resistance","Escherichia coli|Fluoroquinolones","R - resistant isolates, percentage  ","%","2024","DE","Germany",16.953055040,""
"Antimicrobial resistance","Escherichia coli|Fluoroquinolones","R - resistant isolates, percentage  ","%","2024","DK","Denmark",10.716689090,""
"Antimicrobial resistance","Escherichia coli|Fluoroquinolones","R - resistant isolates, percentage  ","%","2024","EE","Estonia",14.613970580,""
"Antimicrobial resistance","Escherichia coli|Fluoroquinolones","R - resistant isolates, percentage  ","%","2024","EL","Greece",36.340852130,""
"Antimicrobial resistance","Escherichia coli|Fluoroquinolones","R - resistant isolates, percentage  ","%","2024","ES","Spain",29.979324600,""
"Antimicrobial resistance","Escherichia coli|Fluoroquinolones","R - resistant isolates, percentage  ","%","2024","FI","Finland",9.852335990,""
"Antimicrobial resistance","Escherichia coli|Fluoroquinolones","R - resistant isolates, percentage  ","%","2024","FR","France",13.804113060,""
"Antimicrobial resistance","Escherichia coli|Fluoroquinolones","R - resistant isolates, percentage  ","%","2024","HR","Croatia",29.130850040,""
"Antimicrobial resistance","Escherichia coli|Fluoroquinolones","R - resistant isolates, percentage  ","%","2024","HU","Hungary",25.106522450,""
"Antimicrobial resistance","Escherichia coli|Fluoroquinolones","R - resistant isolates, percentage  ","%","2024","IE","Ireland",15.041782720,""
"Antimicrobial resistance","Escherichia coli|Fluoroquinolones","R - resistant isolates, percentage  ","%","2024","IS","Iceland",13.793103440,""
"Antimicrobial resistance","Escherichia coli|Fluoroquinolones","R - resistant isolates, percentage  ","%","2024","IT","Italy",34.491465830,""
"Antimicrobial resistance","Escherichia coli|Fluoroquinolones","R - resistant isolates, percentage  ","%","2024","LI","Liechtenstein",-,""
"Antimicrobial resistance","Escherichia coli|Fluoroquinolones","R - resistant isolates, percentage  ","%","2024","LT","Lithuania",20.046484600,""
"Antimicrobial resistance","Escherichia coli|Fluoroquinolones","R - resistant isolates, percentage  ","%","2024","LU","Luxembourg",18.702290070,""
"Antimicrobial resistance","Escherichia coli|Fluoroquinolones","R - resistant isolates, percentage  ","%","2024","LV","Latvia",30.379746830,""
"Antimicrobial resistance","Escherichia coli|Fluoroquinolones","R - resistant isolates, percentage  ","%","2024","MT","Malta",43.002028390,""
"Antimicrobial resistance","Escherichia coli|Fluoroquinolones","R - resistant isolates, percentage  ","%","2024","NL","Netherlands",13.683275990,""
"Antimicrobial resistance","Escherichia coli|Fluoroquinolones","R - resistant isolates, percentage  ","%","2024","NO","Norway",9.994952040,""
"Antimicrobial resistance","Escherichia coli|Fluoroquinolones","R - resistant isolates, percentage  ","%","2024","PL","Poland",28.693967900,""
"Antimicrobial resistance","Escherichia coli|Fluoroquinolones","R - resistant isolates, percentage  ","%","2024","PT","Portugal",23.716448720,""
"Antimicrobial resistance","Escherichia coli|Fluoroquinolones","R - resistant isolates, percentage  ","%","2024","RO","Romania",25.187406290,""
"Antimicrobial resistance","Escherichia coli|Fluoroquinolones","R - resistant isolates, percentage  ","%","2024","SE","Sweden",15.568116490,""
"Antimicrobial resistance","Escherichia coli|Fluoroquinolones","R - resistant isolates, percentage  ","%","2024","SI","Slovenia",15.915740190,""
"Antimicrobial resistance","Escherichia coli|Fluoroquinolones","R - resistant isolates, percentage  ","%","2024","SK","Slovakia",30.064516120,""
